{
	"textures": [
		{
			"image": "default-resources-0.png",
			"format": "RGBA8888",
			"size": {
				"w": 977,
				"h": 977
			},
			"scale": 0.5,
			"frames": [
				{
					"filename": "bg/bg-middle",
					"rotated": false,
					"trimmed": false,
					"sourceSize": {
						"w": 360,
						"h": 425
					},
					"spriteSourceSize": {
						"x": 0,
						"y": 0,
						"w": 360,
						"h": 425
					},
					"frame": {
						"x": 2,
						"y": 2,
						"w": 360,
						"h": 425
					}
				},
				{
					"filename": "leaderboards/bg-top",
					"rotated": false,
					"trimmed": false,
					"sourceSize": {
						"w": 475,
						"h": 84
					},
					"spriteSourceSize": {
						"x": 0,
						"y": 0,
						"w": 475,
						"h": 84
					},
					"frame": {
						"x": 365,
						"y": 2,
						"w": 475,
						"h": 84
					}
				},
				{
					"filename": "leaderboards/bg-bottom",
					"rotated": false,
					"trimmed": false,
					"sourceSize": {
						"w": 475,
						"h": 34
					},
					"spriteSourceSize": {
						"x": 0,
						"y": 0,
						"w": 475,
						"h": 34
					},
					"frame": {
						"x": 365,
						"y": 89,
						"w": 475,
						"h": 34
					}
				},
				{
					"filename": "leaderboards/bg-middle",
					"rotated": false,
					"trimmed": false,
					"sourceSize": {
						"w": 475,
						"h": 24
					},
					"spriteSourceSize": {
						"x": 0,
						"y": 0,
						"w": 475,
						"h": 24
					},
					"frame": {
						"x": 365,
						"y": 126,
						"w": 475,
						"h": 24
					}
				},
				{
					"filename": "footer",
					"rotated": false,
					"trimmed": false,
					"sourceSize": {
						"w": 375,
						"h": 77
					},
					"spriteSourceSize": {
						"x": 0,
						"y": 0,
						"w": 375,
						"h": 77
					},
					"frame": {
						"x": 365,
						"y": 153,
						"w": 375,
						"h": 77
					}
				},
				{
					"filename": "bg/bg-bottom",
					"rotated": false,
					"trimmed": false,
					"sourceSize": {
						"w": 360,
						"h": 56
					},
					"spriteSourceSize": {
						"x": 0,
						"y": 0,
						"w": 360,
						"h": 56
					},
					"frame": {
						"x": 2,
						"y": 430,
						"w": 360,
						"h": 56
					}
				},
				{
					"filename": "bg/bg-top",
					"rotated": false,
					"trimmed": false,
					"sourceSize": {
						"w": 360,
						"h": 56
					},
					"spriteSourceSize": {
						"x": 0,
						"y": 0,
						"w": 360,
						"h": 56
					},
					"frame": {
						"x": 365,
						"y": 233,
						"w": 360,
						"h": 56
					}
				},
				{
					"filename": "daily-challenge/bg",
					"rotated": false,
					"trimmed": false,
					"sourceSize": {
						"w": 260,
						"h": 143
					},
					"spriteSourceSize": {
						"x": 0,
						"y": 0,
						"w": 260,
						"h": 143
					},
					"frame": {
						"x": 2,
						"y": 489,
						"w": 260,
						"h": 143
					}
				},
				{
					"filename": "border-bottom-panel",
					"rotated": false,
					"trimmed": false,
					"sourceSize": {
						"w": 375,
						"h": 18
					},
					"spriteSourceSize": {
						"x": 0,
						"y": 0,
						"w": 375,
						"h": 18
					},
					"frame": {
						"x": 365,
						"y": 292,
						"w": 375,
						"h": 18
					}
				},
				{
					"filename": "leaf",
					"rotated": false,
					"trimmed": false,
					"sourceSize": {
						"w": 282,
						"h": 66
					},
					"spriteSourceSize": {
						"x": 0,
						"y": 0,
						"w": 282,
						"h": 66
					},
					"frame": {
						"x": 365,
						"y": 313,
						"w": 282,
						"h": 66
					}
				},
				{
					"filename": "score-panel",
					"rotated": false,
					"trimmed": false,
					"sourceSize": {
						"w": 263,
						"h": 76
					},
					"spriteSourceSize": {
						"x": 0,
						"y": 0,
						"w": 263,
						"h": 76
					},
					"frame": {
						"x": 365,
						"y": 382,
						"w": 263,
						"h": 76
					}
				},
				{
					"filename": "popup/middle",
					"rotated": false,
					"trimmed": false,
					"sourceSize": {
						"w": 216,
						"h": 114
					},
					"spriteSourceSize": {
						"x": 0,
						"y": 0,
						"w": 216,
						"h": 114
					},
					"frame": {
						"x": 2,
						"y": 635,
						"w": 216,
						"h": 114
					}
				},
				{
					"filename": "lives/heart",
					"rotated": false,
					"trimmed": false,
					"sourceSize": {
						"w": 170,
						"h": 140
					},
					"spriteSourceSize": {
						"x": 0,
						"y": 0,
						"w": 170,
						"h": 140
					},
					"frame": {
						"x": 2,
						"y": 752,
						"w": 170,
						"h": 140
					}
				},
				{
					"filename": "texts/leader-board",
					"rotated": false,
					"trimmed": false,
					"sourceSize": {
						"w": 260,
						"h": 25
					},
					"spriteSourceSize": {
						"x": 0,
						"y": 0,
						"w": 260,
						"h": 25
					},
					"frame": {
						"x": 365,
						"y": 461,
						"w": 260,
						"h": 25
					}
				},
				{
					"filename": "popup/background",
					"rotated": false,
					"trimmed": false,
					"sourceSize": {
						"w": 198,
						"h": 111
					},
					"spriteSourceSize": {
						"x": 0,
						"y": 0,
						"w": 198,
						"h": 111
					},
					"frame": {
						"x": 265,
						"y": 489,
						"w": 198,
						"h": 111
					}
				},
				{
					"filename": "bg/bg-dark",
					"rotated": false,
					"trimmed": false,
					"sourceSize": {
						"w": 122,
						"h": 152
					},
					"spriteSourceSize": {
						"x": 0,
						"y": 0,
						"w": 122,
						"h": 152
					},
					"frame": {
						"x": 843,
						"y": 2,
						"w": 122,
						"h": 152
					}
				},
				{
					"filename": "best-score-frame-long",
					"rotated": false,
					"trimmed": false,
					"sourceSize": {
						"w": 193,
						"h": 77
					},
					"spriteSourceSize": {
						"x": 0,
						"y": 0,
						"w": 193,
						"h": 77
					},
					"frame": {
						"x": 2,
						"y": 895,
						"w": 193,
						"h": 77
					}
				},
				{
					"filename": "bottom-panel",
					"rotated": false,
					"trimmed": false,
					"sourceSize": {
						"w": 141,
						"h": 86
					},
					"spriteSourceSize": {
						"x": 0,
						"y": 0,
						"w": 141,
						"h": 86
					},
					"frame": {
						"x": 466,
						"y": 489,
						"w": 141,
						"h": 86
					}
				},
				{
					"filename": "daily-challenge/bg-item-dark",
					"rotated": false,
					"trimmed": false,
					"sourceSize": {
						"w": 254,
						"h": 41
					},
					"spriteSourceSize": {
						"x": 0,
						"y": 0,
						"w": 254,
						"h": 41
					},
					"frame": {
						"x": 265,
						"y": 603,
						"w": 254,
						"h": 41
					}
				},
				{
					"filename": "daily-challenge/bg-item-light",
					"rotated": false,
					"trimmed": false,
					"sourceSize": {
						"w": 254,
						"h": 41
					},
					"spriteSourceSize": {
						"x": 0,
						"y": 0,
						"w": 254,
						"h": 41
					},
					"frame": {
						"x": 221,
						"y": 647,
						"w": 254,
						"h": 41
					}
				},
				{
					"filename": "border-daily",
					"rotated": false,
					"trimmed": false,
					"sourceSize": {
						"w": 259,
						"h": 26
					},
					"spriteSourceSize": {
						"x": 0,
						"y": 0,
						"w": 259,
						"h": 26
					},
					"frame": {
						"x": 221,
						"y": 691,
						"w": 259,
						"h": 26
					}
				},
				{
					"filename": "texts/keep-playing",
					"rotated": false,
					"trimmed": false,
					"sourceSize": {
						"w": 261,
						"h": 24
					},
					"spriteSourceSize": {
						"x": 0,
						"y": 0,
						"w": 261,
						"h": 24
					},
					"frame": {
						"x": 221,
						"y": 720,
						"w": 261,
						"h": 24
					}
				},
				{
					"filename": "texts/daily-challenge",
					"rotated": false,
					"trimmed": false,
					"sourceSize": {
						"w": 261,
						"h": 20
					},
					"spriteSourceSize": {
						"x": 0,
						"y": 0,
						"w": 261,
						"h": 20
					},
					"frame": {
						"x": 221,
						"y": 747,
						"w": 261,
						"h": 20
					}
				},
				{
					"filename": "daily-challenge/bottom-panel",
					"rotated": false,
					"trimmed": false,
					"sourceSize": {
						"w": 261,
						"h": 15
					},
					"spriteSourceSize": {
						"x": 0,
						"y": 0,
						"w": 261,
						"h": 15
					},
					"frame": {
						"x": 198,
						"y": 770,
						"w": 261,
						"h": 15
					}
				},
				{
					"filename": "daily-challenge/top-panel",
					"rotated": false,
					"trimmed": false,
					"sourceSize": {
						"w": 261,
						"h": 15
					},
					"spriteSourceSize": {
						"x": 0,
						"y": 0,
						"w": 261,
						"h": 15
					},
					"frame": {
						"x": 198,
						"y": 788,
						"w": 261,
						"h": 15
					}
				},
				{
					"filename": "daily-challenge/middle-panel",
					"rotated": false,
					"trimmed": false,
					"sourceSize": {
						"w": 261,
						"h": 13
					},
					"spriteSourceSize": {
						"x": 0,
						"y": 0,
						"w": 261,
						"h": 13
					},
					"frame": {
						"x": 198,
						"y": 806,
						"w": 261,
						"h": 13
					}
				},
				{
					"filename": "texts/level-failed",
					"rotated": false,
					"trimmed": false,
					"sourceSize": {
						"w": 250,
						"h": 19
					},
					"spriteSourceSize": {
						"x": 0,
						"y": 0,
						"w": 250,
						"h": 19
					},
					"frame": {
						"x": 198,
						"y": 822,
						"w": 250,
						"h": 19
					}
				},
				{
					"filename": "texts/waiting-for-opponent",
					"rotated": false,
					"trimmed": false,
					"sourceSize": {
						"w": 238,
						"h": 25
					},
					"spriteSourceSize": {
						"x": 0,
						"y": 0,
						"w": 238,
						"h": 25
					},
					"frame": {
						"x": 175,
						"y": 844,
						"w": 238,
						"h": 25
					}
				},
				{
					"filename": "texts/out-of-live",
					"rotated": false,
					"trimmed": false,
					"sourceSize": {
						"w": 234,
						"h": 19
					},
					"spriteSourceSize": {
						"x": 0,
						"y": 0,
						"w": 234,
						"h": 19
					},
					"frame": {
						"x": 175,
						"y": 872,
						"w": 234,
						"h": 19
					}
				},
				{
					"filename": "popup/top-dark",
					"rotated": false,
					"trimmed": false,
					"sourceSize": {
						"w": 216,
						"h": 45
					},
					"spriteSourceSize": {
						"x": 0,
						"y": 0,
						"w": 216,
						"h": 45
					},
					"frame": {
						"x": 198,
						"y": 894,
						"w": 216,
						"h": 45
					}
				},
				{
					"filename": "texts/next-milestone",
					"rotated": false,
					"trimmed": false,
					"sourceSize": {
						"w": 235,
						"h": 25
					},
					"spriteSourceSize": {
						"x": 0,
						"y": 0,
						"w": 235,
						"h": 25
					},
					"frame": {
						"x": 198,
						"y": 942,
						"w": 235,
						"h": 25
					}
				},
				{
					"filename": "texts/invite-friends",
					"rotated": false,
					"trimmed": false,
					"sourceSize": {
						"w": 198,
						"h": 22
					},
					"spriteSourceSize": {
						"x": 0,
						"y": 0,
						"w": 198,
						"h": 22
					},
					"frame": {
						"x": 466,
						"y": 578,
						"w": 198,
						"h": 22
					}
				},
				{
					"filename": "buttons/dark-blue",
					"rotated": false,
					"trimmed": false,
					"sourceSize": {
						"w": 183,
						"h": 54
					},
					"spriteSourceSize": {
						"x": 0,
						"y": 0,
						"w": 183,
						"h": 54
					},
					"frame": {
						"x": 522,
						"y": 603,
						"w": 183,
						"h": 54
					}
				},
				{
					"filename": "popup/top",
					"rotated": false,
					"trimmed": false,
					"sourceSize": {
						"w": 216,
						"h": 45
					},
					"spriteSourceSize": {
						"x": 0,
						"y": 0,
						"w": 216,
						"h": 45
					},
					"frame": {
						"x": 483,
						"y": 660,
						"w": 216,
						"h": 45
					}
				},
				{
					"filename": "lives/time-block-2",
					"rotated": false,
					"trimmed": false,
					"sourceSize": {
						"w": 182,
						"h": 54
					},
					"spriteSourceSize": {
						"x": 0,
						"y": 0,
						"w": 182,
						"h": 54
					},
					"frame": {
						"x": 485,
						"y": 708,
						"w": 182,
						"h": 54
					}
				},
				{
					"filename": "texts/congratulations",
					"rotated": false,
					"trimmed": false,
					"sourceSize": {
						"w": 186,
						"h": 25
					},
					"spriteSourceSize": {
						"x": 0,
						"y": 0,
						"w": 186,
						"h": 25
					},
					"frame": {
						"x": 485,
						"y": 765,
						"w": 186,
						"h": 25
					}
				},
				{
					"filename": "popup/bottom",
					"rotated": false,
					"trimmed": false,
					"sourceSize": {
						"w": 216,
						"h": 14
					},
					"spriteSourceSize": {
						"x": 0,
						"y": 0,
						"w": 216,
						"h": 14
					},
					"frame": {
						"x": 462,
						"y": 793,
						"w": 216,
						"h": 14
					}
				},
				{
					"filename": "texts/second-chance",
					"rotated": false,
					"trimmed": false,
					"sourceSize": {
						"w": 195,
						"h": 24
					},
					"spriteSourceSize": {
						"x": 0,
						"y": 0,
						"w": 195,
						"h": 24
					},
					"frame": {
						"x": 462,
						"y": 810,
						"w": 195,
						"h": 24
					}
				},
				{
					"filename": "texts/lose",
					"rotated": false,
					"trimmed": false,
					"sourceSize": {
						"w": 194,
						"h": 21
					},
					"spriteSourceSize": {
						"x": 0,
						"y": 0,
						"w": 194,
						"h": 21
					},
					"frame": {
						"x": 451,
						"y": 837,
						"w": 194,
						"h": 21
					}
				},
				{
					"filename": "texts/play-single",
					"rotated": false,
					"trimmed": false,
					"sourceSize": {
						"w": 184,
						"h": 22
					},
					"spriteSourceSize": {
						"x": 0,
						"y": 0,
						"w": 184,
						"h": 22
					},
					"frame": {
						"x": 436,
						"y": 861,
						"w": 184,
						"h": 22
					}
				},
				{
					"filename": "lives/time-block",
					"rotated": false,
					"trimmed": false,
					"sourceSize": {
						"w": 173,
						"h": 44
					},
					"spriteSourceSize": {
						"x": 0,
						"y": 0,
						"w": 173,
						"h": 44
					},
					"frame": {
						"x": 417,
						"y": 886,
						"w": 173,
						"h": 44
					}
				},
				{
					"filename": "buttons/brown",
					"rotated": false,
					"trimmed": false,
					"sourceSize": {
						"w": 165,
						"h": 41
					},
					"spriteSourceSize": {
						"x": 0,
						"y": 0,
						"w": 165,
						"h": 41
					},
					"frame": {
						"x": 436,
						"y": 933,
						"w": 165,
						"h": 41
					}
				},
				{
					"filename": "avatar/border-big",
					"rotated": false,
					"trimmed": false,
					"sourceSize": {
						"w": 88,
						"h": 88
					},
					"spriteSourceSize": {
						"x": 0,
						"y": 0,
						"w": 88,
						"h": 88
					},
					"frame": {
						"x": 743,
						"y": 153,
						"w": 88,
						"h": 88
					}
				},
				{
					"filename": "daily-challenge/title-panel",
					"rotated": false,
					"trimmed": false,
					"sourceSize": {
						"w": 141,
						"h": 35
					},
					"spriteSourceSize": {
						"x": 0,
						"y": 0,
						"w": 141,
						"h": 35
					},
					"frame": {
						"x": 834,
						"y": 157,
						"w": 141,
						"h": 35
					}
				},
				{
					"filename": "bg-progress-circle",
					"rotated": false,
					"trimmed": false,
					"sourceSize": {
						"w": 116,
						"h": 116
					},
					"spriteSourceSize": {
						"x": 0,
						"y": 0,
						"w": 116,
						"h": 116
					},
					"frame": {
						"x": 834,
						"y": 195,
						"w": 116,
						"h": 116
					}
				},
				{
					"filename": "buttons/green-large",
					"rotated": false,
					"trimmed": false,
					"sourceSize": {
						"w": 165,
						"h": 54
					},
					"spriteSourceSize": {
						"x": 0,
						"y": 0,
						"w": 165,
						"h": 54
					},
					"frame": {
						"x": 650,
						"y": 313,
						"w": 165,
						"h": 54
					}
				},
				{
					"filename": "texts/first-milestone",
					"rotated": false,
					"trimmed": false,
					"sourceSize": {
						"w": 166,
						"h": 21
					},
					"spriteSourceSize": {
						"x": 0,
						"y": 0,
						"w": 166,
						"h": 21
					},
					"frame": {
						"x": 650,
						"y": 370,
						"w": 166,
						"h": 21
					}
				},
				{
					"filename": "texts/win",
					"rotated": false,
					"trimmed": false,
					"sourceSize": {
						"w": 183,
						"h": 25
					},
					"spriteSourceSize": {
						"x": 0,
						"y": 0,
						"w": 183,
						"h": 25
					},
					"frame": {
						"x": 631,
						"y": 394,
						"w": 183,
						"h": 25
					}
				},
				{
					"filename": "texts/refill-lives",
					"rotated": false,
					"trimmed": false,
					"sourceSize": {
						"w": 183,
						"h": 15
					},
					"spriteSourceSize": {
						"x": 0,
						"y": 0,
						"w": 183,
						"h": 15
					},
					"frame": {
						"x": 631,
						"y": 422,
						"w": 183,
						"h": 15
					}
				},
				{
					"filename": "texts/start-over",
					"rotated": false,
					"trimmed": false,
					"sourceSize": {
						"w": 170,
						"h": 16
					},
					"spriteSourceSize": {
						"x": 0,
						"y": 0,
						"w": 170,
						"h": 16
					},
					"frame": {
						"x": 631,
						"y": 440,
						"w": 170,
						"h": 16
					}
				},
				{
					"filename": "popup/score-panel",
					"rotated": false,
					"trimmed": false,
					"sourceSize": {
						"w": 150,
						"h": 46
					},
					"spriteSourceSize": {
						"x": 0,
						"y": 0,
						"w": 150,
						"h": 46
					},
					"frame": {
						"x": 818,
						"y": 314,
						"w": 150,
						"h": 46
					}
				},
				{
					"filename": "wood-panel",
					"rotated": false,
					"trimmed": false,
					"sourceSize": {
						"w": 151,
						"h": 28
					},
					"spriteSourceSize": {
						"x": 0,
						"y": 0,
						"w": 151,
						"h": 28
					},
					"frame": {
						"x": 819,
						"y": 363,
						"w": 151,
						"h": 28
					}
				},
				{
					"filename": "texts/setting",
					"rotated": false,
					"trimmed": false,
					"sourceSize": {
						"w": 152,
						"h": 24
					},
					"spriteSourceSize": {
						"x": 0,
						"y": 0,
						"w": 152,
						"h": 24
					},
					"frame": {
						"x": 817,
						"y": 394,
						"w": 152,
						"h": 24
					}
				},
				{
					"filename": "texts/text-journey",
					"rotated": false,
					"trimmed": false,
					"sourceSize": {
						"w": 144,
						"h": 17
					},
					"spriteSourceSize": {
						"x": 0,
						"y": 0,
						"w": 144,
						"h": 17
					},
					"frame": {
						"x": 817,
						"y": 421,
						"w": 144,
						"h": 17
					}
				},
				{
					"filename": "leaderboards/bg-item",
					"rotated": false,
					"trimmed": false,
					"sourceSize": {
						"w": 159,
						"h": 31
					},
					"spriteSourceSize": {
						"x": 0,
						"y": 0,
						"w": 159,
						"h": 31
					},
					"frame": {
						"x": 804,
						"y": 441,
						"w": 159,
						"h": 31
					}
				},
				{
					"filename": "texts/play-with-blue",
					"rotated": false,
					"trimmed": false,
					"sourceSize": {
						"w": 160,
						"h": 16
					},
					"spriteSourceSize": {
						"x": 0,
						"y": 0,
						"w": 160,
						"h": 16
					},
					"frame": {
						"x": 631,
						"y": 459,
						"w": 160,
						"h": 16
					}
				},
				{
					"filename": "texts/play-with",
					"rotated": false,
					"trimmed": false,
					"sourceSize": {
						"w": 160,
						"h": 16
					},
					"spriteSourceSize": {
						"x": 0,
						"y": 0,
						"w": 160,
						"h": 16
					},
					"frame": {
						"x": 628,
						"y": 478,
						"w": 160,
						"h": 16
					}
				},
				{
					"filename": "buttons/green",
					"rotated": false,
					"trimmed": false,
					"sourceSize": {
						"w": 119,
						"h": 41
					},
					"spriteSourceSize": {
						"x": 0,
						"y": 0,
						"w": 119,
						"h": 41
					},
					"frame": {
						"x": 610,
						"y": 497,
						"w": 119,
						"h": 41
					}
				},
				{
					"filename": "texts/result",
					"rotated": false,
					"trimmed": false,
					"sourceSize": {
						"w": 133,
						"h": 21
					},
					"spriteSourceSize": {
						"x": 0,
						"y": 0,
						"w": 133,
						"h": 21
					},
					"frame": {
						"x": 610,
						"y": 541,
						"w": 133,
						"h": 21
					}
				},
				{
					"filename": "texts/text-share",
					"rotated": false,
					"trimmed": false,
					"sourceSize": {
						"w": 58,
						"h": 10
					},
					"spriteSourceSize": {
						"x": 0,
						"y": 0,
						"w": 58,
						"h": 10
					},
					"frame": {
						"x": 610,
						"y": 565,
						"w": 58,
						"h": 10
					}
				},
				{
					"filename": "texts/text-next-level",
					"rotated": false,
					"trimmed": false,
					"sourceSize": {
						"w": 102,
						"h": 36
					},
					"spriteSourceSize": {
						"x": 0,
						"y": 0,
						"w": 102,
						"h": 36
					},
					"frame": {
						"x": 728,
						"y": 244,
						"w": 102,
						"h": 36
					}
				},
				{
					"filename": "texts/your-score",
					"rotated": false,
					"trimmed": false,
					"sourceSize": {
						"w": 125,
						"h": 21
					},
					"spriteSourceSize": {
						"x": 0,
						"y": 0,
						"w": 125,
						"h": 21
					},
					"frame": {
						"x": 794,
						"y": 475,
						"w": 125,
						"h": 21
					}
				},
				{
					"filename": "avatar/background",
					"rotated": false,
					"trimmed": false,
					"sourceSize": {
						"w": 53,
						"h": 54
					},
					"spriteSourceSize": {
						"x": 0,
						"y": 0,
						"w": 53,
						"h": 54
					},
					"frame": {
						"x": 922,
						"y": 475,
						"w": 53,
						"h": 54
					}
				},
				{
					"filename": "bg/level-played",
					"rotated": false,
					"trimmed": false,
					"sourceSize": {
						"w": 50,
						"h": 41
					},
					"spriteSourceSize": {
						"x": 0,
						"y": 0,
						"w": 50,
						"h": 41
					},
					"frame": {
						"x": 732,
						"y": 497,
						"w": 50,
						"h": 41
					}
				},
				{
					"filename": "bg-combo",
					"rotated": false,
					"trimmed": true,
					"sourceSize": {
						"w": 106,
						"h": 44
					},
					"spriteSourceSize": {
						"x": 0,
						"y": 4,
						"w": 106,
						"h": 40
					},
					"frame": {
						"x": 785,
						"y": 499,
						"w": 106,
						"h": 40
					}
				},
				{
					"filename": "texts/text-tutorial",
					"rotated": false,
					"trimmed": false,
					"sourceSize": {
						"w": 122,
						"h": 19
					},
					"spriteSourceSize": {
						"x": 0,
						"y": 0,
						"w": 122,
						"h": 19
					},
					"frame": {
						"x": 746,
						"y": 542,
						"w": 122,
						"h": 19
					}
				},
				{
					"filename": "texts/no-thank",
					"rotated": false,
					"trimmed": false,
					"sourceSize": {
						"w": 118,
						"h": 21
					},
					"spriteSourceSize": {
						"x": 0,
						"y": 0,
						"w": 118,
						"h": 21
					},
					"frame": {
						"x": 746,
						"y": 564,
						"w": 118,
						"h": 21
					}
				},
				{
					"filename": "texts/play",
					"rotated": false,
					"trimmed": false,
					"sourceSize": {
						"w": 72,
						"h": 17
					},
					"spriteSourceSize": {
						"x": 0,
						"y": 0,
						"w": 72,
						"h": 17
					},
					"frame": {
						"x": 671,
						"y": 565,
						"w": 72,
						"h": 17
					}
				},
				{
					"filename": "texts/replay",
					"rotated": false,
					"trimmed": false,
					"sourceSize": {
						"w": 70,
						"h": 15
					},
					"spriteSourceSize": {
						"x": 0,
						"y": 0,
						"w": 70,
						"h": 15
					},
					"frame": {
						"x": 667,
						"y": 585,
						"w": 70,
						"h": 15
					}
				},
				{
					"filename": "leaderboards/bg-item-0",
					"rotated": false,
					"trimmed": false,
					"sourceSize": {
						"w": 116,
						"h": 23
					},
					"spriteSourceSize": {
						"x": 0,
						"y": 0,
						"w": 116,
						"h": 23
					},
					"frame": {
						"x": 740,
						"y": 588,
						"w": 116,
						"h": 23
					}
				},
				{
					"filename": "bg-streak",
					"rotated": false,
					"trimmed": true,
					"sourceSize": {
						"w": 106,
						"h": 44
					},
					"spriteSourceSize": {
						"x": 0,
						"y": 4,
						"w": 106,
						"h": 40
					},
					"frame": {
						"x": 708,
						"y": 614,
						"w": 106,
						"h": 40
					}
				},
				{
					"filename": "leaderboards/bg-item-1",
					"rotated": false,
					"trimmed": false,
					"sourceSize": {
						"w": 116,
						"h": 23
					},
					"spriteSourceSize": {
						"x": 0,
						"y": 0,
						"w": 116,
						"h": 23
					},
					"frame": {
						"x": 708,
						"y": 657,
						"w": 116,
						"h": 23
					}
				},
				{
					"filename": "texts/text-retry",
					"rotated": false,
					"trimmed": false,
					"sourceSize": {
						"w": 113,
						"h": 16
					},
					"spriteSourceSize": {
						"x": 0,
						"y": 0,
						"w": 113,
						"h": 16
					},
					"frame": {
						"x": 702,
						"y": 683,
						"w": 113,
						"h": 16
					}
				},
				{
					"filename": "texts/mission",
					"rotated": false,
					"trimmed": false,
					"sourceSize": {
						"w": 105,
						"h": 21
					},
					"spriteSourceSize": {
						"x": 0,
						"y": 0,
						"w": 105,
						"h": 21
					},
					"frame": {
						"x": 702,
						"y": 702,
						"w": 105,
						"h": 21
					}
				},
				{
					"filename": "daily-challenge/time-panel",
					"rotated": false,
					"trimmed": false,
					"sourceSize": {
						"w": 85,
						"h": 24
					},
					"spriteSourceSize": {
						"x": 0,
						"y": 0,
						"w": 85,
						"h": 24
					},
					"frame": {
						"x": 743,
						"y": 283,
						"w": 85,
						"h": 24
					}
				},
				{
					"filename": "score-panel-dark",
					"rotated": false,
					"trimmed": false,
					"sourceSize": {
						"w": 94,
						"h": 26
					},
					"spriteSourceSize": {
						"x": 0,
						"y": 0,
						"w": 94,
						"h": 26
					},
					"frame": {
						"x": 670,
						"y": 726,
						"w": 94,
						"h": 26
					}
				},
				{
					"filename": "texts/draw",
					"rotated": false,
					"trimmed": false,
					"sourceSize": {
						"w": 84,
						"h": 21
					},
					"spriteSourceSize": {
						"x": 0,
						"y": 0,
						"w": 84,
						"h": 21
					},
					"frame": {
						"x": 674,
						"y": 755,
						"w": 84,
						"h": 21
					}
				},
				{
					"filename": "buttons/dark-blue-big",
					"rotated": false,
					"trimmed": false,
					"sourceSize": {
						"w": 90,
						"h": 41
					},
					"spriteSourceSize": {
						"x": 0,
						"y": 0,
						"w": 90,
						"h": 41
					},
					"frame": {
						"x": 681,
						"y": 779,
						"w": 90,
						"h": 41
					}
				},
				{
					"filename": "texts/continue",
					"rotated": false,
					"trimmed": false,
					"sourceSize": {
						"w": 105,
						"h": 15
					},
					"spriteSourceSize": {
						"x": 0,
						"y": 0,
						"w": 105,
						"h": 15
					},
					"frame": {
						"x": 660,
						"y": 823,
						"w": 105,
						"h": 15
					}
				},
				{
					"filename": "texts/text-ranking",
					"rotated": false,
					"trimmed": false,
					"sourceSize": {
						"w": 100,
						"h": 15
					},
					"spriteSourceSize": {
						"x": 0,
						"y": 0,
						"w": 100,
						"h": 15
					},
					"frame": {
						"x": 648,
						"y": 841,
						"w": 100,
						"h": 15
					}
				},
				{
					"filename": "buttons/green-big",
					"rotated": false,
					"trimmed": false,
					"sourceSize": {
						"w": 90,
						"h": 41
					},
					"spriteSourceSize": {
						"x": 0,
						"y": 0,
						"w": 90,
						"h": 41
					},
					"frame": {
						"x": 648,
						"y": 859,
						"w": 90,
						"h": 41
					}
				},
				{
					"filename": "icons/retry",
					"rotated": false,
					"trimmed": false,
					"sourceSize": {
						"w": 25,
						"h": 27
					},
					"spriteSourceSize": {
						"x": 0,
						"y": 0,
						"w": 25,
						"h": 27
					},
					"frame": {
						"x": 894,
						"y": 499,
						"w": 25,
						"h": 27
					}
				},
				{
					"filename": "buttons/dark-blue-small",
					"rotated": false,
					"trimmed": false,
					"sourceSize": {
						"w": 89,
						"h": 37
					},
					"spriteSourceSize": {
						"x": 0,
						"y": 0,
						"w": 89,
						"h": 37
					},
					"frame": {
						"x": 817,
						"y": 614,
						"w": 89,
						"h": 37
					}
				},
				{
					"filename": "icon-journey",
					"rotated": false,
					"trimmed": false,
					"sourceSize": {
						"w": 75,
						"h": 61
					},
					"spriteSourceSize": {
						"x": 0,
						"y": 0,
						"w": 75,
						"h": 61
					},
					"frame": {
						"x": 827,
						"y": 654,
						"w": 75,
						"h": 61
					}
				},
				{
					"filename": "buttons/toggle-off",
					"rotated": false,
					"trimmed": false,
					"sourceSize": {
						"w": 67,
						"h": 23
					},
					"spriteSourceSize": {
						"x": 0,
						"y": 0,
						"w": 67,
						"h": 23
					},
					"frame": {
						"x": 859,
						"y": 588,
						"w": 67,
						"h": 23
					}
				},
				{
					"filename": "texts/vs",
					"rotated": false,
					"trimmed": false,
					"sourceSize": {
						"w": 86,
						"h": 17
					},
					"spriteSourceSize": {
						"x": 0,
						"y": 0,
						"w": 86,
						"h": 17
					},
					"frame": {
						"x": 810,
						"y": 718,
						"w": 86,
						"h": 17
					}
				},
				{
					"filename": "buttons/share",
					"rotated": false,
					"trimmed": false,
					"sourceSize": {
						"w": 40,
						"h": 29
					},
					"spriteSourceSize": {
						"x": 0,
						"y": 0,
						"w": 40,
						"h": 29
					},
					"frame": {
						"x": 767,
						"y": 726,
						"w": 40,
						"h": 29
					}
				},
				{
					"filename": "texts/collect",
					"rotated": false,
					"trimmed": false,
					"sourceSize": {
						"w": 86,
						"h": 13
					},
					"spriteSourceSize": {
						"x": 0,
						"y": 0,
						"w": 86,
						"h": 13
					},
					"frame": {
						"x": 810,
						"y": 738,
						"w": 86,
						"h": 13
					}
				},
				{
					"filename": "preloader/dual-ring",
					"rotated": false,
					"trimmed": true,
					"sourceSize": {
						"w": 100,
						"h": 100
					},
					"spriteSourceSize": {
						"x": 13,
						"y": 13,
						"w": 74,
						"h": 74
					},
					"frame": {
						"x": 810,
						"y": 754,
						"w": 74,
						"h": 74
					}
				},
				{
					"filename": "best-score-frame",
					"rotated": false,
					"trimmed": false,
					"sourceSize": {
						"w": 56,
						"h": 76
					},
					"spriteSourceSize": {
						"x": 0,
						"y": 0,
						"w": 56,
						"h": 76
					},
					"frame": {
						"x": 887,
						"y": 754,
						"w": 56,
						"h": 76
					}
				},
				{
					"filename": "buttons/challenge_light",
					"rotated": false,
					"trimmed": false,
					"sourceSize": {
						"w": 44,
						"h": 33
					},
					"spriteSourceSize": {
						"x": 0,
						"y": 0,
						"w": 44,
						"h": 33
					},
					"frame": {
						"x": 899,
						"y": 718,
						"w": 44,
						"h": 33
					}
				},
				{
					"filename": "bg/level-locked",
					"rotated": false,
					"trimmed": false,
					"sourceSize": {
						"w": 51,
						"h": 42
					},
					"spriteSourceSize": {
						"x": 0,
						"y": 0,
						"w": 51,
						"h": 42
					},
					"frame": {
						"x": 593,
						"y": 886,
						"w": 51,
						"h": 42
					}
				},
				{
					"filename": "avatar/border",
					"rotated": false,
					"trimmed": true,
					"sourceSize": {
						"w": 69,
						"h": 72
					},
					"spriteSourceSize": {
						"x": 0,
						"y": 1,
						"w": 69,
						"h": 71
					},
					"frame": {
						"x": 647,
						"y": 903,
						"w": 69,
						"h": 71
					}
				},
				{
					"filename": "avatar/border-challenge",
					"rotated": false,
					"trimmed": false,
					"sourceSize": {
						"w": 60,
						"h": 59
					},
					"spriteSourceSize": {
						"x": 0,
						"y": 0,
						"w": 60,
						"h": 59
					},
					"frame": {
						"x": 719,
						"y": 903,
						"w": 60,
						"h": 59
					}
				},
				{
					"filename": "icons/crown-big",
					"rotated": false,
					"trimmed": false,
					"sourceSize": {
						"w": 37,
						"h": 35
					},
					"spriteSourceSize": {
						"x": 0,
						"y": 0,
						"w": 37,
						"h": 35
					},
					"frame": {
						"x": 604,
						"y": 931,
						"w": 37,
						"h": 35
					}
				},
				{
					"filename": "icons/plus",
					"rotated": false,
					"trimmed": false,
					"sourceSize": {
						"w": 21,
						"h": 22
					},
					"spriteSourceSize": {
						"x": 0,
						"y": 0,
						"w": 21,
						"h": 22
					},
					"frame": {
						"x": 623,
						"y": 861,
						"w": 21,
						"h": 22
					}
				},
				{
					"filename": "icons/battle",
					"rotated": false,
					"trimmed": false,
					"sourceSize": {
						"w": 22,
						"h": 21
					},
					"spriteSourceSize": {
						"x": 0,
						"y": 0,
						"w": 22,
						"h": 21
					},
					"frame": {
						"x": 953,
						"y": 195,
						"w": 22,
						"h": 21
					}
				},
				{
					"filename": "icons/check",
					"rotated": false,
					"trimmed": false,
					"sourceSize": {
						"w": 22,
						"h": 18
					},
					"spriteSourceSize": {
						"x": 0,
						"y": 0,
						"w": 22,
						"h": 18
					},
					"frame": {
						"x": 953,
						"y": 219,
						"w": 22,
						"h": 18
					}
				},
				{
					"filename": "icons/cup-bronze",
					"rotated": false,
					"trimmed": false,
					"sourceSize": {
						"w": 22,
						"h": 18
					},
					"spriteSourceSize": {
						"x": 0,
						"y": 0,
						"w": 22,
						"h": 18
					},
					"frame": {
						"x": 953,
						"y": 240,
						"w": 22,
						"h": 18
					}
				},
				{
					"filename": "icons/cup-gold",
					"rotated": false,
					"trimmed": false,
					"sourceSize": {
						"w": 22,
						"h": 18
					},
					"spriteSourceSize": {
						"x": 0,
						"y": 0,
						"w": 22,
						"h": 18
					},
					"frame": {
						"x": 953,
						"y": 261,
						"w": 22,
						"h": 18
					}
				},
				{
					"filename": "icons/cup-silver",
					"rotated": false,
					"trimmed": false,
					"sourceSize": {
						"w": 22,
						"h": 18
					},
					"spriteSourceSize": {
						"x": 0,
						"y": 0,
						"w": 22,
						"h": 18
					},
					"frame": {
						"x": 953,
						"y": 282,
						"w": 22,
						"h": 18
					}
				},
				{
					"filename": "icons/i-play",
					"rotated": false,
					"trimmed": false,
					"sourceSize": {
						"w": 16,
						"h": 20
					},
					"spriteSourceSize": {
						"x": 0,
						"y": 0,
						"w": 16,
						"h": 20
					},
					"frame": {
						"x": 462,
						"y": 770,
						"w": 16,
						"h": 20
					}
				},
				{
					"filename": "icons/vibrate",
					"rotated": false,
					"trimmed": false,
					"sourceSize": {
						"w": 31,
						"h": 37
					},
					"spriteSourceSize": {
						"x": 0,
						"y": 0,
						"w": 31,
						"h": 37
					},
					"frame": {
						"x": 909,
						"y": 614,
						"w": 31,
						"h": 37
					}
				},
				{
					"filename": "blank",
					"rotated": false,
					"trimmed": false,
					"sourceSize": {
						"w": 50,
						"h": 50
					},
					"spriteSourceSize": {
						"x": 0,
						"y": 0,
						"w": 50,
						"h": 50
					},
					"frame": {
						"x": 905,
						"y": 654,
						"w": 50,
						"h": 50
					}
				},
				{
					"filename": "icons/replay",
					"rotated": false,
					"trimmed": false,
					"sourceSize": {
						"w": 20,
						"h": 24
					},
					"spriteSourceSize": {
						"x": 0,
						"y": 0,
						"w": 20,
						"h": 24
					},
					"frame": {
						"x": 175,
						"y": 752,
						"w": 20,
						"h": 24
					}
				},
				{
					"filename": "icons/flat-ad",
					"rotated": false,
					"trimmed": false,
					"sourceSize": {
						"w": 24,
						"h": 21
					},
					"spriteSourceSize": {
						"x": 0,
						"y": 0,
						"w": 24,
						"h": 21
					},
					"frame": {
						"x": 867,
						"y": 564,
						"w": 24,
						"h": 21
					}
				},
				{
					"filename": "icons/sword",
					"rotated": false,
					"trimmed": false,
					"sourceSize": {
						"w": 23,
						"h": 19
					},
					"spriteSourceSize": {
						"x": 0,
						"y": 0,
						"w": 23,
						"h": 19
					},
					"frame": {
						"x": 871,
						"y": 542,
						"w": 23,
						"h": 19
					}
				},
				{
					"filename": "buttons/toggle-on",
					"rotated": false,
					"trimmed": false,
					"sourceSize": {
						"w": 67,
						"h": 23
					},
					"spriteSourceSize": {
						"x": 0,
						"y": 0,
						"w": 67,
						"h": 23
					},
					"frame": {
						"x": 897,
						"y": 532,
						"w": 67,
						"h": 23
					}
				},
				{
					"filename": "texts/start",
					"rotated": false,
					"trimmed": false,
					"sourceSize": {
						"w": 67,
						"h": 17
					},
					"spriteSourceSize": {
						"x": 0,
						"y": 0,
						"w": 67,
						"h": 17
					},
					"frame": {
						"x": 897,
						"y": 558,
						"w": 67,
						"h": 17
					}
				},
				{
					"filename": "buttons/play",
					"rotated": false,
					"trimmed": false,
					"sourceSize": {
						"w": 43,
						"h": 33
					},
					"spriteSourceSize": {
						"x": 0,
						"y": 0,
						"w": 43,
						"h": 33
					},
					"frame": {
						"x": 929,
						"y": 578,
						"w": 43,
						"h": 33
					}
				},
				{
					"filename": "icons/music",
					"rotated": false,
					"trimmed": false,
					"sourceSize": {
						"w": 28,
						"h": 31
					},
					"spriteSourceSize": {
						"x": 0,
						"y": 0,
						"w": 28,
						"h": 31
					},
					"frame": {
						"x": 943,
						"y": 614,
						"w": 28,
						"h": 31
					}
				},
				{
					"filename": "texts/no",
					"rotated": false,
					"trimmed": false,
					"sourceSize": {
						"w": 36,
						"h": 17
					},
					"spriteSourceSize": {
						"x": 0,
						"y": 0,
						"w": 36,
						"h": 17
					},
					"frame": {
						"x": 761,
						"y": 758,
						"w": 36,
						"h": 17
					}
				},
				{
					"filename": "texts/world-disable",
					"rotated": false,
					"trimmed": false,
					"sourceSize": {
						"w": 33,
						"h": 13
					},
					"spriteSourceSize": {
						"x": 0,
						"y": 0,
						"w": 33,
						"h": 13
					},
					"frame": {
						"x": 774,
						"y": 778,
						"w": 33,
						"h": 13
					}
				},
				{
					"filename": "texts/world",
					"rotated": false,
					"trimmed": false,
					"sourceSize": {
						"w": 33,
						"h": 13
					},
					"spriteSourceSize": {
						"x": 0,
						"y": 0,
						"w": 33,
						"h": 13
					},
					"frame": {
						"x": 774,
						"y": 794,
						"w": 33,
						"h": 13
					}
				},
				{
					"filename": "icons/clock",
					"rotated": false,
					"trimmed": false,
					"sourceSize": {
						"w": 17,
						"h": 18
					},
					"spriteSourceSize": {
						"x": 0,
						"y": 0,
						"w": 17,
						"h": 18
					},
					"frame": {
						"x": 958,
						"y": 648,
						"w": 17,
						"h": 18
					}
				},
				{
					"filename": "buttons/minor",
					"rotated": false,
					"trimmed": false,
					"sourceSize": {
						"w": 41,
						"h": 36
					},
					"spriteSourceSize": {
						"x": 0,
						"y": 0,
						"w": 41,
						"h": 36
					},
					"frame": {
						"x": 741,
						"y": 859,
						"w": 41,
						"h": 36
					}
				},
				{
					"filename": "texts/friends-disable",
					"rotated": false,
					"trimmed": false,
					"sourceSize": {
						"w": 55,
						"h": 15
					},
					"spriteSourceSize": {
						"x": 0,
						"y": 0,
						"w": 55,
						"h": 15
					},
					"frame": {
						"x": 751,
						"y": 841,
						"w": 55,
						"h": 15
					}
				},
				{
					"filename": "buttons/skip",
					"rotated": false,
					"trimmed": false,
					"sourceSize": {
						"w": 60,
						"h": 36
					},
					"spriteSourceSize": {
						"x": 0,
						"y": 0,
						"w": 60,
						"h": 36
					},
					"frame": {
						"x": 809,
						"y": 831,
						"w": 60,
						"h": 36
					}
				},
				{
					"filename": "bg/level-playing",
					"rotated": false,
					"trimmed": false,
					"sourceSize": {
						"w": 57,
						"h": 47
					},
					"spriteSourceSize": {
						"x": 0,
						"y": 0,
						"w": 57,
						"h": 47
					},
					"frame": {
						"x": 872,
						"y": 833,
						"w": 57,
						"h": 47
					}
				},
				{
					"filename": "buttons/random",
					"rotated": false,
					"trimmed": false,
					"sourceSize": {
						"w": 43,
						"h": 33
					},
					"spriteSourceSize": {
						"x": 0,
						"y": 0,
						"w": 43,
						"h": 33
					},
					"frame": {
						"x": 932,
						"y": 833,
						"w": 43,
						"h": 33
					}
				},
				{
					"filename": "buttons/circle-button",
					"rotated": false,
					"trimmed": false,
					"sourceSize": {
						"w": 21,
						"h": 21
					},
					"spriteSourceSize": {
						"x": 0,
						"y": 0,
						"w": 21,
						"h": 21
					},
					"frame": {
						"x": 785,
						"y": 859,
						"w": 21,
						"h": 21
					}
				},
				{
					"filename": "texts/text-close",
					"rotated": false,
					"trimmed": false,
					"sourceSize": {
						"w": 59,
						"h": 13
					},
					"spriteSourceSize": {
						"x": 0,
						"y": 0,
						"w": 59,
						"h": 13
					},
					"frame": {
						"x": 809,
						"y": 870,
						"w": 59,
						"h": 13
					}
				},
				{
					"filename": "leaderboards/tab-off",
					"rotated": false,
					"trimmed": false,
					"sourceSize": {
						"w": 57,
						"h": 18
					},
					"spriteSourceSize": {
						"x": 0,
						"y": 0,
						"w": 57,
						"h": 18
					},
					"frame": {
						"x": 871,
						"y": 883,
						"w": 57,
						"h": 18
					}
				},
				{
					"filename": "icons/icon-journey",
					"rotated": false,
					"trimmed": false,
					"sourceSize": {
						"w": 37,
						"h": 31
					},
					"spriteSourceSize": {
						"x": 0,
						"y": 0,
						"w": 37,
						"h": 31
					},
					"frame": {
						"x": 932,
						"y": 869,
						"w": 37,
						"h": 31
					}
				},
				{
					"filename": "icons/share",
					"rotated": false,
					"trimmed": false,
					"sourceSize": {
						"w": 18,
						"h": 24
					},
					"spriteSourceSize": {
						"x": 0,
						"y": 0,
						"w": 18,
						"h": 24
					},
					"frame": {
						"x": 175,
						"y": 779,
						"w": 18,
						"h": 24
					}
				},
				{
					"filename": "leaderboards/tab-on",
					"rotated": false,
					"trimmed": false,
					"sourceSize": {
						"w": 57,
						"h": 18
					},
					"spriteSourceSize": {
						"x": 0,
						"y": 0,
						"w": 57,
						"h": 18
					},
					"frame": {
						"x": 785,
						"y": 886,
						"w": 57,
						"h": 18
					}
				},
				{
					"filename": "text-target-panel",
					"rotated": false,
					"trimmed": false,
					"sourceSize": {
						"w": 49,
						"h": 23
					},
					"spriteSourceSize": {
						"x": 0,
						"y": 0,
						"w": 49,
						"h": 23
					},
					"frame": {
						"x": 782,
						"y": 907,
						"w": 49,
						"h": 23
					}
				},
				{
					"filename": "texts/off",
					"rotated": false,
					"trimmed": false,
					"sourceSize": {
						"w": 51,
						"h": 16
					},
					"spriteSourceSize": {
						"x": 0,
						"y": 0,
						"w": 51,
						"h": 16
					},
					"frame": {
						"x": 782,
						"y": 933,
						"w": 51,
						"h": 16
					}
				},
				{
					"filename": "texts/friends",
					"rotated": false,
					"trimmed": false,
					"sourceSize": {
						"w": 55,
						"h": 15
					},
					"spriteSourceSize": {
						"x": 0,
						"y": 0,
						"w": 55,
						"h": 15
					},
					"frame": {
						"x": 782,
						"y": 952,
						"w": 55,
						"h": 15
					}
				},
				{
					"filename": "icons/brown-journey",
					"rotated": false,
					"trimmed": false,
					"sourceSize": {
						"w": 23,
						"h": 21
					},
					"spriteSourceSize": {
						"x": 0,
						"y": 0,
						"w": 23,
						"h": 21
					},
					"frame": {
						"x": 845,
						"y": 886,
						"w": 23,
						"h": 21
					}
				},
				{
					"filename": "icons/sound",
					"rotated": false,
					"trimmed": false,
					"sourceSize": {
						"w": 31,
						"h": 27
					},
					"spriteSourceSize": {
						"x": 0,
						"y": 0,
						"w": 31,
						"h": 27
					},
					"frame": {
						"x": 774,
						"y": 810,
						"w": 31,
						"h": 27
					}
				},
				{
					"filename": "texts/yes",
					"rotated": false,
					"trimmed": false,
					"sourceSize": {
						"w": 29,
						"h": 20
					},
					"spriteSourceSize": {
						"x": 0,
						"y": 0,
						"w": 29,
						"h": 20
					},
					"frame": {
						"x": 946,
						"y": 707,
						"w": 29,
						"h": 20
					}
				},
				{
					"filename": "buttons/dot-blue",
					"rotated": false,
					"trimmed": false,
					"sourceSize": {
						"w": 28,
						"h": 27
					},
					"spriteSourceSize": {
						"x": 0,
						"y": 0,
						"w": 28,
						"h": 27
					},
					"frame": {
						"x": 946,
						"y": 730,
						"w": 28,
						"h": 27
					}
				},
				{
					"filename": "buttons/dot-green",
					"rotated": false,
					"trimmed": false,
					"sourceSize": {
						"w": 28,
						"h": 27
					},
					"spriteSourceSize": {
						"x": 0,
						"y": 0,
						"w": 28,
						"h": 27
					},
					"frame": {
						"x": 946,
						"y": 760,
						"w": 28,
						"h": 27
					}
				},
				{
					"filename": "buttons/close",
					"rotated": false,
					"trimmed": false,
					"sourceSize": {
						"w": 26,
						"h": 26
					},
					"spriteSourceSize": {
						"x": 0,
						"y": 0,
						"w": 26,
						"h": 26
					},
					"frame": {
						"x": 946,
						"y": 790,
						"w": 26,
						"h": 26
					}
				},
				{
					"filename": "texts/on",
					"rotated": false,
					"trimmed": false,
					"sourceSize": {
						"w": 35,
						"h": 16
					},
					"spriteSourceSize": {
						"x": 0,
						"y": 0,
						"w": 35,
						"h": 16
					},
					"frame": {
						"x": 834,
						"y": 910,
						"w": 35,
						"h": 16
					}
				},
				{
					"filename": "icons/dot",
					"rotated": false,
					"trimmed": false,
					"sourceSize": {
						"w": 34,
						"h": 35
					},
					"spriteSourceSize": {
						"x": 0,
						"y": 0,
						"w": 34,
						"h": 35
					},
					"frame": {
						"x": 872,
						"y": 904,
						"w": 34,
						"h": 35
					}
				},
				{
					"filename": "icons/icon-daily",
					"rotated": false,
					"trimmed": false,
					"sourceSize": {
						"w": 34,
						"h": 34
					},
					"spriteSourceSize": {
						"x": 0,
						"y": 0,
						"w": 34,
						"h": 34
					},
					"frame": {
						"x": 909,
						"y": 904,
						"w": 34,
						"h": 34
					}
				},
				{
					"filename": "icons/rank",
					"rotated": false,
					"trimmed": false,
					"sourceSize": {
						"w": 26,
						"h": 25
					},
					"spriteSourceSize": {
						"x": 0,
						"y": 0,
						"w": 26,
						"h": 25
					},
					"frame": {
						"x": 946,
						"y": 903,
						"w": 26,
						"h": 25
					}
				},
				{
					"filename": "icons/white-journey",
					"rotated": false,
					"trimmed": false,
					"sourceSize": {
						"w": 21,
						"h": 20
					},
					"spriteSourceSize": {
						"x": 0,
						"y": 0,
						"w": 21,
						"h": 20
					},
					"frame": {
						"x": 836,
						"y": 929,
						"w": 21,
						"h": 20
					}
				},
				{
					"filename": "icons/share-blue",
					"rotated": false,
					"trimmed": false,
					"sourceSize": {
						"w": 16,
						"h": 22
					},
					"spriteSourceSize": {
						"x": 0,
						"y": 0,
						"w": 16,
						"h": 22
					},
					"frame": {
						"x": 416,
						"y": 844,
						"w": 16,
						"h": 22
					}
				},
				{
					"filename": "icons/crown",
					"rotated": false,
					"trimmed": false,
					"sourceSize": {
						"w": 16,
						"h": 14
					},
					"spriteSourceSize": {
						"x": 0,
						"y": 0,
						"w": 16,
						"h": 14
					},
					"frame": {
						"x": 416,
						"y": 869,
						"w": 16,
						"h": 14
					}
				},
				{
					"filename": "icons/sword-blue",
					"rotated": false,
					"trimmed": false,
					"sourceSize": {
						"w": 18,
						"h": 16
					},
					"spriteSourceSize": {
						"x": 0,
						"y": 0,
						"w": 18,
						"h": 16
					},
					"frame": {
						"x": 175,
						"y": 806,
						"w": 18,
						"h": 16
					}
				},
				{
					"filename": "icons/home",
					"rotated": false,
					"trimmed": false,
					"sourceSize": {
						"w": 24,
						"h": 22
					},
					"spriteSourceSize": {
						"x": 0,
						"y": 0,
						"w": 24,
						"h": 22
					},
					"frame": {
						"x": 840,
						"y": 952,
						"w": 24,
						"h": 22
					}
				},
				{
					"filename": "icons/play-green",
					"rotated": false,
					"trimmed": false,
					"sourceSize": {
						"w": 24,
						"h": 24
					},
					"spriteSourceSize": {
						"x": 0,
						"y": 0,
						"w": 24,
						"h": 24
					},
					"frame": {
						"x": 867,
						"y": 942,
						"w": 24,
						"h": 24
					}
				},
				{
					"filename": "icons/play",
					"rotated": false,
					"trimmed": false,
					"sourceSize": {
						"w": 24,
						"h": 24
					},
					"spriteSourceSize": {
						"x": 0,
						"y": 0,
						"w": 24,
						"h": 24
					},
					"frame": {
						"x": 894,
						"y": 942,
						"w": 24,
						"h": 24
					}
				},
				{
					"filename": "icons/setting",
					"rotated": false,
					"trimmed": false,
					"sourceSize": {
						"w": 21,
						"h": 21
					},
					"spriteSourceSize": {
						"x": 0,
						"y": 0,
						"w": 21,
						"h": 21
					},
					"frame": {
						"x": 921,
						"y": 941,
						"w": 21,
						"h": 21
					}
				},
				{
					"filename": "icons/back",
					"rotated": false,
					"trimmed": false,
					"sourceSize": {
						"w": 25,
						"h": 19
					},
					"spriteSourceSize": {
						"x": 0,
						"y": 0,
						"w": 25,
						"h": 19
					},
					"frame": {
						"x": 946,
						"y": 931,
						"w": 25,
						"h": 19
					}
				}
			]
		}
	],
	"meta": {
		"app": "https://www.codeandweb.com/texturepacker",
		"version": "3.0",
		"smartupdate": "$TexturePacker:SmartUpdate:447632e963ebd1ab6e475fc6c8f62fee:6e7fd6835c38c6339a88d17a6afd6501:1519eb82cfdbe37419578cf3086208cb$"
	}
}
