{
	"textures": [
		{
			"image": "effects-resources.png",
			"format": "RGBA8888",
			"size": {
				"w": 221,
				"h": 221
			},
			"scale": 0.5,
			"frames": [
				{
					"filename": "text/text_excellent",
					"rotated": false,
					"trimmed": false,
					"sourceSize": {
						"w": 164,
						"h": 32
					},
					"spriteSourceSize": {
						"x": 0,
						"y": 0,
						"w": 164,
						"h": 32
					},
					"frame": {
						"x": 2,
						"y": 2,
						"w": 164,
						"h": 32
					}
				},
				{
					"filename": "blank",
					"rotated": false,
					"trimmed": false,
					"sourceSize": {
						"w": 50,
						"h": 50
					},
					"spriteSourceSize": {
						"x": 0,
						"y": 0,
						"w": 50,
						"h": 50
					},
					"frame": {
						"x": 169,
						"y": 2,
						"w": 50,
						"h": 50
					}
				},
				{
					"filename": "text/text_good",
					"rotated": false,
					"trimmed": false,
					"sourceSize": {
						"w": 150,
						"h": 31
					},
					"spriteSourceSize": {
						"x": 0,
						"y": 0,
						"w": 150,
						"h": 31
					},
					"frame": {
						"x": 2,
						"y": 37,
						"w": 150,
						"h": 31
					}
				},
				{
					"filename": "confetti/small-2",
					"rotated": false,
					"trimmed": false,
					"sourceSize": {
						"w": 11,
						"h": 12
					},
					"spriteSourceSize": {
						"x": 0,
						"y": 0,
						"w": 11,
						"h": 12
					},
					"frame": {
						"x": 155,
						"y": 37,
						"w": 11,
						"h": 12
					}
				},
				{
					"filename": "star-x/star-1",
					"rotated": false,
					"trimmed": false,
					"sourceSize": {
						"w": 11,
						"h": 10
					},
					"spriteSourceSize": {
						"x": 0,
						"y": 0,
						"w": 11,
						"h": 10
					},
					"frame": {
						"x": 155,
						"y": 52,
						"w": 11,
						"h": 10
					}
				},
				{
					"filename": "star-y/star-1",
					"rotated": false,
					"trimmed": false,
					"sourceSize": {
						"w": 11,
						"h": 10
					},
					"spriteSourceSize": {
						"x": 0,
						"y": 0,
						"w": 11,
						"h": 10
					},
					"frame": {
						"x": 155,
						"y": 52,
						"w": 11,
						"h": 10
					}
				},
				{
					"filename": "star",
					"rotated": false,
					"trimmed": false,
					"sourceSize": {
						"w": 50,
						"h": 50
					},
					"spriteSourceSize": {
						"x": 0,
						"y": 0,
						"w": 50,
						"h": 50
					},
					"frame": {
						"x": 169,
						"y": 55,
						"w": 50,
						"h": 50
					}
				},
				{
					"filename": "star-x/star-2",
					"rotated": false,
					"trimmed": false,
					"sourceSize": {
						"w": 11,
						"h": 10
					},
					"spriteSourceSize": {
						"x": 0,
						"y": 0,
						"w": 11,
						"h": 10
					},
					"frame": {
						"x": 155,
						"y": 65,
						"w": 11,
						"h": 10
					}
				},
				{
					"filename": "glow-circle",
					"rotated": false,
					"trimmed": false,
					"sourceSize": {
						"w": 100,
						"h": 100
					},
					"spriteSourceSize": {
						"x": 0,
						"y": 0,
						"w": 100,
						"h": 100
					},
					"frame": {
						"x": 2,
						"y": 108,
						"w": 100,
						"h": 100
					}
				},
				{
					"filename": "ribbon/falling-confetti/confetti-c/confetti-c-1",
					"rotated": false,
					"trimmed": false,
					"sourceSize": {
						"w": 12,
						"h": 8
					},
					"spriteSourceSize": {
						"x": 0,
						"y": 0,
						"w": 12,
						"h": 8
					},
					"frame": {
						"x": 2,
						"y": 211,
						"w": 12,
						"h": 8
					}
				},
				{
					"filename": "star-x/star-3",
					"rotated": false,
					"trimmed": true,
					"sourceSize": {
						"w": 11,
						"h": 10
					},
					"spriteSourceSize": {
						"x": 0,
						"y": 1,
						"w": 11,
						"h": 8
					},
					"frame": {
						"x": 17,
						"y": 211,
						"w": 11,
						"h": 8
					}
				},
				{
					"filename": "dust-yellow",
					"rotated": false,
					"trimmed": false,
					"sourceSize": {
						"w": 8,
						"h": 8
					},
					"spriteSourceSize": {
						"x": 0,
						"y": 0,
						"w": 8,
						"h": 8
					},
					"frame": {
						"x": 31,
						"y": 211,
						"w": 8,
						"h": 8
					}
				},
				{
					"filename": "ribbon/falling-confetti/confetti-b/confetti-b-1",
					"rotated": false,
					"trimmed": false,
					"sourceSize": {
						"w": 12,
						"h": 7
					},
					"spriteSourceSize": {
						"x": 0,
						"y": 0,
						"w": 12,
						"h": 7
					},
					"frame": {
						"x": 42,
						"y": 211,
						"w": 12,
						"h": 7
					}
				},
				{
					"filename": "ribbon/falling-confetti/confetti-a/confetti-a-1",
					"rotated": false,
					"trimmed": false,
					"sourceSize": {
						"w": 11,
						"h": 7
					},
					"spriteSourceSize": {
						"x": 0,
						"y": 0,
						"w": 11,
						"h": 7
					},
					"frame": {
						"x": 57,
						"y": 211,
						"w": 11,
						"h": 7
					}
				},
				{
					"filename": "ribbon/falling-confetti/confetti-d/confetti-d-1",
					"rotated": false,
					"trimmed": false,
					"sourceSize": {
						"w": 11,
						"h": 7
					},
					"spriteSourceSize": {
						"x": 0,
						"y": 0,
						"w": 11,
						"h": 7
					},
					"frame": {
						"x": 71,
						"y": 211,
						"w": 11,
						"h": 7
					}
				},
				{
					"filename": "text/text_cool",
					"rotated": false,
					"trimmed": false,
					"sourceSize": {
						"w": 112,
						"h": 32
					},
					"spriteSourceSize": {
						"x": 0,
						"y": 0,
						"w": 112,
						"h": 32
					},
					"frame": {
						"x": 2,
						"y": 71,
						"w": 112,
						"h": 32
					}
				},
				{
					"filename": "star-x/star-4",
					"rotated": false,
					"trimmed": true,
					"sourceSize": {
						"w": 11,
						"h": 10
					},
					"spriteSourceSize": {
						"x": 0,
						"y": 2,
						"w": 11,
						"h": 6
					},
					"frame": {
						"x": 85,
						"y": 211,
						"w": 11,
						"h": 6
					}
				},
				{
					"filename": "ribbon/falling-confetti/confetti-c/confetti-c-2",
					"rotated": false,
					"trimmed": false,
					"sourceSize": {
						"w": 13,
						"h": 5
					},
					"spriteSourceSize": {
						"x": 0,
						"y": 0,
						"w": 13,
						"h": 5
					},
					"frame": {
						"x": 99,
						"y": 211,
						"w": 13,
						"h": 5
					}
				},
				{
					"filename": "ribbon",
					"rotated": false,
					"trimmed": false,
					"sourceSize": {
						"w": 32,
						"h": 1
					},
					"spriteSourceSize": {
						"x": 0,
						"y": 0,
						"w": 32,
						"h": 1
					},
					"frame": {
						"x": 117,
						"y": 71,
						"w": 32,
						"h": 1
					}
				},
				{
					"filename": "glare-cross",
					"rotated": false,
					"trimmed": false,
					"sourceSize": {
						"w": 30,
						"h": 30
					},
					"spriteSourceSize": {
						"x": 0,
						"y": 0,
						"w": 30,
						"h": 30
					},
					"frame": {
						"x": 117,
						"y": 75,
						"w": 30,
						"h": 30
					}
				},
				{
					"filename": "confetti/small-3",
					"rotated": false,
					"trimmed": false,
					"sourceSize": {
						"w": 8,
						"h": 12
					},
					"spriteSourceSize": {
						"x": 0,
						"y": 0,
						"w": 8,
						"h": 12
					},
					"frame": {
						"x": 105,
						"y": 106,
						"w": 8,
						"h": 12
					}
				},
				{
					"filename": "confetti/small-1",
					"rotated": false,
					"trimmed": false,
					"sourceSize": {
						"w": 13,
						"h": 15
					},
					"spriteSourceSize": {
						"x": 0,
						"y": 0,
						"w": 13,
						"h": 15
					},
					"frame": {
						"x": 150,
						"y": 78,
						"w": 13,
						"h": 15
					}
				},
				{
					"filename": "ribbon/falling-confetti/confetti-b/confetti-b-3",
					"rotated": false,
					"trimmed": false,
					"sourceSize": {
						"w": 13,
						"h": 3
					},
					"spriteSourceSize": {
						"x": 0,
						"y": 0,
						"w": 13,
						"h": 3
					},
					"frame": {
						"x": 150,
						"y": 96,
						"w": 13,
						"h": 3
					}
				},
				{
					"filename": "ribbon/falling-confetti/confetti-b/confetti-b-4",
					"rotated": false,
					"trimmed": false,
					"sourceSize": {
						"w": 13,
						"h": 1
					},
					"spriteSourceSize": {
						"x": 0,
						"y": 0,
						"w": 13,
						"h": 1
					},
					"frame": {
						"x": 150,
						"y": 102,
						"w": 13,
						"h": 1
					}
				},
				{
					"filename": "confetti/small-4",
					"rotated": false,
					"trimmed": true,
					"sourceSize": {
						"w": 14,
						"h": 16
					},
					"spriteSourceSize": {
						"x": 1,
						"y": 0,
						"w": 12,
						"h": 16
					},
					"frame": {
						"x": 150,
						"y": 106,
						"w": 12,
						"h": 16
					}
				},
				{
					"filename": "confetti/hexagon-0",
					"rotated": false,
					"trimmed": false,
					"sourceSize": {
						"w": 25,
						"h": 25
					},
					"spriteSourceSize": {
						"x": 0,
						"y": 0,
						"w": 25,
						"h": 25
					},
					"frame": {
						"x": 116,
						"y": 108,
						"w": 25,
						"h": 25
					}
				},
				{
					"filename": "star-yellow",
					"rotated": false,
					"trimmed": false,
					"sourceSize": {
						"w": 85,
						"h": 72
					},
					"spriteSourceSize": {
						"x": 0,
						"y": 0,
						"w": 85,
						"h": 72
					},
					"frame": {
						"x": 105,
						"y": 136,
						"w": 85,
						"h": 72
					}
				},
				{
					"filename": "confetti/hexagon-1",
					"rotated": false,
					"trimmed": true,
					"sourceSize": {
						"w": 25,
						"h": 25
					},
					"spriteSourceSize": {
						"x": 0,
						"y": 2,
						"w": 25,
						"h": 21
					},
					"frame": {
						"x": 193,
						"y": 108,
						"w": 25,
						"h": 21
					}
				},
				{
					"filename": "confetti/hexagon-4",
					"rotated": false,
					"trimmed": true,
					"sourceSize": {
						"w": 25,
						"h": 25
					},
					"spriteSourceSize": {
						"x": 1,
						"y": 1,
						"w": 23,
						"h": 23
					},
					"frame": {
						"x": 165,
						"y": 108,
						"w": 23,
						"h": 23
					}
				},
				{
					"filename": "star-y/star-3",
					"rotated": false,
					"trimmed": true,
					"sourceSize": {
						"w": 11,
						"h": 10
					},
					"spriteSourceSize": {
						"x": 3,
						"y": 0,
						"w": 6,
						"h": 10
					},
					"frame": {
						"x": 105,
						"y": 121,
						"w": 6,
						"h": 10
					}
				},
				{
					"filename": "ribbon/falling-confetti/confetti-b/confetti-b-2",
					"rotated": false,
					"trimmed": false,
					"sourceSize": {
						"w": 12,
						"h": 5
					},
					"spriteSourceSize": {
						"x": 0,
						"y": 0,
						"w": 12,
						"h": 5
					},
					"frame": {
						"x": 144,
						"y": 125,
						"w": 12,
						"h": 5
					}
				},
				{
					"filename": "confetti/hexagon-2",
					"rotated": false,
					"trimmed": true,
					"sourceSize": {
						"w": 25,
						"h": 25
					},
					"spriteSourceSize": {
						"x": 1,
						"y": 3,
						"w": 23,
						"h": 19
					},
					"frame": {
						"x": 193,
						"y": 132,
						"w": 23,
						"h": 19
					}
				},
				{
					"filename": "ribbon/falling-confetti/confetti-d/confetti-d-2",
					"rotated": false,
					"trimmed": false,
					"sourceSize": {
						"w": 12,
						"h": 5
					},
					"spriteSourceSize": {
						"x": 0,
						"y": 0,
						"w": 12,
						"h": 5
					},
					"frame": {
						"x": 115,
						"y": 211,
						"w": 12,
						"h": 5
					}
				},
				{
					"filename": "dust",
					"rotated": false,
					"trimmed": false,
					"sourceSize": {
						"w": 5,
						"h": 5
					},
					"spriteSourceSize": {
						"x": 0,
						"y": 0,
						"w": 5,
						"h": 5
					},
					"frame": {
						"x": 130,
						"y": 211,
						"w": 5,
						"h": 5
					}
				},
				{
					"filename": "ribbon/falling-confetti/confetti-c/confetti-c-3",
					"rotated": false,
					"trimmed": false,
					"sourceSize": {
						"w": 12,
						"h": 4
					},
					"spriteSourceSize": {
						"x": 0,
						"y": 0,
						"w": 12,
						"h": 4
					},
					"frame": {
						"x": 138,
						"y": 211,
						"w": 12,
						"h": 4
					}
				},
				{
					"filename": "ribbon/falling-confetti/confetti-a/confetti-a-2",
					"rotated": false,
					"trimmed": false,
					"sourceSize": {
						"w": 11,
						"h": 4
					},
					"spriteSourceSize": {
						"x": 0,
						"y": 0,
						"w": 11,
						"h": 4
					},
					"frame": {
						"x": 153,
						"y": 211,
						"w": 11,
						"h": 4
					}
				},
				{
					"filename": "ribbon/falling-confetti/confetti-d/confetti-d-3",
					"rotated": false,
					"trimmed": false,
					"sourceSize": {
						"w": 12,
						"h": 3
					},
					"spriteSourceSize": {
						"x": 0,
						"y": 0,
						"w": 12,
						"h": 3
					},
					"frame": {
						"x": 167,
						"y": 211,
						"w": 12,
						"h": 3
					}
				},
				{
					"filename": "ribbon/falling-confetti/confetti-d/confetti-d-4",
					"rotated": false,
					"trimmed": false,
					"sourceSize": {
						"w": 12,
						"h": 2
					},
					"spriteSourceSize": {
						"x": 0,
						"y": 0,
						"w": 12,
						"h": 2
					},
					"frame": {
						"x": 167,
						"y": 217,
						"w": 12,
						"h": 2
					}
				},
				{
					"filename": "ribbon/falling-confetti/confetti-c/confetti-c-4",
					"rotated": false,
					"trimmed": false,
					"sourceSize": {
						"w": 11,
						"h": 3
					},
					"spriteSourceSize": {
						"x": 0,
						"y": 0,
						"w": 11,
						"h": 3
					},
					"frame": {
						"x": 182,
						"y": 211,
						"w": 11,
						"h": 3
					}
				},
				{
					"filename": "ribbon/falling-confetti/confetti-a/confetti-a-3",
					"rotated": false,
					"trimmed": false,
					"sourceSize": {
						"w": 11,
						"h": 2
					},
					"spriteSourceSize": {
						"x": 0,
						"y": 0,
						"w": 11,
						"h": 2
					},
					"frame": {
						"x": 182,
						"y": 217,
						"w": 11,
						"h": 2
					}
				},
				{
					"filename": "confetti/hexagon-3",
					"rotated": false,
					"trimmed": true,
					"sourceSize": {
						"w": 25,
						"h": 25
					},
					"spriteSourceSize": {
						"x": 3,
						"y": 3,
						"w": 20,
						"h": 19
					},
					"frame": {
						"x": 196,
						"y": 154,
						"w": 20,
						"h": 19
					}
				},
				{
					"filename": "star-y/star-4",
					"rotated": false,
					"trimmed": false,
					"sourceSize": {
						"w": 11,
						"h": 10
					},
					"spriteSourceSize": {
						"x": 0,
						"y": 0,
						"w": 11,
						"h": 10
					},
					"frame": {
						"x": 196,
						"y": 176,
						"w": 11,
						"h": 10
					}
				},
				{
					"filename": "star-y/star-2",
					"rotated": false,
					"trimmed": true,
					"sourceSize": {
						"w": 11,
						"h": 10
					},
					"spriteSourceSize": {
						"x": 1,
						"y": 0,
						"w": 10,
						"h": 10
					},
					"frame": {
						"x": 193,
						"y": 189,
						"w": 10,
						"h": 10
					}
				}
			]
		}
	],
	"meta": {
		"app": "https://www.codeandweb.com/texturepacker",
		"version": "3.0",
		"smartupdate": "$TexturePacker:SmartUpdate:cc9387fe8ada92f4766141723a988c0a:140b0ee98d16f4f74b527f09321d876a:fcf0ca429d8c303c4783c89b34559bdb$"
	}
}
