{"textures":[{"image":"default-resources-0.png","format":"RGBA8888","size":{"w":1020,"h":1020},"scale":0.5,"frames":[{"filename":"bg/bg-middle","rotated":false,"trimmed":false,"sourceSize":{"w":360,"h":425},"spriteSourceSize":{"x":0,"y":0,"w":360,"h":425},"frame":{"x":2,"y":2,"w":360,"h":425}},{"filename":"ui-ngang/bg-middle","rotated":false,"trimmed":false,"sourceSize":{"w":360,"h":284},"spriteSourceSize":{"x":0,"y":0,"w":360,"h":284},"frame":{"x":2,"y":430,"w":360,"h":284}},{"filename":"leaderboards/bg-top","rotated":false,"trimmed":false,"sourceSize":{"w":475,"h":84},"spriteSourceSize":{"x":0,"y":0,"w":475,"h":84},"frame":{"x":365,"y":2,"w":475,"h":84}},{"filename":"leaderboards/bg-bottom","rotated":false,"trimmed":false,"sourceSize":{"w":475,"h":34},"spriteSourceSize":{"x":0,"y":0,"w":475,"h":34},"frame":{"x":365,"y":89,"w":475,"h":34}},{"filename":"leaderboards/bg-middle","rotated":false,"trimmed":false,"sourceSize":{"w":475,"h":24},"spriteSourceSize":{"x":0,"y":0,"w":475,"h":24},"frame":{"x":365,"y":126,"w":475,"h":24}},{"filename":"footer","rotated":false,"trimmed":false,"sourceSize":{"w":375,"h":77},"spriteSourceSize":{"x":0,"y":0,"w":375,"h":77},"frame":{"x":365,"y":153,"w":375,"h":77}},{"filename":"ui-ngang/bg-top","rotated":false,"trimmed":false,"sourceSize":{"w":360,"h":89},"spriteSourceSize":{"x":0,"y":0,"w":360,"h":89},"frame":{"x":2,"y":717,"w":360,"h":89}},{"filename":"ui-ngang/bg-bottom","rotated":false,"trimmed":false,"sourceSize":{"w":360,"h":88},"spriteSourceSize":{"x":0,"y":0,"w":360,"h":88},"frame":{"x":365,"y":233,"w":360,"h":88}},{"filename":"bg/bg-bottom","rotated":false,"trimmed":false,"sourceSize":{"w":360,"h":56},"spriteSourceSize":{"x":0,"y":0,"w":360,"h":56},"frame":{"x":2,"y":809,"w":360,"h":56}},{"filename":"bg/bg-top","rotated":false,"trimmed":false,"sourceSize":{"w":360,"h":56},"spriteSourceSize":{"x":0,"y":0,"w":360,"h":56},"frame":{"x":365,"y":324,"w":360,"h":56}},{"filename":"daily-challenge/bg","rotated":false,"trimmed":false,"sourceSize":{"w":260,"h":143},"spriteSourceSize":{"x":0,"y":0,"w":260,"h":143},"frame":{"x":2,"y":868,"w":260,"h":143}},{"filename":"ui-ngang/khung-next-block","rotated":false,"trimmed":false,"sourceSize":{"w":100,"h":300},"spriteSourceSize":{"x":0,"y":0,"w":100,"h":300},"frame":{"x":365,"y":383,"w":100,"h":300}},{"filename":"score-panel","rotated":false,"trimmed":false,"sourceSize":{"w":263,"h":76},"spriteSourceSize":{"x":0,"y":0,"w":263,"h":76},"frame":{"x":468,"y":383,"w":263,"h":76}},{"filename":"popup/middle","rotated":false,"trimmed":false,"sourceSize":{"w":216,"h":114},"spriteSourceSize":{"x":0,"y":0,"w":216,"h":114},"frame":{"x":468,"y":462,"w":216,"h":114}},{"filename":"lives/heart","rotated":false,"trimmed":false,"sourceSize":{"w":170,"h":140},"spriteSourceSize":{"x":0,"y":0,"w":170,"h":140},"frame":{"x":843,"y":2,"w":170,"h":140}},{"filename":"popup/background","rotated":false,"trimmed":false,"sourceSize":{"w":198,"h":111},"spriteSourceSize":{"x":0,"y":0,"w":198,"h":111},"frame":{"x":468,"y":579,"w":198,"h":111}},{"filename":"leaf","rotated":false,"trimmed":false,"sourceSize":{"w":282,"h":66},"spriteSourceSize":{"x":0,"y":0,"w":282,"h":66},"frame":{"x":365,"y":693,"w":282,"h":66}},{"filename":"border-bottom-panel","rotated":false,"trimmed":false,"sourceSize":{"w":375,"h":18},"spriteSourceSize":{"x":0,"y":0,"w":375,"h":18},"frame":{"x":365,"y":762,"w":375,"h":18}},{"filename":"daily-challenge/bg-item-dark","rotated":false,"trimmed":false,"sourceSize":{"w":254,"h":41},"spriteSourceSize":{"x":0,"y":0,"w":254,"h":41},"frame":{"x":365,"y":783,"w":254,"h":41}},{"filename":"daily-challenge/bg-item-light","rotated":false,"trimmed":false,"sourceSize":{"w":254,"h":41},"spriteSourceSize":{"x":0,"y":0,"w":254,"h":41},"frame":{"x":365,"y":827,"w":254,"h":41}},{"filename":"bg/bg-dark","rotated":false,"trimmed":false,"sourceSize":{"w":122,"h":152},"spriteSourceSize":{"x":0,"y":0,"w":122,"h":152},"frame":{"x":622,"y":783,"w":122,"h":152}},{"filename":"border-daily","rotated":false,"trimmed":false,"sourceSize":{"w":259,"h":26},"spriteSourceSize":{"x":0,"y":0,"w":259,"h":26},"frame":{"x":265,"y":871,"w":259,"h":26}},{"filename":"daily-challenge/bottom-panel","rotated":false,"trimmed":false,"sourceSize":{"w":261,"h":15},"spriteSourceSize":{"x":0,"y":0,"w":261,"h":15},"frame":{"x":265,"y":900,"w":261,"h":15}},{"filename":"daily-challenge/top-panel","rotated":false,"trimmed":false,"sourceSize":{"w":261,"h":15},"spriteSourceSize":{"x":0,"y":0,"w":261,"h":15},"frame":{"x":265,"y":918,"w":261,"h":15}},{"filename":"daily-challenge/middle-panel","rotated":false,"trimmed":false,"sourceSize":{"w":261,"h":13},"spriteSourceSize":{"x":0,"y":0,"w":261,"h":13},"frame":{"x":265,"y":936,"w":261,"h":13}},{"filename":"texts/second-chance","rotated":false,"trimmed":false,"sourceSize":{"w":226,"h":41},"spriteSourceSize":{"x":0,"y":0,"w":226,"h":41},"frame":{"x":265,"y":952,"w":226,"h":41}},{"filename":"popup/bottom","rotated":false,"trimmed":false,"sourceSize":{"w":216,"h":14},"spriteSourceSize":{"x":0,"y":0,"w":216,"h":14},"frame":{"x":265,"y":996,"w":216,"h":14}},{"filename":"lives/time-block","rotated":false,"trimmed":false,"sourceSize":{"w":173,"h":44},"spriteSourceSize":{"x":0,"y":0,"w":173,"h":44},"frame":{"x":843,"y":145,"w":173,"h":44}},{"filename":"avatar/border-big","rotated":false,"trimmed":false,"sourceSize":{"w":88,"h":88},"spriteSourceSize":{"x":0,"y":0,"w":88,"h":88},"frame":{"x":743,"y":153,"w":88,"h":88}},{"filename":"buttons/dark-blue","rotated":false,"trimmed":false,"sourceSize":{"w":183,"h":54},"spriteSourceSize":{"x":0,"y":0,"w":183,"h":54},"frame":{"x":834,"y":192,"w":183,"h":54}},{"filename":"best-score-frame-long","rotated":false,"trimmed":false,"sourceSize":{"w":193,"h":77},"spriteSourceSize":{"x":0,"y":0,"w":193,"h":77},"frame":{"x":728,"y":249,"w":193,"h":77}},{"filename":"popup/top-dark","rotated":false,"trimmed":false,"sourceSize":{"w":216,"h":45},"spriteSourceSize":{"x":0,"y":0,"w":216,"h":45},"frame":{"x":728,"y":329,"w":216,"h":45}},{"filename":"texts/out-of-live","rotated":false,"trimmed":false,"sourceSize":{"w":209,"h":39},"spriteSourceSize":{"x":0,"y":0,"w":209,"h":39},"frame":{"x":734,"y":377,"w":209,"h":39}},{"filename":"texts/waiting-for-opponent","rotated":false,"trimmed":false,"sourceSize":{"w":231,"h":26},"spriteSourceSize":{"x":0,"y":0,"w":231,"h":26},"frame":{"x":734,"y":419,"w":231,"h":26}},{"filename":"texts/first-milestone","rotated":false,"trimmed":false,"sourceSize":{"w":194,"h":39},"spriteSourceSize":{"x":0,"y":0,"w":194,"h":39},"frame":{"x":734,"y":448,"w":194,"h":39}},{"filename":"lives/time-block-2","rotated":false,"trimmed":false,"sourceSize":{"w":182,"h":54},"spriteSourceSize":{"x":0,"y":0,"w":182,"h":54},"frame":{"x":687,"y":490,"w":182,"h":54}},{"filename":"buttons/green-large","rotated":false,"trimmed":false,"sourceSize":{"w":165,"h":54},"spriteSourceSize":{"x":0,"y":0,"w":165,"h":54},"frame":{"x":687,"y":547,"w":165,"h":54}},{"filename":"bottom-panel","rotated":false,"trimmed":false,"sourceSize":{"w":141,"h":86},"spriteSourceSize":{"x":0,"y":0,"w":141,"h":86},"frame":{"x":669,"y":604,"w":141,"h":86}},{"filename":"popup/score-panel","rotated":false,"trimmed":false,"sourceSize":{"w":150,"h":46},"spriteSourceSize":{"x":0,"y":0,"w":150,"h":46},"frame":{"x":650,"y":693,"w":150,"h":46}},{"filename":"ui-ngang/khung-mission","rotated":false,"trimmed":false,"sourceSize":{"w":48,"h":232},"spriteSourceSize":{"x":0,"y":0,"w":48,"h":232},"frame":{"x":747,"y":742,"w":48,"h":232}},{"filename":"texts/no-thank","rotated":false,"trimmed":false,"sourceSize":{"w":71,"h":17},"spriteSourceSize":{"x":0,"y":0,"w":71,"h":17},"frame":{"x":650,"y":742,"w":71,"h":17}},{"filename":"preloader/dual-ring","rotated":false,"trimmed":true,"sourceSize":{"w":100,"h":100},"spriteSourceSize":{"x":13,"y":13,"w":74,"h":74},"frame":{"x":924,"y":249,"w":74,"h":74}},{"filename":"buttons/dark-blue-big","rotated":false,"trimmed":false,"sourceSize":{"w":90,"h":41},"spriteSourceSize":{"x":0,"y":0,"w":90,"h":41},"frame":{"x":529,"y":871,"w":90,"h":41}},{"filename":"buttons/green","rotated":false,"trimmed":false,"sourceSize":{"w":119,"h":41},"spriteSourceSize":{"x":0,"y":0,"w":119,"h":41},"frame":{"x":494,"y":977,"w":119,"h":41}},{"filename":"avatar/border-challenge","rotated":false,"trimmed":false,"sourceSize":{"w":60,"h":59},"spriteSourceSize":{"x":0,"y":0,"w":60,"h":59},"frame":{"x":529,"y":915,"w":60,"h":59}},{"filename":"ui-ngang/khung-score","rotated":false,"trimmed":false,"sourceSize":{"w":87,"h":50},"spriteSourceSize":{"x":0,"y":0,"w":87,"h":50},"frame":{"x":931,"y":448,"w":87,"h":50}},{"filename":"bg-progress-circle","rotated":false,"trimmed":false,"sourceSize":{"w":116,"h":116},"spriteSourceSize":{"x":0,"y":0,"w":116,"h":116},"frame":{"x":813,"y":604,"w":116,"h":116}},{"filename":"texts/your-score","rotated":false,"trimmed":false,"sourceSize":{"w":150,"h":39},"spriteSourceSize":{"x":0,"y":0,"w":150,"h":39},"frame":{"x":803,"y":723,"w":150,"h":39}},{"filename":"texts/lose","rotated":false,"trimmed":false,"sourceSize":{"w":129,"h":25},"spriteSourceSize":{"x":0,"y":0,"w":129,"h":25},"frame":{"x":798,"y":765,"w":129,"h":25}},{"filename":"bg-combo","rotated":false,"trimmed":true,"sourceSize":{"w":106,"h":44},"spriteSourceSize":{"x":0,"y":4,"w":106,"h":40},"frame":{"x":798,"y":793,"w":106,"h":40}},{"filename":"bg-streak","rotated":false,"trimmed":true,"sourceSize":{"w":106,"h":44},"spriteSourceSize":{"x":0,"y":4,"w":106,"h":40},"frame":{"x":798,"y":836,"w":106,"h":40}},{"filename":"ui-ngang/khung-best-score","rotated":false,"trimmed":false,"sourceSize":{"w":56,"h":85},"spriteSourceSize":{"x":0,"y":0,"w":56,"h":85},"frame":{"x":798,"y":879,"w":56,"h":85}},{"filename":"avatar/background","rotated":false,"trimmed":false,"sourceSize":{"w":53,"h":54},"spriteSourceSize":{"x":0,"y":0,"w":53,"h":54},"frame":{"x":855,"y":547,"w":53,"h":54}},{"filename":"best-score-frame","rotated":false,"trimmed":false,"sourceSize":{"w":56,"h":76},"spriteSourceSize":{"x":0,"y":0,"w":56,"h":76},"frame":{"x":857,"y":879,"w":56,"h":76}},{"filename":"texts/refill-lives","rotated":false,"trimmed":false,"sourceSize":{"w":116,"h":18},"spriteSourceSize":{"x":0,"y":0,"w":116,"h":18},"frame":{"x":616,"y":938,"w":116,"h":18}},{"filename":"texts/start-over","rotated":false,"trimmed":false,"sourceSize":{"w":99,"h":26},"spriteSourceSize":{"x":0,"y":0,"w":99,"h":26},"frame":{"x":616,"y":959,"w":99,"h":26}},{"filename":"texts/text-next-level","rotated":false,"trimmed":false,"sourceSize":{"w":92,"h":21},"spriteSourceSize":{"x":0,"y":0,"w":92,"h":21},"frame":{"x":616,"y":988,"w":92,"h":21}},{"filename":"avatar/border","rotated":false,"trimmed":true,"sourceSize":{"w":69,"h":72},"spriteSourceSize":{"x":0,"y":1,"w":69,"h":71},"frame":{"x":947,"y":326,"w":69,"h":71}},{"filename":"bg/level-played","rotated":false,"trimmed":false,"sourceSize":{"w":50,"h":41},"spriteSourceSize":{"x":0,"y":0,"w":50,"h":41},"frame":{"x":968,"y":400,"w":50,"h":41}},{"filename":"bg/level-locked","rotated":false,"trimmed":false,"sourceSize":{"w":51,"h":42},"spriteSourceSize":{"x":0,"y":0,"w":51,"h":42},"frame":{"x":872,"y":490,"w":51,"h":42}},{"filename":"texts/draw","rotated":false,"trimmed":false,"sourceSize":{"w":77,"h":35},"spriteSourceSize":{"x":0,"y":0,"w":77,"h":35},"frame":{"x":926,"y":501,"w":77,"h":35}},{"filename":"icon-journey","rotated":false,"trimmed":false,"sourceSize":{"w":75,"h":61},"spriteSourceSize":{"x":0,"y":0,"w":75,"h":61},"frame":{"x":911,"y":539,"w":75,"h":61}},{"filename":"bg/level-playing","rotated":false,"trimmed":false,"sourceSize":{"w":57,"h":47},"spriteSourceSize":{"x":0,"y":0,"w":57,"h":47},"frame":{"x":932,"y":603,"w":57,"h":47}},{"filename":"texts/start","rotated":false,"trimmed":false,"sourceSize":{"w":54,"h":27},"spriteSourceSize":{"x":0,"y":0,"w":54,"h":27},"frame":{"x":932,"y":653,"w":54,"h":27}},{"filename":"icons/vibrate","rotated":false,"trimmed":false,"sourceSize":{"w":31,"h":37},"spriteSourceSize":{"x":0,"y":0,"w":31,"h":37},"frame":{"x":932,"y":683,"w":31,"h":37}},{"filename":"icons/rank","rotated":false,"trimmed":false,"sourceSize":{"w":26,"h":25},"spriteSourceSize":{"x":0,"y":0,"w":26,"h":25},"frame":{"x":687,"y":462,"w":26,"h":25}},{"filename":"icons/home","rotated":false,"trimmed":false,"sourceSize":{"w":24,"h":22},"spriteSourceSize":{"x":0,"y":0,"w":24,"h":22},"frame":{"x":494,"y":952,"w":24,"h":22}},{"filename":"texts/play-with-blue","rotated":false,"trimmed":false,"sourceSize":{"w":58,"h":9},"spriteSourceSize":{"x":0,"y":0,"w":58,"h":9},"frame":{"x":798,"y":967,"w":58,"h":9}},{"filename":"leaderboards/tab-off","rotated":false,"trimmed":false,"sourceSize":{"w":57,"h":18},"spriteSourceSize":{"x":0,"y":0,"w":57,"h":18},"frame":{"x":859,"y":958,"w":57,"h":18}},{"filename":"buttons/close","rotated":false,"trimmed":false,"sourceSize":{"w":26,"h":26},"spriteSourceSize":{"x":0,"y":0,"w":26,"h":26},"frame":{"x":718,"y":959,"w":26,"h":26}},{"filename":"buttons/minor","rotated":false,"trimmed":false,"sourceSize":{"w":41,"h":36},"spriteSourceSize":{"x":0,"y":0,"w":41,"h":36},"frame":{"x":907,"y":793,"w":41,"h":36}},{"filename":"icons/crown-big","rotated":false,"trimmed":false,"sourceSize":{"w":37,"h":35},"spriteSourceSize":{"x":0,"y":0,"w":37,"h":35},"frame":{"x":907,"y":832,"w":37,"h":35}},{"filename":"texts/play","rotated":false,"trimmed":false,"sourceSize":{"w":29,"h":19},"spriteSourceSize":{"x":0,"y":0,"w":29,"h":19},"frame":{"x":989,"y":539,"w":29,"h":19}},{"filename":"icons/music","rotated":false,"trimmed":false,"sourceSize":{"w":28,"h":31},"spriteSourceSize":{"x":0,"y":0,"w":28,"h":31},"frame":{"x":989,"y":561,"w":28,"h":31}},{"filename":"texts/no","rotated":false,"trimmed":false,"sourceSize":{"w":26,"h":21},"spriteSourceSize":{"x":0,"y":0,"w":26,"h":21},"frame":{"x":992,"y":595,"w":26,"h":21}},{"filename":"icons/clock","rotated":false,"trimmed":false,"sourceSize":{"w":17,"h":18},"spriteSourceSize":{"x":0,"y":0,"w":17,"h":18},"frame":{"x":1001,"y":249,"w":17,"h":18}},{"filename":"icons/dot","rotated":false,"trimmed":false,"sourceSize":{"w":34,"h":35},"spriteSourceSize":{"x":0,"y":0,"w":34,"h":35},"frame":{"x":966,"y":683,"w":34,"h":35}},{"filename":"texts/text-journey","rotated":false,"trimmed":false,"sourceSize":{"w":47,"h":18},"spriteSourceSize":{"x":0,"y":0,"w":47,"h":18},"frame":{"x":747,"y":977,"w":47,"h":18}},{"filename":"texts/text-ranking","rotated":false,"trimmed":false,"sourceSize":{"w":81,"h":19},"spriteSourceSize":{"x":0,"y":0,"w":81,"h":19},"frame":{"x":797,"y":979,"w":81,"h":19}},{"filename":"ui-ngang/text-next-block","rotated":false,"trimmed":false,"sourceSize":{"w":81,"h":18},"spriteSourceSize":{"x":0,"y":0,"w":81,"h":18},"frame":{"x":711,"y":998,"w":81,"h":18}},{"filename":"texts/on","rotated":false,"trimmed":false,"sourceSize":{"w":42,"h":16},"spriteSourceSize":{"x":0,"y":0,"w":42,"h":16},"frame":{"x":795,"y":1001,"w":42,"h":16}},{"filename":"icons/sword-blue","rotated":false,"trimmed":false,"sourceSize":{"w":18,"h":16},"spriteSourceSize":{"x":0,"y":0,"w":18,"h":16},"frame":{"x":946,"y":400,"w":18,"h":16}},{"filename":"texts/world-disable","rotated":false,"trimmed":false,"sourceSize":{"w":36,"h":22},"spriteSourceSize":{"x":0,"y":0,"w":36,"h":22},"frame":{"x":881,"y":979,"w":36,"h":22}},{"filename":"texts/vs","rotated":false,"trimmed":false,"sourceSize":{"w":38,"h":13},"spriteSourceSize":{"x":0,"y":0,"w":38,"h":13},"frame":{"x":840,"y":1001,"w":38,"h":13}},{"filename":"icons/icon-daily","rotated":false,"trimmed":false,"sourceSize":{"w":34,"h":34},"spriteSourceSize":{"x":0,"y":0,"w":34,"h":34},"frame":{"x":916,"y":870,"w":34,"h":34}},{"filename":"icons/sound","rotated":false,"trimmed":false,"sourceSize":{"w":31,"h":27},"spriteSourceSize":{"x":0,"y":0,"w":31,"h":27},"frame":{"x":916,"y":907,"w":31,"h":27}},{"filename":"icons/retry","rotated":false,"trimmed":false,"sourceSize":{"w":25,"h":27},"spriteSourceSize":{"x":0,"y":0,"w":25,"h":27},"frame":{"x":992,"y":619,"w":25,"h":27}},{"filename":"texts/target-score","rotated":false,"trimmed":false,"sourceSize":{"w":71,"h":18},"spriteSourceSize":{"x":0,"y":0,"w":71,"h":18},"frame":{"x":916,"y":937,"w":71,"h":18}},{"filename":"leaderboards/tab-on","rotated":false,"trimmed":false,"sourceSize":{"w":57,"h":18},"spriteSourceSize":{"x":0,"y":0,"w":57,"h":18},"frame":{"x":919,"y":958,"w":57,"h":18}},{"filename":"texts/continue","rotated":false,"trimmed":false,"sourceSize":{"w":65,"h":21},"spriteSourceSize":{"x":0,"y":0,"w":65,"h":21},"frame":{"x":920,"y":979,"w":65,"h":21}},{"filename":"texts/off","rotated":false,"trimmed":false,"sourceSize":{"w":36,"h":15},"spriteSourceSize":{"x":0,"y":0,"w":36,"h":15},"frame":{"x":920,"y":1003,"w":36,"h":15}},{"filename":"buttons/dot-blue","rotated":false,"trimmed":false,"sourceSize":{"w":28,"h":27},"spriteSourceSize":{"x":0,"y":0,"w":28,"h":27},"frame":{"x":950,"y":907,"w":28,"h":27}},{"filename":"texts/text-share","rotated":false,"trimmed":false,"sourceSize":{"w":62,"h":21},"spriteSourceSize":{"x":0,"y":0,"w":62,"h":21},"frame":{"x":956,"y":723,"w":62,"h":21}},{"filename":"buttons/dot-green","rotated":false,"trimmed":false,"sourceSize":{"w":28,"h":27},"spriteSourceSize":{"x":0,"y":0,"w":28,"h":27},"frame":{"x":990,"y":747,"w":28,"h":27}},{"filename":"icons/play-green","rotated":false,"trimmed":false,"sourceSize":{"w":24,"h":24},"spriteSourceSize":{"x":0,"y":0,"w":24,"h":24},"frame":{"x":930,"y":765,"w":24,"h":24}},{"filename":"icons/crown","rotated":false,"trimmed":false,"sourceSize":{"w":16,"h":14},"spriteSourceSize":{"x":0,"y":0,"w":16,"h":14},"frame":{"x":881,"y":1004,"w":16,"h":14}},{"filename":"icons/plus","rotated":false,"trimmed":false,"sourceSize":{"w":21,"h":22},"spriteSourceSize":{"x":0,"y":0,"w":21,"h":22},"frame":{"x":592,"y":915,"w":21,"h":22}},{"filename":"icons/replay","rotated":false,"trimmed":false,"sourceSize":{"w":20,"h":24},"spriteSourceSize":{"x":0,"y":0,"w":20,"h":24},"frame":{"x":592,"y":940,"w":20,"h":24}},{"filename":"icons/share-blue","rotated":false,"trimmed":false,"sourceSize":{"w":16,"h":22},"spriteSourceSize":{"x":0,"y":0,"w":16,"h":22},"frame":{"x":1001,"y":270,"w":16,"h":22}},{"filename":"icons/i-play","rotated":false,"trimmed":false,"sourceSize":{"w":16,"h":20},"spriteSourceSize":{"x":0,"y":0,"w":16,"h":20},"frame":{"x":1001,"y":295,"w":16,"h":20}},{"filename":"icons/play","rotated":false,"trimmed":false,"sourceSize":{"w":24,"h":24},"spriteSourceSize":{"x":0,"y":0,"w":24,"h":24},"frame":{"x":957,"y":747,"w":24,"h":24}},{"filename":"icons/flat-ad","rotated":false,"trimmed":false,"sourceSize":{"w":24,"h":21},"spriteSourceSize":{"x":0,"y":0,"w":24,"h":21},"frame":{"x":957,"y":774,"w":24,"h":21}},{"filename":"texts/friends-disable","rotated":false,"trimmed":false,"sourceSize":{"w":34,"h":22},"spriteSourceSize":{"x":0,"y":0,"w":34,"h":22},"frame":{"x":984,"y":777,"w":34,"h":22}},{"filename":"texts/yes","rotated":false,"trimmed":false,"sourceSize":{"w":20,"h":24},"spriteSourceSize":{"x":0,"y":0,"w":20,"h":24},"frame":{"x":951,"y":798,"w":20,"h":24}},{"filename":"ui-ngang/text-mission","rotated":false,"trimmed":false,"sourceSize":{"w":40,"h":19},"spriteSourceSize":{"x":0,"y":0,"w":40,"h":19},"frame":{"x":974,"y":802,"w":40,"h":19}},{"filename":"texts/world","rotated":false,"trimmed":false,"sourceSize":{"w":36,"h":22},"spriteSourceSize":{"x":0,"y":0,"w":36,"h":22},"frame":{"x":974,"y":824,"w":36,"h":22}},{"filename":"icons/share","rotated":false,"trimmed":false,"sourceSize":{"w":18,"h":24},"spriteSourceSize":{"x":0,"y":0,"w":18,"h":24},"frame":{"x":953,"y":825,"w":18,"h":24}},{"filename":"ui-ngang/text-score","rotated":false,"trimmed":false,"sourceSize":{"w":34,"h":19},"spriteSourceSize":{"x":0,"y":0,"w":34,"h":19},"frame":{"x":974,"y":849,"w":34,"h":19}},{"filename":"icons/back","rotated":false,"trimmed":false,"sourceSize":{"w":25,"h":19},"spriteSourceSize":{"x":0,"y":0,"w":25,"h":19},"frame":{"x":992,"y":649,"w":25,"h":19}},{"filename":"icons/brown-journey","rotated":false,"trimmed":false,"sourceSize":{"w":23,"h":21},"spriteSourceSize":{"x":0,"y":0,"w":23,"h":21},"frame":{"x":953,"y":871,"w":23,"h":21}},{"filename":"icons/battle","rotated":false,"trimmed":false,"sourceSize":{"w":22,"h":21},"spriteSourceSize":{"x":0,"y":0,"w":22,"h":21},"frame":{"x":979,"y":871,"w":22,"h":21}},{"filename":"icons/sword","rotated":false,"trimmed":false,"sourceSize":{"w":23,"h":19},"spriteSourceSize":{"x":0,"y":0,"w":23,"h":19},"frame":{"x":981,"y":895,"w":23,"h":19}}]},{"image":"default-resources-1.png","format":"RGBA8888","size":{"w":388,"h":388},"scale":0.5,"frames":[{"filename":"popup/top","rotated":false,"trimmed":false,"sourceSize":{"w":216,"h":45},"spriteSourceSize":{"x":0,"y":0,"w":216,"h":45},"frame":{"x":2,"y":2,"w":216,"h":45}},{"filename":"buttons/brown","rotated":false,"trimmed":false,"sourceSize":{"w":165,"h":41},"spriteSourceSize":{"x":0,"y":0,"w":165,"h":41},"frame":{"x":221,"y":2,"w":165,"h":41}},{"filename":"texts/play-with","rotated":false,"trimmed":false,"sourceSize":{"w":161,"h":28},"spriteSourceSize":{"x":0,"y":0,"w":161,"h":28},"frame":{"x":221,"y":46,"w":161,"h":28}},{"filename":"texts/next-milestone","rotated":false,"trimmed":false,"sourceSize":{"w":202,"h":39},"spriteSourceSize":{"x":0,"y":0,"w":202,"h":39},"frame":{"x":2,"y":50,"w":202,"h":39}},{"filename":"texts/daily-challenge","rotated":false,"trimmed":false,"sourceSize":{"w":172,"h":41},"spriteSourceSize":{"x":0,"y":0,"w":172,"h":41},"frame":{"x":207,"y":77,"w":172,"h":41}},{"filename":"texts/invite-friends","rotated":false,"trimmed":false,"sourceSize":{"w":169,"h":26},"spriteSourceSize":{"x":0,"y":0,"w":169,"h":26},"frame":{"x":2,"y":92,"w":169,"h":26}},{"filename":"icons/check","rotated":false,"trimmed":false,"sourceSize":{"w":22,"h":18},"spriteSourceSize":{"x":0,"y":0,"w":22,"h":18},"frame":{"x":174,"y":92,"w":22,"h":18}},{"filename":"icons/cup-bronze","rotated":false,"trimmed":false,"sourceSize":{"w":22,"h":18},"spriteSourceSize":{"x":0,"y":0,"w":22,"h":18},"frame":{"x":174,"y":113,"w":22,"h":18}},{"filename":"leaderboards/bg-item","rotated":false,"trimmed":false,"sourceSize":{"w":159,"h":31},"spriteSourceSize":{"x":0,"y":0,"w":159,"h":31},"frame":{"x":2,"y":121,"w":159,"h":31}},{"filename":"wood-panel","rotated":false,"trimmed":false,"sourceSize":{"w":151,"h":28},"spriteSourceSize":{"x":0,"y":0,"w":151,"h":28},"frame":{"x":199,"y":121,"w":151,"h":28}},{"filename":"icons/cup-gold","rotated":false,"trimmed":false,"sourceSize":{"w":22,"h":18},"spriteSourceSize":{"x":0,"y":0,"w":22,"h":18},"frame":{"x":164,"y":134,"w":22,"h":18}},{"filename":"icons/cup-silver","rotated":false,"trimmed":false,"sourceSize":{"w":22,"h":18},"spriteSourceSize":{"x":0,"y":0,"w":22,"h":18},"frame":{"x":353,"y":121,"w":22,"h":18}},{"filename":"buttons/circle-button","rotated":false,"trimmed":false,"sourceSize":{"w":21,"h":21},"spriteSourceSize":{"x":0,"y":0,"w":21,"h":21},"frame":{"x":353,"y":142,"w":21,"h":21}},{"filename":"daily-challenge/title-panel","rotated":false,"trimmed":false,"sourceSize":{"w":141,"h":35},"spriteSourceSize":{"x":0,"y":0,"w":141,"h":35},"frame":{"x":189,"y":152,"w":141,"h":35}},{"filename":"text-target-panel","rotated":false,"trimmed":false,"sourceSize":{"w":49,"h":23},"spriteSourceSize":{"x":0,"y":0,"w":49,"h":23},"frame":{"x":333,"y":166,"w":49,"h":23}},{"filename":"texts/text-tutorial","rotated":false,"trimmed":false,"sourceSize":{"w":120,"h":39},"spriteSourceSize":{"x":0,"y":0,"w":120,"h":39},"frame":{"x":2,"y":155,"w":120,"h":39}},{"filename":"buttons/skip","rotated":false,"trimmed":false,"sourceSize":{"w":60,"h":36},"spriteSourceSize":{"x":0,"y":0,"w":60,"h":36},"frame":{"x":125,"y":155,"w":60,"h":36}},{"filename":"texts/level-failed","rotated":false,"trimmed":false,"sourceSize":{"w":120,"h":23},"spriteSourceSize":{"x":0,"y":0,"w":120,"h":23},"frame":{"x":188,"y":190,"w":120,"h":23}},{"filename":"texts/result","rotated":false,"trimmed":false,"sourceSize":{"w":74,"h":25},"spriteSourceSize":{"x":0,"y":0,"w":74,"h":25},"frame":{"x":311,"y":192,"w":74,"h":25}},{"filename":"buttons/challenge_light","rotated":false,"trimmed":false,"sourceSize":{"w":44,"h":33},"spriteSourceSize":{"x":0,"y":0,"w":44,"h":33},"frame":{"x":125,"y":194,"w":44,"h":33}},{"filename":"leaderboards/bg-item-0","rotated":false,"trimmed":false,"sourceSize":{"w":116,"h":23},"spriteSourceSize":{"x":0,"y":0,"w":116,"h":23},"frame":{"x":2,"y":197,"w":116,"h":23}},{"filename":"leaderboards/bg-item-1","rotated":false,"trimmed":false,"sourceSize":{"w":116,"h":23},"spriteSourceSize":{"x":0,"y":0,"w":116,"h":23},"frame":{"x":2,"y":223,"w":116,"h":23}},{"filename":"texts/leader-board","rotated":false,"trimmed":false,"sourceSize":{"w":115,"h":39},"spriteSourceSize":{"x":0,"y":0,"w":115,"h":39},"frame":{"x":172,"y":216,"w":115,"h":39}},{"filename":"texts/congratulations","rotated":false,"trimmed":false,"sourceSize":{"w":95,"h":36},"spriteSourceSize":{"x":0,"y":0,"w":95,"h":36},"frame":{"x":290,"y":220,"w":95,"h":36}},{"filename":"buttons/play","rotated":false,"trimmed":false,"sourceSize":{"w":43,"h":33},"spriteSourceSize":{"x":0,"y":0,"w":43,"h":33},"frame":{"x":121,"y":230,"w":43,"h":33}},{"filename":"texts/text-retry","rotated":false,"trimmed":false,"sourceSize":{"w":112,"h":23},"spriteSourceSize":{"x":0,"y":0,"w":112,"h":23},"frame":{"x":2,"y":249,"w":112,"h":23}},{"filename":"texts/play-single","rotated":false,"trimmed":false,"sourceSize":{"w":104,"h":26},"spriteSourceSize":{"x":0,"y":0,"w":104,"h":26},"frame":{"x":167,"y":258,"w":104,"h":26}},{"filename":"buttons/random","rotated":false,"trimmed":false,"sourceSize":{"w":43,"h":33},"spriteSourceSize":{"x":0,"y":0,"w":43,"h":33},"frame":{"x":117,"y":266,"w":43,"h":33}},{"filename":"texts/keep-playing","rotated":false,"trimmed":false,"sourceSize":{"w":101,"h":36},"spriteSourceSize":{"x":0,"y":0,"w":101,"h":36},"frame":{"x":2,"y":275,"w":101,"h":36}},{"filename":"texts/win","rotated":false,"trimmed":false,"sourceSize":{"w":97,"h":27},"spriteSourceSize":{"x":0,"y":0,"w":97,"h":27},"frame":{"x":274,"y":259,"w":97,"h":27}},{"filename":"score-panel-dark","rotated":false,"trimmed":false,"sourceSize":{"w":94,"h":26},"spriteSourceSize":{"x":0,"y":0,"w":94,"h":26},"frame":{"x":163,"y":287,"w":94,"h":26}},{"filename":"buttons/share","rotated":false,"trimmed":false,"sourceSize":{"w":40,"h":29},"spriteSourceSize":{"x":0,"y":0,"w":40,"h":29},"frame":{"x":106,"y":302,"w":40,"h":29}},{"filename":"buttons/green-big","rotated":false,"trimmed":false,"sourceSize":{"w":90,"h":41},"spriteSourceSize":{"x":0,"y":0,"w":90,"h":41},"frame":{"x":2,"y":314,"w":90,"h":41}},{"filename":"daily-challenge/time-panel","rotated":false,"trimmed":false,"sourceSize":{"w":85,"h":24},"spriteSourceSize":{"x":0,"y":0,"w":85,"h":24},"frame":{"x":2,"y":358,"w":85,"h":24}},{"filename":"texts/replay","rotated":false,"trimmed":false,"sourceSize":{"w":85,"h":24},"spriteSourceSize":{"x":0,"y":0,"w":85,"h":24},"frame":{"x":90,"y":358,"w":85,"h":24}},{"filename":"icons/setting","rotated":false,"trimmed":false,"sourceSize":{"w":21,"h":21},"spriteSourceSize":{"x":0,"y":0,"w":21,"h":21},"frame":{"x":95,"y":334,"w":21,"h":21}},{"filename":"icons/white-journey","rotated":false,"trimmed":false,"sourceSize":{"w":21,"h":20},"spriteSourceSize":{"x":0,"y":0,"w":21,"h":20},"frame":{"x":119,"y":334,"w":21,"h":20}},{"filename":"buttons/dark-blue-small","rotated":false,"trimmed":false,"sourceSize":{"w":89,"h":37},"spriteSourceSize":{"x":0,"y":0,"w":89,"h":37},"frame":{"x":149,"y":316,"w":89,"h":37}},{"filename":"texts/mission","rotated":false,"trimmed":false,"sourceSize":{"w":62,"h":29},"spriteSourceSize":{"x":0,"y":0,"w":62,"h":29},"frame":{"x":178,"y":356,"w":62,"h":29}},{"filename":"texts/setting","rotated":false,"trimmed":false,"sourceSize":{"w":65,"h":31},"spriteSourceSize":{"x":0,"y":0,"w":65,"h":31},"frame":{"x":241,"y":316,"w":65,"h":31}},{"filename":"texts/collect","rotated":false,"trimmed":false,"sourceSize":{"w":78,"h":23},"spriteSourceSize":{"x":0,"y":0,"w":78,"h":23},"frame":{"x":260,"y":289,"w":78,"h":23}},{"filename":"icons/icon-journey","rotated":false,"trimmed":false,"sourceSize":{"w":37,"h":31},"spriteSourceSize":{"x":0,"y":0,"w":37,"h":31},"frame":{"x":243,"y":350,"w":37,"h":31}},{"filename":"buttons/toggle-off","rotated":false,"trimmed":false,"sourceSize":{"w":67,"h":23},"spriteSourceSize":{"x":0,"y":0,"w":67,"h":23},"frame":{"x":309,"y":315,"w":67,"h":23}},{"filename":"texts/friends","rotated":false,"trimmed":false,"sourceSize":{"w":34,"h":22},"spriteSourceSize":{"x":0,"y":0,"w":34,"h":22},"frame":{"x":341,"y":289,"w":34,"h":22}},{"filename":"buttons/toggle-on","rotated":false,"trimmed":false,"sourceSize":{"w":67,"h":23},"spriteSourceSize":{"x":0,"y":0,"w":67,"h":23},"frame":{"x":309,"y":341,"w":67,"h":23}}]}],"meta":{"app":"https://www.codeandweb.com/texturepacker","version":"3.0","smartupdate":"$TexturePacker:SmartUpdate:abb10e4872107c48c7d5ab3ab3ac4951:dba07019279752f8804c492a742c5cc5:38a69b481ce127014b0b7fd232b2e3f4$"}}