{"textures":[{"image":"default-resources-0.png","format":"RGBA8888","size":{"w":1018,"h":1018},"scale":0.5,"frames":[{"filename":"bg/bg-middle","rotated":false,"trimmed":false,"sourceSize":{"w":360,"h":425},"spriteSourceSize":{"x":0,"y":0,"w":360,"h":425},"frame":{"x":2,"y":2,"w":360,"h":425}},{"filename":"ui-ngang/bg-middle","rotated":false,"trimmed":false,"sourceSize":{"w":360,"h":284},"spriteSourceSize":{"x":0,"y":0,"w":360,"h":284},"frame":{"x":2,"y":430,"w":360,"h":284}},{"filename":"leaderboards/bg-top","rotated":false,"trimmed":false,"sourceSize":{"w":475,"h":84},"spriteSourceSize":{"x":0,"y":0,"w":475,"h":84},"frame":{"x":365,"y":2,"w":475,"h":84}},{"filename":"leaderboards/bg-bottom","rotated":false,"trimmed":false,"sourceSize":{"w":475,"h":34},"spriteSourceSize":{"x":0,"y":0,"w":475,"h":34},"frame":{"x":365,"y":89,"w":475,"h":34}},{"filename":"leaderboards/bg-middle","rotated":false,"trimmed":false,"sourceSize":{"w":475,"h":24},"spriteSourceSize":{"x":0,"y":0,"w":475,"h":24},"frame":{"x":365,"y":126,"w":475,"h":24}},{"filename":"footer","rotated":false,"trimmed":false,"sourceSize":{"w":375,"h":77},"spriteSourceSize":{"x":0,"y":0,"w":375,"h":77},"frame":{"x":365,"y":153,"w":375,"h":77}},{"filename":"ui-ngang/bg-top","rotated":false,"trimmed":false,"sourceSize":{"w":360,"h":89},"spriteSourceSize":{"x":0,"y":0,"w":360,"h":89},"frame":{"x":2,"y":717,"w":360,"h":89}},{"filename":"ui-ngang/bg-bottom","rotated":false,"trimmed":false,"sourceSize":{"w":360,"h":88},"spriteSourceSize":{"x":0,"y":0,"w":360,"h":88},"frame":{"x":365,"y":233,"w":360,"h":88}},{"filename":"bg/bg-bottom","rotated":false,"trimmed":false,"sourceSize":{"w":360,"h":56},"spriteSourceSize":{"x":0,"y":0,"w":360,"h":56},"frame":{"x":2,"y":809,"w":360,"h":56}},{"filename":"bg/bg-top","rotated":false,"trimmed":false,"sourceSize":{"w":360,"h":56},"spriteSourceSize":{"x":0,"y":0,"w":360,"h":56},"frame":{"x":365,"y":324,"w":360,"h":56}},{"filename":"daily-challenge/bg","rotated":false,"trimmed":false,"sourceSize":{"w":260,"h":143},"spriteSourceSize":{"x":0,"y":0,"w":260,"h":143},"frame":{"x":2,"y":868,"w":260,"h":143}},{"filename":"ui-ngang/khung-next-block","rotated":false,"trimmed":false,"sourceSize":{"w":100,"h":300},"spriteSourceSize":{"x":0,"y":0,"w":100,"h":300},"frame":{"x":365,"y":383,"w":100,"h":300}},{"filename":"score-panel","rotated":false,"trimmed":false,"sourceSize":{"w":263,"h":76},"spriteSourceSize":{"x":0,"y":0,"w":263,"h":76},"frame":{"x":468,"y":383,"w":263,"h":76}},{"filename":"popup/middle","rotated":false,"trimmed":false,"sourceSize":{"w":216,"h":114},"spriteSourceSize":{"x":0,"y":0,"w":216,"h":114},"frame":{"x":468,"y":462,"w":216,"h":114}},{"filename":"lives/heart","rotated":false,"trimmed":false,"sourceSize":{"w":170,"h":140},"spriteSourceSize":{"x":0,"y":0,"w":170,"h":140},"frame":{"x":843,"y":2,"w":170,"h":140}},{"filename":"popup/background","rotated":false,"trimmed":false,"sourceSize":{"w":198,"h":111},"spriteSourceSize":{"x":0,"y":0,"w":198,"h":111},"frame":{"x":468,"y":579,"w":198,"h":111}},{"filename":"leaf","rotated":false,"trimmed":false,"sourceSize":{"w":282,"h":66},"spriteSourceSize":{"x":0,"y":0,"w":282,"h":66},"frame":{"x":365,"y":693,"w":282,"h":66}},{"filename":"border-bottom-panel","rotated":false,"trimmed":false,"sourceSize":{"w":375,"h":18},"spriteSourceSize":{"x":0,"y":0,"w":375,"h":18},"frame":{"x":365,"y":762,"w":375,"h":18}},{"filename":"daily-challenge/bg-item-dark","rotated":false,"trimmed":false,"sourceSize":{"w":254,"h":41},"spriteSourceSize":{"x":0,"y":0,"w":254,"h":41},"frame":{"x":365,"y":783,"w":254,"h":41}},{"filename":"daily-challenge/bg-item-light","rotated":false,"trimmed":false,"sourceSize":{"w":254,"h":41},"spriteSourceSize":{"x":0,"y":0,"w":254,"h":41},"frame":{"x":365,"y":827,"w":254,"h":41}},{"filename":"lives/time-block","rotated":false,"trimmed":false,"sourceSize":{"w":173,"h":44},"spriteSourceSize":{"x":0,"y":0,"w":173,"h":44},"frame":{"x":843,"y":145,"w":173,"h":44}},{"filename":"bg/bg-dark","rotated":false,"trimmed":false,"sourceSize":{"w":122,"h":152},"spriteSourceSize":{"x":0,"y":0,"w":122,"h":152},"frame":{"x":622,"y":783,"w":122,"h":152}},{"filename":"border-daily","rotated":false,"trimmed":false,"sourceSize":{"w":259,"h":26},"spriteSourceSize":{"x":0,"y":0,"w":259,"h":26},"frame":{"x":265,"y":871,"w":259,"h":26}},{"filename":"bg-progress-circle","rotated":false,"trimmed":false,"sourceSize":{"w":116,"h":116},"spriteSourceSize":{"x":0,"y":0,"w":116,"h":116},"frame":{"x":265,"y":900,"w":116,"h":116}},{"filename":"bottom-panel","rotated":false,"trimmed":false,"sourceSize":{"w":141,"h":86},"spriteSourceSize":{"x":0,"y":0,"w":141,"h":86},"frame":{"x":384,"y":900,"w":141,"h":86}},{"filename":"daily-challenge/bottom-panel","rotated":false,"trimmed":false,"sourceSize":{"w":261,"h":15},"spriteSourceSize":{"x":0,"y":0,"w":261,"h":15},"frame":{"x":743,"y":192,"w":261,"h":15}},{"filename":"daily-challenge/top-panel","rotated":false,"trimmed":false,"sourceSize":{"w":261,"h":15},"spriteSourceSize":{"x":0,"y":0,"w":261,"h":15},"frame":{"x":743,"y":210,"w":261,"h":15}},{"filename":"daily-challenge/middle-panel","rotated":false,"trimmed":false,"sourceSize":{"w":261,"h":13},"spriteSourceSize":{"x":0,"y":0,"w":261,"h":13},"frame":{"x":743,"y":228,"w":261,"h":13}},{"filename":"best-score-frame-long","rotated":false,"trimmed":false,"sourceSize":{"w":193,"h":77},"spriteSourceSize":{"x":0,"y":0,"w":193,"h":77},"frame":{"x":728,"y":244,"w":193,"h":77}},{"filename":"popup/top-dark","rotated":false,"trimmed":false,"sourceSize":{"w":216,"h":45},"spriteSourceSize":{"x":0,"y":0,"w":216,"h":45},"frame":{"x":728,"y":324,"w":216,"h":45}},{"filename":"popup/top","rotated":false,"trimmed":false,"sourceSize":{"w":216,"h":45},"spriteSourceSize":{"x":0,"y":0,"w":216,"h":45},"frame":{"x":734,"y":372,"w":216,"h":45}},{"filename":"popup/bottom","rotated":false,"trimmed":false,"sourceSize":{"w":216,"h":14},"spriteSourceSize":{"x":0,"y":0,"w":216,"h":14},"frame":{"x":734,"y":420,"w":216,"h":14}},{"filename":"buttons/dark-blue","rotated":false,"trimmed":false,"sourceSize":{"w":183,"h":54},"spriteSourceSize":{"x":0,"y":0,"w":183,"h":54},"frame":{"x":734,"y":437,"w":183,"h":54}},{"filename":"lives/time-block-2","rotated":false,"trimmed":false,"sourceSize":{"w":182,"h":54},"spriteSourceSize":{"x":0,"y":0,"w":182,"h":54},"frame":{"x":687,"y":494,"w":182,"h":54}},{"filename":"buttons/green-large","rotated":false,"trimmed":false,"sourceSize":{"w":165,"h":54},"spriteSourceSize":{"x":0,"y":0,"w":165,"h":54},"frame":{"x":687,"y":551,"w":165,"h":54}},{"filename":"buttons/brown","rotated":false,"trimmed":false,"sourceSize":{"w":165,"h":41},"spriteSourceSize":{"x":0,"y":0,"w":165,"h":41},"frame":{"x":669,"y":608,"w":165,"h":41}},{"filename":"leaderboards/bg-item","rotated":false,"trimmed":false,"sourceSize":{"w":159,"h":31},"spriteSourceSize":{"x":0,"y":0,"w":159,"h":31},"frame":{"x":669,"y":652,"w":159,"h":31}},{"filename":"ui-ngang/khung-mission","rotated":false,"trimmed":false,"sourceSize":{"w":48,"h":232},"spriteSourceSize":{"x":0,"y":0,"w":48,"h":232},"frame":{"x":747,"y":686,"w":48,"h":232}},{"filename":"texts/first-milestone","rotated":false,"trimmed":false,"sourceSize":{"w":145,"h":25},"spriteSourceSize":{"x":0,"y":0,"w":145,"h":25},"frame":{"x":384,"y":989,"w":145,"h":25}},{"filename":"texts/daily-challenge","rotated":false,"trimmed":false,"sourceSize":{"w":97,"h":26},"spriteSourceSize":{"x":0,"y":0,"w":97,"h":26},"frame":{"x":743,"y":153,"w":97,"h":26}},{"filename":"preloader/dual-ring","rotated":false,"trimmed":true,"sourceSize":{"w":100,"h":100},"spriteSourceSize":{"x":13,"y":13,"w":74,"h":74},"frame":{"x":924,"y":244,"w":74,"h":74}},{"filename":"avatar/border-big","rotated":false,"trimmed":false,"sourceSize":{"w":88,"h":88},"spriteSourceSize":{"x":0,"y":0,"w":88,"h":88},"frame":{"x":528,"y":871,"w":88,"h":88}},{"filename":"icon-journey","rotated":false,"trimmed":false,"sourceSize":{"w":75,"h":61},"spriteSourceSize":{"x":0,"y":0,"w":75,"h":61},"frame":{"x":669,"y":686,"w":75,"h":61}},{"filename":"popup/score-panel","rotated":false,"trimmed":false,"sourceSize":{"w":150,"h":46},"spriteSourceSize":{"x":0,"y":0,"w":150,"h":46},"frame":{"x":619,"y":938,"w":150,"h":46}},{"filename":"avatar/background","rotated":false,"trimmed":false,"sourceSize":{"w":53,"h":54},"spriteSourceSize":{"x":0,"y":0,"w":53,"h":54},"frame":{"x":532,"y":962,"w":53,"h":54}},{"filename":"wood-panel","rotated":false,"trimmed":false,"sourceSize":{"w":151,"h":28},"spriteSourceSize":{"x":0,"y":0,"w":151,"h":28},"frame":{"x":588,"y":987,"w":151,"h":28}},{"filename":"ui-ngang/khung-best-score","rotated":false,"trimmed":false,"sourceSize":{"w":56,"h":85},"spriteSourceSize":{"x":0,"y":0,"w":56,"h":85},"frame":{"x":798,"y":686,"w":56,"h":85}},{"filename":"best-score-frame","rotated":false,"trimmed":false,"sourceSize":{"w":56,"h":76},"spriteSourceSize":{"x":0,"y":0,"w":56,"h":76},"frame":{"x":798,"y":774,"w":56,"h":76}},{"filename":"avatar/border","rotated":false,"trimmed":true,"sourceSize":{"w":69,"h":72},"spriteSourceSize":{"x":0,"y":1,"w":69,"h":71},"frame":{"x":798,"y":853,"w":69,"h":71}},{"filename":"texts/play-with-blue","rotated":false,"trimmed":false,"sourceSize":{"w":58,"h":9},"spriteSourceSize":{"x":0,"y":0,"w":58,"h":9},"frame":{"x":650,"y":750,"w":58,"h":9}},{"filename":"ui-ngang/khung-score","rotated":false,"trimmed":false,"sourceSize":{"w":87,"h":50},"spriteSourceSize":{"x":0,"y":0,"w":87,"h":50},"frame":{"x":772,"y":927,"w":87,"h":50}},{"filename":"avatar/border-challenge","rotated":false,"trimmed":false,"sourceSize":{"w":60,"h":59},"spriteSourceSize":{"x":0,"y":0,"w":60,"h":59},"frame":{"x":872,"y":494,"w":60,"h":59}},{"filename":"buttons/dark-blue-big","rotated":false,"trimmed":false,"sourceSize":{"w":90,"h":41},"spriteSourceSize":{"x":0,"y":0,"w":90,"h":41},"frame":{"x":855,"y":556,"w":90,"h":41}},{"filename":"bg-combo","rotated":false,"trimmed":true,"sourceSize":{"w":106,"h":44},"spriteSourceSize":{"x":0,"y":4,"w":106,"h":40},"frame":{"x":855,"y":600,"w":106,"h":40}},{"filename":"bg-streak","rotated":false,"trimmed":true,"sourceSize":{"w":106,"h":44},"spriteSourceSize":{"x":0,"y":4,"w":106,"h":40},"frame":{"x":837,"y":643,"w":106,"h":40}},{"filename":"buttons/green","rotated":false,"trimmed":false,"sourceSize":{"w":119,"h":41},"spriteSourceSize":{"x":0,"y":0,"w":119,"h":41},"frame":{"x":857,"y":686,"w":119,"h":41}},{"filename":"daily-challenge/title-panel","rotated":false,"trimmed":false,"sourceSize":{"w":141,"h":35},"spriteSourceSize":{"x":0,"y":0,"w":141,"h":35},"frame":{"x":857,"y":730,"w":141,"h":35}},{"filename":"leaderboards/bg-item-0","rotated":false,"trimmed":false,"sourceSize":{"w":116,"h":23},"spriteSourceSize":{"x":0,"y":0,"w":116,"h":23},"frame":{"x":857,"y":768,"w":116,"h":23}},{"filename":"leaderboards/bg-item-1","rotated":false,"trimmed":false,"sourceSize":{"w":116,"h":23},"spriteSourceSize":{"x":0,"y":0,"w":116,"h":23},"frame":{"x":857,"y":794,"w":116,"h":23}},{"filename":"texts/level-failed","rotated":false,"trimmed":false,"sourceSize":{"w":90,"h":23},"spriteSourceSize":{"x":0,"y":0,"w":90,"h":23},"frame":{"x":857,"y":820,"w":90,"h":23}},{"filename":"buttons/green-big","rotated":false,"trimmed":false,"sourceSize":{"w":90,"h":41},"spriteSourceSize":{"x":0,"y":0,"w":90,"h":41},"frame":{"x":870,"y":846,"w":90,"h":41}},{"filename":"texts/waiting-for-opponent","rotated":false,"trimmed":false,"sourceSize":{"w":89,"h":23},"spriteSourceSize":{"x":0,"y":0,"w":89,"h":23},"frame":{"x":870,"y":890,"w":89,"h":23}},{"filename":"bg/level-playing","rotated":false,"trimmed":false,"sourceSize":{"w":57,"h":47},"spriteSourceSize":{"x":0,"y":0,"w":57,"h":47},"frame":{"x":947,"y":321,"w":57,"h":47}},{"filename":"bg/level-locked","rotated":false,"trimmed":false,"sourceSize":{"w":51,"h":42},"spriteSourceSize":{"x":0,"y":0,"w":51,"h":42},"frame":{"x":953,"y":371,"w":51,"h":42}},{"filename":"buttons/minor","rotated":false,"trimmed":false,"sourceSize":{"w":41,"h":36},"spriteSourceSize":{"x":0,"y":0,"w":41,"h":36},"frame":{"x":772,"y":980,"w":41,"h":36}},{"filename":"texts/leader-board","rotated":false,"trimmed":false,"sourceSize":{"w":81,"h":28},"spriteSourceSize":{"x":0,"y":0,"w":81,"h":28},"frame":{"x":870,"y":916,"w":81,"h":28}},{"filename":"texts/start-over","rotated":false,"trimmed":false,"sourceSize":{"w":71,"h":19},"spriteSourceSize":{"x":0,"y":0,"w":71,"h":19},"frame":{"x":862,"y":947,"w":71,"h":19}},{"filename":"texts/target-score","rotated":false,"trimmed":false,"sourceSize":{"w":70,"h":17},"spriteSourceSize":{"x":0,"y":0,"w":70,"h":17},"frame":{"x":862,"y":969,"w":70,"h":17}},{"filename":"texts/draw","rotated":false,"trimmed":false,"sourceSize":{"w":53,"h":27},"spriteSourceSize":{"x":0,"y":0,"w":53,"h":27},"frame":{"x":816,"y":989,"w":53,"h":27}},{"filename":"icons/sound","rotated":false,"trimmed":false,"sourceSize":{"w":31,"h":27},"spriteSourceSize":{"x":0,"y":0,"w":31,"h":27},"frame":{"x":872,"y":989,"w":31,"h":27}},{"filename":"buttons/dot-blue","rotated":false,"trimmed":false,"sourceSize":{"w":28,"h":27},"spriteSourceSize":{"x":0,"y":0,"w":28,"h":27},"frame":{"x":906,"y":989,"w":28,"h":27}},{"filename":"icons/home","rotated":false,"trimmed":false,"sourceSize":{"w":24,"h":22},"spriteSourceSize":{"x":0,"y":0,"w":24,"h":22},"frame":{"x":588,"y":962,"w":24,"h":22}},{"filename":"bg/level-played","rotated":false,"trimmed":false,"sourceSize":{"w":50,"h":41},"spriteSourceSize":{"x":0,"y":0,"w":50,"h":41},"frame":{"x":920,"y":437,"w":50,"h":41}},{"filename":"texts/text-ranking","rotated":false,"trimmed":false,"sourceSize":{"w":53,"h":15},"spriteSourceSize":{"x":0,"y":0,"w":53,"h":15},"frame":{"x":953,"y":416,"w":53,"h":15}},{"filename":"texts/text-journey","rotated":false,"trimmed":false,"sourceSize":{"w":43,"h":23},"spriteSourceSize":{"x":0,"y":0,"w":43,"h":23},"frame":{"x":973,"y":434,"w":43,"h":23}},{"filename":"icons/crown-big","rotated":false,"trimmed":false,"sourceSize":{"w":37,"h":35},"spriteSourceSize":{"x":0,"y":0,"w":37,"h":35},"frame":{"x":979,"y":460,"w":37,"h":35}},{"filename":"icons/share-blue","rotated":false,"trimmed":false,"sourceSize":{"w":16,"h":22},"spriteSourceSize":{"x":0,"y":0,"w":16,"h":22},"frame":{"x":650,"y":693,"w":16,"h":22}},{"filename":"icons/vibrate","rotated":false,"trimmed":false,"sourceSize":{"w":31,"h":37},"spriteSourceSize":{"x":0,"y":0,"w":31,"h":37},"frame":{"x":976,"y":768,"w":31,"h":37}},{"filename":"icons/i-play","rotated":false,"trimmed":false,"sourceSize":{"w":16,"h":20},"spriteSourceSize":{"x":0,"y":0,"w":16,"h":20},"frame":{"x":650,"y":718,"w":16,"h":20}},{"filename":"texts/no-thank","rotated":false,"trimmed":false,"sourceSize":{"w":66,"h":15},"spriteSourceSize":{"x":0,"y":0,"w":66,"h":15},"frame":{"x":950,"y":820,"w":66,"h":15}},{"filename":"texts/win","rotated":false,"trimmed":false,"sourceSize":{"w":53,"h":28},"spriteSourceSize":{"x":0,"y":0,"w":53,"h":28},"frame":{"x":963,"y":838,"w":53,"h":28}},{"filename":"buttons/challenge_light","rotated":false,"trimmed":false,"sourceSize":{"w":44,"h":33},"spriteSourceSize":{"x":0,"y":0,"w":44,"h":33},"frame":{"x":963,"y":869,"w":44,"h":33}},{"filename":"texts/lose","rotated":false,"trimmed":false,"sourceSize":{"w":54,"h":28},"spriteSourceSize":{"x":0,"y":0,"w":54,"h":28},"frame":{"x":962,"y":905,"w":54,"h":28}},{"filename":"icons/dot","rotated":false,"trimmed":false,"sourceSize":{"w":34,"h":35},"spriteSourceSize":{"x":0,"y":0,"w":34,"h":35},"frame":{"x":935,"y":481,"w":34,"h":35}},{"filename":"icons/music","rotated":false,"trimmed":false,"sourceSize":{"w":28,"h":31},"spriteSourceSize":{"x":0,"y":0,"w":28,"h":31},"frame":{"x":935,"y":519,"w":28,"h":31}},{"filename":"buttons/dot-green","rotated":false,"trimmed":false,"sourceSize":{"w":28,"h":27},"spriteSourceSize":{"x":0,"y":0,"w":28,"h":27},"frame":{"x":687,"y":462,"w":28,"h":27}},{"filename":"buttons/close","rotated":false,"trimmed":false,"sourceSize":{"w":26,"h":26},"spriteSourceSize":{"x":0,"y":0,"w":26,"h":26},"frame":{"x":742,"y":987,"w":26,"h":26}},{"filename":"texts/off","rotated":false,"trimmed":false,"sourceSize":{"w":13,"h":17},"spriteSourceSize":{"x":0,"y":0,"w":13,"h":17},"frame":{"x":718,"y":462,"w":13,"h":17}},{"filename":"icons/crown","rotated":false,"trimmed":false,"sourceSize":{"w":16,"h":14},"spriteSourceSize":{"x":0,"y":0,"w":16,"h":14},"frame":{"x":747,"y":921,"w":16,"h":14}},{"filename":"icons/retry","rotated":false,"trimmed":false,"sourceSize":{"w":25,"h":27},"spriteSourceSize":{"x":0,"y":0,"w":25,"h":27},"frame":{"x":946,"y":643,"w":25,"h":27}},{"filename":"texts/world-disable","rotated":false,"trimmed":false,"sourceSize":{"w":32,"h":17},"spriteSourceSize":{"x":0,"y":0,"w":32,"h":17},"frame":{"x":972,"y":498,"w":32,"h":17}},{"filename":"icons/rank","rotated":false,"trimmed":false,"sourceSize":{"w":26,"h":25},"spriteSourceSize":{"x":0,"y":0,"w":26,"h":25},"frame":{"x":948,"y":553,"w":26,"h":25}},{"filename":"icons/sword-blue","rotated":false,"trimmed":false,"sourceSize":{"w":18,"h":16},"spriteSourceSize":{"x":0,"y":0,"w":18,"h":16},"frame":{"x":948,"y":581,"w":18,"h":16}},{"filename":"icons/replay","rotated":false,"trimmed":false,"sourceSize":{"w":20,"h":24},"spriteSourceSize":{"x":0,"y":0,"w":20,"h":24},"frame":{"x":936,"y":947,"w":20,"h":24}},{"filename":"texts/world","rotated":false,"trimmed":false,"sourceSize":{"w":32,"h":17},"spriteSourceSize":{"x":0,"y":0,"w":32,"h":17},"frame":{"x":959,"y":936,"w":32,"h":17}},{"filename":"texts/no","rotated":false,"trimmed":false,"sourceSize":{"w":22,"h":22},"spriteSourceSize":{"x":0,"y":0,"w":22,"h":22},"frame":{"x":994,"y":936,"w":22,"h":22}},{"filename":"icons/back","rotated":false,"trimmed":false,"sourceSize":{"w":25,"h":19},"spriteSourceSize":{"x":0,"y":0,"w":25,"h":19},"frame":{"x":959,"y":956,"w":25,"h":19}},{"filename":"icons/play-green","rotated":false,"trimmed":false,"sourceSize":{"w":24,"h":24},"spriteSourceSize":{"x":0,"y":0,"w":24,"h":24},"frame":{"x":987,"y":961,"w":24,"h":24}},{"filename":"icons/share","rotated":false,"trimmed":false,"sourceSize":{"w":18,"h":24},"spriteSourceSize":{"x":0,"y":0,"w":18,"h":24},"frame":{"x":966,"y":519,"w":18,"h":24}},{"filename":"icons/play","rotated":false,"trimmed":false,"sourceSize":{"w":24,"h":24},"spriteSourceSize":{"x":0,"y":0,"w":24,"h":24},"frame":{"x":987,"y":518,"w":24,"h":24}},{"filename":"texts/yes","rotated":false,"trimmed":false,"sourceSize":{"w":22,"h":22},"spriteSourceSize":{"x":0,"y":0,"w":22,"h":22},"frame":{"x":964,"y":600,"w":22,"h":22}},{"filename":"texts/on","rotated":false,"trimmed":false,"sourceSize":{"w":16,"h":15},"spriteSourceSize":{"x":0,"y":0,"w":16,"h":15},"frame":{"x":964,"y":625,"w":16,"h":15}},{"filename":"icons/plus","rotated":false,"trimmed":false,"sourceSize":{"w":21,"h":22},"spriteSourceSize":{"x":0,"y":0,"w":21,"h":22},"frame":{"x":974,"y":643,"w":21,"h":22}},{"filename":"icons/flat-ad","rotated":false,"trimmed":false,"sourceSize":{"w":24,"h":21},"spriteSourceSize":{"x":0,"y":0,"w":24,"h":21},"frame":{"x":987,"y":545,"w":24,"h":21}},{"filename":"icons/brown-journey","rotated":false,"trimmed":false,"sourceSize":{"w":23,"h":21},"spriteSourceSize":{"x":0,"y":0,"w":23,"h":21},"frame":{"x":977,"y":569,"w":23,"h":21}},{"filename":"icons/battle","rotated":false,"trimmed":false,"sourceSize":{"w":22,"h":21},"spriteSourceSize":{"x":0,"y":0,"w":22,"h":21},"frame":{"x":989,"y":593,"w":22,"h":21}},{"filename":"icons/sword","rotated":false,"trimmed":false,"sourceSize":{"w":23,"h":19},"spriteSourceSize":{"x":0,"y":0,"w":23,"h":19},"frame":{"x":989,"y":617,"w":23,"h":19}},{"filename":"icons/clock","rotated":false,"trimmed":false,"sourceSize":{"w":17,"h":18},"spriteSourceSize":{"x":0,"y":0,"w":17,"h":18},"frame":{"x":998,"y":639,"w":17,"h":18}},{"filename":"buttons/circle-button","rotated":false,"trimmed":false,"sourceSize":{"w":21,"h":21},"spriteSourceSize":{"x":0,"y":0,"w":21,"h":21},"frame":{"x":979,"y":668,"w":21,"h":21}},{"filename":"icons/setting","rotated":false,"trimmed":false,"sourceSize":{"w":21,"h":21},"spriteSourceSize":{"x":0,"y":0,"w":21,"h":21},"frame":{"x":979,"y":692,"w":21,"h":21}},{"filename":"icons/white-journey","rotated":false,"trimmed":false,"sourceSize":{"w":21,"h":20},"spriteSourceSize":{"x":0,"y":0,"w":21,"h":20},"frame":{"x":937,"y":988,"w":21,"h":20}}]},{"image":"default-resources-1.png","format":"RGBA8888","size":{"w":284,"h":284},"scale":0.5,"frames":[{"filename":"texts/next-milestone","rotated":false,"trimmed":false,"sourceSize":{"w":145,"h":25},"spriteSourceSize":{"x":0,"y":0,"w":145,"h":25},"frame":{"x":2,"y":2,"w":145,"h":25}},{"filename":"buttons/dark-blue-small","rotated":false,"trimmed":false,"sourceSize":{"w":89,"h":37},"spriteSourceSize":{"x":0,"y":0,"w":89,"h":37},"frame":{"x":150,"y":2,"w":89,"h":37}},{"filename":"buttons/share","rotated":false,"trimmed":false,"sourceSize":{"w":40,"h":29},"spriteSourceSize":{"x":0,"y":0,"w":40,"h":29},"frame":{"x":242,"y":2,"w":40,"h":29}},{"filename":"icons/icon-daily","rotated":false,"trimmed":false,"sourceSize":{"w":34,"h":34},"spriteSourceSize":{"x":0,"y":0,"w":34,"h":34},"frame":{"x":242,"y":34,"w":34,"h":34}},{"filename":"texts/second-chance","rotated":false,"trimmed":false,"sourceSize":{"w":109,"h":25},"spriteSourceSize":{"x":0,"y":0,"w":109,"h":25},"frame":{"x":2,"y":30,"w":109,"h":25}},{"filename":"texts/text-share","rotated":false,"trimmed":false,"sourceSize":{"w":33,"h":18},"spriteSourceSize":{"x":0,"y":0,"w":33,"h":18},"frame":{"x":114,"y":30,"w":33,"h":18}},{"filename":"buttons/skip","rotated":false,"trimmed":false,"sourceSize":{"w":60,"h":36},"spriteSourceSize":{"x":0,"y":0,"w":60,"h":36},"frame":{"x":150,"y":42,"w":60,"h":36}},{"filename":"icons/check","rotated":false,"trimmed":false,"sourceSize":{"w":22,"h":18},"spriteSourceSize":{"x":0,"y":0,"w":22,"h":18},"frame":{"x":213,"y":42,"w":22,"h":18}},{"filename":"icons/cup-bronze","rotated":false,"trimmed":false,"sourceSize":{"w":22,"h":18},"spriteSourceSize":{"x":0,"y":0,"w":22,"h":18},"frame":{"x":213,"y":63,"w":22,"h":18}},{"filename":"texts/friends-disable","rotated":false,"trimmed":false,"sourceSize":{"w":32,"h":18},"spriteSourceSize":{"x":0,"y":0,"w":32,"h":18},"frame":{"x":114,"y":51,"w":32,"h":18}},{"filename":"buttons/play","rotated":false,"trimmed":false,"sourceSize":{"w":43,"h":33},"spriteSourceSize":{"x":0,"y":0,"w":43,"h":33},"frame":{"x":238,"y":71,"w":43,"h":33}},{"filename":"texts/your-score","rotated":false,"trimmed":false,"sourceSize":{"w":97,"h":26},"spriteSourceSize":{"x":0,"y":0,"w":97,"h":26},"frame":{"x":2,"y":58,"w":97,"h":26}},{"filename":"buttons/random","rotated":false,"trimmed":false,"sourceSize":{"w":43,"h":33},"spriteSourceSize":{"x":0,"y":0,"w":43,"h":33},"frame":{"x":102,"y":72,"w":43,"h":33}},{"filename":"texts/congratulations","rotated":false,"trimmed":false,"sourceSize":{"w":49,"h":25},"spriteSourceSize":{"x":0,"y":0,"w":49,"h":25},"frame":{"x":148,"y":81,"w":49,"h":25}},{"filename":"texts/vs","rotated":false,"trimmed":false,"sourceSize":{"w":35,"h":18},"spriteSourceSize":{"x":0,"y":0,"w":35,"h":18},"frame":{"x":200,"y":84,"w":35,"h":18}},{"filename":"texts/friends","rotated":false,"trimmed":false,"sourceSize":{"w":32,"h":18},"spriteSourceSize":{"x":0,"y":0,"w":32,"h":18},"frame":{"x":200,"y":105,"w":32,"h":18}},{"filename":"texts/mission","rotated":false,"trimmed":false,"sourceSize":{"w":47,"h":25},"spriteSourceSize":{"x":0,"y":0,"w":47,"h":25},"frame":{"x":235,"y":107,"w":47,"h":25}},{"filename":"score-panel-dark","rotated":false,"trimmed":false,"sourceSize":{"w":94,"h":26},"spriteSourceSize":{"x":0,"y":0,"w":94,"h":26},"frame":{"x":2,"y":87,"w":94,"h":26}},{"filename":"icons/icon-journey","rotated":false,"trimmed":false,"sourceSize":{"w":37,"h":31},"spriteSourceSize":{"x":0,"y":0,"w":37,"h":31},"frame":{"x":99,"y":108,"w":37,"h":31}},{"filename":"texts/result","rotated":false,"trimmed":false,"sourceSize":{"w":49,"h":25},"spriteSourceSize":{"x":0,"y":0,"w":49,"h":25},"frame":{"x":139,"y":109,"w":49,"h":25}},{"filename":"texts/continue","rotated":false,"trimmed":false,"sourceSize":{"w":38,"h":20},"spriteSourceSize":{"x":0,"y":0,"w":38,"h":20},"frame":{"x":191,"y":126,"w":38,"h":20}},{"filename":"texts/setting","rotated":false,"trimmed":false,"sourceSize":{"w":49,"h":25},"spriteSourceSize":{"x":0,"y":0,"w":49,"h":25},"frame":{"x":139,"y":137,"w":49,"h":25}},{"filename":"texts/text-tutorial","rotated":false,"trimmed":false,"sourceSize":{"w":49,"h":25},"spriteSourceSize":{"x":0,"y":0,"w":49,"h":25},"frame":{"x":232,"y":135,"w":49,"h":25}},{"filename":"texts/start","rotated":false,"trimmed":false,"sourceSize":{"w":38,"h":20},"spriteSourceSize":{"x":0,"y":0,"w":38,"h":20},"frame":{"x":191,"y":149,"w":38,"h":20}},{"filename":"text-target-panel","rotated":false,"trimmed":false,"sourceSize":{"w":49,"h":23},"spriteSourceSize":{"x":0,"y":0,"w":49,"h":23},"frame":{"x":232,"y":163,"w":49,"h":23}},{"filename":"daily-challenge/time-panel","rotated":false,"trimmed":false,"sourceSize":{"w":85,"h":24},"spriteSourceSize":{"x":0,"y":0,"w":85,"h":24},"frame":{"x":2,"y":116,"w":85,"h":24}},{"filename":"ui-ngang/text-mission","rotated":false,"trimmed":false,"sourceSize":{"w":42,"h":22},"spriteSourceSize":{"x":0,"y":0,"w":42,"h":22},"frame":{"x":90,"y":142,"w":42,"h":22}},{"filename":"ui-ngang/text-score","rotated":false,"trimmed":false,"sourceSize":{"w":42,"h":21},"spriteSourceSize":{"x":0,"y":0,"w":42,"h":21},"frame":{"x":135,"y":165,"w":42,"h":21}},{"filename":"texts/replay","rotated":false,"trimmed":false,"sourceSize":{"w":38,"h":19},"spriteSourceSize":{"x":0,"y":0,"w":38,"h":19},"frame":{"x":180,"y":172,"w":38,"h":19}},{"filename":"texts/text-next-level","rotated":false,"trimmed":false,"sourceSize":{"w":57,"h":20},"spriteSourceSize":{"x":0,"y":0,"w":57,"h":20},"frame":{"x":221,"y":189,"w":57,"h":20}},{"filename":"texts/play-single","rotated":false,"trimmed":false,"sourceSize":{"w":85,"h":22},"spriteSourceSize":{"x":0,"y":0,"w":85,"h":22},"frame":{"x":2,"y":143,"w":85,"h":22}},{"filename":"texts/collect","rotated":false,"trimmed":false,"sourceSize":{"w":38,"h":18},"spriteSourceSize":{"x":0,"y":0,"w":38,"h":18},"frame":{"x":90,"y":167,"w":38,"h":18}},{"filename":"texts/play-with","rotated":false,"trimmed":false,"sourceSize":{"w":81,"h":22},"spriteSourceSize":{"x":0,"y":0,"w":81,"h":22},"frame":{"x":2,"y":168,"w":81,"h":22}},{"filename":"texts/text-retry","rotated":false,"trimmed":false,"sourceSize":{"w":36,"h":19},"spriteSourceSize":{"x":0,"y":0,"w":36,"h":19},"frame":{"x":86,"y":188,"w":36,"h":19}},{"filename":"icons/cup-gold","rotated":false,"trimmed":false,"sourceSize":{"w":22,"h":18},"spriteSourceSize":{"x":0,"y":0,"w":22,"h":18},"frame":{"x":125,"y":189,"w":22,"h":18}},{"filename":"icons/cup-silver","rotated":false,"trimmed":false,"sourceSize":{"w":22,"h":18},"spriteSourceSize":{"x":0,"y":0,"w":22,"h":18},"frame":{"x":150,"y":189,"w":22,"h":18}},{"filename":"texts/refill-lives","rotated":false,"trimmed":false,"sourceSize":{"w":75,"h":21},"spriteSourceSize":{"x":0,"y":0,"w":75,"h":21},"frame":{"x":2,"y":193,"w":75,"h":21}},{"filename":"texts/keep-playing","rotated":false,"trimmed":false,"sourceSize":{"w":97,"h":25},"spriteSourceSize":{"x":0,"y":0,"w":97,"h":25},"frame":{"x":80,"y":210,"w":97,"h":25}},{"filename":"buttons/toggle-off","rotated":false,"trimmed":false,"sourceSize":{"w":67,"h":23},"spriteSourceSize":{"x":0,"y":0,"w":67,"h":23},"frame":{"x":2,"y":217,"w":67,"h":23}},{"filename":"texts/out-of-live","rotated":false,"trimmed":false,"sourceSize":{"w":97,"h":25},"spriteSourceSize":{"x":0,"y":0,"w":97,"h":25},"frame":{"x":180,"y":212,"w":97,"h":25}},{"filename":"ui-ngang/text-next-block","rotated":false,"trimmed":false,"sourceSize":{"w":103,"h":22},"spriteSourceSize":{"x":0,"y":0,"w":103,"h":22},"frame":{"x":72,"y":238,"w":103,"h":22}},{"filename":"buttons/toggle-on","rotated":false,"trimmed":false,"sourceSize":{"w":67,"h":23},"spriteSourceSize":{"x":0,"y":0,"w":67,"h":23},"frame":{"x":2,"y":243,"w":67,"h":23}},{"filename":"texts/play","rotated":false,"trimmed":false,"sourceSize":{"w":75,"h":20},"spriteSourceSize":{"x":0,"y":0,"w":75,"h":20},"frame":{"x":178,"y":240,"w":75,"h":20}},{"filename":"texts/invite-friends","rotated":false,"trimmed":false,"sourceSize":{"w":69,"h":19},"spriteSourceSize":{"x":0,"y":0,"w":69,"h":19},"frame":{"x":72,"y":263,"w":69,"h":19}},{"filename":"leaderboards/tab-off","rotated":false,"trimmed":false,"sourceSize":{"w":57,"h":18},"spriteSourceSize":{"x":0,"y":0,"w":57,"h":18},"frame":{"x":144,"y":263,"w":57,"h":18}},{"filename":"leaderboards/tab-on","rotated":false,"trimmed":false,"sourceSize":{"w":57,"h":18},"spriteSourceSize":{"x":0,"y":0,"w":57,"h":18},"frame":{"x":204,"y":263,"w":57,"h":18}}]}],"meta":{"app":"https://www.codeandweb.com/texturepacker","version":"3.0","smartupdate":"$TexturePacker:SmartUpdate:145077f1ea5619b4d7186b2155f031c2:ea3855d0af9e483068a91c89bc8653f8:38a69b481ce127014b0b7fd232b2e3f4$"}}