{"textures":[{"image":"theme-gameplay-default-resources.png","format":"RGBA8888","size":{"w":526,"h":114},"scale":0.5,"frames":[{"filename":"top-line","rotated":false,"trimmed":false,"sourceSize":{"w":375,"h":6},"spriteSourceSize":{"x":0,"y":0,"w":375,"h":6},"frame":{"x":2,"y":2,"w":375,"h":6}},{"filename":"background/bg_progress_bar","rotated":false,"trimmed":false,"sourceSize":{"w":230,"h":49},"spriteSourceSize":{"x":0,"y":0,"w":230,"h":49},"frame":{"x":2,"y":11,"w":230,"h":49}},{"filename":"background/mission_box","rotated":false,"trimmed":false,"sourceSize":{"w":113,"h":49},"spriteSourceSize":{"x":0,"y":0,"w":113,"h":49},"frame":{"x":2,"y":63,"w":113,"h":49}},{"filename":"background/bg_top","rotated":false,"trimmed":false,"sourceSize":{"w":145,"h":75},"spriteSourceSize":{"x":0,"y":0,"w":145,"h":75},"frame":{"x":235,"y":11,"w":145,"h":75}},{"filename":"progress/progress_bar","rotated":false,"trimmed":false,"sourceSize":{"w":139,"h":14},"spriteSourceSize":{"x":0,"y":0,"w":139,"h":14},"frame":{"x":383,"y":2,"w":139,"h":14}},{"filename":"progress/chest_progress_bg","rotated":false,"trimmed":false,"sourceSize":{"w":65,"h":26},"spriteSourceSize":{"x":0,"y":0,"w":65,"h":26},"frame":{"x":118,"y":63,"w":65,"h":26}},{"filename":"progress/progress_bg","rotated":false,"trimmed":false,"sourceSize":{"w":144,"h":19},"spriteSourceSize":{"x":0,"y":0,"w":144,"h":19},"frame":{"x":186,"y":89,"w":144,"h":19}},{"filename":"buttons/item_box","rotated":false,"trimmed":false,"sourceSize":{"w":47,"h":43},"spriteSourceSize":{"x":0,"y":0,"w":47,"h":43},"frame":{"x":383,"y":19,"w":47,"h":43}},{"filename":"buttons/item_box_disable","rotated":false,"trimmed":false,"sourceSize":{"w":47,"h":43},"spriteSourceSize":{"x":0,"y":0,"w":47,"h":43},"frame":{"x":433,"y":19,"w":47,"h":43}},{"filename":"buttons/button_bg","rotated":false,"trimmed":false,"sourceSize":{"w":41,"h":36},"spriteSourceSize":{"x":0,"y":0,"w":41,"h":36},"frame":{"x":483,"y":19,"w":41,"h":36}},{"filename":"buttons/item_box_full","rotated":false,"trimmed":false,"sourceSize":{"w":47,"h":43},"spriteSourceSize":{"x":0,"y":0,"w":47,"h":43},"frame":{"x":383,"y":65,"w":47,"h":43}},{"filename":"buttons/btn_red_circle","rotated":false,"trimmed":false,"sourceSize":{"w":38,"h":39},"spriteSourceSize":{"x":0,"y":0,"w":38,"h":39},"frame":{"x":433,"y":65,"w":38,"h":39}},{"filename":"progress/chest_progress_bar","rotated":false,"trimmed":false,"sourceSize":{"w":54,"h":14},"spriteSourceSize":{"x":0,"y":0,"w":54,"h":14},"frame":{"x":118,"y":92,"w":54,"h":14}},{"filename":"progress/star-empty","rotated":false,"trimmed":false,"sourceSize":{"w":23,"h":24},"spriteSourceSize":{"x":0,"y":0,"w":23,"h":24},"frame":{"x":474,"y":65,"w":23,"h":24}},{"filename":"progress/star-full","rotated":false,"trimmed":false,"sourceSize":{"w":23,"h":24},"spriteSourceSize":{"x":0,"y":0,"w":23,"h":24},"frame":{"x":500,"y":58,"w":23,"h":24}},{"filename":"icon_pause","rotated":false,"trimmed":false,"sourceSize":{"w":13,"h":14},"spriteSourceSize":{"x":0,"y":0,"w":13,"h":14},"frame":{"x":186,"y":63,"w":13,"h":14}}]}],"meta":{"app":"https://www.codeandweb.com/texturepacker","version":"3.0","smartupdate":"$TexturePacker:SmartUpdate:051e54bd9ba93e0ac28c7cd4f34450c9:4e9ddbf941992c4d47010423e46835dd:aab0aae0102cb9f69fc74b2fc24f62e6$"}}