{
	"textures": [
		{
			"image": "default-resources-0.png",
			"format": "RGBA8888",
			"size": {
				"w": 962,
				"h": 962
			},
			"scale": 0.5,
			"frames": [
				{
					"filename": "bg/bg-middle",
					"rotated": false,
					"trimmed": false,
					"sourceSize": {
						"w": 360,
						"h": 425
					},
					"spriteSourceSize": {
						"x": 0,
						"y": 0,
						"w": 360,
						"h": 425
					},
					"frame": {
						"x": 2,
						"y": 2,
						"w": 360,
						"h": 425
					}
				},
				{
					"filename": "leaderboards/bg-top",
					"rotated": false,
					"trimmed": false,
					"sourceSize": {
						"w": 475,
						"h": 84
					},
					"spriteSourceSize": {
						"x": 0,
						"y": 0,
						"w": 475,
						"h": 84
					},
					"frame": {
						"x": 365,
						"y": 2,
						"w": 475,
						"h": 84
					}
				},
				{
					"filename": "leaderboards/bg-bottom",
					"rotated": false,
					"trimmed": false,
					"sourceSize": {
						"w": 475,
						"h": 34
					},
					"spriteSourceSize": {
						"x": 0,
						"y": 0,
						"w": 475,
						"h": 34
					},
					"frame": {
						"x": 365,
						"y": 89,
						"w": 475,
						"h": 34
					}
				},
				{
					"filename": "leaderboards/bg-middle",
					"rotated": false,
					"trimmed": false,
					"sourceSize": {
						"w": 475,
						"h": 24
					},
					"spriteSourceSize": {
						"x": 0,
						"y": 0,
						"w": 475,
						"h": 24
					},
					"frame": {
						"x": 365,
						"y": 126,
						"w": 475,
						"h": 24
					}
				},
				{
					"filename": "footer",
					"rotated": false,
					"trimmed": false,
					"sourceSize": {
						"w": 375,
						"h": 77
					},
					"spriteSourceSize": {
						"x": 0,
						"y": 0,
						"w": 375,
						"h": 77
					},
					"frame": {
						"x": 365,
						"y": 153,
						"w": 375,
						"h": 77
					}
				},
				{
					"filename": "bg/bg-bottom",
					"rotated": false,
					"trimmed": false,
					"sourceSize": {
						"w": 360,
						"h": 56
					},
					"spriteSourceSize": {
						"x": 0,
						"y": 0,
						"w": 360,
						"h": 56
					},
					"frame": {
						"x": 2,
						"y": 430,
						"w": 360,
						"h": 56
					}
				},
				{
					"filename": "bg/bg-top",
					"rotated": false,
					"trimmed": false,
					"sourceSize": {
						"w": 360,
						"h": 56
					},
					"spriteSourceSize": {
						"x": 0,
						"y": 0,
						"w": 360,
						"h": 56
					},
					"frame": {
						"x": 365,
						"y": 233,
						"w": 360,
						"h": 56
					}
				},
				{
					"filename": "daily-challenge/bg",
					"rotated": false,
					"trimmed": false,
					"sourceSize": {
						"w": 260,
						"h": 143
					},
					"spriteSourceSize": {
						"x": 0,
						"y": 0,
						"w": 260,
						"h": 143
					},
					"frame": {
						"x": 2,
						"y": 489,
						"w": 260,
						"h": 143
					}
				},
				{
					"filename": "border-bottom-panel",
					"rotated": false,
					"trimmed": false,
					"sourceSize": {
						"w": 375,
						"h": 18
					},
					"spriteSourceSize": {
						"x": 0,
						"y": 0,
						"w": 375,
						"h": 18
					},
					"frame": {
						"x": 365,
						"y": 292,
						"w": 375,
						"h": 18
					}
				},
				{
					"filename": "leaf",
					"rotated": false,
					"trimmed": false,
					"sourceSize": {
						"w": 282,
						"h": 66
					},
					"spriteSourceSize": {
						"x": 0,
						"y": 0,
						"w": 282,
						"h": 66
					},
					"frame": {
						"x": 365,
						"y": 313,
						"w": 282,
						"h": 66
					}
				},
				{
					"filename": "score-panel",
					"rotated": false,
					"trimmed": false,
					"sourceSize": {
						"w": 263,
						"h": 76
					},
					"spriteSourceSize": {
						"x": 0,
						"y": 0,
						"w": 263,
						"h": 76
					},
					"frame": {
						"x": 365,
						"y": 382,
						"w": 263,
						"h": 76
					}
				},
				{
					"filename": "popup/middle",
					"rotated": false,
					"trimmed": false,
					"sourceSize": {
						"w": 216,
						"h": 114
					},
					"spriteSourceSize": {
						"x": 0,
						"y": 0,
						"w": 216,
						"h": 114
					},
					"frame": {
						"x": 2,
						"y": 635,
						"w": 216,
						"h": 114
					}
				},
				{
					"filename": "lives/heart",
					"rotated": false,
					"trimmed": false,
					"sourceSize": {
						"w": 170,
						"h": 140
					},
					"spriteSourceSize": {
						"x": 0,
						"y": 0,
						"w": 170,
						"h": 140
					},
					"frame": {
						"x": 2,
						"y": 752,
						"w": 170,
						"h": 140
					}
				},
				{
					"filename": "texts/next-milestone",
					"rotated": false,
					"trimmed": false,
					"sourceSize": {
						"w": 260,
						"h": 27
					},
					"spriteSourceSize": {
						"x": 0,
						"y": 0,
						"w": 260,
						"h": 27
					},
					"frame": {
						"x": 365,
						"y": 461,
						"w": 260,
						"h": 27
					}
				},
				{
					"filename": "bg-progress-circle",
					"rotated": false,
					"trimmed": false,
					"sourceSize": {
						"w": 116,
						"h": 116
					},
					"spriteSourceSize": {
						"x": 0,
						"y": 0,
						"w": 116,
						"h": 116
					},
					"frame": {
						"x": 843,
						"y": 2,
						"w": 116,
						"h": 116
					}
				},
				{
					"filename": "buttons/dark-blue",
					"rotated": false,
					"trimmed": false,
					"sourceSize": {
						"w": 183,
						"h": 54
					},
					"spriteSourceSize": {
						"x": 0,
						"y": 0,
						"w": 183,
						"h": 54
					},
					"frame": {
						"x": 2,
						"y": 895,
						"w": 183,
						"h": 54
					}
				},
				{
					"filename": "popup/background",
					"rotated": false,
					"trimmed": false,
					"sourceSize": {
						"w": 198,
						"h": 111
					},
					"spriteSourceSize": {
						"x": 0,
						"y": 0,
						"w": 198,
						"h": 111
					},
					"frame": {
						"x": 265,
						"y": 491,
						"w": 198,
						"h": 111
					}
				},
				{
					"filename": "best-score-frame-long",
					"rotated": false,
					"trimmed": false,
					"sourceSize": {
						"w": 193,
						"h": 77
					},
					"spriteSourceSize": {
						"x": 0,
						"y": 0,
						"w": 193,
						"h": 77
					},
					"frame": {
						"x": 466,
						"y": 491,
						"w": 193,
						"h": 77
					}
				},
				{
					"filename": "daily-challenge/bg-item-dark",
					"rotated": false,
					"trimmed": false,
					"sourceSize": {
						"w": 254,
						"h": 41
					},
					"spriteSourceSize": {
						"x": 0,
						"y": 0,
						"w": 254,
						"h": 41
					},
					"frame": {
						"x": 265,
						"y": 605,
						"w": 254,
						"h": 41
					}
				},
				{
					"filename": "daily-challenge/bg-item-light",
					"rotated": false,
					"trimmed": false,
					"sourceSize": {
						"w": 254,
						"h": 41
					},
					"spriteSourceSize": {
						"x": 0,
						"y": 0,
						"w": 254,
						"h": 41
					},
					"frame": {
						"x": 221,
						"y": 649,
						"w": 254,
						"h": 41
					}
				},
				{
					"filename": "border-daily",
					"rotated": false,
					"trimmed": false,
					"sourceSize": {
						"w": 259,
						"h": 26
					},
					"spriteSourceSize": {
						"x": 0,
						"y": 0,
						"w": 259,
						"h": 26
					},
					"frame": {
						"x": 221,
						"y": 693,
						"w": 259,
						"h": 26
					}
				},
				{
					"filename": "daily-challenge/bottom-panel",
					"rotated": false,
					"trimmed": false,
					"sourceSize": {
						"w": 261,
						"h": 15
					},
					"spriteSourceSize": {
						"x": 0,
						"y": 0,
						"w": 261,
						"h": 15
					},
					"frame": {
						"x": 221,
						"y": 722,
						"w": 261,
						"h": 15
					}
				},
				{
					"filename": "daily-challenge/top-panel",
					"rotated": false,
					"trimmed": false,
					"sourceSize": {
						"w": 261,
						"h": 15
					},
					"spriteSourceSize": {
						"x": 0,
						"y": 0,
						"w": 261,
						"h": 15
					},
					"frame": {
						"x": 221,
						"y": 740,
						"w": 261,
						"h": 15
					}
				},
				{
					"filename": "leaderboards/bg-item",
					"rotated": false,
					"trimmed": false,
					"sourceSize": {
						"w": 159,
						"h": 31
					},
					"spriteSourceSize": {
						"x": 0,
						"y": 0,
						"w": 159,
						"h": 31
					},
					"frame": {
						"x": 466,
						"y": 571,
						"w": 159,
						"h": 31
					}
				},
				{
					"filename": "daily-challenge/middle-panel",
					"rotated": false,
					"trimmed": false,
					"sourceSize": {
						"w": 261,
						"h": 13
					},
					"spriteSourceSize": {
						"x": 0,
						"y": 0,
						"w": 261,
						"h": 13
					},
					"frame": {
						"x": 175,
						"y": 758,
						"w": 261,
						"h": 13
					}
				},
				{
					"filename": "popup/top-dark",
					"rotated": false,
					"trimmed": false,
					"sourceSize": {
						"w": 216,
						"h": 45
					},
					"spriteSourceSize": {
						"x": 0,
						"y": 0,
						"w": 216,
						"h": 45
					},
					"frame": {
						"x": 175,
						"y": 774,
						"w": 216,
						"h": 45
					}
				},
				{
					"filename": "popup/top",
					"rotated": false,
					"trimmed": false,
					"sourceSize": {
						"w": 216,
						"h": 45
					},
					"spriteSourceSize": {
						"x": 0,
						"y": 0,
						"w": 216,
						"h": 45
					},
					"frame": {
						"x": 175,
						"y": 822,
						"w": 216,
						"h": 45
					}
				},
				{
					"filename": "texts/daily-challenge",
					"rotated": false,
					"trimmed": false,
					"sourceSize": {
						"w": 235,
						"h": 22
					},
					"spriteSourceSize": {
						"x": 0,
						"y": 0,
						"w": 235,
						"h": 22
					},
					"frame": {
						"x": 175,
						"y": 870,
						"w": 235,
						"h": 22
					}
				},
				{
					"filename": "texts/keep-playing",
					"rotated": false,
					"trimmed": false,
					"sourceSize": {
						"w": 226,
						"h": 18
					},
					"spriteSourceSize": {
						"x": 0,
						"y": 0,
						"w": 226,
						"h": 18
					},
					"frame": {
						"x": 188,
						"y": 895,
						"w": 226,
						"h": 18
					}
				},
				{
					"filename": "lives/time-block",
					"rotated": false,
					"trimmed": false,
					"sourceSize": {
						"w": 173,
						"h": 44
					},
					"spriteSourceSize": {
						"x": 0,
						"y": 0,
						"w": 173,
						"h": 44
					},
					"frame": {
						"x": 188,
						"y": 916,
						"w": 173,
						"h": 44
					}
				},
				{
					"filename": "bg/bg-dark",
					"rotated": false,
					"trimmed": false,
					"sourceSize": {
						"w": 122,
						"h": 152
					},
					"spriteSourceSize": {
						"x": 0,
						"y": 0,
						"w": 122,
						"h": 152
					},
					"frame": {
						"x": 743,
						"y": 153,
						"w": 122,
						"h": 152
					}
				},
				{
					"filename": "bottom-panel",
					"rotated": false,
					"trimmed": false,
					"sourceSize": {
						"w": 141,
						"h": 86
					},
					"spriteSourceSize": {
						"x": 0,
						"y": 0,
						"w": 141,
						"h": 86
					},
					"frame": {
						"x": 650,
						"y": 313,
						"w": 141,
						"h": 86
					}
				},
				{
					"filename": "lives/time-block-2",
					"rotated": false,
					"trimmed": false,
					"sourceSize": {
						"w": 182,
						"h": 54
					},
					"spriteSourceSize": {
						"x": 0,
						"y": 0,
						"w": 182,
						"h": 54
					},
					"frame": {
						"x": 631,
						"y": 402,
						"w": 182,
						"h": 54
					}
				},
				{
					"filename": "popup/bottom",
					"rotated": false,
					"trimmed": false,
					"sourceSize": {
						"w": 216,
						"h": 14
					},
					"spriteSourceSize": {
						"x": 0,
						"y": 0,
						"w": 216,
						"h": 14
					},
					"frame": {
						"x": 631,
						"y": 459,
						"w": 216,
						"h": 14
					}
				},
				{
					"filename": "buttons/green-large",
					"rotated": false,
					"trimmed": false,
					"sourceSize": {
						"w": 165,
						"h": 54
					},
					"spriteSourceSize": {
						"x": 0,
						"y": 0,
						"w": 165,
						"h": 54
					},
					"frame": {
						"x": 662,
						"y": 476,
						"w": 165,
						"h": 54
					}
				},
				{
					"filename": "buttons/brown",
					"rotated": false,
					"trimmed": false,
					"sourceSize": {
						"w": 165,
						"h": 41
					},
					"spriteSourceSize": {
						"x": 0,
						"y": 0,
						"w": 165,
						"h": 41
					},
					"frame": {
						"x": 662,
						"y": 533,
						"w": 165,
						"h": 41
					}
				},
				{
					"filename": "texts/first-milestone",
					"rotated": false,
					"trimmed": false,
					"sourceSize": {
						"w": 198,
						"h": 27
					},
					"spriteSourceSize": {
						"x": 0,
						"y": 0,
						"w": 198,
						"h": 27
					},
					"frame": {
						"x": 628,
						"y": 577,
						"w": 198,
						"h": 27
					}
				},
				{
					"filename": "avatar/border-big",
					"rotated": false,
					"trimmed": false,
					"sourceSize": {
						"w": 88,
						"h": 88
					},
					"spriteSourceSize": {
						"x": 0,
						"y": 0,
						"w": 88,
						"h": 88
					},
					"frame": {
						"x": 794,
						"y": 308,
						"w": 88,
						"h": 88
					}
				},
				{
					"filename": "leaderboards/bg-item-0",
					"rotated": false,
					"trimmed": false,
					"sourceSize": {
						"w": 116,
						"h": 23
					},
					"spriteSourceSize": {
						"x": 0,
						"y": 0,
						"w": 116,
						"h": 23
					},
					"frame": {
						"x": 843,
						"y": 121,
						"w": 116,
						"h": 23
					}
				},
				{
					"filename": "preloader/dual-ring",
					"rotated": false,
					"trimmed": true,
					"sourceSize": {
						"w": 100,
						"h": 100
					},
					"spriteSourceSize": {
						"x": 13,
						"y": 13,
						"w": 74,
						"h": 74
					},
					"frame": {
						"x": 868,
						"y": 147,
						"w": 74,
						"h": 74
					}
				},
				{
					"filename": "avatar/border",
					"rotated": false,
					"trimmed": true,
					"sourceSize": {
						"w": 69,
						"h": 72
					},
					"spriteSourceSize": {
						"x": 0,
						"y": 1,
						"w": 69,
						"h": 71
					},
					"frame": {
						"x": 868,
						"y": 224,
						"w": 69,
						"h": 71
					}
				},
				{
					"filename": "icon-journey",
					"rotated": false,
					"trimmed": false,
					"sourceSize": {
						"w": 75,
						"h": 61
					},
					"spriteSourceSize": {
						"x": 0,
						"y": 0,
						"w": 75,
						"h": 61
					},
					"frame": {
						"x": 885,
						"y": 298,
						"w": 75,
						"h": 61
					}
				},
				{
					"filename": "buttons/dark-blue-big",
					"rotated": false,
					"trimmed": false,
					"sourceSize": {
						"w": 90,
						"h": 41
					},
					"spriteSourceSize": {
						"x": 0,
						"y": 0,
						"w": 90,
						"h": 41
					},
					"frame": {
						"x": 522,
						"y": 605,
						"w": 90,
						"h": 41
					}
				},
				{
					"filename": "texts/level-failed",
					"rotated": false,
					"trimmed": false,
					"sourceSize": {
						"w": 207,
						"h": 21
					},
					"spriteSourceSize": {
						"x": 0,
						"y": 0,
						"w": 207,
						"h": 21
					},
					"frame": {
						"x": 615,
						"y": 607,
						"w": 207,
						"h": 21
					}
				},
				{
					"filename": "texts/waiting-for-opponent",
					"rotated": false,
					"trimmed": false,
					"sourceSize": {
						"w": 188,
						"h": 21
					},
					"spriteSourceSize": {
						"x": 0,
						"y": 0,
						"w": 188,
						"h": 21
					},
					"frame": {
						"x": 615,
						"y": 631,
						"w": 188,
						"h": 21
					}
				},
				{
					"filename": "buttons/green",
					"rotated": false,
					"trimmed": false,
					"sourceSize": {
						"w": 119,
						"h": 41
					},
					"spriteSourceSize": {
						"x": 0,
						"y": 0,
						"w": 119,
						"h": 41
					},
					"frame": {
						"x": 478,
						"y": 649,
						"w": 119,
						"h": 41
					}
				},
				{
					"filename": "texts/invite-friends",
					"rotated": false,
					"trimmed": false,
					"sourceSize": {
						"w": 186,
						"h": 16
					},
					"spriteSourceSize": {
						"x": 0,
						"y": 0,
						"w": 186,
						"h": 16
					},
					"frame": {
						"x": 600,
						"y": 655,
						"w": 186,
						"h": 16
					}
				},
				{
					"filename": "texts/play-with",
					"rotated": false,
					"trimmed": false,
					"sourceSize": {
						"w": 176,
						"h": 23
					},
					"spriteSourceSize": {
						"x": 0,
						"y": 0,
						"w": 176,
						"h": 23
					},
					"frame": {
						"x": 600,
						"y": 674,
						"w": 176,
						"h": 23
					}
				},
				{
					"filename": "texts/congratulations",
					"rotated": false,
					"trimmed": false,
					"sourceSize": {
						"w": 109,
						"h": 22
					},
					"spriteSourceSize": {
						"x": 0,
						"y": 0,
						"w": 109,
						"h": 22
					},
					"frame": {
						"x": 483,
						"y": 693,
						"w": 109,
						"h": 22
					}
				},
				{
					"filename": "texts/no-thank",
					"rotated": false,
					"trimmed": false,
					"sourceSize": {
						"w": 157,
						"h": 15
					},
					"spriteSourceSize": {
						"x": 0,
						"y": 0,
						"w": 157,
						"h": 15
					},
					"frame": {
						"x": 595,
						"y": 700,
						"w": 157,
						"h": 15
					}
				},
				{
					"filename": "popup/score-panel",
					"rotated": false,
					"trimmed": false,
					"sourceSize": {
						"w": 150,
						"h": 46
					},
					"spriteSourceSize": {
						"x": 0,
						"y": 0,
						"w": 150,
						"h": 46
					},
					"frame": {
						"x": 485,
						"y": 718,
						"w": 150,
						"h": 46
					}
				},
				{
					"filename": "daily-challenge/title-panel",
					"rotated": false,
					"trimmed": false,
					"sourceSize": {
						"w": 141,
						"h": 35
					},
					"spriteSourceSize": {
						"x": 0,
						"y": 0,
						"w": 141,
						"h": 35
					},
					"frame": {
						"x": 638,
						"y": 718,
						"w": 141,
						"h": 35
					}
				},
				{
					"filename": "wood-panel",
					"rotated": false,
					"trimmed": false,
					"sourceSize": {
						"w": 151,
						"h": 28
					},
					"spriteSourceSize": {
						"x": 0,
						"y": 0,
						"w": 151,
						"h": 28
					},
					"frame": {
						"x": 638,
						"y": 756,
						"w": 151,
						"h": 28
					}
				},
				{
					"filename": "best-score-frame",
					"rotated": false,
					"trimmed": false,
					"sourceSize": {
						"w": 56,
						"h": 76
					},
					"spriteSourceSize": {
						"x": 0,
						"y": 0,
						"w": 56,
						"h": 76
					},
					"frame": {
						"x": 394,
						"y": 774,
						"w": 56,
						"h": 76
					}
				},
				{
					"filename": "texts/leader-board",
					"rotated": false,
					"trimmed": false,
					"sourceSize": {
						"w": 154,
						"h": 18
					},
					"spriteSourceSize": {
						"x": 0,
						"y": 0,
						"w": 154,
						"h": 18
					},
					"frame": {
						"x": 453,
						"y": 767,
						"w": 154,
						"h": 18
					}
				},
				{
					"filename": "texts/win",
					"rotated": false,
					"trimmed": false,
					"sourceSize": {
						"w": 139,
						"h": 22
					},
					"spriteSourceSize": {
						"x": 0,
						"y": 0,
						"w": 139,
						"h": 22
					},
					"frame": {
						"x": 453,
						"y": 788,
						"w": 139,
						"h": 22
					}
				},
				{
					"filename": "texts/second-chance",
					"rotated": false,
					"trimmed": false,
					"sourceSize": {
						"w": 131,
						"h": 27
					},
					"spriteSourceSize": {
						"x": 0,
						"y": 0,
						"w": 131,
						"h": 27
					},
					"frame": {
						"x": 453,
						"y": 813,
						"w": 131,
						"h": 27
					}
				},
				{
					"filename": "texts/lose",
					"rotated": false,
					"trimmed": false,
					"sourceSize": {
						"w": 132,
						"h": 25
					},
					"spriteSourceSize": {
						"x": 0,
						"y": 0,
						"w": 132,
						"h": 25
					},
					"frame": {
						"x": 453,
						"y": 843,
						"w": 132,
						"h": 25
					}
				},
				{
					"filename": "texts/refill-lives",
					"rotated": false,
					"trimmed": false,
					"sourceSize": {
						"w": 130,
						"h": 18
					},
					"spriteSourceSize": {
						"x": 0,
						"y": 0,
						"w": 130,
						"h": 18
					},
					"frame": {
						"x": 413,
						"y": 871,
						"w": 130,
						"h": 18
					}
				},
				{
					"filename": "texts/replay",
					"rotated": false,
					"trimmed": false,
					"sourceSize": {
						"w": 126,
						"h": 18
					},
					"spriteSourceSize": {
						"x": 0,
						"y": 0,
						"w": 126,
						"h": 18
					},
					"frame": {
						"x": 417,
						"y": 892,
						"w": 126,
						"h": 18
					}
				},
				{
					"filename": "texts/text-next-level",
					"rotated": false,
					"trimmed": false,
					"sourceSize": {
						"w": 131,
						"h": 17
					},
					"spriteSourceSize": {
						"x": 0,
						"y": 0,
						"w": 131,
						"h": 17
					},
					"frame": {
						"x": 417,
						"y": 913,
						"w": 131,
						"h": 17
					}
				},
				{
					"filename": "bg/level-played",
					"rotated": false,
					"trimmed": false,
					"sourceSize": {
						"w": 50,
						"h": 41
					},
					"spriteSourceSize": {
						"x": 0,
						"y": 0,
						"w": 50,
						"h": 41
					},
					"frame": {
						"x": 364,
						"y": 916,
						"w": 50,
						"h": 41
					}
				},
				{
					"filename": "leaderboards/bg-item-1",
					"rotated": false,
					"trimmed": false,
					"sourceSize": {
						"w": 116,
						"h": 23
					},
					"spriteSourceSize": {
						"x": 0,
						"y": 0,
						"w": 116,
						"h": 23
					},
					"frame": {
						"x": 417,
						"y": 933,
						"w": 116,
						"h": 23
					}
				},
				{
					"filename": "avatar/background",
					"rotated": false,
					"trimmed": false,
					"sourceSize": {
						"w": 53,
						"h": 54
					},
					"spriteSourceSize": {
						"x": 0,
						"y": 0,
						"w": 53,
						"h": 54
					},
					"frame": {
						"x": 816,
						"y": 399,
						"w": 53,
						"h": 54
					}
				},
				{
					"filename": "avatar/border-challenge",
					"rotated": false,
					"trimmed": false,
					"sourceSize": {
						"w": 60,
						"h": 59
					},
					"spriteSourceSize": {
						"x": 0,
						"y": 0,
						"w": 60,
						"h": 59
					},
					"frame": {
						"x": 885,
						"y": 362,
						"w": 60,
						"h": 59
					}
				},
				{
					"filename": "texts/start-over",
					"rotated": false,
					"trimmed": false,
					"sourceSize": {
						"w": 119,
						"h": 18
					},
					"spriteSourceSize": {
						"x": 0,
						"y": 0,
						"w": 119,
						"h": 18
					},
					"frame": {
						"x": 610,
						"y": 787,
						"w": 119,
						"h": 18
					}
				},
				{
					"filename": "bg-combo",
					"rotated": false,
					"trimmed": true,
					"sourceSize": {
						"w": 106,
						"h": 44
					},
					"spriteSourceSize": {
						"x": 0,
						"y": 4,
						"w": 106,
						"h": 40
					},
					"frame": {
						"x": 595,
						"y": 808,
						"w": 106,
						"h": 40
					}
				},
				{
					"filename": "bg-streak",
					"rotated": false,
					"trimmed": true,
					"sourceSize": {
						"w": 106,
						"h": 44
					},
					"spriteSourceSize": {
						"x": 0,
						"y": 4,
						"w": 106,
						"h": 40
					},
					"frame": {
						"x": 588,
						"y": 851,
						"w": 106,
						"h": 40
					}
				},
				{
					"filename": "texts/draw",
					"rotated": false,
					"trimmed": false,
					"sourceSize": {
						"w": 39,
						"h": 31
					},
					"spriteSourceSize": {
						"x": 0,
						"y": 0,
						"w": 39,
						"h": 31
					},
					"frame": {
						"x": 546,
						"y": 871,
						"w": 39,
						"h": 31
					}
				},
				{
					"filename": "texts/text-retry",
					"rotated": false,
					"trimmed": false,
					"sourceSize": {
						"w": 105,
						"h": 16
					},
					"spriteSourceSize": {
						"x": 0,
						"y": 0,
						"w": 105,
						"h": 16
					},
					"frame": {
						"x": 588,
						"y": 894,
						"w": 105,
						"h": 16
					}
				},
				{
					"filename": "bg/level-playing",
					"rotated": false,
					"trimmed": false,
					"sourceSize": {
						"w": 57,
						"h": 47
					},
					"spriteSourceSize": {
						"x": 0,
						"y": 0,
						"w": 57,
						"h": 47
					},
					"frame": {
						"x": 551,
						"y": 913,
						"w": 57,
						"h": 47
					}
				},
				{
					"filename": "buttons/green-big",
					"rotated": false,
					"trimmed": false,
					"sourceSize": {
						"w": 90,
						"h": 41
					},
					"spriteSourceSize": {
						"x": 0,
						"y": 0,
						"w": 90,
						"h": 41
					},
					"frame": {
						"x": 611,
						"y": 913,
						"w": 90,
						"h": 41
					}
				},
				{
					"filename": "texts/result",
					"rotated": false,
					"trimmed": false,
					"sourceSize": {
						"w": 86,
						"h": 26
					},
					"spriteSourceSize": {
						"x": 0,
						"y": 0,
						"w": 86,
						"h": 26
					},
					"frame": {
						"x": 872,
						"y": 424,
						"w": 86,
						"h": 26
					}
				},
				{
					"filename": "daily-challenge/time-panel",
					"rotated": false,
					"trimmed": false,
					"sourceSize": {
						"w": 85,
						"h": 24
					},
					"spriteSourceSize": {
						"x": 0,
						"y": 0,
						"w": 85,
						"h": 24
					},
					"frame": {
						"x": 872,
						"y": 453,
						"w": 85,
						"h": 24
					}
				},
				{
					"filename": "texts/out-of-live",
					"rotated": false,
					"trimmed": false,
					"sourceSize": {
						"w": 104,
						"h": 23
					},
					"spriteSourceSize": {
						"x": 0,
						"y": 0,
						"w": 104,
						"h": 23
					},
					"frame": {
						"x": 830,
						"y": 480,
						"w": 104,
						"h": 23
					}
				},
				{
					"filename": "buttons/dark-blue-small",
					"rotated": false,
					"trimmed": false,
					"sourceSize": {
						"w": 89,
						"h": 37
					},
					"spriteSourceSize": {
						"x": 0,
						"y": 0,
						"w": 89,
						"h": 37
					},
					"frame": {
						"x": 830,
						"y": 506,
						"w": 89,
						"h": 37
					}
				},
				{
					"filename": "score-panel-dark",
					"rotated": false,
					"trimmed": false,
					"sourceSize": {
						"w": 94,
						"h": 26
					},
					"spriteSourceSize": {
						"x": 0,
						"y": 0,
						"w": 94,
						"h": 26
					},
					"frame": {
						"x": 830,
						"y": 546,
						"w": 94,
						"h": 26
					}
				},
				{
					"filename": "texts/friends-disable",
					"rotated": false,
					"trimmed": false,
					"sourceSize": {
						"w": 94,
						"h": 16
					},
					"spriteSourceSize": {
						"x": 0,
						"y": 0,
						"w": 94,
						"h": 16
					},
					"frame": {
						"x": 830,
						"y": 575,
						"w": 94,
						"h": 16
					}
				},
				{
					"filename": "texts/text-journey",
					"rotated": false,
					"trimmed": false,
					"sourceSize": {
						"w": 100,
						"h": 18
					},
					"spriteSourceSize": {
						"x": 0,
						"y": 0,
						"w": 100,
						"h": 18
					},
					"frame": {
						"x": 829,
						"y": 594,
						"w": 100,
						"h": 18
					}
				},
				{
					"filename": "texts/play-single",
					"rotated": false,
					"trimmed": false,
					"sourceSize": {
						"w": 103,
						"h": 18
					},
					"spriteSourceSize": {
						"x": 0,
						"y": 0,
						"w": 103,
						"h": 18
					},
					"frame": {
						"x": 825,
						"y": 615,
						"w": 103,
						"h": 18
					}
				},
				{
					"filename": "texts/friends",
					"rotated": false,
					"trimmed": false,
					"sourceSize": {
						"w": 94,
						"h": 16
					},
					"spriteSourceSize": {
						"x": 0,
						"y": 0,
						"w": 94,
						"h": 16
					},
					"frame": {
						"x": 806,
						"y": 636,
						"w": 94,
						"h": 16
					}
				},
				{
					"filename": "texts/setting",
					"rotated": false,
					"trimmed": false,
					"sourceSize": {
						"w": 93,
						"h": 18
					},
					"spriteSourceSize": {
						"x": 0,
						"y": 0,
						"w": 93,
						"h": 18
					},
					"frame": {
						"x": 789,
						"y": 655,
						"w": 93,
						"h": 18
					}
				},
				{
					"filename": "texts/your-score",
					"rotated": false,
					"trimmed": false,
					"sourceSize": {
						"w": 85,
						"h": 18
					},
					"spriteSourceSize": {
						"x": 0,
						"y": 0,
						"w": 85,
						"h": 18
					},
					"frame": {
						"x": 779,
						"y": 676,
						"w": 85,
						"h": 18
					}
				},
				{
					"filename": "texts/continue",
					"rotated": false,
					"trimmed": false,
					"sourceSize": {
						"w": 85,
						"h": 15
					},
					"spriteSourceSize": {
						"x": 0,
						"y": 0,
						"w": 85,
						"h": 15
					},
					"frame": {
						"x": 779,
						"y": 697,
						"w": 85,
						"h": 15
					}
				},
				{
					"filename": "buttons/skip",
					"rotated": false,
					"trimmed": false,
					"sourceSize": {
						"w": 60,
						"h": 36
					},
					"spriteSourceSize": {
						"x": 0,
						"y": 0,
						"w": 60,
						"h": 36
					},
					"frame": {
						"x": 782,
						"y": 715,
						"w": 60,
						"h": 36
					}
				},
				{
					"filename": "bg/level-locked",
					"rotated": false,
					"trimmed": false,
					"sourceSize": {
						"w": 51,
						"h": 42
					},
					"spriteSourceSize": {
						"x": 0,
						"y": 0,
						"w": 51,
						"h": 42
					},
					"frame": {
						"x": 792,
						"y": 754,
						"w": 51,
						"h": 42
					}
				},
				{
					"filename": "leaderboards/tab-off",
					"rotated": false,
					"trimmed": false,
					"sourceSize": {
						"w": 57,
						"h": 18
					},
					"spriteSourceSize": {
						"x": 0,
						"y": 0,
						"w": 57,
						"h": 18
					},
					"frame": {
						"x": 732,
						"y": 787,
						"w": 57,
						"h": 18
					}
				},
				{
					"filename": "texts/mission",
					"rotated": false,
					"trimmed": false,
					"sourceSize": {
						"w": 72,
						"h": 22
					},
					"spriteSourceSize": {
						"x": 0,
						"y": 0,
						"w": 72,
						"h": 22
					},
					"frame": {
						"x": 704,
						"y": 808,
						"w": 72,
						"h": 22
					}
				},
				{
					"filename": "texts/text-tutorial",
					"rotated": false,
					"trimmed": false,
					"sourceSize": {
						"w": 71,
						"h": 22
					},
					"spriteSourceSize": {
						"x": 0,
						"y": 0,
						"w": 71,
						"h": 22
					},
					"frame": {
						"x": 704,
						"y": 833,
						"w": 71,
						"h": 22
					}
				},
				{
					"filename": "buttons/toggle-off",
					"rotated": false,
					"trimmed": false,
					"sourceSize": {
						"w": 67,
						"h": 23
					},
					"spriteSourceSize": {
						"x": 0,
						"y": 0,
						"w": 67,
						"h": 23
					},
					"frame": {
						"x": 697,
						"y": 858,
						"w": 67,
						"h": 23
					}
				},
				{
					"filename": "buttons/toggle-on",
					"rotated": false,
					"trimmed": false,
					"sourceSize": {
						"w": 67,
						"h": 23
					},
					"spriteSourceSize": {
						"x": 0,
						"y": 0,
						"w": 67,
						"h": 23
					},
					"frame": {
						"x": 697,
						"y": 884,
						"w": 67,
						"h": 23
					}
				},
				{
					"filename": "texts/no",
					"rotated": false,
					"trimmed": false,
					"sourceSize": {
						"w": 63,
						"h": 18
					},
					"spriteSourceSize": {
						"x": 0,
						"y": 0,
						"w": 63,
						"h": 18
					},
					"frame": {
						"x": 704,
						"y": 910,
						"w": 63,
						"h": 18
					}
				},
				{
					"filename": "buttons/share",
					"rotated": false,
					"trimmed": false,
					"sourceSize": {
						"w": 40,
						"h": 29
					},
					"spriteSourceSize": {
						"x": 0,
						"y": 0,
						"w": 40,
						"h": 29
					},
					"frame": {
						"x": 704,
						"y": 931,
						"w": 40,
						"h": 29
					}
				},
				{
					"filename": "texts/off",
					"rotated": false,
					"trimmed": false,
					"sourceSize": {
						"w": 40,
						"h": 14
					},
					"spriteSourceSize": {
						"x": 0,
						"y": 0,
						"w": 40,
						"h": 14
					},
					"frame": {
						"x": 394,
						"y": 853,
						"w": 40,
						"h": 14
					}
				},
				{
					"filename": "icons/brown-journey",
					"rotated": false,
					"trimmed": false,
					"sourceSize": {
						"w": 23,
						"h": 21
					},
					"spriteSourceSize": {
						"x": 0,
						"y": 0,
						"w": 23,
						"h": 21
					},
					"frame": {
						"x": 937,
						"y": 480,
						"w": 23,
						"h": 21
					}
				},
				{
					"filename": "leaderboards/tab-on",
					"rotated": false,
					"trimmed": false,
					"sourceSize": {
						"w": 57,
						"h": 18
					},
					"spriteSourceSize": {
						"x": 0,
						"y": 0,
						"w": 57,
						"h": 18
					},
					"frame": {
						"x": 903,
						"y": 636,
						"w": 57,
						"h": 18
					}
				},
				{
					"filename": "texts/collect",
					"rotated": false,
					"trimmed": false,
					"sourceSize": {
						"w": 62,
						"h": 15
					},
					"spriteSourceSize": {
						"x": 0,
						"y": 0,
						"w": 62,
						"h": 15
					},
					"frame": {
						"x": 885,
						"y": 657,
						"w": 62,
						"h": 15
					}
				},
				{
					"filename": "texts/start",
					"rotated": false,
					"trimmed": false,
					"sourceSize": {
						"w": 55,
						"h": 19
					},
					"spriteSourceSize": {
						"x": 0,
						"y": 0,
						"w": 55,
						"h": 19
					},
					"frame": {
						"x": 792,
						"y": 799,
						"w": 55,
						"h": 19
					}
				},
				{
					"filename": "texts/text-ranking",
					"rotated": false,
					"trimmed": false,
					"sourceSize": {
						"w": 77,
						"h": 12
					},
					"spriteSourceSize": {
						"x": 0,
						"y": 0,
						"w": 77,
						"h": 12
					},
					"frame": {
						"x": 779,
						"y": 821,
						"w": 77,
						"h": 12
					}
				},
				{
					"filename": "texts/text-share",
					"rotated": false,
					"trimmed": false,
					"sourceSize": {
						"w": 57,
						"h": 18
					},
					"spriteSourceSize": {
						"x": 0,
						"y": 0,
						"w": 57,
						"h": 18
					},
					"frame": {
						"x": 778,
						"y": 836,
						"w": 57,
						"h": 18
					}
				},
				{
					"filename": "buttons/minor",
					"rotated": false,
					"trimmed": false,
					"sourceSize": {
						"w": 41,
						"h": 36
					},
					"spriteSourceSize": {
						"x": 0,
						"y": 0,
						"w": 41,
						"h": 36
					},
					"frame": {
						"x": 845,
						"y": 715,
						"w": 41,
						"h": 36
					}
				},
				{
					"filename": "buttons/challenge_light",
					"rotated": false,
					"trimmed": false,
					"sourceSize": {
						"w": 44,
						"h": 33
					},
					"spriteSourceSize": {
						"x": 0,
						"y": 0,
						"w": 44,
						"h": 33
					},
					"frame": {
						"x": 846,
						"y": 754,
						"w": 44,
						"h": 33
					}
				},
				{
					"filename": "texts/play-with-blue",
					"rotated": false,
					"trimmed": false,
					"sourceSize": {
						"w": 58,
						"h": 9
					},
					"spriteSourceSize": {
						"x": 0,
						"y": 0,
						"w": 58,
						"h": 9
					},
					"frame": {
						"x": 885,
						"y": 675,
						"w": 58,
						"h": 9
					}
				},
				{
					"filename": "icons/rank",
					"rotated": false,
					"trimmed": false,
					"sourceSize": {
						"w": 26,
						"h": 25
					},
					"spriteSourceSize": {
						"x": 0,
						"y": 0,
						"w": 26,
						"h": 25
					},
					"frame": {
						"x": 867,
						"y": 687,
						"w": 26,
						"h": 25
					}
				},
				{
					"filename": "text-target-panel",
					"rotated": false,
					"trimmed": false,
					"sourceSize": {
						"w": 49,
						"h": 23
					},
					"spriteSourceSize": {
						"x": 0,
						"y": 0,
						"w": 49,
						"h": 23
					},
					"frame": {
						"x": 896,
						"y": 687,
						"w": 49,
						"h": 23
					}
				},
				{
					"filename": "icons/vibrate",
					"rotated": false,
					"trimmed": false,
					"sourceSize": {
						"w": 31,
						"h": 37
					},
					"spriteSourceSize": {
						"x": 0,
						"y": 0,
						"w": 31,
						"h": 37
					},
					"frame": {
						"x": 922,
						"y": 506,
						"w": 31,
						"h": 37
					}
				},
				{
					"filename": "icons/music",
					"rotated": false,
					"trimmed": false,
					"sourceSize": {
						"w": 28,
						"h": 31
					},
					"spriteSourceSize": {
						"x": 0,
						"y": 0,
						"w": 28,
						"h": 31
					},
					"frame": {
						"x": 927,
						"y": 546,
						"w": 28,
						"h": 31
					}
				},
				{
					"filename": "buttons/dot-blue",
					"rotated": false,
					"trimmed": false,
					"sourceSize": {
						"w": 28,
						"h": 27
					},
					"spriteSourceSize": {
						"x": 0,
						"y": 0,
						"w": 28,
						"h": 27
					},
					"frame": {
						"x": 932,
						"y": 580,
						"w": 28,
						"h": 27
					}
				},
				{
					"filename": "icons/replay",
					"rotated": false,
					"trimmed": false,
					"sourceSize": {
						"w": 20,
						"h": 24
					},
					"spriteSourceSize": {
						"x": 0,
						"y": 0,
						"w": 20,
						"h": 24
					},
					"frame": {
						"x": 940,
						"y": 224,
						"w": 20,
						"h": 24
					}
				},
				{
					"filename": "texts/yes",
					"rotated": false,
					"trimmed": false,
					"sourceSize": {
						"w": 55,
						"h": 18
					},
					"spriteSourceSize": {
						"x": 0,
						"y": 0,
						"w": 55,
						"h": 18
					},
					"frame": {
						"x": 778,
						"y": 857,
						"w": 55,
						"h": 18
					}
				},
				{
					"filename": "texts/vs",
					"rotated": false,
					"trimmed": false,
					"sourceSize": {
						"w": 48,
						"h": 17
					},
					"spriteSourceSize": {
						"x": 0,
						"y": 0,
						"w": 48,
						"h": 17
					},
					"frame": {
						"x": 767,
						"y": 878,
						"w": 48,
						"h": 17
					}
				},
				{
					"filename": "buttons/play",
					"rotated": false,
					"trimmed": false,
					"sourceSize": {
						"w": 43,
						"h": 33
					},
					"spriteSourceSize": {
						"x": 0,
						"y": 0,
						"w": 43,
						"h": 33
					},
					"frame": {
						"x": 770,
						"y": 898,
						"w": 43,
						"h": 33
					}
				},
				{
					"filename": "buttons/close",
					"rotated": false,
					"trimmed": false,
					"sourceSize": {
						"w": 26,
						"h": 26
					},
					"spriteSourceSize": {
						"x": 0,
						"y": 0,
						"w": 26,
						"h": 26
					},
					"frame": {
						"x": 747,
						"y": 934,
						"w": 26,
						"h": 26
					}
				},
				{
					"filename": "texts/world-disable",
					"rotated": false,
					"trimmed": false,
					"sourceSize": {
						"w": 49,
						"h": 16
					},
					"spriteSourceSize": {
						"x": 0,
						"y": 0,
						"w": 49,
						"h": 16
					},
					"frame": {
						"x": 776,
						"y": 934,
						"w": 49,
						"h": 16
					}
				},
				{
					"filename": "icons/sound",
					"rotated": false,
					"trimmed": false,
					"sourceSize": {
						"w": 31,
						"h": 27
					},
					"spriteSourceSize": {
						"x": 0,
						"y": 0,
						"w": 31,
						"h": 27
					},
					"frame": {
						"x": 850,
						"y": 790,
						"w": 31,
						"h": 27
					}
				},
				{
					"filename": "texts/world",
					"rotated": false,
					"trimmed": false,
					"sourceSize": {
						"w": 49,
						"h": 16
					},
					"spriteSourceSize": {
						"x": 0,
						"y": 0,
						"w": 49,
						"h": 16
					},
					"frame": {
						"x": 896,
						"y": 713,
						"w": 49,
						"h": 16
					}
				},
				{
					"filename": "texts/play",
					"rotated": false,
					"trimmed": false,
					"sourceSize": {
						"w": 49,
						"h": 15
					},
					"spriteSourceSize": {
						"x": 0,
						"y": 0,
						"w": 49,
						"h": 15
					},
					"frame": {
						"x": 889,
						"y": 732,
						"w": 49,
						"h": 15
					}
				},
				{
					"filename": "buttons/random",
					"rotated": false,
					"trimmed": false,
					"sourceSize": {
						"w": 43,
						"h": 33
					},
					"spriteSourceSize": {
						"x": 0,
						"y": 0,
						"w": 43,
						"h": 33
					},
					"frame": {
						"x": 893,
						"y": 750,
						"w": 43,
						"h": 33
					}
				},
				{
					"filename": "icons/crown",
					"rotated": false,
					"trimmed": false,
					"sourceSize": {
						"w": 16,
						"h": 14
					},
					"spriteSourceSize": {
						"x": 0,
						"y": 0,
						"w": 16,
						"h": 14
					},
					"frame": {
						"x": 631,
						"y": 382,
						"w": 16,
						"h": 14
					}
				},
				{
					"filename": "texts/on",
					"rotated": false,
					"trimmed": false,
					"sourceSize": {
						"w": 28,
						"h": 14
					},
					"spriteSourceSize": {
						"x": 0,
						"y": 0,
						"w": 28,
						"h": 14
					},
					"frame": {
						"x": 932,
						"y": 610,
						"w": 28,
						"h": 14
					}
				},
				{
					"filename": "icons/plus",
					"rotated": false,
					"trimmed": false,
					"sourceSize": {
						"w": 21,
						"h": 22
					},
					"spriteSourceSize": {
						"x": 0,
						"y": 0,
						"w": 21,
						"h": 22
					},
					"frame": {
						"x": 939,
						"y": 750,
						"w": 21,
						"h": 22
					}
				},
				{
					"filename": "buttons/circle-button",
					"rotated": false,
					"trimmed": false,
					"sourceSize": {
						"w": 21,
						"h": 21
					},
					"spriteSourceSize": {
						"x": 0,
						"y": 0,
						"w": 21,
						"h": 21
					},
					"frame": {
						"x": 939,
						"y": 775,
						"w": 21,
						"h": 21
					}
				},
				{
					"filename": "icons/share",
					"rotated": false,
					"trimmed": false,
					"sourceSize": {
						"w": 18,
						"h": 24
					},
					"spriteSourceSize": {
						"x": 0,
						"y": 0,
						"w": 18,
						"h": 24
					},
					"frame": {
						"x": 940,
						"y": 251,
						"w": 18,
						"h": 24
					}
				},
				{
					"filename": "icons/crown-big",
					"rotated": false,
					"trimmed": false,
					"sourceSize": {
						"w": 37,
						"h": 35
					},
					"spriteSourceSize": {
						"x": 0,
						"y": 0,
						"w": 37,
						"h": 35
					},
					"frame": {
						"x": 893,
						"y": 786,
						"w": 37,
						"h": 35
					}
				},
				{
					"filename": "icons/retry",
					"rotated": false,
					"trimmed": false,
					"sourceSize": {
						"w": 25,
						"h": 27
					},
					"spriteSourceSize": {
						"x": 0,
						"y": 0,
						"w": 25,
						"h": 27
					},
					"frame": {
						"x": 933,
						"y": 799,
						"w": 25,
						"h": 27
					}
				},
				{
					"filename": "icons/dot",
					"rotated": false,
					"trimmed": false,
					"sourceSize": {
						"w": 34,
						"h": 35
					},
					"spriteSourceSize": {
						"x": 0,
						"y": 0,
						"w": 34,
						"h": 35
					},
					"frame": {
						"x": 838,
						"y": 836,
						"w": 34,
						"h": 35
					}
				},
				{
					"filename": "icons/icon-daily",
					"rotated": false,
					"trimmed": false,
					"sourceSize": {
						"w": 34,
						"h": 34
					},
					"spriteSourceSize": {
						"x": 0,
						"y": 0,
						"w": 34,
						"h": 34
					},
					"frame": {
						"x": 875,
						"y": 824,
						"w": 34,
						"h": 34
					}
				},
				{
					"filename": "icons/icon-journey",
					"rotated": false,
					"trimmed": false,
					"sourceSize": {
						"w": 37,
						"h": 31
					},
					"spriteSourceSize": {
						"x": 0,
						"y": 0,
						"w": 37,
						"h": 31
					},
					"frame": {
						"x": 912,
						"y": 829,
						"w": 37,
						"h": 31
					}
				},
				{
					"filename": "buttons/dot-green",
					"rotated": false,
					"trimmed": false,
					"sourceSize": {
						"w": 28,
						"h": 27
					},
					"spriteSourceSize": {
						"x": 0,
						"y": 0,
						"w": 28,
						"h": 27
					},
					"frame": {
						"x": 875,
						"y": 861,
						"w": 28,
						"h": 27
					}
				},
				{
					"filename": "icons/play-green",
					"rotated": false,
					"trimmed": false,
					"sourceSize": {
						"w": 24,
						"h": 24
					},
					"spriteSourceSize": {
						"x": 0,
						"y": 0,
						"w": 24,
						"h": 24
					},
					"frame": {
						"x": 906,
						"y": 863,
						"w": 24,
						"h": 24
					}
				},
				{
					"filename": "icons/play",
					"rotated": false,
					"trimmed": false,
					"sourceSize": {
						"w": 24,
						"h": 24
					},
					"spriteSourceSize": {
						"x": 0,
						"y": 0,
						"w": 24,
						"h": 24
					},
					"frame": {
						"x": 933,
						"y": 863,
						"w": 24,
						"h": 24
					}
				},
				{
					"filename": "icons/sword-blue",
					"rotated": false,
					"trimmed": false,
					"sourceSize": {
						"w": 18,
						"h": 16
					},
					"spriteSourceSize": {
						"x": 0,
						"y": 0,
						"w": 18,
						"h": 16
					},
					"frame": {
						"x": 610,
						"y": 767,
						"w": 18,
						"h": 16
					}
				},
				{
					"filename": "icons/share-blue",
					"rotated": false,
					"trimmed": false,
					"sourceSize": {
						"w": 16,
						"h": 22
					},
					"spriteSourceSize": {
						"x": 0,
						"y": 0,
						"w": 16,
						"h": 22
					},
					"frame": {
						"x": 818,
						"y": 878,
						"w": 16,
						"h": 22
					}
				},
				{
					"filename": "icons/home",
					"rotated": false,
					"trimmed": false,
					"sourceSize": {
						"w": 24,
						"h": 22
					},
					"spriteSourceSize": {
						"x": 0,
						"y": 0,
						"w": 24,
						"h": 22
					},
					"frame": {
						"x": 837,
						"y": 874,
						"w": 24,
						"h": 22
					}
				},
				{
					"filename": "icons/flat-ad",
					"rotated": false,
					"trimmed": false,
					"sourceSize": {
						"w": 24,
						"h": 21
					},
					"spriteSourceSize": {
						"x": 0,
						"y": 0,
						"w": 24,
						"h": 21
					},
					"frame": {
						"x": 816,
						"y": 903,
						"w": 24,
						"h": 21
					}
				},
				{
					"filename": "icons/battle",
					"rotated": false,
					"trimmed": false,
					"sourceSize": {
						"w": 22,
						"h": 21
					},
					"spriteSourceSize": {
						"x": 0,
						"y": 0,
						"w": 22,
						"h": 21
					},
					"frame": {
						"x": 843,
						"y": 899,
						"w": 22,
						"h": 21
					}
				},
				{
					"filename": "icons/clock",
					"rotated": false,
					"trimmed": false,
					"sourceSize": {
						"w": 17,
						"h": 18
					},
					"spriteSourceSize": {
						"x": 0,
						"y": 0,
						"w": 17,
						"h": 18
					},
					"frame": {
						"x": 850,
						"y": 456,
						"w": 17,
						"h": 18
					}
				},
				{
					"filename": "icons/back",
					"rotated": false,
					"trimmed": false,
					"sourceSize": {
						"w": 25,
						"h": 19
					},
					"spriteSourceSize": {
						"x": 0,
						"y": 0,
						"w": 25,
						"h": 19
					},
					"frame": {
						"x": 868,
						"y": 891,
						"w": 25,
						"h": 19
					}
				},
				{
					"filename": "icons/sword",
					"rotated": false,
					"trimmed": false,
					"sourceSize": {
						"w": 23,
						"h": 19
					},
					"spriteSourceSize": {
						"x": 0,
						"y": 0,
						"w": 23,
						"h": 19
					},
					"frame": {
						"x": 868,
						"y": 913,
						"w": 23,
						"h": 19
					}
				},
				{
					"filename": "icons/check",
					"rotated": false,
					"trimmed": false,
					"sourceSize": {
						"w": 22,
						"h": 18
					},
					"spriteSourceSize": {
						"x": 0,
						"y": 0,
						"w": 22,
						"h": 18
					},
					"frame": {
						"x": 843,
						"y": 923,
						"w": 22,
						"h": 18
					}
				},
				{
					"filename": "icons/cup-bronze",
					"rotated": false,
					"trimmed": false,
					"sourceSize": {
						"w": 22,
						"h": 18
					},
					"spriteSourceSize": {
						"x": 0,
						"y": 0,
						"w": 22,
						"h": 18
					},
					"frame": {
						"x": 868,
						"y": 935,
						"w": 22,
						"h": 18
					}
				},
				{
					"filename": "icons/i-play",
					"rotated": false,
					"trimmed": false,
					"sourceSize": {
						"w": 16,
						"h": 20
					},
					"spriteSourceSize": {
						"x": 0,
						"y": 0,
						"w": 16,
						"h": 20
					},
					"frame": {
						"x": 896,
						"y": 891,
						"w": 16,
						"h": 20
					}
				},
				{
					"filename": "icons/setting",
					"rotated": false,
					"trimmed": false,
					"sourceSize": {
						"w": 21,
						"h": 21
					},
					"spriteSourceSize": {
						"x": 0,
						"y": 0,
						"w": 21,
						"h": 21
					},
					"frame": {
						"x": 915,
						"y": 890,
						"w": 21,
						"h": 21
					}
				},
				{
					"filename": "icons/white-journey",
					"rotated": false,
					"trimmed": false,
					"sourceSize": {
						"w": 21,
						"h": 20
					},
					"spriteSourceSize": {
						"x": 0,
						"y": 0,
						"w": 21,
						"h": 20
					},
					"frame": {
						"x": 939,
						"y": 890,
						"w": 21,
						"h": 20
					}
				},
				{
					"filename": "icons/cup-gold",
					"rotated": false,
					"trimmed": false,
					"sourceSize": {
						"w": 22,
						"h": 18
					},
					"spriteSourceSize": {
						"x": 0,
						"y": 0,
						"w": 22,
						"h": 18
					},
					"frame": {
						"x": 894,
						"y": 914,
						"w": 22,
						"h": 18
					}
				},
				{
					"filename": "icons/cup-silver",
					"rotated": false,
					"trimmed": false,
					"sourceSize": {
						"w": 22,
						"h": 18
					},
					"spriteSourceSize": {
						"x": 0,
						"y": 0,
						"w": 22,
						"h": 18
					},
					"frame": {
						"x": 893,
						"y": 935,
						"w": 22,
						"h": 18
					}
				}
			]
		}
	],
	"meta": {
		"app": "https://www.codeandweb.com/texturepacker",
		"version": "3.0",
		"smartupdate": "$TexturePacker:SmartUpdate:bd2318f484e2539ce15a183d3217c7e1:a76d14616a04ff6a05632c5671059ab3:1519eb82cfdbe37419578cf3086208cb$"
	}
}
