{"textures":[{"image":"gameplay-32-resources.png","format":"RGBA8888","size":{"w":126,"h":282},"scale":0.5,"frames":[{"filename":"gem/gem_transparent","rotated":false,"trimmed":true,"sourceSize":{"w":36,"h":36},"spriteSourceSize":{"x":0,"y":0,"w":3,"h":3},"frame":{"x":1,"y":1,"w":3,"h":3}},{"filename":"gem/diamond/gem-blue-small","rotated":false,"trimmed":false,"sourceSize":{"w":22,"h":22},"spriteSourceSize":{"x":0,"y":0,"w":22,"h":22},"frame":{"x":6,"y":1,"w":22,"h":22}},{"filename":"gem/diamond/gem-disable-small","rotated":false,"trimmed":false,"sourceSize":{"w":22,"h":22},"spriteSourceSize":{"x":0,"y":0,"w":22,"h":22},"frame":{"x":30,"y":1,"w":22,"h":22}},{"filename":"gem/diamond/gem-green-small","rotated":false,"trimmed":false,"sourceSize":{"w":22,"h":22},"spriteSourceSize":{"x":0,"y":0,"w":22,"h":22},"frame":{"x":54,"y":1,"w":22,"h":22}},{"filename":"gem/diamond/gem-orange-small","rotated":false,"trimmed":false,"sourceSize":{"w":22,"h":22},"spriteSourceSize":{"x":0,"y":0,"w":22,"h":22},"frame":{"x":78,"y":1,"w":22,"h":22}},{"filename":"gem/diamond/gem-pink-small","rotated":false,"trimmed":false,"sourceSize":{"w":22,"h":22},"spriteSourceSize":{"x":0,"y":0,"w":22,"h":22},"frame":{"x":102,"y":1,"w":22,"h":22}},{"filename":"gem/diamond/gem-red-small","rotated":false,"trimmed":false,"sourceSize":{"w":22,"h":22},"spriteSourceSize":{"x":0,"y":0,"w":22,"h":22},"frame":{"x":1,"y":25,"w":22,"h":22}},{"filename":"gem/diamond/gem-violet-small","rotated":false,"trimmed":false,"sourceSize":{"w":22,"h":22},"spriteSourceSize":{"x":0,"y":0,"w":22,"h":22},"frame":{"x":25,"y":25,"w":22,"h":22}},{"filename":"gem/bubbles/blue","rotated":false,"trimmed":false,"sourceSize":{"w":26,"h":26},"spriteSourceSize":{"x":0,"y":0,"w":26,"h":26},"frame":{"x":49,"y":25,"w":26,"h":26}},{"filename":"gem/bubbles/green","rotated":false,"trimmed":false,"sourceSize":{"w":26,"h":26},"spriteSourceSize":{"x":0,"y":0,"w":26,"h":26},"frame":{"x":77,"y":25,"w":26,"h":26}},{"filename":"gem/bubbles/orange","rotated":false,"trimmed":false,"sourceSize":{"w":26,"h":26},"spriteSourceSize":{"x":0,"y":0,"w":26,"h":26},"frame":{"x":1,"y":53,"w":26,"h":26}},{"filename":"gem/bubbles/pink","rotated":false,"trimmed":false,"sourceSize":{"w":26,"h":26},"spriteSourceSize":{"x":0,"y":0,"w":26,"h":26},"frame":{"x":29,"y":53,"w":26,"h":26}},{"filename":"gem/bubbles/violet","rotated":false,"trimmed":false,"sourceSize":{"w":26,"h":26},"spriteSourceSize":{"x":0,"y":0,"w":26,"h":26},"frame":{"x":57,"y":53,"w":26,"h":26}},{"filename":"gem/bubbles/yellow","rotated":false,"trimmed":false,"sourceSize":{"w":26,"h":26},"spriteSourceSize":{"x":0,"y":0,"w":26,"h":26},"frame":{"x":85,"y":53,"w":26,"h":26}},{"filename":"gem/diamond/diamond-yellow","rotated":false,"trimmed":true,"sourceSize":{"w":32,"h":32},"spriteSourceSize":{"x":2,"y":0,"w":28,"h":32},"frame":{"x":1,"y":81,"w":28,"h":32}},{"filename":"gem/diamond/diamond-blue","rotated":false,"trimmed":false,"sourceSize":{"w":32,"h":32},"spriteSourceSize":{"x":0,"y":0,"w":32,"h":32},"frame":{"x":31,"y":81,"w":32,"h":32}},{"filename":"gem/diamond/diamond-purple","rotated":false,"trimmed":false,"sourceSize":{"w":32,"h":32},"spriteSourceSize":{"x":0,"y":0,"w":32,"h":32},"frame":{"x":65,"y":81,"w":32,"h":32}},{"filename":"gem/diamond/diamond-red","rotated":false,"trimmed":true,"sourceSize":{"w":32,"h":32},"spriteSourceSize":{"x":0,"y":1,"w":32,"h":30},"frame":{"x":1,"y":115,"w":32,"h":30}},{"filename":"gem/highlight","rotated":false,"trimmed":true,"sourceSize":{"w":40,"h":40},"spriteSourceSize":{"x":1,"y":1,"w":38,"h":38},"frame":{"x":35,"y":115,"w":38,"h":38}},{"filename":"gem/block","rotated":false,"trimmed":false,"sourceSize":{"w":40,"h":40},"spriteSourceSize":{"x":0,"y":0,"w":40,"h":40},"frame":{"x":75,"y":115,"w":40,"h":40}},{"filename":"gem/diamond/gem-blue-target","rotated":false,"trimmed":false,"sourceSize":{"w":40,"h":40},"spriteSourceSize":{"x":0,"y":0,"w":40,"h":40},"frame":{"x":1,"y":157,"w":40,"h":40}},{"filename":"gem/diamond/gem-blue","rotated":false,"trimmed":false,"sourceSize":{"w":40,"h":40},"spriteSourceSize":{"x":0,"y":0,"w":40,"h":40},"frame":{"x":1,"y":157,"w":40,"h":40}},{"filename":"gem/diamond/gem-disable","rotated":false,"trimmed":false,"sourceSize":{"w":40,"h":40},"spriteSourceSize":{"x":0,"y":0,"w":40,"h":40},"frame":{"x":43,"y":157,"w":40,"h":40}},{"filename":"gem/diamond/gem-green-target","rotated":false,"trimmed":false,"sourceSize":{"w":40,"h":40},"spriteSourceSize":{"x":0,"y":0,"w":40,"h":40},"frame":{"x":85,"y":157,"w":40,"h":40}},{"filename":"gem/diamond/gem-green","rotated":false,"trimmed":false,"sourceSize":{"w":40,"h":40},"spriteSourceSize":{"x":0,"y":0,"w":40,"h":40},"frame":{"x":85,"y":157,"w":40,"h":40}},{"filename":"gem/diamond/gem-orange-target","rotated":false,"trimmed":false,"sourceSize":{"w":40,"h":40},"spriteSourceSize":{"x":0,"y":0,"w":40,"h":40},"frame":{"x":1,"y":199,"w":40,"h":40}},{"filename":"gem/diamond/gem-orange","rotated":false,"trimmed":false,"sourceSize":{"w":40,"h":40},"spriteSourceSize":{"x":0,"y":0,"w":40,"h":40},"frame":{"x":1,"y":199,"w":40,"h":40}},{"filename":"gem/diamond/gem-pink-target","rotated":false,"trimmed":false,"sourceSize":{"w":40,"h":40},"spriteSourceSize":{"x":0,"y":0,"w":40,"h":40},"frame":{"x":43,"y":199,"w":40,"h":40}},{"filename":"gem/diamond/gem-pink","rotated":false,"trimmed":false,"sourceSize":{"w":40,"h":40},"spriteSourceSize":{"x":0,"y":0,"w":40,"h":40},"frame":{"x":43,"y":199,"w":40,"h":40}},{"filename":"gem/diamond/gem-red-target","rotated":false,"trimmed":false,"sourceSize":{"w":40,"h":40},"spriteSourceSize":{"x":0,"y":0,"w":40,"h":40},"frame":{"x":85,"y":199,"w":40,"h":40}},{"filename":"gem/diamond/gem-red","rotated":false,"trimmed":false,"sourceSize":{"w":40,"h":40},"spriteSourceSize":{"x":0,"y":0,"w":40,"h":40},"frame":{"x":85,"y":199,"w":40,"h":40}},{"filename":"gem/diamond/gem-violet-target","rotated":false,"trimmed":false,"sourceSize":{"w":40,"h":40},"spriteSourceSize":{"x":0,"y":0,"w":40,"h":40},"frame":{"x":1,"y":241,"w":40,"h":40}},{"filename":"gem/diamond/gem-violet","rotated":false,"trimmed":false,"sourceSize":{"w":40,"h":40},"spriteSourceSize":{"x":0,"y":0,"w":40,"h":40},"frame":{"x":1,"y":241,"w":40,"h":40}}]}],"meta":{"app":"https://www.codeandweb.com/texturepacker","version":"3.0","smartupdate":"$TexturePacker:SmartUpdate:c78fd70d7e50cdb86bfcf4f6ef1a53e2:b1fdecceda1b57fe6a46784f75437baa:44b1e0ee5b8293a8cbb150ffdf2c4c24$"}}