{"textures":[{"image":"gameplay-resources-0.png","format":"RGBA8888","size":{"w":497,"h":889},"scale":0.5,"frames":[{"filename":"dust","rotated":false,"trimmed":false,"sourceSize":{"w":8,"h":8},"spriteSourceSize":{"x":0,"y":0,"w":8,"h":8},"frame":{"x":1,"y":1,"w":8,"h":8}},{"filename":"icons/icon-plus","rotated":false,"trimmed":false,"sourceSize":{"w":15,"h":15},"spriteSourceSize":{"x":0,"y":0,"w":15,"h":15},"frame":{"x":11,"y":1,"w":15,"h":15}},{"filename":"mask","rotated":false,"trimmed":false,"sourceSize":{"w":15,"h":15},"spriteSourceSize":{"x":0,"y":0,"w":15,"h":15},"frame":{"x":28,"y":1,"w":15,"h":15}},{"filename":"icons/check","rotated":false,"trimmed":false,"sourceSize":{"w":18,"h":17},"spriteSourceSize":{"x":0,"y":0,"w":18,"h":17},"frame":{"x":45,"y":1,"w":18,"h":17}},{"filename":"text/continue","rotated":false,"trimmed":false,"sourceSize":{"w":88,"h":19},"spriteSourceSize":{"x":0,"y":0,"w":88,"h":19},"frame":{"x":65,"y":1,"w":88,"h":19}},{"filename":"text/new-game","rotated":false,"trimmed":false,"sourceSize":{"w":101,"h":19},"spriteSourceSize":{"x":0,"y":0,"w":101,"h":19},"frame":{"x":155,"y":1,"w":101,"h":19}},{"filename":"text/retry","rotated":false,"trimmed":false,"sourceSize":{"w":54,"h":23},"spriteSourceSize":{"x":0,"y":0,"w":54,"h":23},"frame":{"x":258,"y":1,"w":54,"h":23}},{"filename":"icons/icon-global","rotated":false,"trimmed":false,"sourceSize":{"w":24,"h":24},"spriteSourceSize":{"x":0,"y":0,"w":24,"h":24},"frame":{"x":314,"y":1,"w":24,"h":24}},{"filename":"text/best","rotated":false,"trimmed":false,"sourceSize":{"w":57,"h":24},"spriteSourceSize":{"x":0,"y":0,"w":57,"h":24},"frame":{"x":340,"y":1,"w":57,"h":24}},{"filename":"text/score","rotated":false,"trimmed":false,"sourceSize":{"w":71,"h":24},"spriteSourceSize":{"x":0,"y":0,"w":71,"h":24},"frame":{"x":399,"y":1,"w":71,"h":24}},{"filename":"board/bottom-left","rotated":false,"trimmed":false,"sourceSize":{"w":48,"h":25},"spriteSourceSize":{"x":0,"y":0,"w":48,"h":25},"frame":{"x":1,"y":27,"w":48,"h":25}},{"filename":"board/bottom-middle","rotated":false,"trimmed":false,"sourceSize":{"w":233,"h":25},"spriteSourceSize":{"x":0,"y":0,"w":233,"h":25},"frame":{"x":51,"y":27,"w":233,"h":25}},{"filename":"board/bottom-right","rotated":false,"trimmed":false,"sourceSize":{"w":49,"h":25},"spriteSourceSize":{"x":0,"y":0,"w":49,"h":25},"frame":{"x":286,"y":27,"w":49,"h":25}},{"filename":"board/top-left","rotated":false,"trimmed":false,"sourceSize":{"w":49,"h":25},"spriteSourceSize":{"x":0,"y":0,"w":49,"h":25},"frame":{"x":337,"y":27,"w":49,"h":25}},{"filename":"board/top-middle","rotated":false,"trimmed":false,"sourceSize":{"w":233,"h":25},"spriteSourceSize":{"x":0,"y":0,"w":233,"h":25},"frame":{"x":1,"y":54,"w":233,"h":25}},{"filename":"board/top-right","rotated":false,"trimmed":false,"sourceSize":{"w":49,"h":25},"spriteSourceSize":{"x":0,"y":0,"w":49,"h":25},"frame":{"x":236,"y":54,"w":49,"h":25}},{"filename":"icons/icon-add-friend","rotated":false,"trimmed":false,"sourceSize":{"w":26,"h":25},"spriteSourceSize":{"x":0,"y":0,"w":26,"h":25},"frame":{"x":287,"y":54,"w":26,"h":25}},{"filename":"text/level","rotated":false,"trimmed":false,"sourceSize":{"w":64,"h":25},"spriteSourceSize":{"x":0,"y":0,"w":64,"h":25},"frame":{"x":315,"y":54,"w":64,"h":25}},{"filename":"text/completed","rotated":false,"trimmed":false,"sourceSize":{"w":160,"h":27},"spriteSourceSize":{"x":0,"y":0,"w":160,"h":27},"frame":{"x":1,"y":81,"w":160,"h":27}},{"filename":"text/failed","rotated":false,"trimmed":false,"sourceSize":{"w":94,"h":27},"spriteSourceSize":{"x":0,"y":0,"w":94,"h":27},"frame":{"x":163,"y":81,"w":94,"h":27}},{"filename":"text/game-over","rotated":false,"trimmed":false,"sourceSize":{"w":155,"h":27},"spriteSourceSize":{"x":0,"y":0,"w":155,"h":27},"frame":{"x":259,"y":81,"w":155,"h":27}},{"filename":"text/waiting","rotated":false,"trimmed":false,"sourceSize":{"w":140,"h":27},"spriteSourceSize":{"x":0,"y":0,"w":140,"h":27},"frame":{"x":1,"y":110,"w":140,"h":27}},{"filename":"text/you-draw","rotated":false,"trimmed":false,"sourceSize":{"w":144,"h":28},"spriteSourceSize":{"x":0,"y":0,"w":144,"h":28},"frame":{"x":143,"y":110,"w":144,"h":28}},{"filename":"text/you-lose","rotated":false,"trimmed":false,"sourceSize":{"w":130,"h":28},"spriteSourceSize":{"x":0,"y":0,"w":130,"h":28},"frame":{"x":289,"y":110,"w":130,"h":28}},{"filename":"text/you-win","rotated":false,"trimmed":false,"sourceSize":{"w":119,"h":28},"spriteSourceSize":{"x":0,"y":0,"w":119,"h":28},"frame":{"x":1,"y":140,"w":119,"h":28}},{"filename":"icons/icon-restart","rotated":false,"trimmed":false,"sourceSize":{"w":30,"h":29},"spriteSourceSize":{"x":0,"y":0,"w":30,"h":29},"frame":{"x":122,"y":140,"w":30,"h":29}},{"filename":"icons/journey","rotated":false,"trimmed":false,"sourceSize":{"w":35,"h":29},"spriteSourceSize":{"x":0,"y":0,"w":35,"h":29},"frame":{"x":154,"y":140,"w":35,"h":29}},{"filename":"icons/icon-next","rotated":false,"trimmed":false,"sourceSize":{"w":25,"h":30},"spriteSourceSize":{"x":0,"y":0,"w":25,"h":30},"frame":{"x":191,"y":140,"w":25,"h":30}},{"filename":"icons/icon-share","rotated":false,"trimmed":false,"sourceSize":{"w":27,"h":30},"spriteSourceSize":{"x":0,"y":0,"w":27,"h":30},"frame":{"x":218,"y":140,"w":27,"h":30}},{"filename":"icons/icon-crown","rotated":false,"trimmed":false,"sourceSize":{"w":38,"h":31},"spriteSourceSize":{"x":0,"y":0,"w":38,"h":31},"frame":{"x":247,"y":140,"w":38,"h":31}},{"filename":"panel/top-left","rotated":false,"trimmed":false,"sourceSize":{"w":59,"h":31},"spriteSourceSize":{"x":0,"y":0,"w":59,"h":31},"frame":{"x":287,"y":140,"w":59,"h":31}},{"filename":"settings/top-left","rotated":false,"trimmed":false,"sourceSize":{"w":59,"h":31},"spriteSourceSize":{"x":0,"y":0,"w":59,"h":31},"frame":{"x":287,"y":140,"w":59,"h":31}},{"filename":"panel/top-middle","rotated":false,"trimmed":false,"sourceSize":{"w":222,"h":31},"spriteSourceSize":{"x":0,"y":0,"w":222,"h":31},"frame":{"x":1,"y":173,"w":222,"h":31}},{"filename":"panel/top-right","rotated":false,"trimmed":false,"sourceSize":{"w":59,"h":31},"spriteSourceSize":{"x":0,"y":0,"w":59,"h":31},"frame":{"x":225,"y":173,"w":59,"h":31}},{"filename":"settings/top-right","rotated":false,"trimmed":false,"sourceSize":{"w":59,"h":31},"spriteSourceSize":{"x":0,"y":0,"w":59,"h":31},"frame":{"x":225,"y":173,"w":59,"h":31}},{"filename":"settings/top-middle","rotated":false,"trimmed":false,"sourceSize":{"w":210,"h":31},"spriteSourceSize":{"x":0,"y":0,"w":210,"h":31},"frame":{"x":286,"y":173,"w":210,"h":31}},{"filename":"buttons/button-green-square","rotated":false,"trimmed":true,"sourceSize":{"w":26,"h":37},"spriteSourceSize":{"x":0,"y":4,"w":26,"h":33},"frame":{"x":1,"y":206,"w":26,"h":33}},{"filename":"panel/bottom-left","rotated":false,"trimmed":false,"sourceSize":{"w":59,"h":33},"spriteSourceSize":{"x":0,"y":0,"w":59,"h":33},"frame":{"x":29,"y":206,"w":59,"h":33}},{"filename":"settings/bottom-left","rotated":false,"trimmed":false,"sourceSize":{"w":59,"h":33},"spriteSourceSize":{"x":0,"y":0,"w":59,"h":33},"frame":{"x":29,"y":206,"w":59,"h":33}},{"filename":"panel/bottom-middle","rotated":false,"trimmed":false,"sourceSize":{"w":222,"h":33},"spriteSourceSize":{"x":0,"y":0,"w":222,"h":33},"frame":{"x":90,"y":206,"w":222,"h":33}},{"filename":"panel/bottom-right","rotated":false,"trimmed":false,"sourceSize":{"w":59,"h":33},"spriteSourceSize":{"x":0,"y":0,"w":59,"h":33},"frame":{"x":314,"y":206,"w":59,"h":33}},{"filename":"settings/bottom-right","rotated":false,"trimmed":false,"sourceSize":{"w":59,"h":33},"spriteSourceSize":{"x":0,"y":0,"w":59,"h":33},"frame":{"x":314,"y":206,"w":59,"h":33}},{"filename":"settings/bottom-middle","rotated":false,"trimmed":false,"sourceSize":{"w":210,"h":33},"spriteSourceSize":{"x":0,"y":0,"w":210,"h":33},"frame":{"x":1,"y":241,"w":210,"h":33}},{"filename":"avatars/border","rotated":false,"trimmed":false,"sourceSize":{"w":36,"h":36},"spriteSourceSize":{"x":0,"y":0,"w":36,"h":36},"frame":{"x":213,"y":241,"w":36,"h":36}},{"filename":"panel-best-score","rotated":false,"trimmed":false,"sourceSize":{"w":114,"h":37},"spriteSourceSize":{"x":0,"y":0,"w":114,"h":37},"frame":{"x":251,"y":241,"w":114,"h":37}},{"filename":"panel-score","rotated":false,"trimmed":false,"sourceSize":{"w":84,"h":37},"spriteSourceSize":{"x":0,"y":0,"w":84,"h":37},"frame":{"x":367,"y":241,"w":84,"h":37}},{"filename":"panel-your-score","rotated":false,"trimmed":false,"sourceSize":{"w":114,"h":37},"spriteSourceSize":{"x":0,"y":0,"w":114,"h":37},"frame":{"x":1,"y":280,"w":114,"h":37}},{"filename":"icons/icon-cup","rotated":false,"trimmed":false,"sourceSize":{"w":46,"h":38},"spriteSourceSize":{"x":0,"y":0,"w":46,"h":38},"frame":{"x":117,"y":280,"w":46,"h":38}},{"filename":"panel/middle-left","rotated":false,"trimmed":false,"sourceSize":{"w":59,"h":40},"spriteSourceSize":{"x":0,"y":0,"w":59,"h":40},"frame":{"x":165,"y":280,"w":59,"h":40}},{"filename":"panel/middle-right","rotated":false,"trimmed":false,"sourceSize":{"w":59,"h":40},"spriteSourceSize":{"x":0,"y":0,"w":59,"h":40},"frame":{"x":226,"y":280,"w":59,"h":40}},{"filename":"text/vs","rotated":false,"trimmed":false,"sourceSize":{"w":64,"h":42},"spriteSourceSize":{"x":0,"y":0,"w":64,"h":42},"frame":{"x":287,"y":280,"w":64,"h":42}},{"filename":"panel-top","rotated":false,"trimmed":false,"sourceSize":{"w":256,"h":46},"spriteSourceSize":{"x":0,"y":0,"w":256,"h":46},"frame":{"x":1,"y":324,"w":256,"h":46}},{"filename":"blank","rotated":false,"trimmed":false,"sourceSize":{"w":50,"h":50},"spriteSourceSize":{"x":0,"y":0,"w":50,"h":50},"frame":{"x":259,"y":324,"w":50,"h":50}},{"filename":"panel/middle-middle","rotated":false,"trimmed":false,"sourceSize":{"w":50,"h":50},"spriteSourceSize":{"x":0,"y":0,"w":50,"h":50},"frame":{"x":311,"y":324,"w":50,"h":50}},{"filename":"buttons/button-red-rectangle","rotated":false,"trimmed":true,"sourceSize":{"w":63,"h":61},"spriteSourceSize":{"x":0,"y":10,"w":63,"h":51},"frame":{"x":363,"y":324,"w":63,"h":51}},{"filename":"buttons/button-green-rectangle","rotated":false,"trimmed":true,"sourceSize":{"w":67,"h":66},"spriteSourceSize":{"x":0,"y":11,"w":67,"h":55},"frame":{"x":428,"y":324,"w":67,"h":55}},{"filename":"buttons/button-pink-rectangle","rotated":false,"trimmed":true,"sourceSize":{"w":67,"h":66},"spriteSourceSize":{"x":0,"y":11,"w":67,"h":55},"frame":{"x":1,"y":381,"w":67,"h":55}},{"filename":"hand","rotated":false,"trimmed":true,"sourceSize":{"w":66,"h":56},"spriteSourceSize":{"x":4,"y":0,"w":60,"h":56},"frame":{"x":70,"y":381,"w":60,"h":56}},{"filename":"panel-bottom","rotated":false,"trimmed":true,"sourceSize":{"w":256,"h":58},"spriteSourceSize":{"x":0,"y":2,"w":256,"h":56},"frame":{"x":132,"y":381,"w":256,"h":56}},{"filename":"shadow","rotated":false,"trimmed":false,"sourceSize":{"w":64,"h":64},"spriteSourceSize":{"x":0,"y":0,"w":64,"h":64},"frame":{"x":390,"y":381,"w":64,"h":64}},{"filename":"buttons/button-green-long-rectangle","rotated":false,"trimmed":true,"sourceSize":{"w":177,"h":67},"spriteSourceSize":{"x":0,"y":0,"w":177,"h":66},"frame":{"x":1,"y":447,"w":177,"h":66}},{"filename":"buttons/button-red-long-rectangle","rotated":false,"trimmed":true,"sourceSize":{"w":177,"h":67},"spriteSourceSize":{"x":0,"y":0,"w":177,"h":66},"frame":{"x":180,"y":447,"w":177,"h":66}},{"filename":"buttons/button-blue-small","rotated":false,"trimmed":false,"sourceSize":{"w":60,"h":67},"spriteSourceSize":{"x":0,"y":0,"w":60,"h":67},"frame":{"x":359,"y":447,"w":60,"h":67}},{"filename":"buttons/button-red-small","rotated":false,"trimmed":false,"sourceSize":{"w":60,"h":67},"spriteSourceSize":{"x":0,"y":0,"w":60,"h":67},"frame":{"x":421,"y":447,"w":60,"h":67}},{"filename":"buttons/button-blue-square","rotated":false,"trimmed":true,"sourceSize":{"w":56,"h":78},"spriteSourceSize":{"x":0,"y":10,"w":56,"h":68},"frame":{"x":1,"y":516,"w":56,"h":68}},{"filename":"avatars/avatar-bg","rotated":false,"trimmed":true,"sourceSize":{"w":79,"h":80},"spriteSourceSize":{"x":1,"y":2,"w":76,"h":74},"frame":{"x":59,"y":516,"w":76,"h":74}},{"filename":"buttons/button-black","rotated":false,"trimmed":false,"sourceSize":{"w":273,"h":78},"spriteSourceSize":{"x":0,"y":0,"w":273,"h":78},"frame":{"x":137,"y":516,"w":273,"h":78}},{"filename":"avatars/avatar-frame","rotated":false,"trimmed":false,"sourceSize":{"w":79,"h":80},"spriteSourceSize":{"x":0,"y":0,"w":79,"h":80},"frame":{"x":412,"y":516,"w":79,"h":80}},{"filename":"settings/middle-left","rotated":false,"trimmed":false,"sourceSize":{"w":59,"h":212},"spriteSourceSize":{"x":0,"y":0,"w":59,"h":212},"frame":{"x":1,"y":598,"w":59,"h":212}},{"filename":"settings/middle-right","rotated":false,"trimmed":false,"sourceSize":{"w":59,"h":212},"spriteSourceSize":{"x":0,"y":0,"w":59,"h":212},"frame":{"x":62,"y":598,"w":59,"h":212}},{"filename":"board/middle-left","rotated":false,"trimmed":false,"sourceSize":{"w":48,"h":290},"spriteSourceSize":{"x":0,"y":0,"w":48,"h":290},"frame":{"x":123,"y":598,"w":48,"h":290}},{"filename":"board/middle-middle","rotated":false,"trimmed":false,"sourceSize":{"w":233,"h":290},"spriteSourceSize":{"x":0,"y":0,"w":233,"h":290},"frame":{"x":173,"y":598,"w":233,"h":290}},{"filename":"board/middle-right","rotated":false,"trimmed":false,"sourceSize":{"w":48,"h":290},"spriteSourceSize":{"x":0,"y":0,"w":48,"h":290},"frame":{"x":408,"y":598,"w":48,"h":290}}]}],"meta":{"app":"https://www.codeandweb.com/texturepacker","version":"3.0","smartupdate":"$TexturePacker:SmartUpdate:fce2617dd861798fba0bbfe27d92ea2f:8729613bc60734561faf62db484f465d:46925f36d4f701533c420c2b9db28b7c$"}}