{"textures":[{"image":"default-resources-0.png","format":"RGBA8888","size":{"w":1015,"h":717},"scale":0.5,"frames":[{"filename":"bg-footer","rotated":false,"trimmed":false,"sourceSize":{"w":375,"h":84},"spriteSourceSize":{"x":0,"y":0,"w":375,"h":84},"frame":{"x":2,"y":2,"w":375,"h":84}},{"filename":"top-panel","rotated":false,"trimmed":false,"sourceSize":{"w":375,"h":80},"spriteSourceSize":{"x":0,"y":0,"w":375,"h":80},"frame":{"x":2,"y":89,"w":375,"h":80}},{"filename":"panel/mission-target","rotated":false,"trimmed":false,"sourceSize":{"w":341,"h":84},"spriteSourceSize":{"x":0,"y":0,"w":341,"h":84},"frame":{"x":380,"y":2,"w":341,"h":84}},{"filename":"tournament/tour-block-bottom","rotated":false,"trimmed":false,"sourceSize":{"w":307,"h":76},"spriteSourceSize":{"x":0,"y":0,"w":307,"h":76},"frame":{"x":2,"y":172,"w":307,"h":76}},{"filename":"tournament-result/leader-bar-highlight","rotated":false,"trimmed":false,"sourceSize":{"w":315,"h":61},"spriteSourceSize":{"x":0,"y":0,"w":315,"h":61},"frame":{"x":380,"y":89,"w":315,"h":61}},{"filename":"tournament-result/leader-bar","rotated":false,"trimmed":false,"sourceSize":{"w":315,"h":61},"spriteSourceSize":{"x":0,"y":0,"w":315,"h":61},"frame":{"x":2,"y":251,"w":315,"h":61}},{"filename":"tournament/tour-block-top","rotated":false,"trimmed":false,"sourceSize":{"w":307,"h":56},"spriteSourceSize":{"x":0,"y":0,"w":307,"h":56},"frame":{"x":2,"y":315,"w":307,"h":56}},{"filename":"tournament-result/title-panel","rotated":false,"trimmed":false,"sourceSize":{"w":273,"h":78},"spriteSourceSize":{"x":0,"y":0,"w":273,"h":78},"frame":{"x":724,"y":2,"w":273,"h":78}},{"filename":"road/bg-image","rotated":false,"trimmed":false,"sourceSize":{"w":220,"h":120},"spriteSourceSize":{"x":0,"y":0,"w":220,"h":120},"frame":{"x":2,"y":374,"w":220,"h":120}},{"filename":"circle-black","rotated":false,"trimmed":false,"sourceSize":{"w":153,"h":153},"spriteSourceSize":{"x":0,"y":0,"w":153,"h":153},"frame":{"x":2,"y":497,"w":153,"h":153}},{"filename":"texts/well-done","rotated":false,"trimmed":false,"sourceSize":{"w":281,"h":53},"spriteSourceSize":{"x":0,"y":0,"w":281,"h":53},"frame":{"x":380,"y":153,"w":281,"h":53}},{"filename":"popup/bottom","rotated":false,"trimmed":false,"sourceSize":{"w":274,"h":21},"spriteSourceSize":{"x":0,"y":0,"w":274,"h":21},"frame":{"x":724,"y":83,"w":274,"h":21}},{"filename":"popup/middle","rotated":false,"trimmed":false,"sourceSize":{"w":272,"h":21},"spriteSourceSize":{"x":0,"y":0,"w":272,"h":21},"frame":{"x":698,"y":107,"w":272,"h":21}},{"filename":"popup/top","rotated":false,"trimmed":false,"sourceSize":{"w":272,"h":21},"spriteSourceSize":{"x":0,"y":0,"w":272,"h":21},"frame":{"x":698,"y":131,"w":272,"h":21}},{"filename":"tournament-result/congratulations","rotated":false,"trimmed":false,"sourceSize":{"w":237,"h":26},"spriteSourceSize":{"x":0,"y":0,"w":237,"h":26},"frame":{"x":664,"y":155,"w":237,"h":26}},{"filename":"tournament/line","rotated":false,"trimmed":false,"sourceSize":{"w":255,"h":2},"spriteSourceSize":{"x":0,"y":0,"w":255,"h":2},"frame":{"x":664,"y":184,"w":255,"h":2}},{"filename":"texts/tournaments","rotated":false,"trimmed":false,"sourceSize":{"w":209,"h":26},"spriteSourceSize":{"x":0,"y":0,"w":209,"h":26},"frame":{"x":664,"y":189,"w":209,"h":26}},{"filename":"coral-right","rotated":false,"trimmed":false,"sourceSize":{"w":68,"h":170},"spriteSourceSize":{"x":0,"y":0,"w":68,"h":170},"frame":{"x":158,"y":497,"w":68,"h":170}},{"filename":"tournament/cup","rotated":false,"trimmed":false,"sourceSize":{"w":122,"h":118},"spriteSourceSize":{"x":0,"y":0,"w":122,"h":118},"frame":{"x":225,"y":374,"w":122,"h":118}},{"filename":"coral-left","rotated":false,"trimmed":false,"sourceSize":{"w":62,"h":189},"spriteSourceSize":{"x":0,"y":0,"w":62,"h":189},"frame":{"x":229,"y":495,"w":62,"h":189}},{"filename":"texts/out-of-moves","rotated":false,"trimmed":false,"sourceSize":{"w":194,"h":28},"spriteSourceSize":{"x":0,"y":0,"w":194,"h":28},"frame":{"x":2,"y":687,"w":194,"h":28}},{"filename":"setting-screen/button-blue","rotated":false,"trimmed":false,"sourceSize":{"w":197,"h":88},"spriteSourceSize":{"x":0,"y":0,"w":197,"h":88},"frame":{"x":320,"y":209,"w":197,"h":88}},{"filename":"texts/second-chance","rotated":false,"trimmed":false,"sourceSize":{"w":197,"h":23},"spriteSourceSize":{"x":0,"y":0,"w":197,"h":23},"frame":{"x":320,"y":300,"w":197,"h":23}},{"filename":"setting-screen/button-red-long","rotated":false,"trimmed":false,"sourceSize":{"w":197,"h":88},"spriteSourceSize":{"x":0,"y":0,"w":197,"h":88},"frame":{"x":350,"y":326,"w":197,"h":88}},{"filename":"tournament/button-create","rotated":false,"trimmed":false,"sourceSize":{"w":202,"h":68},"spriteSourceSize":{"x":0,"y":0,"w":202,"h":68},"frame":{"x":350,"y":417,"w":202,"h":68}},{"filename":"preloader/dual-ring","rotated":false,"trimmed":false,"sourceSize":{"w":100,"h":100},"spriteSourceSize":{"x":0,"y":0,"w":100,"h":100},"frame":{"x":520,"y":209,"w":100,"h":100}},{"filename":"buttons/button-green-long-rectangle","rotated":false,"trimmed":false,"sourceSize":{"w":177,"h":80},"spriteSourceSize":{"x":0,"y":0,"w":177,"h":80},"frame":{"x":623,"y":218,"w":177,"h":80}},{"filename":"buttons/button-tournament","rotated":false,"trimmed":false,"sourceSize":{"w":182,"h":68},"spriteSourceSize":{"x":0,"y":0,"w":182,"h":68},"frame":{"x":350,"y":488,"w":182,"h":68}},{"filename":"buttons/button-red-long-rectangle","rotated":false,"trimmed":false,"sourceSize":{"w":177,"h":80},"spriteSourceSize":{"x":0,"y":0,"w":177,"h":80},"frame":{"x":294,"y":559,"w":177,"h":80}},{"filename":"buttons/button-green","rotated":false,"trimmed":false,"sourceSize":{"w":102,"h":73},"spriteSourceSize":{"x":0,"y":0,"w":102,"h":73},"frame":{"x":294,"y":642,"w":102,"h":73}},{"filename":"buttons/button-red","rotated":false,"trimmed":false,"sourceSize":{"w":102,"h":73},"spriteSourceSize":{"x":0,"y":0,"w":102,"h":73},"frame":{"x":399,"y":642,"w":102,"h":73}},{"filename":"buttons/button-continue","rotated":false,"trimmed":false,"sourceSize":{"w":177,"h":68},"spriteSourceSize":{"x":0,"y":0,"w":177,"h":68},"frame":{"x":623,"y":301,"w":177,"h":68}},{"filename":"tournament-result/button-green","rotated":false,"trimmed":false,"sourceSize":{"w":177,"h":68},"spriteSourceSize":{"x":0,"y":0,"w":177,"h":68},"frame":{"x":623,"y":301,"w":177,"h":68}},{"filename":"avatar/background","rotated":false,"trimmed":false,"sourceSize":{"w":79,"h":80},"spriteSourceSize":{"x":0,"y":0,"w":79,"h":80},"frame":{"x":474,"y":559,"w":79,"h":80}},{"filename":"texts/journey","rotated":false,"trimmed":false,"sourceSize":{"w":131,"h":26},"spriteSourceSize":{"x":0,"y":0,"w":131,"h":26},"frame":{"x":2,"y":653,"w":131,"h":26}},{"filename":"buttons/button-no","rotated":false,"trimmed":false,"sourceSize":{"w":88,"h":79},"spriteSourceSize":{"x":0,"y":0,"w":88,"h":79},"frame":{"x":803,"y":218,"w":88,"h":79}},{"filename":"buttons/button-yes","rotated":false,"trimmed":false,"sourceSize":{"w":88,"h":79},"spriteSourceSize":{"x":0,"y":0,"w":88,"h":79},"frame":{"x":803,"y":300,"w":88,"h":79}},{"filename":"icons/icon-close","rotated":false,"trimmed":false,"sourceSize":{"w":40,"h":56},"spriteSourceSize":{"x":0,"y":0,"w":40,"h":56},"frame":{"x":973,"y":107,"w":40,"h":56}},{"filename":"avatar/border","rotated":false,"trimmed":false,"sourceSize":{"w":69,"h":72},"spriteSourceSize":{"x":0,"y":0,"w":69,"h":72},"frame":{"x":550,"y":312,"w":69,"h":72}},{"filename":"panel/mission","rotated":false,"trimmed":false,"sourceSize":{"w":166,"h":49},"spriteSourceSize":{"x":0,"y":0,"w":166,"h":49},"frame":{"x":622,"y":372,"w":166,"h":49}},{"filename":"tournament/button-join","rotated":false,"trimmed":false,"sourceSize":{"w":95,"h":42},"spriteSourceSize":{"x":0,"y":0,"w":95,"h":42},"frame":{"x":791,"y":382,"w":95,"h":42}},{"filename":"tournament-result/button-blue","rotated":false,"trimmed":false,"sourceSize":{"w":60,"h":67},"spriteSourceSize":{"x":0,"y":0,"w":60,"h":67},"frame":{"x":504,"y":642,"w":60,"h":67}},{"filename":"icons/icon-tournament-deactive","rotated":false,"trimmed":false,"sourceSize":{"w":38,"h":34},"spriteSourceSize":{"x":0,"y":0,"w":38,"h":34},"frame":{"x":312,"y":172,"w":38,"h":34}},{"filename":"buttons/button-blue-square","rotated":false,"trimmed":false,"sourceSize":{"w":56,"h":78},"spriteSourceSize":{"x":0,"y":0,"w":56,"h":78},"frame":{"x":555,"y":387,"w":56,"h":78}},{"filename":"tournament/tab","rotated":false,"trimmed":false,"sourceSize":{"w":126,"h":24},"spriteSourceSize":{"x":0,"y":0,"w":126,"h":24},"frame":{"x":614,"y":424,"w":126,"h":24}},{"filename":"tournament/time-panel","rotated":false,"trimmed":false,"sourceSize":{"w":106,"h":18},"spriteSourceSize":{"x":0,"y":0,"w":106,"h":18},"frame":{"x":614,"y":451,"w":106,"h":18}},{"filename":"avatar/avatar","rotated":false,"trimmed":false,"sourceSize":{"w":35,"h":35},"spriteSourceSize":{"x":0,"y":0,"w":35,"h":35},"frame":{"x":312,"y":326,"w":35,"h":35}},{"filename":"blank","rotated":false,"trimmed":false,"sourceSize":{"w":50,"h":50},"spriteSourceSize":{"x":0,"y":0,"w":50,"h":50},"frame":{"x":294,"y":495,"w":50,"h":50}},{"filename":"tournament/tour-block-middle-left","rotated":false,"trimmed":false,"sourceSize":{"w":19,"h":108},"spriteSourceSize":{"x":0,"y":0,"w":19,"h":108},"frame":{"x":894,"y":189,"w":19,"h":108}},{"filename":"tournament/tour-block-middle-right","rotated":false,"trimmed":false,"sourceSize":{"w":18,"h":108},"spriteSourceSize":{"x":0,"y":0,"w":18,"h":108},"frame":{"x":916,"y":189,"w":18,"h":108}},{"filename":"buttons/button-red-square","rotated":false,"trimmed":false,"sourceSize":{"w":56,"h":78},"spriteSourceSize":{"x":0,"y":0,"w":56,"h":78},"frame":{"x":894,"y":300,"w":56,"h":78}},{"filename":"tournament-result/button-red","rotated":false,"trimmed":false,"sourceSize":{"w":60,"h":67},"spriteSourceSize":{"x":0,"y":0,"w":60,"h":67},"frame":{"x":953,"y":166,"w":60,"h":67}},{"filename":"buttons/button-red-rectangle","rotated":false,"trimmed":false,"sourceSize":{"w":63,"h":61},"spriteSourceSize":{"x":0,"y":0,"w":63,"h":61},"frame":{"x":937,"y":236,"w":63,"h":61}},{"filename":"road/progress-bot-left","rotated":false,"trimmed":false,"sourceSize":{"w":60,"h":60},"spriteSourceSize":{"x":0,"y":0,"w":60,"h":60},"frame":{"x":953,"y":300,"w":60,"h":60}},{"filename":"road/progress-bot-right","rotated":false,"trimmed":false,"sourceSize":{"w":60,"h":60},"spriteSourceSize":{"x":0,"y":0,"w":60,"h":60},"frame":{"x":953,"y":363,"w":60,"h":60}},{"filename":"buttons/button-setting","rotated":false,"trimmed":false,"sourceSize":{"w":56,"h":56},"spriteSourceSize":{"x":0,"y":0,"w":56,"h":56},"frame":{"x":894,"y":381,"w":56,"h":56}},{"filename":"road/progress-horizontal","rotated":false,"trimmed":false,"sourceSize":{"w":60,"h":60},"spriteSourceSize":{"x":0,"y":0,"w":60,"h":60},"frame":{"x":953,"y":426,"w":60,"h":60}},{"filename":"buttons/button-green-rectangle","rotated":false,"trimmed":false,"sourceSize":{"w":67,"h":66},"spriteSourceSize":{"x":0,"y":0,"w":67,"h":66},"frame":{"x":535,"y":488,"w":67,"h":66}},{"filename":"icons/circle-passed","rotated":false,"trimmed":false,"sourceSize":{"w":75,"h":75},"spriteSourceSize":{"x":0,"y":0,"w":75,"h":75},"frame":{"x":605,"y":472,"w":75,"h":75}},{"filename":"icons/circle-ready","rotated":false,"trimmed":false,"sourceSize":{"w":75,"h":75},"spriteSourceSize":{"x":0,"y":0,"w":75,"h":75},"frame":{"x":556,"y":557,"w":75,"h":75}},{"filename":"icons/circle-waiting","rotated":false,"trimmed":false,"sourceSize":{"w":75,"h":75},"spriteSourceSize":{"x":0,"y":0,"w":75,"h":75},"frame":{"x":567,"y":635,"w":75,"h":75}},{"filename":"buttons/button-pink-rectangle","rotated":false,"trimmed":false,"sourceSize":{"w":67,"h":66},"spriteSourceSize":{"x":0,"y":0,"w":67,"h":66},"frame":{"x":634,"y":550,"w":67,"h":66}},{"filename":"road/progress-top-left","rotated":false,"trimmed":false,"sourceSize":{"w":60,"h":60},"spriteSourceSize":{"x":0,"y":0,"w":60,"h":60},"frame":{"x":645,"y":619,"w":60,"h":60}},{"filename":"buttons/button-tab","rotated":false,"trimmed":false,"sourceSize":{"w":95,"h":33},"spriteSourceSize":{"x":0,"y":0,"w":95,"h":33},"frame":{"x":645,"y":682,"w":95,"h":33}},{"filename":"road/progress-top-right","rotated":false,"trimmed":false,"sourceSize":{"w":60,"h":60},"spriteSourceSize":{"x":0,"y":0,"w":60,"h":60},"frame":{"x":683,"y":472,"w":60,"h":60}},{"filename":"road/progress-vertical","rotated":false,"trimmed":false,"sourceSize":{"w":60,"h":60},"spriteSourceSize":{"x":0,"y":0,"w":60,"h":60},"frame":{"x":704,"y":535,"w":60,"h":60}},{"filename":"road/road-bot-left","rotated":false,"trimmed":false,"sourceSize":{"w":60,"h":60},"spriteSourceSize":{"x":0,"y":0,"w":60,"h":60},"frame":{"x":708,"y":598,"w":60,"h":60}},{"filename":"texts/no-thanks","rotated":false,"trimmed":false,"sourceSize":{"w":88,"h":18},"spriteSourceSize":{"x":0,"y":0,"w":88,"h":18},"frame":{"x":708,"y":661,"w":88,"h":18}},{"filename":"icons/icon-tournament-activepng","rotated":false,"trimmed":false,"sourceSize":{"w":37,"h":33},"spriteSourceSize":{"x":0,"y":0,"w":37,"h":33},"frame":{"x":743,"y":682,"w":37,"h":33}},{"filename":"texts/continue","rotated":false,"trimmed":false,"sourceSize":{"w":88,"h":19},"spriteSourceSize":{"x":0,"y":0,"w":88,"h":19},"frame":{"x":799,"y":427,"w":88,"h":19}},{"filename":"road/road-bot-right","rotated":false,"trimmed":false,"sourceSize":{"w":60,"h":60},"spriteSourceSize":{"x":0,"y":0,"w":60,"h":60},"frame":{"x":890,"y":440,"w":60,"h":60}},{"filename":"road/road-horizontal","rotated":false,"trimmed":false,"sourceSize":{"w":60,"h":60},"spriteSourceSize":{"x":0,"y":0,"w":60,"h":60},"frame":{"x":953,"y":489,"w":60,"h":60}},{"filename":"tournament/info-bg","rotated":false,"trimmed":false,"sourceSize":{"w":86,"h":15},"spriteSourceSize":{"x":0,"y":0,"w":86,"h":15},"frame":{"x":799,"y":449,"w":86,"h":15}},{"filename":"panel/level","rotated":false,"trimmed":false,"sourceSize":{"w":80,"h":49},"spriteSourceSize":{"x":0,"y":0,"w":80,"h":49},"frame":{"x":799,"y":467,"w":80,"h":49}},{"filename":"texts/tournaments-off","rotated":false,"trimmed":false,"sourceSize":{"w":79,"h":13},"spriteSourceSize":{"x":0,"y":0,"w":79,"h":13},"frame":{"x":799,"y":519,"w":79,"h":13}},{"filename":"road/road-top-left","rotated":false,"trimmed":false,"sourceSize":{"w":60,"h":60},"spriteSourceSize":{"x":0,"y":0,"w":60,"h":60},"frame":{"x":767,"y":535,"w":60,"h":60}},{"filename":"road/road-top-right","rotated":false,"trimmed":false,"sourceSize":{"w":60,"h":60},"spriteSourceSize":{"x":0,"y":0,"w":60,"h":60},"frame":{"x":771,"y":598,"w":60,"h":60}},{"filename":"road/road-vertical","rotated":false,"trimmed":false,"sourceSize":{"w":60,"h":60},"spriteSourceSize":{"x":0,"y":0,"w":60,"h":60},"frame":{"x":830,"y":535,"w":60,"h":60}},{"filename":"buttons/button-settings","rotated":false,"trimmed":false,"sourceSize":{"w":66,"h":50},"spriteSourceSize":{"x":0,"y":0,"w":66,"h":50},"frame":{"x":834,"y":598,"w":66,"h":50}},{"filename":"texts/tournaments-on","rotated":false,"trimmed":false,"sourceSize":{"w":79,"h":13},"spriteSourceSize":{"x":0,"y":0,"w":79,"h":13},"frame":{"x":834,"y":651,"w":79,"h":13}},{"filename":"texts/play","rotated":false,"trimmed":false,"sourceSize":{"w":42,"h":24},"spriteSourceSize":{"x":0,"y":0,"w":42,"h":24},"frame":{"x":904,"y":155,"w":42,"h":24}},{"filename":"icons/icon-journey-active","rotated":false,"trimmed":false,"sourceSize":{"w":41,"h":36},"spriteSourceSize":{"x":0,"y":0,"w":41,"h":36},"frame":{"x":743,"y":424,"w":41,"h":36}},{"filename":"avatar/avatar-border","rotated":false,"trimmed":false,"sourceSize":{"w":46,"h":47},"spriteSourceSize":{"x":0,"y":0,"w":46,"h":47},"frame":{"x":746,"y":463,"w":46,"h":47}},{"filename":"icons/icon-settings-sound","rotated":false,"trimmed":false,"sourceSize":{"w":34,"h":30},"spriteSourceSize":{"x":0,"y":0,"w":34,"h":30},"frame":{"x":916,"y":503,"w":34,"h":30}},{"filename":"texts/journey-off","rotated":false,"trimmed":false,"sourceSize":{"w":49,"h":15},"spriteSourceSize":{"x":0,"y":0,"w":49,"h":15},"frame":{"x":746,"y":513,"w":49,"h":15}},{"filename":"avatar/border-avatar","rotated":false,"trimmed":false,"sourceSize":{"w":41,"h":41},"spriteSourceSize":{"x":0,"y":0,"w":41,"h":41},"frame":{"x":893,"y":536,"w":41,"h":41}},{"filename":"tournament/player-info-bg","rotated":false,"trimmed":false,"sourceSize":{"w":70,"h":15},"spriteSourceSize":{"x":0,"y":0,"w":70,"h":15},"frame":{"x":937,"y":552,"w":70,"h":15}},{"filename":"texts/journey-on","rotated":false,"trimmed":false,"sourceSize":{"w":49,"h":15},"spriteSourceSize":{"x":0,"y":0,"w":49,"h":15},"frame":{"x":893,"y":580,"w":49,"h":15}},{"filename":"icons/icon-journey-deactive","rotated":false,"trimmed":false,"sourceSize":{"w":41,"h":36},"spriteSourceSize":{"x":0,"y":0,"w":41,"h":36},"frame":{"x":903,"y":598,"w":41,"h":36}},{"filename":"icons/icon-share","rotated":false,"trimmed":false,"sourceSize":{"w":27,"h":30},"spriteSourceSize":{"x":0,"y":0,"w":27,"h":30},"frame":{"x":199,"y":670,"w":27,"h":30}},{"filename":"tournament-result/bronze","rotated":false,"trimmed":false,"sourceSize":{"w":13,"h":20},"spriteSourceSize":{"x":0,"y":0,"w":13,"h":20},"frame":{"x":1000,"y":2,"w":13,"h":20}},{"filename":"tournament-result/silver","rotated":false,"trimmed":false,"sourceSize":{"w":13,"h":20},"spriteSourceSize":{"x":0,"y":0,"w":13,"h":20},"frame":{"x":1000,"y":25,"w":13,"h":20}},{"filename":"texts/home-off","rotated":false,"trimmed":false,"sourceSize":{"w":36,"h":13},"spriteSourceSize":{"x":0,"y":0,"w":36,"h":13},"frame":{"x":555,"y":468,"w":36,"h":13}},{"filename":"texts/home-on","rotated":false,"trimmed":false,"sourceSize":{"w":36,"h":13},"spriteSourceSize":{"x":0,"y":0,"w":36,"h":13},"frame":{"x":229,"y":687,"w":36,"h":13}},{"filename":"icons/icon-cup","rotated":false,"trimmed":false,"sourceSize":{"w":23,"h":20},"spriteSourceSize":{"x":0,"y":0,"w":23,"h":20},"frame":{"x":268,"y":687,"w":23,"h":20}},{"filename":"icons/icon-restart","rotated":false,"trimmed":false,"sourceSize":{"w":31,"h":30},"spriteSourceSize":{"x":0,"y":0,"w":31,"h":30},"frame":{"x":799,"y":661,"w":31,"h":30}},{"filename":"icons/icon-ads","rotated":false,"trimmed":false,"sourceSize":{"w":38,"h":30},"spriteSourceSize":{"x":0,"y":0,"w":38,"h":30},"frame":{"x":833,"y":667,"w":38,"h":30}},{"filename":"icons/icon-home-active","rotated":false,"trimmed":false,"sourceSize":{"w":37,"h":35},"spriteSourceSize":{"x":0,"y":0,"w":37,"h":35},"frame":{"x":874,"y":667,"w":37,"h":35}},{"filename":"icons/icon-create","rotated":false,"trimmed":false,"sourceSize":{"w":21,"h":21},"spriteSourceSize":{"x":0,"y":0,"w":21,"h":21},"frame":{"x":783,"y":694,"w":21,"h":21}},{"filename":"icons/clock","rotated":false,"trimmed":false,"sourceSize":{"w":20,"h":21},"spriteSourceSize":{"x":0,"y":0,"w":20,"h":21},"frame":{"x":807,"y":694,"w":20,"h":21}},{"filename":"icons/icon-pause","rotated":false,"trimmed":false,"sourceSize":{"w":21,"h":23},"spriteSourceSize":{"x":0,"y":0,"w":21,"h":23},"frame":{"x":353,"y":172,"w":21,"h":23}},{"filename":"icons/icon-settings-music","rotated":false,"trimmed":false,"sourceSize":{"w":28,"h":29},"spriteSourceSize":{"x":0,"y":0,"w":28,"h":29},"frame":{"x":882,"y":503,"w":28,"h":29}},{"filename":"icons/icon-home-deactive","rotated":false,"trimmed":false,"sourceSize":{"w":36,"h":35},"spriteSourceSize":{"x":0,"y":0,"w":36,"h":35},"frame":{"x":947,"y":570,"w":36,"h":35}},{"filename":"tournament-result/avatar-border","rotated":false,"trimmed":false,"sourceSize":{"w":35,"h":35},"spriteSourceSize":{"x":0,"y":0,"w":35,"h":35},"frame":{"x":947,"y":608,"w":35,"h":35}},{"filename":"icons/settings","rotated":false,"trimmed":false,"sourceSize":{"w":28,"h":30},"spriteSourceSize":{"x":0,"y":0,"w":28,"h":30},"frame":{"x":985,"y":608,"w":28,"h":30}},{"filename":"icons/icon-settings-vibrate","rotated":false,"trimmed":false,"sourceSize":{"w":25,"h":32},"spriteSourceSize":{"x":0,"y":0,"w":25,"h":32},"frame":{"x":986,"y":570,"w":25,"h":32}},{"filename":"icons/icon-player","rotated":false,"trimmed":false,"sourceSize":{"w":18,"h":21},"spriteSourceSize":{"x":0,"y":0,"w":18,"h":21},"frame":{"x":136,"y":653,"w":18,"h":21}},{"filename":"buttons/button-green-square","rotated":false,"trimmed":false,"sourceSize":{"w":26,"h":37},"spriteSourceSize":{"x":0,"y":0,"w":26,"h":37},"frame":{"x":916,"y":637,"w":26,"h":37}},{"filename":"icons/icon-next","rotated":false,"trimmed":false,"sourceSize":{"w":25,"h":30},"spriteSourceSize":{"x":0,"y":0,"w":25,"h":30},"frame":{"x":945,"y":646,"w":25,"h":30}},{"filename":"tournament-result/cup-small","rotated":false,"trimmed":false,"sourceSize":{"w":26,"h":23},"spriteSourceSize":{"x":0,"y":0,"w":26,"h":23},"frame":{"x":914,"y":677,"w":26,"h":23}},{"filename":"icons/dash","rotated":false,"trimmed":false,"sourceSize":{"w":24,"h":39},"spriteSourceSize":{"x":0,"y":0,"w":24,"h":39},"frame":{"x":973,"y":646,"w":24,"h":39}},{"filename":"tournament-result/gold","rotated":false,"trimmed":false,"sourceSize":{"w":11,"h":20},"spriteSourceSize":{"x":0,"y":0,"w":11,"h":20},"frame":{"x":876,"y":189,"w":11,"h":20}}]}],"meta":{"app":"https://www.codeandweb.com/texturepacker","version":"3.0","smartupdate":"$TexturePacker:SmartUpdate:5f9ad6c5f4871b2a1e5ca4be1eb63ff1:dd273195d853b85aa1220c2343846805:7cec1427f26d3cfe63eca714d91be479$"}}