{"textures":[{"image":"effects-resources.png","format":"RGBA8888","size":{"w":409,"h":409},"scale":0.5,"frames":[{"filename":"ribbon","rotated":false,"trimmed":false,"sourceSize":{"w":32,"h":1},"spriteSourceSize":{"x":0,"y":0,"w":32,"h":1},"frame":{"x":1,"y":1,"w":32,"h":1}},{"filename":"ribbon/falling-confetti/confetti-b/confetti-b-4","rotated":false,"trimmed":false,"sourceSize":{"w":13,"h":1},"spriteSourceSize":{"x":0,"y":0,"w":13,"h":1},"frame":{"x":35,"y":1,"w":13,"h":1}},{"filename":"ribbon/falling-confetti/confetti-a/confetti-a-3","rotated":false,"trimmed":false,"sourceSize":{"w":11,"h":2},"spriteSourceSize":{"x":0,"y":0,"w":11,"h":2},"frame":{"x":50,"y":1,"w":11,"h":2}},{"filename":"ribbon/falling-confetti/confetti-d/confetti-d-4","rotated":false,"trimmed":false,"sourceSize":{"w":12,"h":2},"spriteSourceSize":{"x":0,"y":0,"w":12,"h":2},"frame":{"x":63,"y":1,"w":12,"h":2}},{"filename":"ribbon/falling-confetti/confetti-b/confetti-b-3","rotated":false,"trimmed":false,"sourceSize":{"w":13,"h":3},"spriteSourceSize":{"x":0,"y":0,"w":13,"h":3},"frame":{"x":77,"y":1,"w":13,"h":3}},{"filename":"ribbon/falling-confetti/confetti-c/confetti-c-4","rotated":false,"trimmed":false,"sourceSize":{"w":11,"h":3},"spriteSourceSize":{"x":0,"y":0,"w":11,"h":3},"frame":{"x":92,"y":1,"w":11,"h":3}},{"filename":"ribbon/falling-confetti/confetti-d/confetti-d-3","rotated":false,"trimmed":false,"sourceSize":{"w":12,"h":3},"spriteSourceSize":{"x":0,"y":0,"w":12,"h":3},"frame":{"x":105,"y":1,"w":12,"h":3}},{"filename":"ribbon/falling-confetti/confetti-a/confetti-a-2","rotated":false,"trimmed":false,"sourceSize":{"w":11,"h":4},"spriteSourceSize":{"x":0,"y":0,"w":11,"h":4},"frame":{"x":119,"y":1,"w":11,"h":4}},{"filename":"ribbon/falling-confetti/confetti-c/confetti-c-3","rotated":false,"trimmed":false,"sourceSize":{"w":12,"h":4},"spriteSourceSize":{"x":0,"y":0,"w":12,"h":4},"frame":{"x":132,"y":1,"w":12,"h":4}},{"filename":"dust","rotated":false,"trimmed":false,"sourceSize":{"w":5,"h":5},"spriteSourceSize":{"x":0,"y":0,"w":5,"h":5},"frame":{"x":146,"y":1,"w":5,"h":5}},{"filename":"ribbon/falling-confetti/confetti-b/confetti-b-2","rotated":false,"trimmed":false,"sourceSize":{"w":12,"h":5},"spriteSourceSize":{"x":0,"y":0,"w":12,"h":5},"frame":{"x":153,"y":1,"w":12,"h":5}},{"filename":"ribbon/falling-confetti/confetti-c/confetti-c-2","rotated":false,"trimmed":false,"sourceSize":{"w":13,"h":5},"spriteSourceSize":{"x":0,"y":0,"w":13,"h":5},"frame":{"x":167,"y":1,"w":13,"h":5}},{"filename":"ribbon/falling-confetti/confetti-d/confetti-d-2","rotated":false,"trimmed":false,"sourceSize":{"w":12,"h":5},"spriteSourceSize":{"x":0,"y":0,"w":12,"h":5},"frame":{"x":182,"y":1,"w":12,"h":5}},{"filename":"rock-4","rotated":false,"trimmed":false,"sourceSize":{"w":7,"h":6},"spriteSourceSize":{"x":0,"y":0,"w":7,"h":6},"frame":{"x":196,"y":1,"w":7,"h":6}},{"filename":"rocks/blue-2","rotated":false,"trimmed":false,"sourceSize":{"w":7,"h":6},"spriteSourceSize":{"x":0,"y":0,"w":7,"h":6},"frame":{"x":205,"y":1,"w":7,"h":6}},{"filename":"rocks/green-2","rotated":false,"trimmed":false,"sourceSize":{"w":7,"h":6},"spriteSourceSize":{"x":0,"y":0,"w":7,"h":6},"frame":{"x":214,"y":1,"w":7,"h":6}},{"filename":"rocks/pink-2","rotated":false,"trimmed":false,"sourceSize":{"w":7,"h":6},"spriteSourceSize":{"x":0,"y":0,"w":7,"h":6},"frame":{"x":223,"y":1,"w":7,"h":6}},{"filename":"rocks/red-2","rotated":false,"trimmed":false,"sourceSize":{"w":7,"h":6},"spriteSourceSize":{"x":0,"y":0,"w":7,"h":6},"frame":{"x":232,"y":1,"w":7,"h":6}},{"filename":"rocks/violet-2","rotated":false,"trimmed":false,"sourceSize":{"w":7,"h":6},"spriteSourceSize":{"x":0,"y":0,"w":7,"h":6},"frame":{"x":241,"y":1,"w":7,"h":6}},{"filename":"rocks/yellow-2","rotated":false,"trimmed":false,"sourceSize":{"w":7,"h":6},"spriteSourceSize":{"x":0,"y":0,"w":7,"h":6},"frame":{"x":250,"y":1,"w":7,"h":6}},{"filename":"star-x/star-4","rotated":false,"trimmed":true,"sourceSize":{"w":11,"h":10},"spriteSourceSize":{"x":0,"y":2,"w":11,"h":6},"frame":{"x":259,"y":1,"w":11,"h":6}},{"filename":"ribbon/falling-confetti/confetti-a/confetti-a-1","rotated":false,"trimmed":false,"sourceSize":{"w":11,"h":7},"spriteSourceSize":{"x":0,"y":0,"w":11,"h":7},"frame":{"x":272,"y":1,"w":11,"h":7}},{"filename":"ribbon/falling-confetti/confetti-b/confetti-b-1","rotated":false,"trimmed":false,"sourceSize":{"w":12,"h":7},"spriteSourceSize":{"x":0,"y":0,"w":12,"h":7},"frame":{"x":285,"y":1,"w":12,"h":7}},{"filename":"ribbon/falling-confetti/confetti-d/confetti-d-1","rotated":false,"trimmed":false,"sourceSize":{"w":11,"h":7},"spriteSourceSize":{"x":0,"y":0,"w":11,"h":7},"frame":{"x":299,"y":1,"w":11,"h":7}},{"filename":"dust-yellow","rotated":false,"trimmed":false,"sourceSize":{"w":8,"h":8},"spriteSourceSize":{"x":0,"y":0,"w":8,"h":8},"frame":{"x":312,"y":1,"w":8,"h":8}},{"filename":"ribbon/falling-confetti/confetti-c/confetti-c-1","rotated":false,"trimmed":false,"sourceSize":{"w":12,"h":8},"spriteSourceSize":{"x":0,"y":0,"w":12,"h":8},"frame":{"x":322,"y":1,"w":12,"h":8}},{"filename":"rock-5","rotated":false,"trimmed":false,"sourceSize":{"w":8,"h":8},"spriteSourceSize":{"x":0,"y":0,"w":8,"h":8},"frame":{"x":336,"y":1,"w":8,"h":8}},{"filename":"rocks/blue-1","rotated":false,"trimmed":false,"sourceSize":{"w":8,"h":8},"spriteSourceSize":{"x":0,"y":0,"w":8,"h":8},"frame":{"x":346,"y":1,"w":8,"h":8}},{"filename":"rocks/green-1","rotated":false,"trimmed":false,"sourceSize":{"w":8,"h":8},"spriteSourceSize":{"x":0,"y":0,"w":8,"h":8},"frame":{"x":356,"y":1,"w":8,"h":8}},{"filename":"rocks/pink-1","rotated":false,"trimmed":false,"sourceSize":{"w":8,"h":8},"spriteSourceSize":{"x":0,"y":0,"w":8,"h":8},"frame":{"x":366,"y":1,"w":8,"h":8}},{"filename":"rocks/red-1","rotated":false,"trimmed":false,"sourceSize":{"w":8,"h":8},"spriteSourceSize":{"x":0,"y":0,"w":8,"h":8},"frame":{"x":376,"y":1,"w":8,"h":8}},{"filename":"rocks/violet-1","rotated":false,"trimmed":false,"sourceSize":{"w":8,"h":8},"spriteSourceSize":{"x":0,"y":0,"w":8,"h":8},"frame":{"x":386,"y":1,"w":8,"h":8}},{"filename":"rocks/yellow-1","rotated":false,"trimmed":false,"sourceSize":{"w":8,"h":8},"spriteSourceSize":{"x":0,"y":0,"w":8,"h":8},"frame":{"x":396,"y":1,"w":8,"h":8}},{"filename":"star-x/star-3","rotated":false,"trimmed":true,"sourceSize":{"w":11,"h":10},"spriteSourceSize":{"x":0,"y":1,"w":11,"h":8},"frame":{"x":1,"y":11,"w":11,"h":8}},{"filename":"rock-1","rotated":false,"trimmed":false,"sourceSize":{"w":8,"h":9},"spriteSourceSize":{"x":0,"y":0,"w":8,"h":9},"frame":{"x":14,"y":11,"w":8,"h":9}},{"filename":"rocks/blue-5","rotated":false,"trimmed":false,"sourceSize":{"w":8,"h":9},"spriteSourceSize":{"x":0,"y":0,"w":8,"h":9},"frame":{"x":24,"y":11,"w":8,"h":9}},{"filename":"rocks/green-5","rotated":false,"trimmed":false,"sourceSize":{"w":8,"h":9},"spriteSourceSize":{"x":0,"y":0,"w":8,"h":9},"frame":{"x":34,"y":11,"w":8,"h":9}},{"filename":"rocks/pink-5","rotated":false,"trimmed":false,"sourceSize":{"w":8,"h":9},"spriteSourceSize":{"x":0,"y":0,"w":8,"h":9},"frame":{"x":44,"y":11,"w":8,"h":9}},{"filename":"rocks/red-5","rotated":false,"trimmed":false,"sourceSize":{"w":8,"h":9},"spriteSourceSize":{"x":0,"y":0,"w":8,"h":9},"frame":{"x":54,"y":11,"w":8,"h":9}},{"filename":"rocks/violet-5","rotated":false,"trimmed":false,"sourceSize":{"w":8,"h":9},"spriteSourceSize":{"x":0,"y":0,"w":8,"h":9},"frame":{"x":64,"y":11,"w":8,"h":9}},{"filename":"rocks/yellow-5","rotated":false,"trimmed":false,"sourceSize":{"w":8,"h":9},"spriteSourceSize":{"x":0,"y":0,"w":8,"h":9},"frame":{"x":74,"y":11,"w":8,"h":9}},{"filename":"rock-2","rotated":false,"trimmed":false,"sourceSize":{"w":13,"h":10},"spriteSourceSize":{"x":0,"y":0,"w":13,"h":10},"frame":{"x":84,"y":11,"w":13,"h":10}},{"filename":"rock-3","rotated":false,"trimmed":false,"sourceSize":{"w":10,"h":10},"spriteSourceSize":{"x":0,"y":0,"w":10,"h":10},"frame":{"x":99,"y":11,"w":10,"h":10}},{"filename":"rocks/blue-3","rotated":false,"trimmed":false,"sourceSize":{"w":10,"h":10},"spriteSourceSize":{"x":0,"y":0,"w":10,"h":10},"frame":{"x":111,"y":11,"w":10,"h":10}},{"filename":"rocks/blue-4","rotated":false,"trimmed":false,"sourceSize":{"w":13,"h":10},"spriteSourceSize":{"x":0,"y":0,"w":13,"h":10},"frame":{"x":123,"y":11,"w":13,"h":10}},{"filename":"rocks/green-3","rotated":false,"trimmed":false,"sourceSize":{"w":10,"h":10},"spriteSourceSize":{"x":0,"y":0,"w":10,"h":10},"frame":{"x":138,"y":11,"w":10,"h":10}},{"filename":"rocks/green-4","rotated":false,"trimmed":false,"sourceSize":{"w":13,"h":10},"spriteSourceSize":{"x":0,"y":0,"w":13,"h":10},"frame":{"x":150,"y":11,"w":13,"h":10}},{"filename":"rocks/pink-3","rotated":false,"trimmed":false,"sourceSize":{"w":10,"h":10},"spriteSourceSize":{"x":0,"y":0,"w":10,"h":10},"frame":{"x":165,"y":11,"w":10,"h":10}},{"filename":"rocks/pink-4","rotated":false,"trimmed":false,"sourceSize":{"w":13,"h":10},"spriteSourceSize":{"x":0,"y":0,"w":13,"h":10},"frame":{"x":177,"y":11,"w":13,"h":10}},{"filename":"rocks/red-3","rotated":false,"trimmed":false,"sourceSize":{"w":10,"h":10},"spriteSourceSize":{"x":0,"y":0,"w":10,"h":10},"frame":{"x":192,"y":11,"w":10,"h":10}},{"filename":"rocks/red-4","rotated":false,"trimmed":false,"sourceSize":{"w":13,"h":10},"spriteSourceSize":{"x":0,"y":0,"w":13,"h":10},"frame":{"x":204,"y":11,"w":13,"h":10}},{"filename":"rocks/violet-3","rotated":false,"trimmed":false,"sourceSize":{"w":10,"h":10},"spriteSourceSize":{"x":0,"y":0,"w":10,"h":10},"frame":{"x":219,"y":11,"w":10,"h":10}},{"filename":"rocks/violet-4","rotated":false,"trimmed":false,"sourceSize":{"w":13,"h":10},"spriteSourceSize":{"x":0,"y":0,"w":13,"h":10},"frame":{"x":231,"y":11,"w":13,"h":10}},{"filename":"rocks/yellow-3","rotated":false,"trimmed":false,"sourceSize":{"w":10,"h":10},"spriteSourceSize":{"x":0,"y":0,"w":10,"h":10},"frame":{"x":246,"y":11,"w":10,"h":10}},{"filename":"rocks/yellow-4","rotated":false,"trimmed":false,"sourceSize":{"w":13,"h":10},"spriteSourceSize":{"x":0,"y":0,"w":13,"h":10},"frame":{"x":258,"y":11,"w":13,"h":10}},{"filename":"star-x/star-1","rotated":false,"trimmed":false,"sourceSize":{"w":11,"h":10},"spriteSourceSize":{"x":0,"y":0,"w":11,"h":10},"frame":{"x":273,"y":11,"w":11,"h":10}},{"filename":"star-y/star-1","rotated":false,"trimmed":false,"sourceSize":{"w":11,"h":10},"spriteSourceSize":{"x":0,"y":0,"w":11,"h":10},"frame":{"x":273,"y":11,"w":11,"h":10}},{"filename":"star-x/star-2","rotated":false,"trimmed":false,"sourceSize":{"w":11,"h":10},"spriteSourceSize":{"x":0,"y":0,"w":11,"h":10},"frame":{"x":286,"y":11,"w":11,"h":10}},{"filename":"star-y/star-2","rotated":false,"trimmed":true,"sourceSize":{"w":11,"h":10},"spriteSourceSize":{"x":1,"y":0,"w":10,"h":10},"frame":{"x":299,"y":11,"w":10,"h":10}},{"filename":"star-y/star-3","rotated":false,"trimmed":true,"sourceSize":{"w":11,"h":10},"spriteSourceSize":{"x":3,"y":0,"w":6,"h":10},"frame":{"x":311,"y":11,"w":6,"h":10}},{"filename":"star-y/star-4","rotated":false,"trimmed":false,"sourceSize":{"w":11,"h":10},"spriteSourceSize":{"x":0,"y":0,"w":11,"h":10},"frame":{"x":319,"y":11,"w":11,"h":10}},{"filename":"rock","rotated":false,"trimmed":false,"sourceSize":{"w":11,"h":11},"spriteSourceSize":{"x":0,"y":0,"w":11,"h":11},"frame":{"x":332,"y":11,"w":11,"h":11}},{"filename":"rocks/blue-6","rotated":false,"trimmed":false,"sourceSize":{"w":11,"h":11},"spriteSourceSize":{"x":0,"y":0,"w":11,"h":11},"frame":{"x":345,"y":11,"w":11,"h":11}},{"filename":"rocks/green-6","rotated":false,"trimmed":false,"sourceSize":{"w":11,"h":11},"spriteSourceSize":{"x":0,"y":0,"w":11,"h":11},"frame":{"x":358,"y":11,"w":11,"h":11}},{"filename":"rocks/pink-6","rotated":false,"trimmed":false,"sourceSize":{"w":11,"h":11},"spriteSourceSize":{"x":0,"y":0,"w":11,"h":11},"frame":{"x":371,"y":11,"w":11,"h":11}},{"filename":"rocks/red-6","rotated":false,"trimmed":false,"sourceSize":{"w":11,"h":11},"spriteSourceSize":{"x":0,"y":0,"w":11,"h":11},"frame":{"x":384,"y":11,"w":11,"h":11}},{"filename":"rocks/violet-6","rotated":false,"trimmed":false,"sourceSize":{"w":11,"h":11},"spriteSourceSize":{"x":0,"y":0,"w":11,"h":11},"frame":{"x":397,"y":11,"w":11,"h":11}},{"filename":"rocks/yellow-6","rotated":false,"trimmed":false,"sourceSize":{"w":11,"h":11},"spriteSourceSize":{"x":0,"y":0,"w":11,"h":11},"frame":{"x":1,"y":24,"w":11,"h":11}},{"filename":"confetti/small-2","rotated":false,"trimmed":false,"sourceSize":{"w":11,"h":12},"spriteSourceSize":{"x":0,"y":0,"w":11,"h":12},"frame":{"x":14,"y":24,"w":11,"h":12}},{"filename":"confetti/small-3","rotated":false,"trimmed":false,"sourceSize":{"w":8,"h":12},"spriteSourceSize":{"x":0,"y":0,"w":8,"h":12},"frame":{"x":27,"y":24,"w":8,"h":12}},{"filename":"confetti/small-5","rotated":false,"trimmed":false,"sourceSize":{"w":11,"h":12},"spriteSourceSize":{"x":0,"y":0,"w":11,"h":12},"frame":{"x":37,"y":24,"w":11,"h":12}},{"filename":"confetti/small-1","rotated":false,"trimmed":false,"sourceSize":{"w":13,"h":15},"spriteSourceSize":{"x":0,"y":0,"w":13,"h":15},"frame":{"x":50,"y":24,"w":13,"h":15}},{"filename":"confetti/small-4","rotated":false,"trimmed":true,"sourceSize":{"w":14,"h":16},"spriteSourceSize":{"x":1,"y":0,"w":12,"h":16},"frame":{"x":65,"y":24,"w":12,"h":16}},{"filename":"bubble-water","rotated":false,"trimmed":false,"sourceSize":{"w":17,"h":17},"spriteSourceSize":{"x":0,"y":0,"w":17,"h":17},"frame":{"x":79,"y":24,"w":17,"h":17}},{"filename":"star","rotated":false,"trimmed":false,"sourceSize":{"w":18,"h":18},"spriteSourceSize":{"x":0,"y":0,"w":18,"h":18},"frame":{"x":98,"y":24,"w":18,"h":18}},{"filename":"confetti/hexagon-2","rotated":false,"trimmed":true,"sourceSize":{"w":25,"h":25},"spriteSourceSize":{"x":1,"y":3,"w":23,"h":19},"frame":{"x":118,"y":24,"w":23,"h":19}},{"filename":"confetti/hexagon-3","rotated":false,"trimmed":true,"sourceSize":{"w":25,"h":25},"spriteSourceSize":{"x":3,"y":3,"w":20,"h":19},"frame":{"x":143,"y":24,"w":20,"h":19}},{"filename":"confetti/hexagon-1","rotated":false,"trimmed":true,"sourceSize":{"w":25,"h":25},"spriteSourceSize":{"x":0,"y":2,"w":25,"h":21},"frame":{"x":165,"y":24,"w":25,"h":21}},{"filename":"confetti/hexagon-4","rotated":false,"trimmed":true,"sourceSize":{"w":25,"h":25},"spriteSourceSize":{"x":1,"y":1,"w":23,"h":23},"frame":{"x":192,"y":24,"w":23,"h":23}},{"filename":"confetti/hexagon-0","rotated":false,"trimmed":false,"sourceSize":{"w":25,"h":25},"spriteSourceSize":{"x":0,"y":0,"w":25,"h":25},"frame":{"x":217,"y":24,"w":25,"h":25}},{"filename":"glare-cross","rotated":false,"trimmed":false,"sourceSize":{"w":30,"h":30},"spriteSourceSize":{"x":0,"y":0,"w":30,"h":30},"frame":{"x":244,"y":24,"w":30,"h":30}},{"filename":"blank","rotated":false,"trimmed":false,"sourceSize":{"w":50,"h":50},"spriteSourceSize":{"x":0,"y":0,"w":50,"h":50},"frame":{"x":276,"y":24,"w":50,"h":50}},{"filename":"text/text-cool","rotated":false,"trimmed":false,"sourceSize":{"w":135,"h":56},"spriteSourceSize":{"x":0,"y":0,"w":135,"h":56},"frame":{"x":1,"y":76,"w":135,"h":56}},{"filename":"text/text-excellent","rotated":false,"trimmed":false,"sourceSize":{"w":211,"h":59},"spriteSourceSize":{"x":0,"y":0,"w":211,"h":59},"frame":{"x":138,"y":76,"w":211,"h":59}},{"filename":"text/text-perfect","rotated":false,"trimmed":false,"sourceSize":{"w":175,"h":61},"spriteSourceSize":{"x":0,"y":0,"w":175,"h":61},"frame":{"x":1,"y":137,"w":175,"h":61}},{"filename":"text/text-unbelievable","rotated":false,"trimmed":false,"sourceSize":{"w":285,"h":71},"spriteSourceSize":{"x":0,"y":0,"w":285,"h":71},"frame":{"x":1,"y":200,"w":285,"h":71}},{"filename":"star-yellow","rotated":false,"trimmed":false,"sourceSize":{"w":85,"h":72},"spriteSourceSize":{"x":0,"y":0,"w":85,"h":72},"frame":{"x":288,"y":200,"w":85,"h":72}},{"filename":"glow-circle","rotated":false,"trimmed":false,"sourceSize":{"w":100,"h":100},"spriteSourceSize":{"x":0,"y":0,"w":100,"h":100},"frame":{"x":1,"y":274,"w":100,"h":100}},{"filename":"smoke","rotated":false,"trimmed":true,"sourceSize":{"w":212,"h":165},"spriteSourceSize":{"x":26,"y":15,"w":168,"h":134},"frame":{"x":103,"y":274,"w":168,"h":134}}]}],"meta":{"app":"https://www.codeandweb.com/texturepacker","version":"3.0","smartupdate":"$TexturePacker:SmartUpdate:b5e098b19e37d2357238809387506d1f:48fa371e38b3debf720de35a4290bfe9:fcf0ca429d8c303c4783c89b34559bdb$"}}