{"textures":[{"image":"editor.png","format":"RGBA8888","size":{"w":903,"h":1308},"scale":1,"frames":[{"filename":"Background","rotated":false,"trimmed":false,"sourceSize":{"w":768,"h":1024},"spriteSourceSize":{"x":0,"y":0,"w":768,"h":1024},"frame":{"x":2,"y":2,"w":768,"h":1024}},{"filename":"add_row_button","rotated":false,"trimmed":false,"sourceSize":{"w":700,"h":94},"spriteSourceSize":{"x":0,"y":0,"w":700,"h":94},"frame":{"x":2,"y":1029,"w":700,"h":94}},{"filename":"items_popover_back","rotated":false,"trimmed":false,"sourceSize":{"w":420,"h":180},"spriteSourceSize":{"x":0,"y":0,"w":420,"h":180},"frame":{"x":2,"y":1126,"w":420,"h":180}},{"filename":"icons/logout","rotated":false,"trimmed":false,"sourceSize":{"w":128,"h":128},"spriteSourceSize":{"x":0,"y":0,"w":128,"h":128},"frame":{"x":773,"y":2,"w":128,"h":128}},{"filename":"icons/save","rotated":false,"trimmed":false,"sourceSize":{"w":128,"h":128},"spriteSourceSize":{"x":0,"y":0,"w":128,"h":128},"frame":{"x":773,"y":133,"w":128,"h":128}},{"filename":"top gui/level_label_back","rotated":false,"trimmed":false,"sourceSize":{"w":235,"h":95},"spriteSourceSize":{"x":0,"y":0,"w":235,"h":95},"frame":{"x":425,"y":1126,"w":235,"h":95}},{"filename":"levels_list/levels_list_active","rotated":false,"trimmed":false,"sourceSize":{"w":250,"h":32},"spriteSourceSize":{"x":0,"y":0,"w":250,"h":32},"frame":{"x":425,"y":1224,"w":250,"h":32}},{"filename":"levels_list/levels_list_back","rotated":false,"trimmed":false,"sourceSize":{"w":63,"h":173},"spriteSourceSize":{"x":0,"y":0,"w":63,"h":173},"frame":{"x":773,"y":264,"w":63,"h":173}},{"filename":"levels_list/levels_list_button_back","rotated":false,"trimmed":false,"sourceSize":{"w":172,"h":38},"spriteSourceSize":{"x":0,"y":0,"w":172,"h":38},"frame":{"x":425,"y":1259,"w":172,"h":38}},{"filename":"icons/delete","rotated":false,"trimmed":true,"sourceSize":{"w":128,"h":128},"spriteSourceSize":{"x":20,"y":0,"w":88,"h":128},"frame":{"x":773,"y":440,"w":88,"h":128}},{"filename":"blank","rotated":false,"trimmed":false,"sourceSize":{"w":100,"h":100},"spriteSourceSize":{"x":0,"y":0,"w":100,"h":100},"frame":{"x":773,"y":571,"w":100,"h":100}},{"filename":"top gui/next_level_button","rotated":false,"trimmed":false,"sourceSize":{"w":87,"h":95},"spriteSourceSize":{"x":0,"y":0,"w":87,"h":95},"frame":{"x":773,"y":674,"w":87,"h":95}},{"filename":"top gui/prev_level_button","rotated":false,"trimmed":false,"sourceSize":{"w":87,"h":95},"spriteSourceSize":{"x":0,"y":0,"w":87,"h":95},"frame":{"x":773,"y":772,"w":87,"h":95}},{"filename":"icons/pen","rotated":false,"trimmed":false,"sourceSize":{"w":81,"h":81},"spriteSourceSize":{"x":0,"y":0,"w":81,"h":81},"frame":{"x":773,"y":870,"w":81,"h":81}},{"filename":"item_mod_bomb","rotated":false,"trimmed":false,"sourceSize":{"w":73,"h":73},"spriteSourceSize":{"x":0,"y":0,"w":73,"h":73},"frame":{"x":773,"y":954,"w":73,"h":73}},{"filename":"bubble-hover","rotated":false,"trimmed":false,"sourceSize":{"w":65,"h":65},"spriteSourceSize":{"x":0,"y":0,"w":65,"h":65},"frame":{"x":705,"y":1029,"w":65,"h":65}},{"filename":"item_mod_clear","rotated":false,"trimmed":false,"sourceSize":{"w":73,"h":73},"spriteSourceSize":{"x":0,"y":0,"w":73,"h":73},"frame":{"x":773,"y":1030,"w":73,"h":73}},{"filename":"item_mod_horizontal_stripes","rotated":false,"trimmed":false,"sourceSize":{"w":73,"h":73},"spriteSourceSize":{"x":0,"y":0,"w":73,"h":73},"frame":{"x":663,"y":1126,"w":73,"h":73}},{"filename":"item_mod_super","rotated":false,"trimmed":false,"sourceSize":{"w":73,"h":73},"spriteSourceSize":{"x":0,"y":0,"w":73,"h":73},"frame":{"x":739,"y":1106,"w":73,"h":73}},{"filename":"item_mod_vertical_stripes","rotated":false,"trimmed":false,"sourceSize":{"w":73,"h":73},"spriteSourceSize":{"x":0,"y":0,"w":73,"h":73},"frame":{"x":815,"y":1106,"w":73,"h":73}},{"filename":"bubble-selected","rotated":false,"trimmed":false,"sourceSize":{"w":71,"h":71},"spriteSourceSize":{"x":0,"y":0,"w":71,"h":71},"frame":{"x":678,"y":1202,"w":71,"h":71}},{"filename":"item_mod_firefly","rotated":false,"trimmed":false,"sourceSize":{"w":70,"h":70},"spriteSourceSize":{"x":0,"y":0,"w":70,"h":70},"frame":{"x":752,"y":1182,"w":70,"h":70}},{"filename":"bubble-transparent","rotated":false,"trimmed":false,"sourceSize":{"w":67,"h":67},"spriteSourceSize":{"x":0,"y":0,"w":67,"h":67},"frame":{"x":825,"y":1182,"w":67,"h":67}},{"filename":"icons/fun","rotated":false,"trimmed":true,"sourceSize":{"w":54,"h":54},"spriteSourceSize":{"x":0,"y":9,"w":54,"h":36},"frame":{"x":839,"y":264,"w":54,"h":36}},{"filename":"levels_list/tutorial_icon","rotated":false,"trimmed":false,"sourceSize":{"w":45,"h":45},"spriteSourceSize":{"x":0,"y":0,"w":45,"h":45},"frame":{"x":839,"y":303,"w":45,"h":45}},{"filename":"remove_row_button","rotated":false,"trimmed":false,"sourceSize":{"w":45,"h":45},"spriteSourceSize":{"x":0,"y":0,"w":45,"h":45},"frame":{"x":839,"y":351,"w":45,"h":45}},{"filename":"small_button_add","rotated":false,"trimmed":false,"sourceSize":{"w":38,"h":38},"spriteSourceSize":{"x":0,"y":0,"w":38,"h":38},"frame":{"x":839,"y":399,"w":38,"h":38}},{"filename":"small_button_edit","rotated":false,"trimmed":false,"sourceSize":{"w":38,"h":38},"spriteSourceSize":{"x":0,"y":0,"w":38,"h":38},"frame":{"x":863,"y":674,"w":38,"h":38}},{"filename":"small_button_fill","rotated":false,"trimmed":false,"sourceSize":{"w":38,"h":38},"spriteSourceSize":{"x":0,"y":0,"w":38,"h":38},"frame":{"x":863,"y":715,"w":38,"h":38}},{"filename":"small_button_lock","rotated":false,"trimmed":false,"sourceSize":{"w":38,"h":38},"spriteSourceSize":{"x":0,"y":0,"w":38,"h":38},"frame":{"x":863,"y":756,"w":38,"h":38}},{"filename":"small_button_remove","rotated":false,"trimmed":false,"sourceSize":{"w":38,"h":38},"spriteSourceSize":{"x":0,"y":0,"w":38,"h":38},"frame":{"x":863,"y":797,"w":38,"h":38}},{"filename":"main_panel/skull_icon","rotated":false,"trimmed":false,"sourceSize":{"w":36,"h":41},"spriteSourceSize":{"x":0,"y":0,"w":36,"h":41},"frame":{"x":600,"y":1259,"w":36,"h":41}},{"filename":"small_button_tutorial","rotated":false,"trimmed":false,"sourceSize":{"w":36,"h":36},"spriteSourceSize":{"x":0,"y":0,"w":36,"h":36},"frame":{"x":639,"y":1259,"w":36,"h":36}},{"filename":"main_panel/clear_button","rotated":false,"trimmed":true,"sourceSize":{"w":60,"h":60},"spriteSourceSize":{"x":15,"y":15,"w":30,"h":30},"frame":{"x":678,"y":1276,"w":30,"h":30}},{"filename":"main_panel/generate_button","rotated":false,"trimmed":true,"sourceSize":{"w":60,"h":60},"spriteSourceSize":{"x":15,"y":13,"w":30,"h":34},"frame":{"x":863,"y":838,"w":30,"h":34}},{"filename":"main_panel/exit_icon","rotated":false,"trimmed":true,"sourceSize":{"w":60,"h":60},"spriteSourceSize":{"x":16,"y":16,"w":28,"h":28},"frame":{"x":711,"y":1276,"w":28,"h":28}},{"filename":"main_panel/swap_button","rotated":false,"trimmed":true,"sourceSize":{"w":60,"h":60},"spriteSourceSize":{"x":15,"y":14,"w":30,"h":32},"frame":{"x":857,"y":875,"w":30,"h":32}},{"filename":"main_panel/unlock_button","rotated":false,"trimmed":true,"sourceSize":{"w":60,"h":60},"spriteSourceSize":{"x":18,"y":8,"w":24,"h":38},"frame":{"x":857,"y":910,"w":24,"h":38}},{"filename":"main_panel/next_level_button","rotated":false,"trimmed":true,"sourceSize":{"w":60,"h":60},"spriteSourceSize":{"x":23,"y":19,"w":14,"h":22},"frame":{"x":887,"y":303,"w":14,"h":22}},{"filename":"main_panel/prev_level_button","rotated":false,"trimmed":true,"sourceSize":{"w":60,"h":60},"spriteSourceSize":{"x":23,"y":19,"w":14,"h":22},"frame":{"x":887,"y":328,"w":14,"h":22}},{"filename":"main_panel/play_icon","rotated":false,"trimmed":true,"sourceSize":{"w":60,"h":60},"spriteSourceSize":{"x":13,"y":19,"w":34,"h":22},"frame":{"x":752,"y":1255,"w":34,"h":22}},{"filename":"main_panel/save_icon","rotated":false,"trimmed":true,"sourceSize":{"w":60,"h":60},"spriteSourceSize":{"x":18,"y":17,"w":25,"h":25},"frame":{"x":705,"y":1097,"w":25,"h":25}},{"filename":"main_panel/create_icon_2","rotated":false,"trimmed":true,"sourceSize":{"w":60,"h":60},"spriteSourceSize":{"x":18,"y":18,"w":24,"h":24},"frame":{"x":789,"y":1255,"w":24,"h":24}},{"filename":"main_panel/lock_button","rotated":false,"trimmed":true,"sourceSize":{"w":60,"h":60},"spriteSourceSize":{"x":18,"y":14,"w":24,"h":32},"frame":{"x":864,"y":440,"w":24,"h":32}},{"filename":"main_panel/remove_icon","rotated":false,"trimmed":true,"sourceSize":{"w":60,"h":60},"spriteSourceSize":{"x":20,"y":14,"w":20,"h":29},"frame":{"x":864,"y":475,"w":20,"h":29}},{"filename":"main_panel/panel_separator","rotated":false,"trimmed":true,"sourceSize":{"w":4,"h":38},"spriteSourceSize":{"x":1,"y":0,"w":2,"h":38},"frame":{"x":880,"y":399,"w":2,"h":38}},{"filename":"levels_list/levels_list_scrollbar","rotated":false,"trimmed":false,"sourceSize":{"w":4,"h":40},"spriteSourceSize":{"x":0,"y":0,"w":4,"h":40},"frame":{"x":849,"y":954,"w":4,"h":40}},{"filename":"main_panel/button_next_level","rotated":false,"trimmed":true,"sourceSize":{"w":46,"h":58},"spriteSourceSize":{"x":12,"y":17,"w":22,"h":24},"frame":{"x":742,"y":1282,"w":22,"h":24}},{"filename":"main_panel/button_prev_level","rotated":false,"trimmed":true,"sourceSize":{"w":46,"h":58},"spriteSourceSize":{"x":12,"y":17,"w":22,"h":24},"frame":{"x":767,"y":1282,"w":22,"h":24}},{"filename":"icons/Paomedia-Small-N-Flat-Flag-alt","rotated":false,"trimmed":true,"sourceSize":{"w":24,"h":24},"spriteSourceSize":{"x":2,"y":1,"w":20,"h":23},"frame":{"x":864,"y":507,"w":20,"h":23}},{"filename":"icons/Paomedia-Small-N-Flat-Trashcan","rotated":false,"trimmed":true,"sourceSize":{"w":24,"h":24},"spriteSourceSize":{"x":2,"y":1,"w":20,"h":23},"frame":{"x":792,"y":1282,"w":20,"h":23}},{"filename":"icons/Paomedia-Small-N-Flat-Window-system","rotated":false,"trimmed":true,"sourceSize":{"w":24,"h":24},"spriteSourceSize":{"x":1,"y":2,"w":22,"h":21},"frame":{"x":864,"y":533,"w":22,"h":21}},{"filename":"items_popover_tip","rotated":false,"trimmed":false,"sourceSize":{"w":25,"h":15},"spriteSourceSize":{"x":0,"y":0,"w":25,"h":15},"frame":{"x":876,"y":557,"w":25,"h":15}},{"filename":"lock_icon","rotated":false,"trimmed":false,"sourceSize":{"w":18,"h":22},"spriteSourceSize":{"x":0,"y":0,"w":18,"h":22},"frame":{"x":876,"y":575,"w":18,"h":22}},{"filename":"icons/Paomedia-Small-N-Flat-Floppy","rotated":false,"trimmed":true,"sourceSize":{"w":24,"h":24},"spriteSourceSize":{"x":3,"y":3,"w":18,"h":18},"frame":{"x":876,"y":600,"w":18,"h":18}},{"filename":"icons/Paomedia-Small-N-Flat-Gamepad","rotated":false,"trimmed":true,"sourceSize":{"w":24,"h":24},"spriteSourceSize":{"x":0,"y":5,"w":24,"h":13},"frame":{"x":876,"y":621,"w":24,"h":13}}]}],"meta":{"app":"https://www.codeandweb.com/texturepacker","version":"3.0","smartupdate":"$TexturePacker:SmartUpdate:6dbd4fb98453b982af083b0bd96987e0:5a6dd338c10b048d723b24f00ba5defd:34723e8577f3f03f67f85e881cc7b636$"}}