{"textures":[{"image":"theme-gameplay-default-resources.png","format":"RGBA8888","size":{"w":839,"h":256},"scale":1,"frames":[{"filename":"top-line","rotated":false,"trimmed":false,"sourceSize":{"w":750,"h":11},"spriteSourceSize":{"x":0,"y":0,"w":750,"h":11},"frame":{"x":2,"y":2,"w":750,"h":11}},{"filename":"background/bg_progress_bar","rotated":false,"trimmed":false,"sourceSize":{"w":459,"h":97},"spriteSourceSize":{"x":0,"y":0,"w":459,"h":97},"frame":{"x":2,"y":16,"w":459,"h":97}},{"filename":"background/bg_top","rotated":false,"trimmed":false,"sourceSize":{"w":289,"h":150},"spriteSourceSize":{"x":0,"y":0,"w":289,"h":150},"frame":{"x":464,"y":16,"w":289,"h":150}},{"filename":"progress/progress_bg","rotated":false,"trimmed":false,"sourceSize":{"w":288,"h":37},"spriteSourceSize":{"x":0,"y":0,"w":288,"h":37},"frame":{"x":2,"y":116,"w":288,"h":37}},{"filename":"background/mission_box","rotated":false,"trimmed":false,"sourceSize":{"w":226,"h":97},"spriteSourceSize":{"x":0,"y":0,"w":226,"h":97},"frame":{"x":2,"y":156,"w":226,"h":97}},{"filename":"buttons/item_box","rotated":false,"trimmed":false,"sourceSize":{"w":94,"h":85},"spriteSourceSize":{"x":0,"y":0,"w":94,"h":85},"frame":{"x":231,"y":169,"w":94,"h":85}},{"filename":"buttons/item_box_disable","rotated":false,"trimmed":false,"sourceSize":{"w":94,"h":85},"spriteSourceSize":{"x":0,"y":0,"w":94,"h":85},"frame":{"x":328,"y":169,"w":94,"h":85}},{"filename":"progress/progress_bar","rotated":false,"trimmed":false,"sourceSize":{"w":277,"h":27},"spriteSourceSize":{"x":0,"y":0,"w":277,"h":27},"frame":{"x":425,"y":169,"w":277,"h":27}},{"filename":"progress/chest_progress_bg","rotated":false,"trimmed":false,"sourceSize":{"w":129,"h":51},"spriteSourceSize":{"x":0,"y":0,"w":129,"h":51},"frame":{"x":425,"y":199,"w":129,"h":51}},{"filename":"buttons/item_box_full","rotated":false,"trimmed":false,"sourceSize":{"w":94,"h":85},"spriteSourceSize":{"x":0,"y":0,"w":94,"h":85},"frame":{"x":705,"y":169,"w":94,"h":85}},{"filename":"buttons/btn_red_circle","rotated":false,"trimmed":false,"sourceSize":{"w":75,"h":78},"spriteSourceSize":{"x":0,"y":0,"w":75,"h":78},"frame":{"x":756,"y":2,"w":75,"h":78}},{"filename":"buttons/button_bg","rotated":false,"trimmed":false,"sourceSize":{"w":81,"h":71},"spriteSourceSize":{"x":0,"y":0,"w":81,"h":71},"frame":{"x":756,"y":83,"w":81,"h":71}},{"filename":"progress/chest_progress_bar","rotated":false,"trimmed":false,"sourceSize":{"w":108,"h":28},"spriteSourceSize":{"x":0,"y":0,"w":108,"h":28},"frame":{"x":293,"y":116,"w":108,"h":28}},{"filename":"progress/star-empty","rotated":false,"trimmed":false,"sourceSize":{"w":46,"h":47},"spriteSourceSize":{"x":0,"y":0,"w":46,"h":47},"frame":{"x":557,"y":199,"w":46,"h":47}},{"filename":"progress/star-full","rotated":false,"trimmed":false,"sourceSize":{"w":46,"h":47},"spriteSourceSize":{"x":0,"y":0,"w":46,"h":47},"frame":{"x":606,"y":199,"w":46,"h":47}},{"filename":"icon_pause","rotated":false,"trimmed":false,"sourceSize":{"w":25,"h":28},"spriteSourceSize":{"x":0,"y":0,"w":25,"h":28},"frame":{"x":404,"y":116,"w":25,"h":28}}]}],"meta":{"app":"https://www.codeandweb.com/texturepacker","version":"3.0","smartupdate":"$TexturePacker:SmartUpdate:051e54bd9ba93e0ac28c7cd4f34450c9:4e9ddbf941992c4d47010423e46835dd:aab0aae0102cb9f69fc74b2fc24f62e6$"}}