{"textures":[{"image":"theme-hard-resources.png","format":"RGBA8888","size":{"w":494,"h":921},"scale":1,"frames":[{"filename":"progress/progress_bg","rotated":false,"trimmed":false,"sourceSize":{"w":456,"h":42},"spriteSourceSize":{"x":0,"y":0,"w":456,"h":42},"frame":{"x":2,"y":2,"w":456,"h":42},"anchor":{"x":0.5,"y":0.5}},{"filename":"progress/progress_bar","rotated":false,"trimmed":false,"sourceSize":{"w":448,"h":34},"spriteSourceSize":{"x":0,"y":0,"w":448,"h":34},"frame":{"x":2,"y":47,"w":448,"h":34},"anchor":{"x":0.5,"y":0.5}},{"filename":"buttons/btn_play","rotated":false,"trimmed":false,"sourceSize":{"w":353,"h":159},"spriteSourceSize":{"x":0,"y":0,"w":353,"h":159},"frame":{"x":2,"y":84,"w":353,"h":159},"anchor":{"x":0.5,"y":0.5}},{"filename":"progress/chest_progress_bg","rotated":false,"trimmed":false,"sourceSize":{"w":127,"h":47},"spriteSourceSize":{"x":0,"y":0,"w":127,"h":47},"frame":{"x":358,"y":84,"w":127,"h":47},"anchor":{"x":0.5,"y":0.5}},{"filename":"progress/chest_progress_bar","rotated":false,"trimmed":false,"sourceSize":{"w":108,"h":28},"spriteSourceSize":{"x":0,"y":0,"w":108,"h":28},"frame":{"x":358,"y":134,"w":108,"h":28},"anchor":{"x":0.5,"y":0.5}},{"filename":"icons/icon_header","rotated":false,"trimmed":false,"sourceSize":{"w":107,"h":117},"spriteSourceSize":{"x":0,"y":0,"w":107,"h":117},"frame":{"x":358,"y":165,"w":107,"h":117},"anchor":{"x":0.5,"y":0.5}},{"filename":"background/popup_mission","rotated":false,"trimmed":false,"sourceSize":{"w":294,"h":92},"spriteSourceSize":{"x":0,"y":0,"w":294,"h":92},"frame":{"x":2,"y":246,"w":294,"h":92},"anchor":{"x":0.5,"y":0.5}},{"filename":"background/popup_header","rotated":false,"trimmed":false,"sourceSize":{"w":193,"h":58},"spriteSourceSize":{"x":0,"y":0,"w":193,"h":58},"frame":{"x":299,"y":285,"w":193,"h":58},"anchor":{"x":0.5,"y":0.5}},{"filename":"popup/popup_setting_box","rotated":false,"trimmed":false,"sourceSize":{"w":244,"h":165},"spriteSourceSize":{"x":0,"y":0,"w":244,"h":165},"frame":{"x":2,"y":341,"w":244,"h":165},"anchor":{"x":0.5,"y":0.5}},{"filename":"background/heart_box","rotated":false,"trimmed":false,"sourceSize":{"w":243,"h":97},"spriteSourceSize":{"x":0,"y":0,"w":243,"h":97},"frame":{"x":249,"y":346,"w":243,"h":97},"anchor":{"x":0.5,"y":0.5}},{"filename":"icons/star_empty_large","rotated":false,"trimmed":false,"sourceSize":{"w":157,"h":150},"spriteSourceSize":{"x":0,"y":0,"w":157,"h":150},"frame":{"x":249,"y":446,"w":157,"h":150},"anchor":{"x":0.5,"y":0.5}},{"filename":"popup/middle-left","rotated":false,"trimmed":false,"sourceSize":{"w":75,"h":214},"spriteSourceSize":{"x":0,"y":0,"w":75,"h":214},"frame":{"x":409,"y":446,"w":75,"h":214},"anchor":{"x":0.5,"y":0.5}},{"filename":"popup/middle-middle","rotated":false,"trimmed":false,"sourceSize":{"w":145,"h":214},"spriteSourceSize":{"x":0,"y":0,"w":145,"h":214},"frame":{"x":2,"y":663,"w":145,"h":214},"anchor":{"x":0.5,"y":0.5}},{"filename":"icons/star_large","rotated":false,"trimmed":false,"sourceSize":{"w":149,"h":146},"spriteSourceSize":{"x":0,"y":0,"w":149,"h":146},"frame":{"x":2,"y":509,"w":149,"h":146},"anchor":{"x":0.5,"y":0.5}},{"filename":"popup/middle-right","rotated":false,"trimmed":false,"sourceSize":{"w":75,"h":214},"spriteSourceSize":{"x":0,"y":0,"w":75,"h":214},"frame":{"x":154,"y":509,"w":75,"h":214},"anchor":{"x":0.5,"y":0.5}},{"filename":"popup/bottom-middle","rotated":false,"trimmed":false,"sourceSize":{"w":145,"h":75},"spriteSourceSize":{"x":0,"y":0,"w":145,"h":75},"frame":{"x":232,"y":599,"w":145,"h":75},"anchor":{"x":0.5,"y":0.5}},{"filename":"blank","rotated":false,"trimmed":false,"sourceSize":{"w":100,"h":100},"spriteSourceSize":{"x":0,"y":0,"w":100,"h":100},"frame":{"x":380,"y":663,"w":100,"h":100},"anchor":{"x":0.5,"y":0.5}},{"filename":"popup/top-middle","rotated":false,"trimmed":false,"sourceSize":{"w":145,"h":75},"spriteSourceSize":{"x":0,"y":0,"w":145,"h":75},"frame":{"x":232,"y":677,"w":145,"h":75},"anchor":{"x":0.5,"y":0.5}},{"filename":"buttons/btn_blue_circle","rotated":false,"trimmed":false,"sourceSize":{"w":75,"h":78},"spriteSourceSize":{"x":0,"y":0,"w":75,"h":78},"frame":{"x":150,"y":726,"w":75,"h":78},"anchor":{"x":0.5,"y":0.5}},{"filename":"buttons/btn_close","rotated":false,"trimmed":false,"sourceSize":{"w":75,"h":78},"spriteSourceSize":{"x":0,"y":0,"w":75,"h":78},"frame":{"x":150,"y":807,"w":75,"h":78},"anchor":{"x":0.5,"y":0.5}},{"filename":"buttons/btn_red_circle","rotated":false,"trimmed":false,"sourceSize":{"w":75,"h":78},"spriteSourceSize":{"x":0,"y":0,"w":75,"h":78},"frame":{"x":228,"y":755,"w":75,"h":78},"anchor":{"x":0.5,"y":0.5}},{"filename":"popup/bottom-left","rotated":false,"trimmed":false,"sourceSize":{"w":75,"h":75},"spriteSourceSize":{"x":0,"y":0,"w":75,"h":75},"frame":{"x":228,"y":836,"w":75,"h":75},"anchor":{"x":0.5,"y":0.5}},{"filename":"popup/bottom-right","rotated":false,"trimmed":false,"sourceSize":{"w":75,"h":75},"spriteSourceSize":{"x":0,"y":0,"w":75,"h":75},"frame":{"x":306,"y":766,"w":75,"h":75},"anchor":{"x":0.5,"y":0.5}},{"filename":"popup/top-left","rotated":false,"trimmed":false,"sourceSize":{"w":75,"h":75},"spriteSourceSize":{"x":0,"y":0,"w":75,"h":75},"frame":{"x":306,"y":844,"w":75,"h":75},"anchor":{"x":0.5,"y":0.5}},{"filename":"popup/top-right","rotated":false,"trimmed":false,"sourceSize":{"w":75,"h":75},"spriteSourceSize":{"x":0,"y":0,"w":75,"h":75},"frame":{"x":384,"y":766,"w":75,"h":75},"anchor":{"x":0.5,"y":0.5}}]}],"meta":{"app":"https://www.codeandweb.com/texturepacker","version":"3.0","smartupdate":"$TexturePacker:SmartUpdate:570b3421810196c9d48875c34bd418ef:68b02e009dbd73b6e9741abbb9f081af:cafdd95a6218b486e47b3ffccee7a98b$"}}