{"textures":[{"image":"theme-default-resources.png","format":"RGBA8888","size":{"w":505,"h":905},"scale":1,"frames":[{"filename":"buttons/btn_play","rotated":false,"trimmed":false,"sourceSize":{"w":353,"h":159},"spriteSourceSize":{"x":0,"y":0,"w":353,"h":159},"frame":{"x":2,"y":2,"w":353,"h":159},"anchor":{"x":0.5,"y":0.5}},{"filename":"popup/middle-middle","rotated":false,"trimmed":false,"sourceSize":{"w":145,"h":214},"spriteSourceSize":{"x":0,"y":0,"w":145,"h":214},"frame":{"x":358,"y":2,"w":145,"h":214},"anchor":{"x":0.5,"y":0.5}},{"filename":"popup/popup_setting_box","rotated":false,"trimmed":false,"sourceSize":{"w":244,"h":165},"spriteSourceSize":{"x":0,"y":0,"w":244,"h":165},"frame":{"x":2,"y":164,"w":244,"h":165},"anchor":{"x":0.5,"y":0.5}},{"filename":"popup/middle-left","rotated":false,"trimmed":false,"sourceSize":{"w":75,"h":214},"spriteSourceSize":{"x":0,"y":0,"w":75,"h":214},"frame":{"x":249,"y":164,"w":75,"h":214},"anchor":{"x":0.5,"y":0.5}},{"filename":"icons/star_empty_large","rotated":false,"trimmed":false,"sourceSize":{"w":157,"h":151},"spriteSourceSize":{"x":0,"y":0,"w":157,"h":151},"frame":{"x":327,"y":219,"w":157,"h":151},"anchor":{"x":0.5,"y":0.5}},{"filename":"icons/star_large","rotated":false,"trimmed":false,"sourceSize":{"w":149,"h":146},"spriteSourceSize":{"x":0,"y":0,"w":149,"h":146},"frame":{"x":327,"y":373,"w":149,"h":146},"anchor":{"x":0.5,"y":0.5}},{"filename":"background/heart_box","rotated":false,"trimmed":false,"sourceSize":{"w":243,"h":97},"spriteSourceSize":{"x":0,"y":0,"w":243,"h":97},"frame":{"x":2,"y":332,"w":243,"h":97},"anchor":{"x":0.5,"y":0.5}},{"filename":"popup/middle-right","rotated":false,"trimmed":false,"sourceSize":{"w":75,"h":214},"spriteSourceSize":{"x":0,"y":0,"w":75,"h":214},"frame":{"x":248,"y":381,"w":75,"h":214},"anchor":{"x":0.5,"y":0.5}},{"filename":"popup/bottom-middle","rotated":false,"trimmed":false,"sourceSize":{"w":145,"h":75},"spriteSourceSize":{"x":0,"y":0,"w":145,"h":75},"frame":{"x":326,"y":522,"w":145,"h":75},"anchor":{"x":0.5,"y":0.5}},{"filename":"background/popup_mission","rotated":false,"trimmed":false,"sourceSize":{"w":295,"h":91},"spriteSourceSize":{"x":0,"y":0,"w":295,"h":91},"frame":{"x":2,"y":598,"w":295,"h":91},"anchor":{"x":0.5,"y":0.5}},{"filename":"background/popup_header","rotated":false,"trimmed":false,"sourceSize":{"w":193,"h":58},"spriteSourceSize":{"x":0,"y":0,"w":193,"h":58},"frame":{"x":2,"y":432,"w":193,"h":58},"anchor":{"x":0.5,"y":0.5}},{"filename":"popup/top-middle","rotated":false,"trimmed":false,"sourceSize":{"w":145,"h":75},"spriteSourceSize":{"x":0,"y":0,"w":145,"h":75},"frame":{"x":2,"y":493,"w":145,"h":75},"anchor":{"x":0.5,"y":0.5}},{"filename":"buttons/btn_blue_circle","rotated":false,"trimmed":false,"sourceSize":{"w":75,"h":78},"spriteSourceSize":{"x":0,"y":0,"w":75,"h":78},"frame":{"x":150,"y":493,"w":75,"h":78},"anchor":{"x":0.5,"y":0.5}},{"filename":"blank","rotated":false,"trimmed":false,"sourceSize":{"w":100,"h":100},"spriteSourceSize":{"x":0,"y":0,"w":100,"h":100},"frame":{"x":300,"y":600,"w":100,"h":100},"anchor":{"x":0.5,"y":0.5}},{"filename":"buttons/btn_close","rotated":false,"trimmed":false,"sourceSize":{"w":75,"h":78},"spriteSourceSize":{"x":0,"y":0,"w":75,"h":78},"frame":{"x":403,"y":600,"w":75,"h":78},"anchor":{"x":0.5,"y":0.5}},{"filename":"buttons/btn_red_circle","rotated":false,"trimmed":false,"sourceSize":{"w":75,"h":78},"spriteSourceSize":{"x":0,"y":0,"w":75,"h":78},"frame":{"x":403,"y":681,"w":75,"h":78},"anchor":{"x":0.5,"y":0.5}},{"filename":"progress/chest_progress_bg","rotated":false,"trimmed":false,"sourceSize":{"w":129,"h":51},"spriteSourceSize":{"x":0,"y":0,"w":129,"h":51},"frame":{"x":2,"y":692,"w":129,"h":51},"anchor":{"x":0.5,"y":0.5}},{"filename":"popup/bottom-left","rotated":false,"trimmed":false,"sourceSize":{"w":75,"h":75},"spriteSourceSize":{"x":0,"y":0,"w":75,"h":75},"frame":{"x":134,"y":692,"w":75,"h":75},"anchor":{"x":0.5,"y":0.5}},{"filename":"popup/bottom-right","rotated":false,"trimmed":false,"sourceSize":{"w":75,"h":75},"spriteSourceSize":{"x":0,"y":0,"w":75,"h":75},"frame":{"x":212,"y":692,"w":75,"h":75},"anchor":{"x":0.5,"y":0.5}},{"filename":"popup/top-left","rotated":false,"trimmed":false,"sourceSize":{"w":75,"h":75},"spriteSourceSize":{"x":0,"y":0,"w":75,"h":75},"frame":{"x":290,"y":703,"w":75,"h":75},"anchor":{"x":0.5,"y":0.5}},{"filename":"popup/top-right","rotated":false,"trimmed":false,"sourceSize":{"w":75,"h":75},"spriteSourceSize":{"x":0,"y":0,"w":75,"h":75},"frame":{"x":2,"y":746,"w":75,"h":75},"anchor":{"x":0.5,"y":0.5}},{"filename":"progress/chest_progress_bar","rotated":false,"trimmed":false,"sourceSize":{"w":108,"h":28},"spriteSourceSize":{"x":0,"y":0,"w":108,"h":28},"frame":{"x":368,"y":762,"w":108,"h":28},"anchor":{"x":0.5,"y":0.5}},{"filename":"progress/progress_bg","rotated":false,"trimmed":false,"sourceSize":{"w":456,"h":42},"spriteSourceSize":{"x":0,"y":0,"w":456,"h":42},"frame":{"x":2,"y":824,"w":456,"h":42},"anchor":{"x":0.5,"y":0.5}},{"filename":"progress/progress_bar","rotated":false,"trimmed":false,"sourceSize":{"w":448,"h":34},"spriteSourceSize":{"x":0,"y":0,"w":448,"h":34},"frame":{"x":2,"y":869,"w":448,"h":34},"anchor":{"x":0.5,"y":0.5}}]}],"meta":{"app":"https://www.codeandweb.com/texturepacker","version":"3.0","smartupdate":"$TexturePacker:SmartUpdate:c1d65ffb7819ec6d5bd4f6b58d18b003:ae2b5b88f2a0ee14b33001bdff9df3ee:fddff4a85012377f4b1b6933bd967ecc$"}}