{"compressionlevel":-1,"height":9,"infinite":false,"layers":[{"data":[0,0,0,0,0,0,0,0,0,0,0,0,0,0,0,0,0,0,0,0,0,0,0,0,0,13,0,0,0,0,13,13,0,0,0,0,0,0,0,0,0,0,0,0,0,0,0,0,0,0,0,0,0,0,0,0,0,0,0,0,0,0,0,0],"height":8,"id":1,"name":"level-155.json","opacity":1,"properties":[],"type":"tilelayer","visible":true,"width":8,"x":0,"y":0},{"draworder":"topdown","id":2,"name":"spawnOrder","objects":[],"opacity":1,"type":"objectgroup","visible":true,"x":0,"y":0},{"draworder":"topdown","id":10,"name":"Object Layer 2","objects":[],"opacity":1,"type":"objectgroup","visible":true,"x":0,"y":0}],"nextlayerid":11,"nextobjectid":315,"orientation":"orthogonal","properties":[{"name":"target","type":"string","value":"{12: 1}"},{"name":"typeLevel","type":"string","value":"collect"}],"renderorder":"right-down","tiledversion":"1.8.2","tileheight":10,"tilesets":[{"columns":0,"firstgid":1,"grid":{"height":1,"orientation":"orthogonal","width":1},"margin":0,"name":"Pieces","spacing":0,"tilecount":57,"tileheight":50,"tiles":[{"id":1,"imageheight":10,"imagewidth":10},{"id":2,"imageheight":10,"imagewidth":10},{"id":3,"imageheight":10,"imagewidth":10},{"id":4,"imageheight":10,"imagewidth":10},{"id":5,"imageheight":10,"imagewidth":10},{"id":6,"imageheight":10,"imagewidth":10},{"id":9,"imageheight":10,"imagewidth":10},{"id":11,"imageheight":10,"imagewidth":10},{"id":12,"imageheight":10,"imagewidth":10},{"id":13,"imageheight":10,"imagewidth":10},{"id":14,"imageheight":10,"imagewidth":10},{"id":15,"imageheight":10,"imagewidth":10},{"id":16,"imageheight":10,"imagewidth":10},{"id":19,"imageheight":10,"imagewidth":10},{"id":21,"imageheight":10,"imagewidth":10},{"id":22,"imageheight":10,"imagewidth":10},{"id":23,"imageheight":10,"imagewidth":10},{"id":24,"imageheight":10,"imagewidth":10},{"id":25,"imageheight":10,"imagewidth":10},{"id":26,"imageheight":10,"imagewidth":10},{"id":29,"imageheight":10,"imagewidth":10},{"id":31,"imageheight":10,"imagewidth":10},{"id":32,"imageheight":10,"imagewidth":10},{"id":33,"imageheight":10,"imagewidth":10},{"id":34,"imageheight":10,"imagewidth":10},{"id":35,"imageheight":10,"imagewidth":10},{"id":36,"imageheight":10,"imagewidth":10},{"id":39,"imageheight":10,"imagewidth":10},{"id":41,"imageheight":10,"imagewidth":10},{"id":42,"imageheight":10,"imagewidth":10},{"id":43,"imageheight":10,"imagewidth":10},{"id":44,"imageheight":10,"imagewidth":10},{"id":45,"imageheight":10,"imagewidth":10},{"id":46,"imageheight":10,"imagewidth":10},{"id":49,"imageheight":10,"imagewidth":10},{"id":51,"imageheight":10,"imagewidth":10},{"id":52,"imageheight":10,"imagewidth":10},{"id":53,"imageheight":10,"imagewidth":10},{"id":54,"imageheight":10,"imagewidth":10},{"id":55,"imageheight":10,"imagewidth":10},{"id":56,"imageheight":10,"imagewidth":10},{"id":59,"imageheight":10,"imagewidth":10},{"id":61,"imageheight":10,"imagewidth":10},{"id":62,"imageheight":10,"imagewidth":10},{"id":63,"imageheight":10,"imagewidth":10},{"id":64,"imageheight":10,"imagewidth":10},{"id":65,"imageheight":10,"imagewidth":10},{"id":66,"imageheight":10,"imagewidth":10}],"tilewidth":50}],"tilewidth":10,"type":"map","version":"1.8","width":9}