{ "compressionlevel":-1,
 "height":9,
 "infinite":false,
 "layers":[
        {
         "data":[2, 0, 0, 0, 0, 0, 0, 0, 2,
            0, 15, 2, 13, 0, 13, 2, 15, 0,
            2, 0, 0, 0, 0, 0, 0, 0, 2,
            0, 13, 2, 11, 0, 11, 2, 13, 0,
            0, 0, 0, 0, 0, 0, 0, 0, 2,
            0, 11, 2, 15, 0, 15, 2, 11, 0,
            0, 0, 0, 0, 0, 0, 0, 0, 0,
            0, 0, 0, 0, 0, 0, 0, 0, 0,
            0, 0, 0, 0, 0, 0, 0, 0, 0],
         "height":9,
         "id":1,
         "name":"map",
         "opacity":1,
         "properties":[
                {
                 "name":"segment1",
                 "propertytype":"segment",
                 "type":"class",
                 "value":
                    {
                     "avgScore":3.5,
                     "piece1":"{min: 1, max: 10}",
                     "piece5":"{min: 1, max: 10}",
                     "pieceDistancePerGem":0,
                     "score":100
                    }
                }],
         "type":"tilelayer",
         "visible":true,
         "width":9,
         "x":0,
         "y":0
        }, 
        {
         "draworder":"topdown",
         "id":2,
         "name":"spawnOrder",
         "objects":[
                {
                 "gid":135,
                 "height":30,
                 "id":927,
                 "name":"TT3",
                 "rotation":0,
                 "type":"TT3",
                 "visible":true,
                 "width":30,
                 "x":-22,
                 "y":139
                }, 
                {
                 "gid":146,
                 "height":30,
                 "id":928,
                 "name":"VV2",
                 "rotation":0,
                 "type":"VV2",
                 "visible":true,
                 "width":30,
                 "x":36,
                 "y":139
                }, 
                {
                 "gid":144,
                 "height":20,
                 "id":929,
                 "name":"V4",
                 "rotation":0,
                 "type":"V4",
                 "visible":true,
                 "width":20,
                 "x":98,
                 "y":134
                }, 
                {
                 "gid":107,
                 "height":10,
                 "id":930,
                 "name":"II3",
                 "rotation":0,
                 "type":"II3",
                 "visible":true,
                 "width":30,
                 "x":-22,
                 "y":183
                }, 
                {
                 "gid":102,
                 "height":20,
                 "id":931,
                 "name":"I2",
                 "rotation":0,
                 "type":"I2",
                 "visible":true,
                 "width":10,
                 "x":45,
                 "y":187
                }, 
                {
                 "gid":118,
                 "height":20,
                 "id":932,
                 "name":"O",
                 "rotation":0,
                 "type":"O",
                 "visible":true,
                 "width":20,
                 "x":98,
                 "y":187
                }, 
                {
                 "gid":104,
                 "height":40,
                 "id":933,
                 "name":"I4",
                 "rotation":0,
                 "type":"I4",
                 "visible":true,
                 "width":10,
                 "x":-12,
                 "y":251
                }, 
                {
                 "gid":127,
                 "height":20,
                 "id":934,
                 "name":"S1",
                 "rotation":0,
                 "type":"S1",
                 "visible":true,
                 "width":30,
                 "x":36,
                 "y":242
                }, 
                {
                 "gid":118,
                 "height":20,
                 "id":935,
                 "name":"O",
                 "rotation":0,
                 "type":"O",
                 "visible":true,
                 "width":20,
                 "x":98,
                 "y":241
                },
            
                {
                 "gid":150,
                 "height":20,
                 "id":936,
                 "name":"Z1",
                 "rotation":0,
                 "type":"Z1",
                 "visible":true,
                 "width":30,
                 "x":-22,
                 "y":295
                }, 
                {
                 "gid":135,
                 "height":30,
                 "id":937,
                 "name":"TT3",
                 "rotation":0,
                 "type":"TT3",
                 "visible":true,
                 "width":30,
                 "x":36,
                 "y":299
                }, 
                {
                 "gid":144,
                 "height":20,
                 "id":938,
                 "name":"V4",
                 "rotation":0,
                 "type":"V4",
                 "visible":true,
                 "width":20,
                 "x":98,
                 "y":295
                }, 
                {
                 "gid":132,
                 "height":30,
                 "id":939,
                 "name":"T4",
                 "rotation":0,
                 "type":"T4",
                 "visible":true,
                 "width":20,
                 "x":-17,
                 "y":354
                }, 
                {
                 "gid":127,
                 "height":20,
                 "id":940,
                 "name":"S1",
                 "rotation":0,
                 "type":"S1",
                 "visible":true,
                 "width":30,
                 "x":36,
                 "y":349
                }, 
                {
                 "gid":106,
                 "height":10,
                 "id":941,
                 "name":"II2",
                 "rotation":0,
                 "type":"II2",
                 "visible":true,
                 "width":20,
                 "x":98,
                 "y":344
                }, 
                {
                 "gid":142,
                 "height":20,
                 "id":942,
                 "name":"V2",
                 "rotation":0,
                 "type":"V2",
                 "visible":true,
                 "width":20,
                 "x":-16,
                 "y":402
                }, 
                {
                 "gid":106,
                 "height":10,
                 "id":943,
                 "name":"II2",
                 "rotation":0,
                 "type":"II2",
                 "visible":true,
                 "width":20,
                 "x":41,
                 "y":398
                }, 
                {
                 "gid":132,
                 "height":30,
                 "id":944,
                 "name":"T4",
                 "rotation":0,
                 "type":"T4",
                 "visible":true,
                 "width":20,
                 "x":98,
                 "y":407
                },
            
                {
                 "gid":108,
                 "height":10,
                 "id":945,
                 "name":"II4",
                 "rotation":0,
                 "type":"II4",
                 "visible":true,
                 "width":40,
                 "x":-27,
                 "y":451
                }, 
                {
                 "gid":107,
                 "height":10,
                 "id":946,
                 "name":"II3",
                 "rotation":0,
                 "type":"II3",
                 "visible":true,
                 "width":30,
                 "x":35,
                 "y":451
                }, 
                {
                 "gid":115,
                 "height":20,
                 "id":947,
                 "name":"L2",
                 "rotation":0,
                 "type":"L2",
                 "visible":true,
                 "width":30,
                 "x":93,
                 "y":456
                }, 
                {
                 "gid":106,
                 "height":10,
                 "id":948,
                 "name":"II2",
                 "rotation":0,
                 "type":"II2",
                 "visible":true,
                 "width":20,
                 "x":-17,
                 "y":505
                }, 
                {
                 "gid":149,
                 "height":30,
                 "id":949,
                 "name":"X",
                 "rotation":0,
                 "type":"X",
                 "visible":true,
                 "width":30,
                 "x":37,
                 "y":515
                }, 
                {
                 "gid":144,
                 "height":20,
                 "id":950,
                 "name":"V4",
                 "rotation":0,
                 "type":"V4",
                 "visible":true,
                 "width":20,
                 "x":98,
                 "y":510
                }, 
                {
                 "gid":141,
                 "height":20,
                 "id":951,
                 "name":"V1",
                 "rotation":0,
                 "type":"V1",
                 "visible":true,
                 "width":20,
                 "x":-17,
                 "y":563
                }, 
                {
                 "gid":149,
                 "height":30,
                 "id":952,
                 "name":"X",
                 "rotation":0,
                 "type":"X",
                 "visible":true,
                 "width":30,
                 "x":36,
                 "y":569
                }, 
                {
                 "gid":123,
                 "height":20,
                 "id":953,
                 "name":"polyplet-right-2",
                 "rotation":0,
                 "type":"polyplet-right-2",
                 "visible":true,
                 "width":20,
                 "x":98,
                 "y":563
                },
            
                {
                 "gid":132,
                 "height":30,
                 "id":954,
                 "name":"T4",
                 "rotation":0,
                 "type":"T4",
                 "visible":true,
                 "width":20,
                 "x":-17,
                 "y":622
                }, 
                {
                 "gid":124,
                 "height":30,
                 "id":955,
                 "name":"polyplet-right-3",
                 "rotation":0,
                 "type":"polyplet-right-3",
                 "visible":true,
                 "width":30,
                 "x":35,
                 "y":623
                }, 
                {
                 "gid":105,
                 "height":50,
                 "id":956,
                 "name":"I5",
                 "rotation":0,
                 "type":"I5",
                 "visible":true,
                 "width":10,
                 "x":103,
                 "y":632
                }, 
                {
                 "gid":127,
                 "height":20,
                 "id":957,
                 "name":"S1",
                 "rotation":0,
                 "type":"S1",
                 "visible":true,
                 "width":30,
                 "x":-22,
                 "y":670
                }, 
                {
                 "gid":111,
                 "height":20,
                 "id":958,
                 "name":"J2",
                 "rotation":0,
                 "type":"J2",
                 "visible":true,
                 "width":30,
                 "x":35,
                 "y":671
                }, 
                {
                 "gid":149,
                 "height":30,
                 "id":959,
                 "name":"X",
                 "rotation":0,
                 "type":"X",
                 "visible":true,
                 "width":30,
                 "x":93,
                 "y":676
                }, 
                {
                 "gid":148,
                 "height":30,
                 "id":960,
                 "name":"VV4",
                 "rotation":0,
                 "type":"VV4",
                 "visible":true,
                 "width":30,
                 "x":-22,
                 "y":730
                }, 
                {
                 "gid":113,
                 "height":20,
                 "id":961,
                 "name":"J4",
                 "rotation":0,
                 "type":"J4",
                 "visible":true,
                 "width":30,
                 "x":36,
                 "y":725
                }, 
                {
                 "gid":144,
                 "height":20,
                 "id":962,
                 "name":"V4",
                 "rotation":0,
                 "type":"V4",
                 "visible":true,
                 "width":20,
                 "x":98,
                 "y":724
                },
            
                {
                 "gid":121,
                 "height":40,
                 "id":963,
                 "name":"polyplet-left-4",
                 "rotation":0,
                 "type":"polyplet-left-4",
                 "visible":true,
                 "width":40,
                 "x":-27,
                 "y":789
                }, 
                {
                 "gid":118,
                 "height":20,
                 "id":964,
                 "name":"O",
                 "rotation":0,
                 "type":"O",
                 "visible":true,
                 "width":20,
                 "x":40,
                 "y":778
                }, 
                {
                 "gid":102,
                 "height":20,
                 "id":965,
                 "name":"I2",
                 "rotation":0,
                 "type":"I2",
                 "visible":true,
                 "width":10,
                 "x":103,
                 "y":778
                }, 
                {
                 "gid":124,
                 "height":30,
                 "id":966,
                 "name":"polyplet-right-3",
                 "rotation":0,
                 "type":"polyplet-right-3",
                 "visible":true,
                 "width":30,
                 "x":-22,
                 "y":837
                }, 
                {
                 "gid":139,
                 "height":20,
                 "id":967,
                 "name":"U3",
                 "rotation":0,
                 "type":"U3",
                 "visible":true,
                 "width":30,
                 "x":36,
                 "y":831
                }, 
                {
                 "gid":125,
                 "height":40,
                 "id":968,
                 "name":"polyplet-right-4",
                 "rotation":0,
                 "type":"polyplet-right-4",
                 "visible":true,
                 "width":40,
                 "x":88,
                 "y":842
                }, 
                {
                 "gid":131,
                 "height":20,
                 "id":969,
                 "name":"T3",
                 "rotation":0,
                 "type":"T3",
                 "visible":true,
                 "width":30,
                 "x":-22,
                 "y":885
                }, 
                {
                 "gid":123,
                 "height":20,
                 "id":970,
                 "name":"polyplet-right-2",
                 "rotation":0,
                 "type":"polyplet-right-2",
                 "visible":true,
                 "width":20,
                 "x":40,
                 "y":885
                }, 
                {
                 "gid":147,
                 "height":30,
                 "id":971,
                 "name":"VV3",
                 "rotation":0,
                 "type":"VV3",
                 "visible":true,
                 "width":30,
                 "x":93,
                 "y":890
                },
            
                {
                 "gid":119,
                 "height":20,
                 "id":972,
                 "name":"polyplet-left-2",
                 "rotation":0,
                 "type":"polyplet-left-2",
                 "visible":true,
                 "width":20,
                 "x":-17,
                 "y":939
                }, 
                {
                 "gid":137,
                 "height":20,
                 "id":973,
                 "name":"U1",
                 "rotation":0,
                 "type":"U1",
                 "visible":true,
                 "width":30,
                 "x":36,
                 "y":939
                }, 
                {
                 "gid":127,
                 "height":20,
                 "id":974,
                 "name":"S1",
                 "rotation":0,
                 "type":"S1",
                 "visible":true,
                 "width":30,
                 "x":93,
                 "y":938
                }, 
                {
                 "gid":127,
                 "height":20,
                 "id":975,
                 "name":"S1",
                 "rotation":0,
                 "type":"S1",
                 "visible":true,
                 "width":30,
                 "x":-22,
                 "y":993
                }, 
                {
                 "gid":124,
                 "height":30,
                 "id":976,
                 "name":"polyplet-right-3",
                 "rotation":0,
                 "type":"polyplet-right-3",
                 "visible":true,
                 "width":30,
                 "x":36,
                 "y":997
                }, 
                {
                 "gid":141,
                 "height":20,
                 "id":977,
                 "name":"V1",
                 "rotation":0,
                 "type":"V1",
                 "visible":true,
                 "width":20,
                 "x":98,
                 "y":992
                }, 
                {
                 "gid":105,
                 "height":50,
                 "id":978,
                 "name":"I5",
                 "rotation":0,
                 "type":"I5",
                 "visible":true,
                 "width":10,
                 "x":-12,
                 "y":1061
                }, 
                {
                 "gid":149,
                 "height":30,
                 "id":979,
                 "name":"X",
                 "rotation":0,
                 "type":"X",
                 "visible":true,
                 "width":30,
                 "x":36,
                 "y":1051
                }, 
                {
                 "gid":127,
                 "height":20,
                 "id":980,
                 "name":"S1",
                 "rotation":0,
                 "type":"S1",
                 "visible":true,
                 "width":30,
                 "x":93,
                 "y":1046
                }],
         "opacity":1,
         "type":"objectgroup",
         "visible":true,
         "x":0,
         "y":0
        }],
 "nextlayerid":12,
 "nextobjectid":981,
 "orientation":"orthogonal",
 "properties":[
        {
         "name":"target",
         "type":"string",
         "value":"{10: 2, 12: 2, 14: 2}"
        }, 
        {
         "name":"typeLevel",
         "type":"string",
         "value":"collect"
        }],
 "renderorder":"right-down",
 "tiledversion":"1.8.5",
 "tileheight":10,
 "tilesets":[
        {
         "columns":0,
         "firstgid":1,
         "grid":
            {
             "height":1,
             "orientation":"orthogonal",
             "width":1
            },
         "margin":0,
         "name":"Pieces",
         "spacing":0,
         "tilecount":57,
         "tileheight":50,
         "tiles":[
                {
                 "id":1,
                 "image":"assets\/pieces\/1.png",
                 "imageheight":10,
                 "imagewidth":10,
                 "type":"1"
                }, 
                {
                 "id":101,
                 "image":"assets\/pieces\/I2.png",
                 "imageheight":20,
                 "imagewidth":10,
                 "type":"I2"
                }, 
                {
                 "id":102,
                 "image":"assets\/pieces\/I3.png",
                 "imageheight":30,
                 "imagewidth":10,
                 "type":"I3"
                }, 
                {
                 "id":103,
                 "image":"assets\/pieces\/I4.png",
                 "imageheight":40,
                 "imagewidth":10,
                 "type":"I4"
                }, 
                {
                 "id":104,
                 "image":"assets\/pieces\/I5.png",
                 "imageheight":50,
                 "imagewidth":10,
                 "type":"I5"
                }, 
                {
                 "id":105,
                 "image":"assets\/pieces\/II2.png",
                 "imageheight":10,
                 "imagewidth":20,
                 "type":"II2"
                }, 
                {
                 "id":106,
                 "image":"assets\/pieces\/II3.png",
                 "imageheight":10,
                 "imagewidth":30,
                 "type":"II3"
                }, 
                {
                 "id":107,
                 "image":"assets\/pieces\/II4.png",
                 "imageheight":10,
                 "imagewidth":40,
                 "type":"II4"
                }, 
                {
                 "id":108,
                 "image":"assets\/pieces\/II5.png",
                 "imageheight":10,
                 "imagewidth":50,
                 "type":"II5"
                },
            
                {
                 "id":109,
                 "image":"assets\/pieces\/J1.png",
                 "imageheight":30,
                 "imagewidth":20,
                 "type":"J1"
                }, 
                {
                 "id":110,
                 "image":"assets\/pieces\/J2.png",
                 "imageheight":20,
                 "imagewidth":30,
                 "type":"J2"
                }, 
                {
                 "id":111,
                 "image":"assets\/pieces\/J3.png",
                 "imageheight":30,
                 "imagewidth":20,
                 "type":"J3"
                }, 
                {
                 "id":112,
                 "image":"assets\/pieces\/J4.png",
                 "imageheight":20,
                 "imagewidth":30,
                 "type":"J4"
                }, 
                {
                 "id":113,
                 "image":"assets\/pieces\/L1.png",
                 "imageheight":30,
                 "imagewidth":20,
                 "type":"L1"
                }, 
                {
                 "id":114,
                 "image":"assets\/pieces\/L2.png",
                 "imageheight":20,
                 "imagewidth":30,
                 "type":"L2"
                }, 
                {
                 "id":115,
                 "image":"assets\/pieces\/L3.png",
                 "imageheight":30,
                 "imagewidth":20,
                 "type":"L3"
                }, 
                {
                 "id":116,
                 "image":"assets\/pieces\/L4.png",
                 "imageheight":20,
                 "imagewidth":30,
                 "type":"L4"
                }, 
                {
                 "id":117,
                 "image":"assets\/pieces\/O.png",
                 "imageheight":20,
                 "imagewidth":20,
                 "type":"O"
                },
            
                {
                 "id":118,
                 "image":"assets\/pieces\/polyplet-left-2.png",
                 "imageheight":20,
                 "imagewidth":20,
                 "type":"polyplet-left-2"
                }, 
                {
                 "id":119,
                 "image":"assets\/pieces\/polyplet-left-3.png",
                 "imageheight":30,
                 "imagewidth":30,
                 "type":"polyplet-left-3"
                }, 
                {
                 "id":120,
                 "image":"assets\/pieces\/polyplet-left-4.png",
                 "imageheight":40,
                 "imagewidth":40,
                 "type":"polyplet-left-4"
                }, 
                {
                 "id":121,
                 "image":"assets\/pieces\/polyplet-left-5.png",
                 "imageheight":50,
                 "imagewidth":50,
                 "type":"polyplet-left-5"
                }, 
                {
                 "id":122,
                 "image":"assets\/pieces\/polyplet-right-2.png",
                 "imageheight":20,
                 "imagewidth":20,
                 "type":"polyplet-right-2"
                }, 
                {
                 "id":123,
                 "image":"assets\/pieces\/polyplet-right-3.png",
                 "imageheight":30,
                 "imagewidth":30,
                 "type":"polyplet-right-3"
                }, 
                {
                 "id":124,
                 "image":"assets\/pieces\/polyplet-right-4.png",
                 "imageheight":40,
                 "imagewidth":40,
                 "type":"polyplet-right-4"
                }, 
                {
                 "id":125,
                 "image":"assets\/pieces\/polyplet-right-5.png",
                 "imageheight":50,
                 "imagewidth":50,
                 "type":"polyplet-right-5"
                }, 
                {
                 "id":126,
                 "image":"assets\/pieces\/S1.png",
                 "imageheight":20,
                 "imagewidth":30,
                 "type":"S1"
                },
            
                {
                 "id":127,
                 "image":"assets\/pieces\/S2.png",
                 "imageheight":30,
                 "imagewidth":20,
                 "type":"S2"
                }, 
                {
                 "id":128,
                 "image":"assets\/pieces\/T1.png",
                 "imageheight":20,
                 "imagewidth":30,
                 "type":"T1"
                }, 
                {
                 "id":129,
                 "image":"assets\/pieces\/T2.png",
                 "imageheight":30,
                 "imagewidth":20,
                 "type":"T2"
                }, 
                {
                 "id":130,
                 "image":"assets\/pieces\/T3.png",
                 "imageheight":20,
                 "imagewidth":30,
                 "type":"T3"
                }, 
                {
                 "id":131,
                 "image":"assets\/pieces\/T4.png",
                 "imageheight":30,
                 "imagewidth":20,
                 "type":"T4"
                }, 
                {
                 "id":132,
                 "image":"assets\/pieces\/TT1.png",
                 "imageheight":30,
                 "imagewidth":30,
                 "type":"TT1"
                }, 
                {
                 "id":133,
                 "image":"assets\/pieces\/TT2.png",
                 "imageheight":30,
                 "imagewidth":30,
                 "type":"TT2"
                }, 
                {
                 "id":134,
                 "image":"assets\/pieces\/TT3.png",
                 "imageheight":30,
                 "imagewidth":30,
                 "type":"TT3"
                }, 
                {
                 "id":135,
                 "image":"assets\/pieces\/TT4.png",
                 "imageheight":30,
                 "imagewidth":30,
                 "type":"TT4"
                },
            
                {
                 "id":136,
                 "image":"assets\/pieces\/U1.png",
                 "imageheight":20,
                 "imagewidth":30,
                 "type":"U1"
                }, 
                {
                 "id":137,
                 "image":"assets\/pieces\/U2.png",
                 "imageheight":30,
                 "imagewidth":20,
                 "type":"U2"
                }, 
                {
                 "id":138,
                 "image":"assets\/pieces\/U3.png",
                 "imageheight":20,
                 "imagewidth":30,
                 "type":"U3"
                }, 
                {
                 "id":139,
                 "image":"assets\/pieces\/U4.png",
                 "imageheight":30,
                 "imagewidth":20,
                 "type":"U4"
                }, 
                {
                 "id":140,
                 "image":"assets\/pieces\/V1.png",
                 "imageheight":20,
                 "imagewidth":20,
                 "type":"V1"
                }, 
                {
                 "id":141,
                 "image":"assets\/pieces\/V2.png",
                 "imageheight":20,
                 "imagewidth":20,
                 "type":"V2"
                }, 
                {
                 "id":142,
                 "image":"assets\/pieces\/V3.png",
                 "imageheight":20,
                 "imagewidth":20,
                 "type":"V3"
                }, 
                {
                 "id":143,
                 "image":"assets\/pieces\/V4.png",
                 "imageheight":20,
                 "imagewidth":20,
                 "type":"V4"
                }, 
                {
                 "id":144,
                 "image":"assets\/pieces\/VV1.png",
                 "imageheight":30,
                 "imagewidth":30,
                 "type":"VV1"
                },
            
                {
                 "id":145,
                 "image":"assets\/pieces\/VV2.png",
                 "imageheight":30,
                 "imagewidth":30,
                 "type":"VV2"
                }, 
                {
                 "id":146,
                 "image":"assets\/pieces\/VV3.png",
                 "imageheight":30,
                 "imagewidth":30,
                 "type":"VV3"
                }, 
                {
                 "id":147,
                 "image":"assets\/pieces\/VV4.png",
                 "imageheight":30,
                 "imagewidth":30,
                 "type":"VV4"
                }, 
                {
                 "id":148,
                 "image":"assets\/pieces\/X.png",
                 "imageheight":30,
                 "imagewidth":30,
                 "type":"X"
                }, 
                {
                 "id":149,
                 "image":"assets\/pieces\/Z1.png",
                 "imageheight":20,
                 "imagewidth":30,
                 "type":"Z1"
                }, 
                {
                 "id":150,
                 "image":"assets\/pieces\/Z2.png",
                 "imageheight":30,
                 "imagewidth":20,
                 "type":"Z2"
                }, 
                {
                 "id":10,
                 "image":"assets\/pieces\/diamond-10.png",
                 "imageheight":10,
                 "imagewidth":10,
                 "type":"diamond-10"
                }, 
                {
                 "id":11,
                 "image":"assets\/pieces\/diamond-11.png",
                 "imageheight":10,
                 "imagewidth":10,
                 "type":"diamond-11"
                }, 
                {
                 "id":12,
                 "image":"assets\/pieces\/diamond-12.png",
                 "imageheight":10,
                 "imagewidth":10,
                 "type":"diamond-12"
                },
            
                {
                 "id":13,
                 "image":"assets\/pieces\/diamond-13.png",
                 "imageheight":10,
                 "imagewidth":10,
                 "type":"diamond-13"
                }, 
                {
                 "id":14,
                 "image":"assets\/pieces\/diamond-14.png",
                 "imageheight":10,
                 "imagewidth":10,
                 "type":"diamond-14"
                }, 
                {
                 "id":15,
                 "image":"assets\/pieces\/diamond-15.png",
                 "imageheight":10,
                 "imagewidth":10,
                 "type":"diamond-15"
                }],
         "tilewidth":50
        }],
 "tilewidth":10,
 "type":"map",
 "version":"1.8",
 "width":9
}