<?xml version="1.0" encoding="UTF-8"?><font><info face="primary" size="72" bold="0" italic="0" charset="" unicode="1" stretchH="100" smooth="1" aa="1" padding="1,1,1,1" spacing="1,1"/><common lineHeight="72" base="69" scaleW="547" scaleH="547" pages="1" packed="0"/><pages><page id="0" file="primary.png"/></pages><chars count="126"><char id="32" x="0" y="0" width="0" height="0" xoffset="0" yoffset="-13" xadvance="16" page="0" chnl="15"/><char id="33" x="273" y="203" width="15" height="58" xoffset="4" yoffset="4" xadvance="23" page="0" chnl="15"/><char id="34" x="451" y="484" width="29" height="26" xoffset="2" yoffset="4" xadvance="33" page="0" chnl="15"/><char id="35" x="416" y="203" width="47" height="57" xoffset="-1" yoffset="4" xadvance="45" page="0" chnl="15"/><char id="36" x="331" y="0" width="44" height="67" xoffset="1" yoffset="-1" xadvance="47" page="0" chnl="15"/><char id="37" x="45" y="143" width="57" height="59" xoffset="0" yoffset="3" xadvance="57" page="0" chnl="15"/><char id="38" x="131" y="203" width="53" height="58" xoffset="0" yoffset="4" xadvance="51" page="0" chnl="15"/><char id="39" x="533" y="203" width="13" height="26" xoffset="2" yoffset="4" xadvance="17" page="0" chnl="15"/><char id="40" x="238" y="0" width="24" height="67" xoffset="2" yoffset="4" xadvance="25" page="0" chnl="15"/><char id="41" x="263" y="0" width="24" height="67" xoffset="-1" yoffset="4" xadvance="25" page="0" chnl="15"/><char id="42" x="308" y="484" width="31" height="34" xoffset="2" yoffset="3" xadvance="35" page="0" chnl="15"/><char id="43" x="72" y="434" width="42" height="46" xoffset="2" yoffset="15" xadvance="47" page="0" chnl="15"/><char id="44" x="481" y="484" width="17" height="26" xoffset="1" yoffset="45" xadvance="21" page="0" chnl="15"/><char id="45" x="17" y="530" width="27" height="15" xoffset="2" yoffset="30" xadvance="32" page="0" chnl="15"/><char id="46" x="0" y="530" width="16" height="17" xoffset="2" yoffset="44" xadvance="21" page="0" chnl="15"/><char id="47" x="288" y="0" width="28" height="67" xoffset="-2" yoffset="4" xadvance="25" page="0" chnl="15"/><char id="48" x="334" y="77" width="45" height="59" xoffset="1" yoffset="3" xadvance="47" page="0" chnl="15"/><char id="49" x="519" y="143" width="28" height="57" xoffset="1" yoffset="4" xadvance="35" page="0" chnl="15"/><char id="50" x="45" y="203" width="41" height="58" xoffset="1" yoffset="3" xadvance="44" page="0" chnl="15"/><char id="51" x="380" y="77" width="43" height="59" xoffset="1" yoffset="3" xadvance="46" page="0" chnl="15"/><char id="52" x="328" y="203" width="45" height="57" xoffset="1" yoffset="4" xadvance="47" page="0" chnl="15"/><char id="53" x="87" y="203" width="43" height="58" xoffset="2" yoffset="4" xadvance="45" page="0" chnl="15"/><char id="54" x="424" y="77" width="45" height="59" xoffset="1" yoffset="3" xadvance="47" page="0" chnl="15"/><char id="55" x="374" y="203" width="41" height="57" xoffset="0" yoffset="4" xadvance="42" page="0" chnl="15"/><char id="56" x="470" y="77" width="45" height="59" xoffset="1" yoffset="3" xadvance="47" page="0" chnl="15"/><char id="57" x="0" y="143" width="44" height="59" xoffset="1" yoffset="3" xadvance="47" page="0" chnl="15"/><char id="58" x="183" y="484" width="16" height="42" xoffset="2" yoffset="19" xadvance="21" page="0" chnl="15"/><char id="61" x="340" y="484" width="42" height="31" xoffset="2" yoffset="22" xadvance="47" page="0" chnl="15"/><char id="63" x="289" y="203" width="38" height="58" xoffset="0" yoffset="4" xadvance="39" page="0" chnl="15"/><char id="64" x="480" y="0" width="62" height="65" xoffset="1" yoffset="4" xadvance="64" page="0" chnl="15"/><char id="65" x="464" y="203" width="52" height="57" xoffset="-1" yoffset="4" xadvance="50" page="0" chnl="15"/><char id="66" x="0" y="263" width="45" height="57" xoffset="2" yoffset="4" xadvance="47" page="0" chnl="15"/><char id="67" x="103" y="143" width="50" height="59" xoffset="1" yoffset="3" xadvance="52" page="0" chnl="15"/><char id="68" x="46" y="263" width="48" height="57" xoffset="2" yoffset="4" xadvance="51" page="0" chnl="15"/><char id="69" x="95" y="263" width="38" height="57" xoffset="2" yoffset="4" xadvance="42" page="0" chnl="15"/><char id="70" x="134" y="263" width="38" height="57" xoffset="2" yoffset="4" xadvance="40" page="0" chnl="15"/><char id="71" x="154" y="143" width="51" height="59" xoffset="1" yoffset="3" xadvance="53" page="0" chnl="15"/><char id="72" x="173" y="263" width="49" height="57" xoffset="2" yoffset="4" xadvance="53" page="0" chnl="15"/><char id="73" x="517" y="203" width="15" height="57" xoffset="2" yoffset="4" xadvance="20" page="0" chnl="15"/><char id="74" x="185" y="203" width="39" height="58" xoffset="-1" yoffset="4" xadvance="41" page="0" chnl="15"/><char id="75" x="223" y="263" width="47" height="57" xoffset="2" yoffset="4" xadvance="48" page="0" chnl="15"/><char id="76" x="271" y="263" width="37" height="57" xoffset="2" yoffset="4" xadvance="40" page="0" chnl="15"/><char id="77" x="309" y="263" width="58" height="57" xoffset="2" yoffset="4" xadvance="63" page="0" chnl="15"/><char id="78" x="368" y="263" width="48" height="57" xoffset="2" yoffset="4" xadvance="52" page="0" chnl="15"/><char id="79" x="206" y="143" width="53" height="59" xoffset="1" yoffset="3" xadvance="55" page="0" chnl="15"/><char id="80" x="417" y="263" width="43" height="57" xoffset="2" yoffset="4" xadvance="45" page="0" chnl="15"/><char id="81" x="27" y="77" width="53" height="63" xoffset="1" yoffset="3" xadvance="55" page="0" chnl="15"/><char id="82" x="461" y="263" width="45" height="57" xoffset="2" yoffset="4" xadvance="47" page="0" chnl="15"/><char id="83" x="260" y="143" width="45" height="59" xoffset="0" yoffset="3" xadvance="46" page="0" chnl="15"/><char id="84" x="0" y="321" width="45" height="57" xoffset="-1" yoffset="4" xadvance="44" page="0" chnl="15"/><char id="85" x="225" y="203" width="47" height="58" xoffset="2" yoffset="4" xadvance="51" page="0" chnl="15"/><char id="86" x="46" y="321" width="51" height="57" xoffset="-1" yoffset="4" xadvance="49" page="0" chnl="15"/><char id="87" x="98" y="321" width="70" height="57" xoffset="0" yoffset="4" xadvance="70" page="0" chnl="15"/><char id="88" x="169" y="321" width="50" height="57" xoffset="0" yoffset="4" xadvance="50" page="0" chnl="15"/><char id="89" x="220" y="321" width="50" height="57" xoffset="-1" yoffset="4" xadvance="48" page="0" chnl="15"/><char id="90" x="271" y="321" width="44" height="57" xoffset="1" yoffset="4" xadvance="46" page="0" chnl="15"/><char id="92" x="376" y="0" width="28" height="67" xoffset="-2" yoffset="4" xadvance="25" page="0" chnl="15"/><char id="93" x="0" y="77" width="26" height="65" xoffset="-2" yoffset="4" xadvance="27" page="0" chnl="15"/><char id="94" x="414" y="484" width="36" height="27" xoffset="-1" yoffset="5" xadvance="35" page="0" chnl="15"/><char id="95" x="45" y="530" width="38" height="14" xoffset="-4" yoffset="58" xadvance="31" page="0" chnl="15"/><char id="97" x="281" y="434" width="39" height="45" xoffset="0" yoffset="16" xadvance="41" page="0" chnl="15"/><char id="98" x="306" y="143" width="42" height="59" xoffset="2" yoffset="2" xadvance="45" page="0" chnl="15"/><char id="99" x="507" y="263" width="40" height="46" xoffset="0" yoffset="16" xadvance="41" page="0" chnl="15"/><char id="100" x="349" y="143" width="42" height="59" xoffset="0" yoffset="2" xadvance="44" page="0" chnl="15"/><char id="101" x="115" y="434" width="41" height="46" xoffset="0" yoffset="16" xadvance="41" page="0" chnl="15"/><char id="102" x="516" y="77" width="27" height="59" xoffset="-1" yoffset="2" xadvance="26" page="0" chnl="15"/><char id="103" x="392" y="143" width="42" height="59" xoffset="0" yoffset="16" xadvance="44" page="0" chnl="15"/><char id="104" x="435" y="143" width="41" height="59" xoffset="2" yoffset="2" xadvance="44" page="0" chnl="15"/><char id="105" x="258" y="77" width="15" height="60" xoffset="1" yoffset="1" xadvance="18" page="0" chnl="15"/><char id="106" x="83" y="0" width="21" height="73" xoffset="-5" yoffset="1" xadvance="18" page="0" chnl="15"/><char id="107" x="477" y="143" width="41" height="59" xoffset="1" yoffset="2" xadvance="40" page="0" chnl="15"/><char id="108" x="274" y="77" width="14" height="60" xoffset="2" yoffset="1" xadvance="18" page="0" chnl="15"/><char id="109" x="321" y="434" width="61" height="45" xoffset="1" yoffset="16" xadvance="64" page="0" chnl="15"/><char id="110" x="383" y="434" width="41" height="45" xoffset="1" yoffset="16" xadvance="44" page="0" chnl="15"/><char id="111" x="157" y="434" width="42" height="46" xoffset="0" yoffset="16" xadvance="43" page="0" chnl="15"/><char id="112" x="316" y="321" width="43" height="57" xoffset="1" yoffset="16" xadvance="44" page="0" chnl="15"/><char id="113" x="360" y="321" width="42" height="57" xoffset="0" yoffset="16" xadvance="44" page="0" chnl="15"/><char id="114" x="425" y="434" width="27" height="45" xoffset="1" yoffset="16" xadvance="27" page="0" chnl="15"/><char id="115" x="200" y="434" width="38" height="46" xoffset="0" yoffset="16" xadvance="38" page="0" chnl="15"/><char id="116" x="139" y="379" width="27" height="53" xoffset="-1" yoffset="8" xadvance="27" page="0" chnl="15"/><char id="117" x="239" y="434" width="41" height="46" xoffset="1" yoffset="16" xadvance="44" page="0" chnl="15"/><char id="118" x="453" y="434" width="43" height="45" xoffset="-2" yoffset="16" xadvance="39" page="0" chnl="15"/><char id="119" x="0" y="484" width="60" height="45" xoffset="-1" yoffset="16" xadvance="59" page="0" chnl="15"/><char id="120" x="497" y="434" width="41" height="45" xoffset="-1" yoffset="16" xadvance="39" page="0" chnl="15"/><char id="121" x="0" y="203" width="44" height="59" xoffset="-2" yoffset="16" xadvance="40" page="0" chnl="15"/><char id="122" x="61" y="484" width="36" height="45" xoffset="1" yoffset="16" xadvance="38" page="0" chnl="15"/><char id="123" x="105" y="0" width="29" height="71" xoffset="2" yoffset="2" xadvance="30" page="0" chnl="15"/><char id="124" x="317" y="0" width="13" height="67" xoffset="4" yoffset="4" xadvance="22" page="0" chnl="15"/><char id="125" x="135" y="0" width="29" height="71" xoffset="-2" yoffset="2" xadvance="30" page="0" chnl="15"/><char id="1548" x="533" y="230" width="13" height="25" xoffset="1" yoffset="48" xadvance="16" page="0" chnl="15"/><char id="1567" x="313" y="379" width="27" height="51" xoffset="2" yoffset="23" xadvance="31" page="0" chnl="15"/><char id="1569" x="383" y="484" width="30" height="29" xoffset="2" yoffset="43" xadvance="32" page="0" chnl="15"/><char id="1570" x="81" y="77" width="22" height="63" xoffset="-3" yoffset="6" xadvance="18" page="0" chnl="15"/><char id="1571" x="179" y="0" width="13" height="70" xoffset="2" yoffset="-1" xadvance="18" page="0" chnl="15"/><char id="1573" x="165" y="0" width="13" height="71" xoffset="3" yoffset="15" xadvance="19" page="0" chnl="15"/><char id="1574" x="0" y="434" width="41" height="49" xoffset="3" yoffset="39" xadvance="45" page="0" chnl="15"/><char id="1575" x="460" y="321" width="12" height="54" xoffset="3" yoffset="15" xadvance="18" page="0" chnl="15"/><char id="1576" x="341" y="379" width="51" height="50" xoffset="3" yoffset="34" xadvance="56" page="0" chnl="15"/><char id="1577" x="504" y="379" width="27" height="49" xoffset="1" yoffset="20" xadvance="30" page="0" chnl="15"/><char id="1578" x="200" y="484" width="51" height="39" xoffset="3" yoffset="30" xadvance="56" page="0" chnl="15"/><char id="1579" x="131" y="484" width="51" height="43" xoffset="3" yoffset="26" xadvance="56" page="0" chnl="15"/><char id="1580" x="473" y="321" width="44" height="54" xoffset="3" yoffset="36" xadvance="46" page="0" chnl="15"/><char id="1581" x="40" y="379" width="44" height="54" xoffset="3" yoffset="36" xadvance="46" page="0" chnl="15"/><char id="1582" x="193" y="0" width="44" height="69" xoffset="3" yoffset="21" xadvance="46" page="0" chnl="15"/><char id="1583" x="252" y="484" width="29" height="35" xoffset="0" yoffset="34" xadvance="30" page="0" chnl="15"/><char id="1584" x="518" y="321" width="29" height="49" xoffset="0" yoffset="20" xadvance="30" page="0" chnl="15"/><char id="1585" x="42" y="434" width="29" height="47" xoffset="-3" yoffset="37" xadvance="28" page="0" chnl="15"/><char id="1587" x="393" y="379" width="68" height="49" xoffset="3" yoffset="39" xadvance="73" page="0" chnl="15"/><char id="1588" x="147" y="77" width="68" height="62" xoffset="3" yoffset="26" xadvance="73" page="0" chnl="15"/><char id="1589" x="238" y="379" width="74" height="51" xoffset="3" yoffset="37" xadvance="79" page="0" chnl="15"/><char id="1590" x="405" y="0" width="74" height="67" xoffset="3" yoffset="21" xadvance="79" page="0" chnl="15"/><char id="1591" x="85" y="379" width="53" height="54" xoffset="1" yoffset="15" xadvance="56" page="0" chnl="15"/><char id="1593" x="289" y="77" width="44" height="60" xoffset="3" yoffset="30" xadvance="44" page="0" chnl="15"/><char id="1594" x="0" y="0" width="44" height="76" xoffset="3" yoffset="14" xadvance="44" page="0" chnl="15"/><char id="1601" x="403" y="321" width="56" height="55" xoffset="3" yoffset="14" xadvance="62" page="0" chnl="15"/><char id="1602" x="104" y="77" width="42" height="63" xoffset="3" yoffset="25" xadvance="47" page="0" chnl="15"/><char id="1603" x="0" y="379" width="39" height="54" xoffset="-1" yoffset="15" xadvance="41" page="0" chnl="15"/><char id="1604" x="45" y="0" width="37" height="73" xoffset="3" yoffset="15" xadvance="43" page="0" chnl="15"/><char id="1605" x="167" y="379" width="31" height="53" xoffset="3" yoffset="38" xadvance="36" page="0" chnl="15"/><char id="1606" x="199" y="379" width="38" height="52" xoffset="3" yoffset="36" xadvance="43" page="0" chnl="15"/><char id="1607" x="282" y="484" width="25" height="35" xoffset="3" yoffset="34" xadvance="30" page="0" chnl="15"/><char id="1608" x="98" y="484" width="32" height="45" xoffset="0" yoffset="39" xadvance="34" page="0" chnl="15"/><char id="1609" x="462" y="379" width="41" height="49" xoffset="3" yoffset="39" xadvance="45" page="0" chnl="15"/><char id="1610" x="216" y="77" width="41" height="61" xoffset="3" yoffset="39" xadvance="45" page="0" chnl="15"/><char id="1611" x="517" y="484" width="18" height="19" xoffset="-4" yoffset="18" xadvance="0" page="0" chnl="15"/><char id="1615" x="499" y="484" width="17" height="19" xoffset="-4" yoffset="19" xadvance="0" page="0" chnl="15"/></chars><kernings count="1150"><kerning first="48" second="55" amount="-1"/><kerning first="48" second="65" amount="-1"/><kerning first="48" second="84" amount="-2"/><kerning first="48" second="86" amount="-2"/><kerning first="48" second="87" amount="-1"/><kerning first="48" second="88" amount="-2"/><kerning first="48" second="89" amount="-3"/><kerning first="48" second="44" amount="-2"/><kerning first="48" second="46" amount="-2"/><kerning first="49" second="42" amount="-1"/><kerning first="49" second="94" amount="-1"/><kerning first="49" second="65" amount="-1"/><kerning first="49" second="67" amount="-1"/><kerning first="49" second="71" amount="-1"/><kerning first="49" second="79" amount="-1"/><kerning first="49" second="81" amount="-1"/><kerning first="49" second="84" amount="-1"/><kerning first="49" second="86" amount="-1"/><kerning first="49" second="87" amount="-1"/><kerning first="49" second="88" amount="-1"/><kerning first="49" second="44" amount="-1"/><kerning first="49" second="46" amount="-1"/><kerning first="50" second="52" amount="-1"/><kerning first="50" second="67" amount="-1"/><kerning first="50" second="71" amount="-1"/><kerning first="50" second="79" amount="-1"/><kerning first="50" second="81" amount="-1"/><kerning first="50" second="86" amount="-1"/><kerning first="50" second="87" amount="-1"/><kerning first="50" second="89" amount="-1"/><kerning first="51" second="65" amount="-1"/><kerning first="51" second="84" amount="-1"/><kerning first="51" second="86" amount="-2"/><kerning first="51" second="87" amount="-1"/><kerning first="51" second="88" amount="-1"/><kerning first="51" second="89" amount="-1"/><kerning first="52" second="55" amount="-1"/><kerning first="52" second="38" amount="1"/><kerning first="52" second="67" amount="-1"/><kerning first="52" second="71" amount="-1"/><kerning first="52" second="79" amount="-1"/><kerning first="52" second="81" amount="-1"/><kerning first="52" second="84" amount="-1"/><kerning first="52" second="86" amount="-1"/><kerning first="52" second="87" amount="-1"/><kerning first="52" second="88" amount="-1"/><kerning first="52" second="89" amount="-1"/><kerning first="52" second="119" amount="-1"/><kerning first="52" second="120" amount="-1"/><kerning first="52" second="63" amount="-1"/><kerning first="53" second="65" amount="-1"/><kerning first="53" second="86" amount="-1"/><kerning first="53" second="87" amount="-1"/><kerning first="53" second="88" amount="-1"/><kerning first="54" second="65" amount="-1"/><kerning first="54" second="86" amount="-1"/><kerning first="54" second="87" amount="-1"/><kerning first="54" second="88" amount="-1"/><kerning first="54" second="89" amount="-1"/><kerning first="55" second="48" amount="-1"/><kerning first="55" second="52" amount="-4"/><kerning first="55" second="54" amount="-1"/><kerning first="55" second="38" amount="-1"/><kerning first="55" second="65" amount="-4"/><kerning first="55" second="74" amount="-1"/><kerning first="55" second="97" amount="-1"/><kerning first="55" second="99" amount="-1"/><kerning first="55" second="100" amount="-1"/><kerning first="55" second="101" amount="-1"/><kerning first="55" second="103" amount="-1"/><kerning first="55" second="111" amount="-1"/><kerning first="55" second="113" amount="-1"/><kerning first="55" second="115" amount="-2"/><kerning first="55" second="117" amount="-1"/><kerning first="55" second="44" amount="-7"/><kerning first="55" second="46" amount="-7"/><kerning first="56" second="65" amount="-1"/><kerning first="56" second="84" amount="-1"/><kerning first="56" second="86" amount="-2"/><kerning first="56" second="87" amount="-1"/><kerning first="56" second="88" amount="-1"/><kerning first="56" second="89" amount="-1"/><kerning first="57" second="55" amount="-1"/><kerning first="57" second="65" amount="-1"/><kerning first="57" second="84" amount="-2"/><kerning first="57" second="86" amount="-2"/><kerning first="57" second="87" amount="-1"/><kerning first="57" second="88" amount="-2"/><kerning first="57" second="89" amount="-3"/><kerning first="57" second="44" amount="-2"/><kerning first="57" second="46" amount="-2"/><kerning first="58" second="84" amount="-1"/><kerning first="58" second="86" amount="-1"/><kerning first="58" second="87" amount="-1"/><kerning first="58" second="89" amount="-1"/><kerning first="42" second="52" amount="-2"/><kerning first="42" second="42" amount="1"/><kerning first="42" second="34" amount="1"/><kerning first="42" second="39" amount="1"/><kerning first="42" second="94" amount="1"/><kerning first="42" second="38" amount="-2"/><kerning first="42" second="65" amount="-4"/><kerning first="42" second="67" amount="-1"/><kerning first="42" second="71" amount="-1"/><kerning first="42" second="74" amount="-5"/><kerning first="42" second="79" amount="-1"/><kerning first="42" second="81" amount="-1"/><kerning first="42" second="84" amount="-1"/><kerning first="42" second="86" amount="-1"/><kerning first="42" second="87" amount="-1"/><kerning first="42" second="88" amount="-2"/><kerning first="42" second="89" amount="-2"/><kerning first="42" second="90" amount="-2"/><kerning first="42" second="44" amount="-2"/><kerning first="42" second="46" amount="-2"/><kerning first="95" second="49" amount="-2"/><kerning first="95" second="67" amount="-1"/><kerning first="95" second="71" amount="-1"/><kerning first="95" second="79" amount="-1"/><kerning first="95" second="81" amount="-1"/><kerning first="95" second="84" amount="-3"/><kerning first="95" second="86" amount="-4"/><kerning first="95" second="87" amount="-2"/><kerning first="95" second="89" amount="-5"/><kerning first="43" second="49" amount="-2"/><kerning first="43" second="65" amount="-2"/><kerning first="43" second="84" amount="-4"/><kerning first="43" second="86" amount="-2"/><kerning first="43" second="87" amount="-2"/><kerning first="43" second="88" amount="-3"/><kerning first="43" second="89" amount="-4"/><kerning first="43" second="90" amount="-1"/><kerning first="43" second="118" amount="-1"/><kerning first="43" second="119" amount="-1"/><kerning first="43" second="120" amount="-1"/><kerning first="43" second="121" amount="-1"/><kerning first="43" second="122" amount="-1"/><kerning first="45" second="49" amount="-2"/><kerning first="45" second="65" amount="-2"/><kerning first="45" second="84" amount="-4"/><kerning first="45" second="86" amount="-2"/><kerning first="45" second="87" amount="-2"/><kerning first="45" second="88" amount="-3"/><kerning first="45" second="89" amount="-4"/><kerning first="45" second="90" amount="-1"/><kerning first="45" second="118" amount="-1"/><kerning first="45" second="119" amount="-1"/><kerning first="45" second="120" amount="-1"/><kerning first="45" second="121" amount="-1"/><kerning first="45" second="122" amount="-1"/><kerning first="61" second="38" amount="-1"/><kerning first="61" second="65" amount="-1"/><kerning first="61" second="67" amount="-1"/><kerning first="61" second="71" amount="-1"/><kerning first="61" second="79" amount="-1"/><kerning first="61" second="81" amount="-1"/><kerning first="61" second="84" amount="-3"/><kerning first="61" second="86" amount="-1"/><kerning first="61" second="87" amount="-3"/><kerning first="61" second="88" amount="-2"/><kerning first="61" second="89" amount="-4"/><kerning first="61" second="90" amount="-1"/><kerning first="61" second="97" amount="-1"/><kerning first="61" second="109" amount="-1"/><kerning first="61" second="110" amount="-1"/><kerning first="61" second="112" amount="-1"/><kerning first="61" second="114" amount="-1"/><kerning first="61" second="115" amount="-1"/><kerning first="61" second="118" amount="-1"/><kerning first="61" second="119" amount="-1"/><kerning first="61" second="120" amount="-1"/><kerning first="61" second="121" amount="-1"/><kerning first="61" second="122" amount="-1"/><kerning first="47" second="38" amount="-1"/><kerning first="47" second="65" amount="-3"/><kerning first="47" second="84" amount="1"/><kerning first="47" second="85" amount="1"/><kerning first="47" second="87" amount="1"/><kerning first="47" second="88" amount="1"/><kerning first="47" second="89" amount="1"/><kerning first="47" second="102" amount="1"/><kerning first="47" second="105" amount="2"/><kerning first="47" second="119" amount="1"/><kerning first="34" second="52" amount="-1"/><kerning first="34" second="42" amount="1"/><kerning first="34" second="34" amount="1"/><kerning first="34" second="39" amount="1"/><kerning first="34" second="94" amount="1"/><kerning first="34" second="38" amount="-1"/><kerning first="34" second="65" amount="-4"/><kerning first="34" second="74" amount="-6"/><kerning first="34" second="99" amount="-1"/><kerning first="34" second="100" amount="-1"/><kerning first="34" second="101" amount="-1"/><kerning first="34" second="103" amount="-1"/><kerning first="34" second="111" amount="-1"/><kerning first="34" second="113" amount="-1"/><kerning first="34" second="118" amount="1"/><kerning first="34" second="119" amount="1"/><kerning first="34" second="121" amount="1"/><kerning first="34" second="44" amount="-2"/><kerning first="34" second="46" amount="-2"/><kerning first="39" second="52" amount="-1"/><kerning first="39" second="42" amount="1"/><kerning first="39" second="34" amount="1"/><kerning first="39" second="39" amount="1"/><kerning first="39" second="94" amount="1"/><kerning first="39" second="38" amount="-1"/><kerning first="39" second="65" amount="-4"/><kerning first="39" second="74" amount="-6"/><kerning first="39" second="99" amount="-1"/><kerning first="39" second="100" amount="-1"/><kerning first="39" second="101" amount="-1"/><kerning first="39" second="103" amount="-1"/><kerning first="39" second="111" amount="-1"/><kerning first="39" second="113" amount="-1"/><kerning first="39" second="118" amount="1"/><kerning first="39" second="119" amount="1"/><kerning first="39" second="121" amount="1"/><kerning first="39" second="44" amount="-2"/><kerning first="39" second="46" amount="-2"/><kerning first="64" second="65" amount="-2"/><kerning first="64" second="84" amount="-3"/><kerning first="64" second="86" amount="-2"/><kerning first="64" second="87" amount="-2"/><kerning first="64" second="88" amount="-2"/><kerning first="64" second="89" amount="-3"/><kerning first="94" second="52" amount="-2"/><kerning first="94" second="42" amount="1"/><kerning first="94" second="34" amount="1"/><kerning first="94" second="39" amount="1"/><kerning first="94" second="94" amount="1"/><kerning first="94" second="38" amount="-2"/><kerning first="94" second="65" amount="-4"/><kerning first="94" second="67" amount="-1"/><kerning first="94" second="71" amount="-1"/><kerning first="94" second="74" amount="-5"/><kerning first="94" second="79" amount="-1"/><kerning first="94" second="81" amount="-1"/><kerning first="94" second="84" amount="-1"/><kerning first="94" second="86" amount="-1"/><kerning first="94" second="87" amount="-1"/><kerning first="94" second="88" amount="-2"/><kerning first="94" second="89" amount="-2"/><kerning first="94" second="90" amount="-2"/><kerning first="94" second="44" amount="-2"/><kerning first="94" second="46" amount="-2"/><kerning first="38" second="49" amount="-1"/><kerning first="38" second="51" amount="-1"/><kerning first="38" second="53" amount="-1"/><kerning first="38" second="56" amount="-1"/><kerning first="38" second="57" amount="-1"/><kerning first="38" second="42" amount="-1"/><kerning first="38" second="43" amount="-1"/><kerning first="38" second="45" amount="-1"/><kerning first="38" second="61" amount="-1"/><kerning first="38" second="34" amount="-2"/><kerning first="38" second="39" amount="-2"/><kerning first="38" second="94" amount="-1"/><kerning first="38" second="65" amount="1"/><kerning first="38" second="66" amount="1"/><kerning first="38" second="68" amount="1"/><kerning first="38" second="69" amount="1"/><kerning first="38" second="70" amount="1"/><kerning first="38" second="72" amount="1"/><kerning first="38" second="73" amount="1"/><kerning first="38" second="74" amount="1"/><kerning first="38" second="75" amount="1"/><kerning first="38" second="76" amount="1"/><kerning first="38" second="77" amount="1"/><kerning first="38" second="78" amount="1"/><kerning first="38" second="80" amount="1"/><kerning first="38" second="82" amount="1"/><kerning first="38" second="84" amount="-4"/><kerning first="38" second="86" amount="-2"/><kerning first="38" second="87" amount="-2"/><kerning first="38" second="89" amount="-3"/><kerning first="38" second="99" amount="-1"/><kerning first="38" second="100" amount="-1"/><kerning first="38" second="101" amount="-1"/><kerning first="38" second="103" amount="-1"/><kerning first="38" second="111" amount="-1"/><kerning first="38" second="113" amount="-1"/><kerning first="38" second="116" amount="-1"/><kerning first="38" second="117" amount="-1"/><kerning first="38" second="118" amount="-1"/><kerning first="38" second="119" amount="-1"/><kerning first="38" second="121" amount="-1"/><kerning first="38" second="92" amount="-1"/><kerning first="38" second="63" amount="-2"/><kerning first="125" second="120" amount="-1"/><kerning first="65" second="48" amount="-1"/><kerning first="65" second="49" amount="-3"/><kerning first="65" second="51" amount="-1"/><kerning first="65" second="53" amount="-1"/><kerning first="65" second="54" amount="-1"/><kerning first="65" second="55" amount="-1"/><kerning first="65" second="56" amount="-1"/><kerning first="65" second="57" amount="-1"/><kerning first="65" second="42" amount="-5"/><kerning first="65" second="43" amount="-2"/><kerning first="65" second="45" amount="-2"/><kerning first="65" second="61" amount="-1"/><kerning first="65" second="34" amount="-4"/><kerning first="65" second="39" amount="-4"/><kerning first="65" second="64" amount="-1"/><kerning first="65" second="94" amount="-5"/><kerning first="65" second="38" amount="-1"/><kerning first="65" second="67" amount="-2"/><kerning first="65" second="71" amount="-2"/><kerning first="65" second="74" amount="-1"/><kerning first="65" second="79" amount="-2"/><kerning first="65" second="81" amount="-2"/><kerning first="65" second="83" amount="-1"/><kerning first="65" second="84" amount="-7"/><kerning first="65" second="85" amount="-1"/><kerning first="65" second="86" amount="-5"/><kerning first="65" second="87" amount="-5"/><kerning first="65" second="88" amount="-1"/><kerning first="65" second="89" amount="-7"/><kerning first="65" second="97" amount="-1"/><kerning first="65" second="99" amount="-1"/><kerning first="65" second="100" amount="-1"/><kerning first="65" second="101" amount="-1"/><kerning first="65" second="102" amount="-1"/><kerning first="65" second="103" amount="-1"/><kerning first="65" second="111" amount="-1"/><kerning first="65" second="113" amount="-1"/><kerning first="65" second="116" amount="-2"/><kerning first="65" second="117" amount="-1"/><kerning first="65" second="118" amount="-3"/><kerning first="65" second="119" amount="-3"/><kerning first="65" second="121" amount="-3"/><kerning first="65" second="92" amount="-3"/><kerning first="65" second="63" amount="-3"/><kerning first="66" second="86" amount="-1"/><kerning first="66" second="87" amount="-1"/><kerning first="66" second="88" amount="-1"/><kerning first="66" second="89" amount="-1"/><kerning first="67" second="43" amount="-1"/><kerning first="67" second="45" amount="-1"/><kerning first="67" second="61" amount="-1"/><kerning first="67" second="65" amount="-2"/><kerning first="67" second="84" amount="-2"/><kerning first="67" second="86" amount="-1"/><kerning first="67" second="87" amount="-1"/><kerning first="67" second="88" amount="-2"/><kerning first="67" second="89" amount="-2"/><kerning first="67" second="118" amount="1"/><kerning first="67" second="119" amount="1"/><kerning first="67" second="121" amount="1"/><kerning first="67" second="44" amount="-1"/><kerning first="67" second="46" amount="-1"/><kerning first="68" second="95" amount="-1"/><kerning first="68" second="61" amount="-1"/><kerning first="68" second="47" amount="-2"/><kerning first="68" second="65" amount="-2"/><kerning first="68" second="84" amount="-3"/><kerning first="68" second="86" amount="-2"/><kerning first="68" second="87" amount="-2"/><kerning first="68" second="88" amount="-3"/><kerning first="68" second="89" amount="-3"/><kerning first="68" second="122" amount="-1"/><kerning first="68" second="44" amount="-4"/><kerning first="68" second="92" amount="-1"/><kerning first="68" second="46" amount="-4"/><kerning first="70" second="95" amount="-4"/><kerning first="70" second="61" amount="-1"/><kerning first="70" second="47" amount="-1"/><kerning first="70" second="65" amount="-4"/><kerning first="70" second="74" amount="-4"/><kerning first="70" second="97" amount="-1"/><kerning first="70" second="99" amount="-1"/><kerning first="70" second="100" amount="-1"/><kerning first="70" second="101" amount="-1"/><kerning first="70" second="103" amount="-1"/><kerning first="70" second="111" amount="-1"/><kerning first="70" second="113" amount="-1"/><kerning first="70" second="115" amount="-1"/><kerning first="70" second="118" amount="-1"/><kerning first="70" second="119" amount="-1"/><kerning first="70" second="120" amount="-1"/><kerning first="70" second="121" amount="-1"/><kerning first="70" second="122" amount="-1"/><kerning first="70" second="44" amount="-2"/><kerning first="70" second="46" amount="-2"/><kerning first="71" second="65" amount="-1"/><kerning first="71" second="88" amount="-1"/><kerning first="71" second="89" amount="-1"/><kerning first="74" second="47" amount="-2"/><kerning first="74" second="65" amount="-1"/><kerning first="74" second="44" amount="-1"/><kerning first="74" second="92" amount="1"/><kerning first="74" second="46" amount="-1"/><kerning first="75" second="48" amount="-3"/><kerning first="75" second="49" amount="-2"/><kerning first="75" second="51" amount="-2"/><kerning first="75" second="52" amount="-2"/><kerning first="75" second="53" amount="-2"/><kerning first="75" second="54" amount="-3"/><kerning first="75" second="56" amount="-2"/><kerning first="75" second="57" amount="-2"/><kerning first="75" second="42" amount="-2"/><kerning first="75" second="43" amount="-4"/><kerning first="75" second="45" amount="-4"/><kerning first="75" second="61" amount="-2"/><kerning first="75" second="64" amount="-1"/><kerning first="75" second="94" amount="-2"/><kerning first="75" second="38" amount="-1"/><kerning first="75" second="67" amount="-2"/><kerning first="75" second="71" amount="-2"/><kerning first="75" second="74" amount="-1"/><kerning first="75" second="79" amount="-2"/><kerning first="75" second="81" amount="-2"/><kerning first="75" second="97" amount="-1"/><kerning first="75" second="99" amount="-2"/><kerning first="75" second="100" amount="-2"/><kerning first="75" second="101" amount="-2"/><kerning first="75" second="103" amount="-2"/><kerning first="75" second="111" amount="-2"/><kerning first="75" second="113" amount="-2"/><kerning first="75" second="115" amount="-1"/><kerning first="75" second="116" amount="-1"/><kerning first="75" second="117" amount="-1"/><kerning first="75" second="118" amount="-2"/><kerning first="75" second="119" amount="-2"/><kerning first="75" second="121" amount="-2"/><kerning first="75" second="63" amount="-1"/><kerning first="76" second="48" amount="-1"/><kerning first="76" second="49" amount="-3"/><kerning first="76" second="53" amount="-1"/><kerning first="76" second="54" amount="-1"/><kerning first="76" second="55" amount="-1"/><kerning first="76" second="42" amount="-5"/><kerning first="76" second="43" amount="-2"/><kerning first="76" second="45" amount="-2"/><kerning first="76" second="61" amount="-1"/><kerning first="76" second="34" amount="-5"/><kerning first="76" second="39" amount="-5"/><kerning first="76" second="94" amount="-5"/><kerning first="76" second="67" amount="-2"/><kerning first="76" second="71" amount="-2"/><kerning first="76" second="79" amount="-2"/><kerning first="76" second="81" amount="-2"/><kerning first="76" second="84" amount="-7"/><kerning first="76" second="85" amount="-2"/><kerning first="76" second="86" amount="-4"/><kerning first="76" second="87" amount="-4"/><kerning first="76" second="89" amount="-8"/><kerning first="76" second="99" amount="-1"/><kerning first="76" second="100" amount="-1"/><kerning first="76" second="101" amount="-1"/><kerning first="76" second="103" amount="-1"/><kerning first="76" second="111" amount="-1"/><kerning first="76" second="113" amount="-1"/><kerning first="76" second="116" amount="-2"/><kerning first="76" second="118" amount="-4"/><kerning first="76" second="119" amount="-3"/><kerning first="76" second="121" amount="-4"/><kerning first="76" second="92" amount="-2"/><kerning first="76" second="63" amount="-2"/><kerning first="79" second="95" amount="-1"/><kerning first="79" second="61" amount="-1"/><kerning first="79" second="47" amount="-2"/><kerning first="79" second="65" amount="-2"/><kerning first="79" second="84" amount="-3"/><kerning first="79" second="86" amount="-2"/><kerning first="79" second="87" amount="-2"/><kerning first="79" second="88" amount="-3"/><kerning first="79" second="89" amount="-3"/><kerning first="79" second="122" amount="-1"/><kerning first="79" second="44" amount="-4"/><kerning first="79" second="92" amount="-1"/><kerning first="79" second="46" amount="-4"/><kerning first="80" second="52" amount="-1"/><kerning first="80" second="95" amount="-6"/><kerning first="80" second="43" amount="-1"/><kerning first="80" second="45" amount="-1"/><kerning first="80" second="61" amount="-1"/><kerning first="80" second="47" amount="-4"/><kerning first="80" second="38" amount="-1"/><kerning first="80" second="65" amount="-5"/><kerning first="80" second="74" amount="-5"/><kerning first="80" second="86" amount="-1"/><kerning first="80" second="87" amount="-1"/><kerning first="80" second="88" amount="-1"/><kerning first="80" second="89" amount="-2"/><kerning first="80" second="90" amount="-1"/><kerning first="80" second="97" amount="-2"/><kerning first="80" second="99" amount="-1"/><kerning first="80" second="100" amount="-1"/><kerning first="80" second="101" amount="-1"/><kerning first="80" second="103" amount="-1"/><kerning first="80" second="111" amount="-1"/><kerning first="80" second="113" amount="-1"/><kerning first="80" second="115" amount="-1"/><kerning first="80" second="44" amount="-4"/><kerning first="80" second="46" amount="-4"/><kerning first="81" second="95" amount="-1"/><kerning first="81" second="61" amount="-1"/><kerning first="81" second="47" amount="-2"/><kerning first="81" second="65" amount="-2"/><kerning first="81" second="84" amount="-3"/><kerning first="81" second="86" amount="-2"/><kerning first="81" second="87" amount="-2"/><kerning first="81" second="88" amount="-3"/><kerning first="81" second="89" amount="-3"/><kerning first="81" second="122" amount="-1"/><kerning first="81" second="44" amount="-4"/><kerning first="81" second="92" amount="-1"/><kerning first="81" second="46" amount="-4"/><kerning first="82" second="86" amount="-1"/><kerning first="82" second="87" amount="-1"/><kerning first="82" second="89" amount="-1"/><kerning first="83" second="65" amount="-1"/><kerning first="83" second="86" amount="-1"/><kerning first="83" second="87" amount="-1"/><kerning first="83" second="88" amount="-1"/><kerning first="83" second="89" amount="-1"/><kerning first="84" second="48" amount="-2"/><kerning first="84" second="52" amount="-3"/><kerning first="84" second="54" amount="-2"/><kerning first="84" second="56" amount="-1"/><kerning first="84" second="58" amount="-1"/><kerning first="84" second="42" amount="-1"/><kerning first="84" second="95" amount="-3"/><kerning first="84" second="43" amount="-4"/><kerning first="84" second="45" amount="-4"/><kerning first="84" second="61" amount="-3"/><kerning first="84" second="47" amount="-2"/><kerning first="84" second="64" amount="-3"/><kerning first="84" second="94" amount="-1"/><kerning first="84" second="38" amount="-2"/><kerning first="84" second="65" amount="-7"/><kerning first="84" second="67" amount="-3"/><kerning first="84" second="71" amount="-3"/><kerning first="84" second="74" amount="-4"/><kerning first="84" second="79" amount="-3"/><kerning first="84" second="81" amount="-3"/><kerning first="84" second="97" amount="-7"/><kerning first="84" second="99" amount="-7"/><kerning first="84" second="100" amount="-7"/><kerning first="84" second="101" amount="-7"/><kerning first="84" second="103" amount="-7"/><kerning first="84" second="105" amount="-1"/><kerning first="84" second="109" amount="-3"/><kerning first="84" second="110" amount="-3"/><kerning first="84" second="111" amount="-7"/><kerning first="84" second="112" amount="-3"/><kerning first="84" second="113" amount="-7"/><kerning first="84" second="114" amount="-3"/><kerning first="84" second="115" amount="-5"/><kerning first="84" second="117" amount="-3"/><kerning first="84" second="118" amount="-2"/><kerning first="84" second="119" amount="-2"/><kerning first="84" second="120" amount="-3"/><kerning first="84" second="121" amount="-2"/><kerning first="84" second="122" amount="-2"/><kerning first="84" second="44" amount="-5"/><kerning first="84" second="92" amount="1"/><kerning first="84" second="46" amount="-5"/><kerning first="85" second="47" amount="-2"/><kerning first="85" second="65" amount="-1"/><kerning first="85" second="44" amount="-1"/><kerning first="85" second="92" amount="1"/><kerning first="85" second="46" amount="-1"/><kerning first="86" second="48" amount="-2"/><kerning first="86" second="51" amount="-1"/><kerning first="86" second="52" amount="-3"/><kerning first="86" second="53" amount="-1"/><kerning first="86" second="54" amount="-2"/><kerning first="86" second="56" amount="-1"/><kerning first="86" second="57" amount="-1"/><kerning first="86" second="58" amount="-1"/><kerning first="86" second="42" amount="-1"/><kerning first="86" second="95" amount="-4"/><kerning first="86" second="43" amount="-2"/><kerning first="86" second="45" amount="-2"/><kerning first="86" second="61" amount="-1"/><kerning first="86" second="47" amount="-5"/><kerning first="86" second="64" amount="-2"/><kerning first="86" second="94" amount="-1"/><kerning first="86" second="38" amount="-2"/><kerning first="86" second="65" amount="-5"/><kerning first="86" second="67" amount="-1"/><kerning first="86" second="71" amount="-1"/><kerning first="86" second="74" amount="-4"/><kerning first="86" second="79" amount="-1"/><kerning first="86" second="81" amount="-1"/><kerning first="86" second="83" amount="-1"/><kerning first="86" second="97" amount="-4"/><kerning first="86" second="99" amount="-4"/><kerning first="86" second="100" amount="-4"/><kerning first="86" second="101" amount="-4"/><kerning first="86" second="103" amount="-4"/><kerning first="86" second="109" amount="-1"/><kerning first="86" second="110" amount="-1"/><kerning first="86" second="111" amount="-4"/><kerning first="86" second="112" amount="-1"/><kerning first="86" second="113" amount="-4"/><kerning first="86" second="114" amount="-1"/><kerning first="86" second="115" amount="-3"/><kerning first="86" second="116" amount="-1"/><kerning first="86" second="117" amount="-1"/><kerning first="86" second="118" amount="-1"/><kerning first="86" second="119" amount="-1"/><kerning first="86" second="120" amount="-1"/><kerning first="86" second="121" amount="-1"/><kerning first="86" second="122" amount="-1"/><kerning first="86" second="44" amount="-5"/><kerning first="86" second="92" amount="1"/><kerning first="86" second="46" amount="-5"/><kerning first="87" second="48" amount="-1"/><kerning first="87" second="51" amount="-1"/><kerning first="87" second="52" amount="-2"/><kerning first="87" second="53" amount="-1"/><kerning first="87" second="54" amount="-1"/><kerning first="87" second="56" amount="-1"/><kerning first="87" second="57" amount="-1"/><kerning first="87" second="58" amount="-1"/><kerning first="87" second="42" amount="-1"/><kerning first="87" second="95" amount="-2"/><kerning first="87" second="43" amount="-2"/><kerning first="87" second="45" amount="-2"/><kerning first="87" second="61" amount="-3"/><kerning first="87" second="47" amount="-4"/><kerning first="87" second="64" amount="-2"/><kerning first="87" second="94" amount="-1"/><kerning first="87" second="38" amount="-2"/><kerning first="87" second="65" amount="-5"/><kerning first="87" second="67" amount="-2"/><kerning first="87" second="71" amount="-2"/><kerning first="87" second="74" amount="-3"/><kerning first="87" second="79" amount="-2"/><kerning first="87" second="81" amount="-2"/><kerning first="87" second="83" amount="-1"/><kerning first="87" second="97" amount="-4"/><kerning first="87" second="99" amount="-3"/><kerning first="87" second="100" amount="-3"/><kerning first="87" second="101" amount="-3"/><kerning first="87" second="103" amount="-3"/><kerning first="87" second="109" amount="-1"/><kerning first="87" second="110" amount="-1"/><kerning first="87" second="111" amount="-3"/><kerning first="87" second="112" amount="-1"/><kerning first="87" second="113" amount="-3"/><kerning first="87" second="114" amount="-1"/><kerning first="87" second="115" amount="-3"/><kerning first="87" second="117" amount="-1"/><kerning first="87" second="118" amount="-1"/><kerning first="87" second="121" amount="-1"/><kerning first="87" second="44" amount="-4"/><kerning first="87" second="92" amount="1"/><kerning first="87" second="46" amount="-4"/><kerning first="87" second="63" amount="-1"/><kerning first="88" second="48" amount="-2"/><kerning first="88" second="49" amount="-1"/><kerning first="88" second="51" amount="-1"/><kerning first="88" second="52" amount="-1"/><kerning first="88" second="53" amount="-1"/><kerning first="88" second="54" amount="-2"/><kerning first="88" second="56" amount="-1"/><kerning first="88" second="57" amount="-1"/><kerning first="88" second="42" amount="-2"/><kerning first="88" second="43" amount="-3"/><kerning first="88" second="45" amount="-3"/><kerning first="88" second="61" amount="-2"/><kerning first="88" second="64" amount="-2"/><kerning first="88" second="94" amount="-2"/><kerning first="88" second="65" amount="-1"/><kerning first="88" second="67" amount="-3"/><kerning first="88" second="71" amount="-3"/><kerning first="88" second="74" amount="-1"/><kerning first="88" second="79" amount="-3"/><kerning first="88" second="81" amount="-3"/><kerning first="88" second="83" amount="-1"/><kerning first="88" second="97" amount="-1"/><kerning first="88" second="99" amount="-2"/><kerning first="88" second="100" amount="-2"/><kerning first="88" second="101" amount="-2"/><kerning first="88" second="103" amount="-2"/><kerning first="88" second="111" amount="-2"/><kerning first="88" second="113" amount="-2"/><kerning first="88" second="115" amount="-2"/><kerning first="88" second="116" amount="-1"/><kerning first="88" second="117" amount="-1"/><kerning first="88" second="118" amount="-2"/><kerning first="88" second="119" amount="-2"/><kerning first="88" second="121" amount="-2"/><kerning first="88" second="92" amount="1"/><kerning first="88" second="63" amount="-1"/><kerning first="89" second="48" amount="-3"/><kerning first="89" second="50" amount="-1"/><kerning first="89" second="51" amount="-1"/><kerning first="89" second="52" amount="-3"/><kerning first="89" second="54" amount="-3"/><kerning first="89" second="56" amount="-1"/><kerning first="89" second="57" amount="-1"/><kerning first="89" second="58" amount="-1"/><kerning first="89" second="42" amount="-2"/><kerning first="89" second="95" amount="-5"/><kerning first="89" second="43" amount="-4"/><kerning first="89" second="45" amount="-4"/><kerning first="89" second="61" amount="-4"/><kerning first="89" second="47" amount="-5"/><kerning first="89" second="64" amount="-3"/><kerning first="89" second="94" amount="-2"/><kerning first="89" second="38" amount="-3"/><kerning first="89" second="65" amount="-7"/><kerning first="89" second="67" amount="-3"/><kerning first="89" second="71" amount="-3"/><kerning first="89" second="74" amount="-4"/><kerning first="89" second="79" amount="-3"/><kerning first="89" second="81" amount="-3"/><kerning first="89" second="83" amount="-1"/><kerning first="89" second="97" amount="-8"/><kerning first="89" second="98" amount="-1"/><kerning first="89" second="99" amount="-7"/><kerning first="89" second="100" amount="-7"/><kerning first="89" second="101" amount="-7"/><kerning first="89" second="102" amount="-1"/><kerning first="89" second="103" amount="-7"/><kerning first="89" second="104" amount="-1"/><kerning first="89" second="105" amount="-1"/><kerning first="89" second="107" amount="-1"/><kerning first="89" second="108" amount="-1"/><kerning first="89" second="109" amount="-3"/><kerning first="89" second="110" amount="-3"/><kerning first="89" second="111" amount="-7"/><kerning first="89" second="112" amount="-3"/><kerning first="89" second="113" amount="-7"/><kerning first="89" second="114" amount="-3"/><kerning first="89" second="115" amount="-7"/><kerning first="89" second="116" amount="-1"/><kerning first="89" second="117" amount="-4"/><kerning first="89" second="118" amount="-3"/><kerning first="89" second="119" amount="-3"/><kerning first="89" second="120" amount="-2"/><kerning first="89" second="121" amount="-3"/><kerning first="89" second="122" amount="-2"/><kerning first="89" second="44" amount="-6"/><kerning first="89" second="92" amount="1"/><kerning first="89" second="46" amount="-6"/><kerning first="89" second="106" amount="-1"/><kerning first="89" second="63" amount="-1"/><kerning first="90" second="42" amount="-1"/><kerning first="90" second="43" amount="-2"/><kerning first="90" second="45" amount="-2"/><kerning first="90" second="61" amount="-1"/><kerning first="90" second="94" amount="-1"/><kerning first="90" second="99" amount="-1"/><kerning first="90" second="100" amount="-1"/><kerning first="90" second="101" amount="-1"/><kerning first="90" second="103" amount="-1"/><kerning first="90" second="111" amount="-1"/><kerning first="90" second="113" amount="-1"/><kerning first="90" second="117" amount="-1"/><kerning first="97" second="49" amount="-1"/><kerning first="97" second="61" amount="-1"/><kerning first="97" second="84" amount="-5"/><kerning first="97" second="86" amount="-3"/><kerning first="97" second="87" amount="-3"/><kerning first="97" second="89" amount="-6"/><kerning first="98" second="49" amount="-1"/><kerning first="98" second="50" amount="-1"/><kerning first="98" second="55" amount="-1"/><kerning first="98" second="47" amount="-1"/><kerning first="98" second="65" amount="-1"/><kerning first="98" second="84" amount="-7"/><kerning first="98" second="86" amount="-4"/><kerning first="98" second="87" amount="-3"/><kerning first="98" second="88" amount="-2"/><kerning first="98" second="89" amount="-6"/><kerning first="98" second="118" amount="-1"/><kerning first="98" second="120" amount="-1"/><kerning first="98" second="121" amount="-1"/><kerning first="98" second="122" amount="-1"/><kerning first="98" second="44" amount="-1"/><kerning first="98" second="46" amount="-1"/><kerning first="99" second="65" amount="-1"/><kerning first="99" second="84" amount="-4"/><kerning first="99" second="86" amount="-3"/><kerning first="99" second="87" amount="-3"/><kerning first="99" second="88" amount="-2"/><kerning first="99" second="89" amount="-5"/><kerning first="101" second="49" amount="-1"/><kerning first="101" second="65" amount="-1"/><kerning first="101" second="84" amount="-6"/><kerning first="101" second="86" amount="-3"/><kerning first="101" second="87" amount="-3"/><kerning first="101" second="88" amount="-2"/><kerning first="101" second="89" amount="-5"/><kerning first="101" second="118" amount="-1"/><kerning first="101" second="120" amount="-1"/><kerning first="101" second="121" amount="-1"/><kerning first="101" second="63" amount="-1"/><kerning first="102" second="52" amount="-2"/><kerning first="102" second="43" amount="-1"/><kerning first="102" second="45" amount="-1"/><kerning first="102" second="61" amount="-2"/><kerning first="102" second="47" amount="-1"/><kerning first="102" second="64" amount="-2"/><kerning first="102" second="38" amount="-1"/><kerning first="102" second="65" amount="-3"/><kerning first="102" second="74" amount="-2"/><kerning first="102" second="99" amount="-1"/><kerning first="102" second="100" amount="-1"/><kerning first="102" second="101" amount="-1"/><kerning first="102" second="103" amount="-1"/><kerning first="102" second="111" amount="-1"/><kerning first="102" second="113" amount="-1"/><kerning first="102" second="44" amount="-2"/><kerning first="102" second="92" amount="1"/><kerning first="102" second="46" amount="-2"/><kerning first="103" second="84" amount="-3"/><kerning first="103" second="86" amount="-2"/><kerning first="103" second="87" amount="-2"/><kerning first="103" second="89" amount="-3"/><kerning first="103" second="106" amount="1"/><kerning first="104" second="49" amount="-1"/><kerning first="104" second="61" amount="-1"/><kerning first="104" second="84" amount="-5"/><kerning first="104" second="86" amount="-3"/><kerning first="104" second="87" amount="-3"/><kerning first="104" second="89" amount="-6"/><kerning first="105" second="47" amount="2"/><kerning first="105" second="84" amount="-1"/><kerning first="105" second="92" amount="2"/><kerning first="107" second="49" amount="-1"/><kerning first="107" second="51" amount="-1"/><kerning first="107" second="52" amount="-1"/><kerning first="107" second="53" amount="-1"/><kerning first="107" second="40" amount="-1"/><kerning first="107" second="43" amount="-2"/><kerning first="107" second="45" amount="-2"/><kerning first="107" second="61" amount="-2"/><kerning first="107" second="67" amount="-1"/><kerning first="107" second="71" amount="-1"/><kerning first="107" second="74" amount="-1"/><kerning first="107" second="79" amount="-1"/><kerning first="107" second="81" amount="-1"/><kerning first="107" second="84" amount="-1"/><kerning first="107" second="89" amount="-2"/><kerning first="107" second="99" amount="-2"/><kerning first="107" second="100" amount="-2"/><kerning first="107" second="101" amount="-2"/><kerning first="107" second="103" amount="-2"/><kerning first="107" second="111" amount="-2"/><kerning first="107" second="113" amount="-2"/><kerning first="107" second="115" amount="-1"/><kerning first="109" second="49" amount="-1"/><kerning first="109" second="61" amount="-1"/><kerning first="109" second="84" amount="-5"/><kerning first="109" second="86" amount="-3"/><kerning first="109" second="87" amount="-3"/><kerning first="109" second="89" amount="-6"/><kerning first="110" second="49" amount="-1"/><kerning first="110" second="61" amount="-1"/><kerning first="110" second="84" amount="-5"/><kerning first="110" second="86" amount="-3"/><kerning first="110" second="87" amount="-3"/><kerning first="110" second="89" amount="-6"/><kerning first="111" second="49" amount="-1"/><kerning first="111" second="50" amount="-1"/><kerning first="111" second="55" amount="-1"/><kerning first="111" second="47" amount="-1"/><kerning first="111" second="65" amount="-1"/><kerning first="111" second="84" amount="-7"/><kerning first="111" second="86" amount="-4"/><kerning first="111" second="87" amount="-3"/><kerning first="111" second="88" amount="-2"/><kerning first="111" second="89" amount="-6"/><kerning first="111" second="118" amount="-1"/><kerning first="111" second="120" amount="-1"/><kerning first="111" second="121" amount="-1"/><kerning first="111" second="122" amount="-1"/><kerning first="111" second="44" amount="-1"/><kerning first="111" second="46" amount="-1"/><kerning first="112" second="49" amount="-1"/><kerning first="112" second="50" amount="-1"/><kerning first="112" second="55" amount="-1"/><kerning first="112" second="47" amount="-1"/><kerning first="112" second="65" amount="-1"/><kerning first="112" second="84" amount="-7"/><kerning first="112" second="86" amount="-4"/><kerning first="112" second="87" amount="-3"/><kerning first="112" second="88" amount="-2"/><kerning first="112" second="89" amount="-6"/><kerning first="112" second="118" amount="-1"/><kerning first="112" second="120" amount="-1"/><kerning first="112" second="121" amount="-1"/><kerning first="112" second="122" amount="-1"/><kerning first="112" second="44" amount="-1"/><kerning first="112" second="46" amount="-1"/><kerning first="113" second="84" amount="-3"/><kerning first="113" second="86" amount="-2"/><kerning first="113" second="87" amount="-2"/><kerning first="113" second="89" amount="-3"/><kerning first="113" second="106" amount="1"/><kerning first="114" second="52" amount="-1"/><kerning first="114" second="55" amount="-1"/><kerning first="114" second="43" amount="-1"/><kerning first="114" second="45" amount="-1"/><kerning first="114" second="61" amount="-1"/><kerning first="114" second="47" amount="-1"/><kerning first="114" second="65" amount="-1"/><kerning first="114" second="74" amount="-2"/><kerning first="114" second="84" amount="-2"/><kerning first="114" second="89" amount="-1"/><kerning first="114" second="97" amount="-1"/><kerning first="114" second="99" amount="-1"/><kerning first="114" second="100" amount="-1"/><kerning first="114" second="101" amount="-1"/><kerning first="114" second="103" amount="-1"/><kerning first="114" second="111" amount="-1"/><kerning first="114" second="113" amount="-1"/><kerning first="114" second="44" amount="-4"/><kerning first="114" second="46" amount="-4"/><kerning first="115" second="49" amount="-1"/><kerning first="115" second="55" amount="-1"/><kerning first="115" second="61" amount="-1"/><kerning first="115" second="84" amount="-5"/><kerning first="115" second="86" amount="-3"/><kerning first="115" second="87" amount="-3"/><kerning first="115" second="88" amount="-2"/><kerning first="115" second="89" amount="-7"/><kerning first="116" second="52" amount="-1"/><kerning first="116" second="43" amount="-1"/><kerning first="116" second="45" amount="-1"/><kerning first="116" second="84" amount="-1"/><kerning first="116" second="86" amount="-1"/><kerning first="116" second="89" amount="-2"/><kerning first="116" second="99" amount="-1"/><kerning first="116" second="100" amount="-1"/><kerning first="116" second="101" amount="-1"/><kerning first="116" second="103" amount="-1"/><kerning first="116" second="111" amount="-1"/><kerning first="116" second="113" amount="-1"/><kerning first="117" second="84" amount="-2"/><kerning first="117" second="86" amount="-1"/><kerning first="117" second="87" amount="-1"/><kerning first="117" second="89" amount="-2"/><kerning first="118" second="52" amount="-1"/><kerning first="118" second="43" amount="-1"/><kerning first="118" second="45" amount="-1"/><kerning first="118" second="61" amount="-1"/><kerning first="118" second="47" amount="-2"/><kerning first="118" second="34" amount="1"/><kerning first="118" second="39" amount="1"/><kerning first="118" second="65" amount="-3"/><kerning first="118" second="74" amount="-2"/><kerning first="118" second="84" amount="-2"/><kerning first="118" second="86" amount="-1"/><kerning first="118" second="87" amount="-1"/><kerning first="118" second="88" amount="-2"/><kerning first="118" second="89" amount="-3"/><kerning first="118" second="97" amount="-1"/><kerning first="118" second="99" amount="-1"/><kerning first="118" second="100" amount="-1"/><kerning first="118" second="101" amount="-1"/><kerning first="118" second="103" amount="-1"/><kerning first="118" second="111" amount="-1"/><kerning first="118" second="113" amount="-1"/><kerning first="118" second="118" amount="1"/><kerning first="118" second="119" amount="1"/><kerning first="118" second="120" amount="1"/><kerning first="118" second="121" amount="1"/><kerning first="118" second="44" amount="-5"/><kerning first="118" second="46" amount="-5"/><kerning first="119" second="43" amount="-1"/><kerning first="119" second="45" amount="-1"/><kerning first="119" second="61" amount="-1"/><kerning first="119" second="47" amount="-2"/><kerning first="119" second="34" amount="1"/><kerning first="119" second="39" amount="1"/><kerning first="119" second="65" amount="-3"/><kerning first="119" second="74" amount="-2"/><kerning first="119" second="84" amount="-2"/><kerning first="119" second="86" amount="-1"/><kerning first="119" second="88" amount="-2"/><kerning first="119" second="89" amount="-3"/><kerning first="119" second="97" amount="-1"/><kerning first="119" second="99" amount="-1"/><kerning first="119" second="100" amount="-1"/><kerning first="119" second="101" amount="-1"/><kerning first="119" second="103" amount="-1"/><kerning first="119" second="111" amount="-1"/><kerning first="119" second="113" amount="-1"/><kerning first="119" second="118" amount="1"/><kerning first="119" second="121" amount="1"/><kerning first="119" second="44" amount="-4"/><kerning first="119" second="92" amount="1"/><kerning first="119" second="46" amount="-4"/><kerning first="120" second="52" amount="-1"/><kerning first="120" second="43" amount="-1"/><kerning first="120" second="45" amount="-1"/><kerning first="120" second="61" amount="-1"/><kerning first="120" second="123" amount="-1"/><kerning first="120" second="67" amount="-1"/><kerning first="120" second="71" amount="-1"/><kerning first="120" second="74" amount="-1"/><kerning first="120" second="79" amount="-1"/><kerning first="120" second="81" amount="-1"/><kerning first="120" second="84" amount="-3"/><kerning first="120" second="86" amount="-1"/><kerning first="120" second="89" amount="-2"/><kerning first="120" second="97" amount="-1"/><kerning first="120" second="99" amount="-1"/><kerning first="120" second="100" amount="-1"/><kerning first="120" second="101" amount="-1"/><kerning first="120" second="103" amount="-1"/><kerning first="120" second="111" amount="-1"/><kerning first="120" second="113" amount="-1"/><kerning first="120" second="118" amount="1"/><kerning first="120" second="121" amount="1"/><kerning first="121" second="52" amount="-1"/><kerning first="121" second="43" amount="-1"/><kerning first="121" second="45" amount="-1"/><kerning first="121" second="61" amount="-1"/><kerning first="121" second="47" amount="-2"/><kerning first="121" second="34" amount="1"/><kerning first="121" second="39" amount="1"/><kerning first="121" second="65" amount="-3"/><kerning first="121" second="74" amount="-2"/><kerning first="121" second="84" amount="-2"/><kerning first="121" second="86" amount="-1"/><kerning first="121" second="87" amount="-1"/><kerning first="121" second="88" amount="-2"/><kerning first="121" second="89" amount="-3"/><kerning first="121" second="97" amount="-1"/><kerning first="121" second="99" amount="-1"/><kerning first="121" second="100" amount="-1"/><kerning first="121" second="101" amount="-1"/><kerning first="121" second="103" amount="-1"/><kerning first="121" second="111" amount="-1"/><kerning first="121" second="113" amount="-1"/><kerning first="121" second="118" amount="1"/><kerning first="121" second="119" amount="1"/><kerning first="121" second="120" amount="1"/><kerning first="121" second="121" amount="1"/><kerning first="121" second="44" amount="-5"/><kerning first="121" second="46" amount="-5"/><kerning first="122" second="52" amount="-1"/><kerning first="122" second="55" amount="-1"/><kerning first="122" second="43" amount="-1"/><kerning first="122" second="45" amount="-1"/><kerning first="122" second="61" amount="-1"/><kerning first="122" second="84" amount="-2"/><kerning first="122" second="86" amount="-1"/><kerning first="122" second="89" amount="-2"/><kerning first="122" second="99" amount="-1"/><kerning first="122" second="100" amount="-1"/><kerning first="122" second="101" amount="-1"/><kerning first="122" second="103" amount="-1"/><kerning first="122" second="111" amount="-1"/><kerning first="122" second="113" amount="-1"/><kerning first="44" second="48" amount="-2"/><kerning first="44" second="49" amount="-5"/><kerning first="44" second="53" amount="-1"/><kerning first="44" second="54" amount="-2"/><kerning first="44" second="42" amount="-1"/><kerning first="44" second="34" amount="-2"/><kerning first="44" second="39" amount="-2"/><kerning first="44" second="94" amount="-1"/><kerning first="44" second="67" amount="-4"/><kerning first="44" second="71" amount="-4"/><kerning first="44" second="79" amount="-4"/><kerning first="44" second="81" amount="-4"/><kerning first="44" second="84" amount="-5"/><kerning first="44" second="85" amount="-1"/><kerning first="44" second="86" amount="-5"/><kerning first="44" second="87" amount="-4"/><kerning first="44" second="89" amount="-6"/><kerning first="44" second="99" amount="-1"/><kerning first="44" second="100" amount="-1"/><kerning first="44" second="101" amount="-1"/><kerning first="44" second="102" amount="-1"/><kerning first="44" second="103" amount="-1"/><kerning first="44" second="111" amount="-1"/><kerning first="44" second="113" amount="-1"/><kerning first="44" second="116" amount="-3"/><kerning first="44" second="118" amount="-5"/><kerning first="44" second="119" amount="-4"/><kerning first="44" second="121" amount="-5"/><kerning first="92" second="67" amount="-1"/><kerning first="92" second="71" amount="-1"/><kerning first="92" second="79" amount="-1"/><kerning first="92" second="81" amount="-1"/><kerning first="92" second="84" amount="-4"/><kerning first="92" second="85" amount="-3"/><kerning first="92" second="86" amount="-5"/><kerning first="92" second="87" amount="-4"/><kerning first="92" second="88" amount="-1"/><kerning first="92" second="89" amount="-4"/><kerning first="92" second="99" amount="-1"/><kerning first="92" second="100" amount="-1"/><kerning first="92" second="101" amount="-1"/><kerning first="92" second="102" amount="-1"/><kerning first="92" second="103" amount="-1"/><kerning first="92" second="105" amount="2"/><kerning first="92" second="111" amount="-1"/><kerning first="92" second="113" amount="-1"/><kerning first="92" second="118" amount="-3"/><kerning first="92" second="119" amount="-2"/><kerning first="92" second="121" amount="-3"/><kerning first="46" second="48" amount="-2"/><kerning first="46" second="49" amount="-5"/><kerning first="46" second="53" amount="-1"/><kerning first="46" second="54" amount="-2"/><kerning first="46" second="42" amount="-1"/><kerning first="46" second="34" amount="-2"/><kerning first="46" second="39" amount="-2"/><kerning first="46" second="94" amount="-1"/><kerning first="46" second="67" amount="-4"/><kerning first="46" second="71" amount="-4"/><kerning first="46" second="79" amount="-4"/><kerning first="46" second="81" amount="-4"/><kerning first="46" second="84" amount="-5"/><kerning first="46" second="85" amount="-1"/><kerning first="46" second="86" amount="-5"/><kerning first="46" second="87" amount="-4"/><kerning first="46" second="89" amount="-6"/><kerning first="46" second="99" amount="-1"/><kerning first="46" second="100" amount="-1"/><kerning first="46" second="101" amount="-1"/><kerning first="46" second="102" amount="-1"/><kerning first="46" second="103" amount="-1"/><kerning first="46" second="111" amount="-1"/><kerning first="46" second="113" amount="-1"/><kerning first="46" second="116" amount="-3"/><kerning first="46" second="118" amount="-5"/><kerning first="46" second="119" amount="-4"/><kerning first="46" second="121" amount="-5"/><kerning first="106" second="47" amount="2"/><kerning first="106" second="84" amount="-1"/><kerning first="106" second="92" amount="2"/><kerning first="63" second="52" amount="-1"/><kerning first="63" second="38" amount="-1"/><kerning first="63" second="65" amount="-3"/><kerning first="63" second="74" amount="-2"/><kerning first="63" second="87" amount="-1"/><kerning first="63" second="88" amount="-1"/><kerning first="63" second="89" amount="-1"/><kerning first="63" second="97" amount="-1"/><kerning first="63" second="99" amount="-1"/><kerning first="63" second="100" amount="-1"/><kerning first="63" second="101" amount="-1"/><kerning first="63" second="103" amount="-1"/><kerning first="63" second="111" amount="-1"/><kerning first="63" second="113" amount="-1"/></kernings></font>