[{"id":"journey-season-1","count":52,"startTime":"2024-01-01T17:00:00.000Z","endTime":"2024-01-08T17:00:00.000Z","levelsUrl":"assets/levels/journey/season-1.json","levelsKey":"journey-season-1-levels"},{"id":"journey-season-2","count":52,"startTime":"2024-01-08T17:00:00.000Z","endTime":"2024-01-15T17:00:00.000Z","levelsUrl":"assets/levels/journey/season-2.json","levelsKey":"journey-season-2-levels"},{"id":"journey-season-3","count":52,"startTime":"2024-01-15T17:00:00.000Z","endTime":"2024-01-22T17:00:00.000Z","levelsUrl":"assets/levels/journey/season-3.json","levelsKey":"journey-season-3-levels"},{"id":"journey-season-4","count":52,"startTime":"2024-01-22T17:00:00.000Z","endTime":"2024-01-29T17:00:00.000Z","levelsUrl":"assets/levels/journey/season-4.json","levelsKey":"journey-season-4-levels"},{"id":"journey-season-5","count":52,"startTime":"2024-01-29T17:00:00.000Z","endTime":"2024-02-05T17:00:00.000Z","levelsUrl":"assets/levels/journey/season-5.json","levelsKey":"journey-season-5-levels"},{"id":"journey-season-6","count":52,"startTime":"2024-02-05T17:00:00.000Z","endTime":"2024-02-12T17:00:00.000Z","levelsUrl":"assets/levels/journey/season-6.json","levelsKey":"journey-season-6-levels"},{"id":"journey-season-7","count":52,"startTime":"2024-02-12T17:00:00.000Z","endTime":"2024-02-19T17:00:00.000Z","levelsUrl":"assets/levels/journey/season-7.json","levelsKey":"journey-season-7-levels"},{"id":"journey-season-8","count":52,"startTime":"2024-02-19T17:00:00.000Z","endTime":"2024-02-26T17:00:00.000Z","levelsUrl":"assets/levels/journey/season-8.json","levelsKey":"journey-season-8-levels"},{"id":"journey-season-9","count":52,"startTime":"2024-02-26T17:00:00.000Z","endTime":"2024-03-05T17:00:00.000Z","levelsUrl":"assets/levels/journey/season-9.json","levelsKey":"journey-season-9-levels"},{"id":"journey-season-10","count":52,"startTime":"2024-03-05T17:00:00.000Z","endTime":"2024-03-12T17:00:00.000Z","levelsUrl":"assets/levels/journey/season-10.json","levelsKey":"journey-season-10-levels"},{"id":"journey-season-11","count":52,"startTime":"2024-03-12T17:00:00.000Z","endTime":"2024-03-19T17:00:00.000Z","levelsUrl":"assets/levels/journey/season-11.json","levelsKey":"journey-season-11-levels"},{"id":"journey-season-12","count":52,"startTime":"2024-03-19T17:00:00.000Z","endTime":"2024-03-26T17:00:00.000Z","levelsUrl":"assets/levels/journey/season-12.json","levelsKey":"journey-season-12-levels"},{"id":"journey-season-13","count":52,"startTime":"2024-03-26T17:00:00.000Z","endTime":"2024-04-02T17:00:00.000Z","levelsUrl":"assets/levels/journey/season-13.json","levelsKey":"journey-season-13-levels"},{"id":"journey-season-14","count":52,"startTime":"2024-04-02T17:00:00.000Z","endTime":"2024-04-09T17:00:00.000Z","levelsUrl":"assets/levels/journey/season-14.json","levelsKey":"journey-season-14-levels"},{"id":"journey-season-15","count":52,"startTime":"2024-04-09T17:00:00.000Z","endTime":"2024-04-16T17:00:00.000Z","levelsUrl":"assets/levels/journey/season-15.json","levelsKey":"journey-season-15-levels"},{"id":"journey-season-16","count":52,"startTime":"2024-04-16T17:00:00.000Z","endTime":"2024-04-23T17:00:00.000Z","levelsUrl":"assets/levels/journey/season-16.json","levelsKey":"journey-season-16-levels"},{"id":"journey-season-17","count":52,"startTime":"2024-04-23T17:00:00.000Z","endTime":"2024-04-30T17:00:00.000Z","levelsUrl":"assets/levels/journey/season-17.json","levelsKey":"journey-season-17-levels"},{"id":"journey-season-18","count":52,"startTime":"2024-04-30T17:00:00.000Z","endTime":"2024-05-07T17:00:00.000Z","levelsUrl":"assets/levels/journey/season-18.json","levelsKey":"journey-season-18-levels"},{"id":"journey-season-19","count":52,"startTime":"2024-05-07T17:00:00.000Z","endTime":"2024-05-14T17:00:00.000Z","levelsUrl":"assets/levels/journey/season-19.json","levelsKey":"journey-season-19-levels"},{"id":"journey-season-20","count":52,"startTime":"2024-05-14T17:00:00.000Z","endTime":"2024-05-21T17:00:00.000Z","levelsUrl":"assets/levels/journey/season-20.json","levelsKey":"journey-season-20-levels"},{"id":"journey-season-21","count":52,"startTime":"2024-05-21T17:00:00.000Z","endTime":"2024-05-28T17:00:00.000Z","levelsUrl":"assets/levels/journey/season-21.json","levelsKey":"journey-season-21-levels"},{"id":"journey-season-22","count":52,"startTime":"2024-05-28T17:00:00.000Z","endTime":"2024-06-04T17:00:00.000Z","levelsUrl":"assets/levels/journey/season-22.json","levelsKey":"journey-season-22-levels"},{"id":"journey-season-23","count":52,"startTime":"2024-06-04T17:00:00.000Z","endTime":"2024-06-11T17:00:00.000Z","levelsUrl":"assets/levels/journey/season-23.json","levelsKey":"journey-season-23-levels"},{"id":"journey-season-24","count":52,"startTime":"2024-06-11T17:00:00.000Z","endTime":"2024-06-18T17:00:00.000Z","levelsUrl":"assets/levels/journey/season-24.json","levelsKey":"journey-season-24-levels"},{"id":"journey-season-25","count":52,"startTime":"2024-06-18T17:00:00.000Z","endTime":"2024-06-25T17:00:00.000Z","levelsUrl":"assets/levels/journey/season-25.json","levelsKey":"journey-season-25-levels"},{"id":"journey-season-26","count":52,"startTime":"2024-06-25T17:00:00.000Z","endTime":"2024-07-02T17:00:00.000Z","levelsUrl":"assets/levels/journey/season-26.json","levelsKey":"journey-season-26-levels"},{"id":"journey-season-27","count":52,"startTime":"2024-07-02T17:00:00.000Z","endTime":"2024-07-09T17:00:00.000Z","levelsUrl":"assets/levels/journey/season-27.json","levelsKey":"journey-season-27-levels"},{"id":"journey-season-28","count":52,"startTime":"2024-07-09T17:00:00.000Z","endTime":"2024-07-16T17:00:00.000Z","levelsUrl":"assets/levels/journey/season-28.json","levelsKey":"journey-season-28-levels"},{"id":"journey-season-29","count":52,"startTime":"2024-07-16T17:00:00.000Z","endTime":"2024-07-23T17:00:00.000Z","levelsUrl":"assets/levels/journey/season-29.json","levelsKey":"journey-season-29-levels"},{"id":"journey-season-30","count":52,"startTime":"2024-07-23T17:00:00.000Z","endTime":"2024-07-30T17:00:00.000Z","levelsUrl":"assets/levels/journey/season-30.json","levelsKey":"journey-season-30-levels"},{"id":"journey-season-31","count":52,"startTime":"2024-07-30T17:00:00.000Z","endTime":"2024-08-06T17:00:00.000Z","levelsUrl":"assets/levels/journey/season-31.json","levelsKey":"journey-season-31-levels"},{"id":"journey-season-32","count":52,"startTime":"2024-08-06T17:00:00.000Z","endTime":"2024-08-13T17:00:00.000Z","levelsUrl":"assets/levels/journey/season-32.json","levelsKey":"journey-season-32-levels"},{"id":"journey-season-33","count":52,"startTime":"2024-08-13T17:00:00.000Z","endTime":"2024-08-20T17:00:00.000Z","levelsUrl":"assets/levels/journey/season-33.json","levelsKey":"journey-season-33-levels"},{"id":"journey-season-34","count":52,"startTime":"2024-08-20T17:00:00.000Z","endTime":"2024-08-27T17:00:00.000Z","levelsUrl":"assets/levels/journey/season-34.json","levelsKey":"journey-season-34-levels"},{"id":"journey-season-35","count":52,"startTime":"2024-08-27T17:00:00.000Z","endTime":"2024-09-03T17:00:00.000Z","levelsUrl":"assets/levels/journey/season-35.json","levelsKey":"journey-season-35-levels"},{"id":"journey-season-36","count":52,"startTime":"2024-09-03T17:00:00.000Z","endTime":"2024-09-10T17:00:00.000Z","levelsUrl":"assets/levels/journey/season-36.json","levelsKey":"journey-season-36-levels"},{"id":"journey-season-37","count":52,"startTime":"2024-09-10T17:00:00.000Z","endTime":"2024-09-17T17:00:00.000Z","levelsUrl":"assets/levels/journey/season-37.json","levelsKey":"journey-season-37-levels"},{"id":"journey-season-38","count":52,"startTime":"2024-09-17T17:00:00.000Z","endTime":"2024-09-24T17:00:00.000Z","levelsUrl":"assets/levels/journey/season-38.json","levelsKey":"journey-season-38-levels"},{"id":"journey-season-39","count":52,"startTime":"2024-09-24T17:00:00.000Z","endTime":"2024-10-01T17:00:00.000Z","levelsUrl":"assets/levels/journey/season-39.json","levelsKey":"journey-season-39-levels"},{"id":"journey-season-40","count":52,"startTime":"2024-10-01T17:00:00.000Z","endTime":"2024-10-08T17:00:00.000Z","levelsUrl":"assets/levels/journey/season-40.json","levelsKey":"journey-season-40-levels"},{"id":"journey-season-41","count":52,"startTime":"2024-10-08T17:00:00.000Z","endTime":"2024-10-15T17:00:00.000Z","levelsUrl":"assets/levels/journey/season-41.json","levelsKey":"journey-season-41-levels"},{"id":"journey-season-42","count":52,"startTime":"2024-10-15T17:00:00.000Z","endTime":"2024-10-22T17:00:00.000Z","levelsUrl":"assets/levels/journey/season-42.json","levelsKey":"journey-season-42-levels"},{"id":"journey-season-43","count":52,"startTime":"2024-10-22T17:00:00.000Z","endTime":"2024-10-29T17:00:00.000Z","levelsUrl":"assets/levels/journey/season-43.json","levelsKey":"journey-season-43-levels"},{"id":"journey-season-44","count":52,"startTime":"2024-10-29T17:00:00.000Z","endTime":"2024-11-05T17:00:00.000Z","levelsUrl":"assets/levels/journey/season-44.json","levelsKey":"journey-season-44-levels"},{"id":"journey-season-45","count":52,"startTime":"2024-11-05T17:00:00.000Z","endTime":"2024-11-12T17:00:00.000Z","levelsUrl":"assets/levels/journey/season-45.json","levelsKey":"journey-season-45-levels"},{"id":"journey-season-46","count":52,"startTime":"2024-11-12T17:00:00.000Z","endTime":"2024-11-19T17:00:00.000Z","levelsUrl":"assets/levels/journey/season-46.json","levelsKey":"journey-season-46-levels"},{"id":"journey-season-47","count":52,"startTime":"2024-11-19T17:00:00.000Z","endTime":"2024-11-26T17:00:00.000Z","levelsUrl":"assets/levels/journey/season-47.json","levelsKey":"journey-season-47-levels"},{"id":"journey-season-48","count":52,"startTime":"2024-11-26T17:00:00.000Z","endTime":"2024-12-03T17:00:00.000Z","levelsUrl":"assets/levels/journey/season-48.json","levelsKey":"journey-season-48-levels"},{"id":"journey-season-49","count":52,"startTime":"2024-12-03T17:00:00.000Z","endTime":"2024-12-10T17:00:00.000Z","levelsUrl":"assets/levels/journey/season-49.json","levelsKey":"journey-season-49-levels"},{"id":"journey-season-50","count":52,"startTime":"2024-12-10T17:00:00.000Z","endTime":"2024-12-17T17:00:00.000Z","levelsUrl":"assets/levels/journey/season-50.json","levelsKey":"journey-season-50-levels"},{"id":"journey-season-51","count":52,"startTime":"2024-12-17T17:00:00.000Z","endTime":"2024-12-24T17:00:00.000Z","levelsUrl":"assets/levels/journey/season-51.json","levelsKey":"journey-season-51-levels"},{"id":"journey-season-52","count":52,"startTime":"2024-12-24T17:00:00.000Z","endTime":"2024-12-31T17:00:00.000Z","levelsUrl":"assets/levels/journey/season-52.json","levelsKey":"journey-season-52-levels"},{"id":"journey-season-53","count":52,"startTime":"2024-12-24T17:00:00.000Z","endTime":"2024-12-31T17:00:00.000Z","levelsUrl":"assets/levels/journey/season-53.json","levelsKey":"journey-season-53-levels"},{"id":"journey-season-1","count":52,"startTime":"2025-01-01T17:00:00.000Z","endTime":"2025-01-08T17:00:00.000Z","levelsUrl":"assets/levels/journey/season-1.json","levelsKey":"journey-season-1-levels"},{"id":"journey-season-2","count":52,"startTime":"2025-01-08T17:00:00.000Z","endTime":"2025-01-15T17:00:00.000Z","levelsUrl":"assets/levels/journey/season-2.json","levelsKey":"journey-season-2-levels"},{"id":"journey-season-3","count":52,"startTime":"2025-01-15T17:00:00.000Z","endTime":"2025-01-22T17:00:00.000Z","levelsUrl":"assets/levels/journey/season-3.json","levelsKey":"journey-season-3-levels"},{"id":"journey-season-4","count":52,"startTime":"2025-01-22T17:00:00.000Z","endTime":"2025-01-29T17:00:00.000Z","levelsUrl":"assets/levels/journey/season-4.json","levelsKey":"journey-season-4-levels"},{"id":"journey-season-5","count":52,"startTime":"2025-01-29T17:00:00.000Z","endTime":"2025-02-05T17:00:00.000Z","levelsUrl":"assets/levels/journey/season-5.json","levelsKey":"journey-season-5-levels"},{"id":"journey-season-6","count":52,"startTime":"2025-02-05T17:00:00.000Z","endTime":"2025-02-12T17:00:00.000Z","levelsUrl":"assets/levels/journey/season-6.json","levelsKey":"journey-season-6-levels"},{"id":"journey-season-7","count":52,"startTime":"2025-02-12T17:00:00.000Z","endTime":"2025-02-19T17:00:00.000Z","levelsUrl":"assets/levels/journey/season-7.json","levelsKey":"journey-season-7-levels"},{"id":"journey-season-8","count":52,"startTime":"2025-02-19T17:00:00.000Z","endTime":"2025-02-26T17:00:00.000Z","levelsUrl":"assets/levels/journey/season-8.json","levelsKey":"journey-season-8-levels"},{"id":"journey-season-9","count":52,"startTime":"2025-02-26T17:00:00.000Z","endTime":"2025-03-05T17:00:00.000Z","levelsUrl":"assets/levels/journey/season-9.json","levelsKey":"journey-season-9-levels"},{"id":"journey-season-10","count":52,"startTime":"2025-03-05T17:00:00.000Z","endTime":"2025-03-12T17:00:00.000Z","levelsUrl":"assets/levels/journey/season-10.json","levelsKey":"journey-season-10-levels"},{"id":"journey-season-11","count":52,"startTime":"2025-03-12T17:00:00.000Z","endTime":"2025-03-19T17:00:00.000Z","levelsUrl":"assets/levels/journey/season-11.json","levelsKey":"journey-season-11-levels"},{"id":"journey-season-12","count":52,"startTime":"2025-03-19T17:00:00.000Z","endTime":"2025-03-26T17:00:00.000Z","levelsUrl":"assets/levels/journey/season-12.json","levelsKey":"journey-season-12-levels"},{"id":"journey-season-13","count":52,"startTime":"2025-03-26T17:00:00.000Z","endTime":"2025-04-02T17:00:00.000Z","levelsUrl":"assets/levels/journey/season-13.json","levelsKey":"journey-season-13-levels"},{"id":"journey-season-14","count":52,"startTime":"2025-04-02T17:00:00.000Z","endTime":"2025-04-09T17:00:00.000Z","levelsUrl":"assets/levels/journey/season-14.json","levelsKey":"journey-season-14-levels"},{"id":"journey-season-15","count":52,"startTime":"2025-04-09T17:00:00.000Z","endTime":"2025-04-16T17:00:00.000Z","levelsUrl":"assets/levels/journey/season-15.json","levelsKey":"journey-season-15-levels"},{"id":"journey-season-16","count":52,"startTime":"2025-04-16T17:00:00.000Z","endTime":"2025-04-23T17:00:00.000Z","levelsUrl":"assets/levels/journey/season-16.json","levelsKey":"journey-season-16-levels"},{"id":"journey-season-17","count":52,"startTime":"2025-04-23T17:00:00.000Z","endTime":"2025-04-30T17:00:00.000Z","levelsUrl":"assets/levels/journey/season-17.json","levelsKey":"journey-season-17-levels"},{"id":"journey-season-18","count":52,"startTime":"2025-04-30T17:00:00.000Z","endTime":"2025-05-07T17:00:00.000Z","levelsUrl":"assets/levels/journey/season-18.json","levelsKey":"journey-season-18-levels"},{"id":"journey-season-19","count":52,"startTime":"2025-05-07T17:00:00.000Z","endTime":"2025-05-14T17:00:00.000Z","levelsUrl":"assets/levels/journey/season-19.json","levelsKey":"journey-season-19-levels"},{"id":"journey-season-20","count":52,"startTime":"2025-05-14T17:00:00.000Z","endTime":"2025-05-21T17:00:00.000Z","levelsUrl":"assets/levels/journey/season-20.json","levelsKey":"journey-season-20-levels"},{"id":"journey-season-21","count":52,"startTime":"2025-05-21T17:00:00.000Z","endTime":"2025-05-28T17:00:00.000Z","levelsUrl":"assets/levels/journey/season-21.json","levelsKey":"journey-season-21-levels"},{"id":"journey-season-22","count":52,"startTime":"2025-05-28T17:00:00.000Z","endTime":"2025-06-04T17:00:00.000Z","levelsUrl":"assets/levels/journey/season-22.json","levelsKey":"journey-season-22-levels"},{"id":"journey-season-23","count":52,"startTime":"2025-06-04T17:00:00.000Z","endTime":"2025-06-11T17:00:00.000Z","levelsUrl":"assets/levels/journey/season-23.json","levelsKey":"journey-season-23-levels"},{"id":"journey-season-24","count":52,"startTime":"2025-06-11T17:00:00.000Z","endTime":"2025-06-18T17:00:00.000Z","levelsUrl":"assets/levels/journey/season-24.json","levelsKey":"journey-season-24-levels"},{"id":"journey-season-25","count":52,"startTime":"2025-06-18T17:00:00.000Z","endTime":"2025-06-25T17:00:00.000Z","levelsUrl":"assets/levels/journey/season-25.json","levelsKey":"journey-season-25-levels"},{"id":"journey-season-26","count":52,"startTime":"2025-06-25T17:00:00.000Z","endTime":"2025-07-02T17:00:00.000Z","levelsUrl":"assets/levels/journey/season-26.json","levelsKey":"journey-season-26-levels"},{"id":"journey-season-27","count":52,"startTime":"2025-07-02T17:00:00.000Z","endTime":"2025-07-09T17:00:00.000Z","levelsUrl":"assets/levels/journey/season-27.json","levelsKey":"journey-season-27-levels"},{"id":"journey-season-28","count":52,"startTime":"2025-07-09T17:00:00.000Z","endTime":"2025-07-16T17:00:00.000Z","levelsUrl":"assets/levels/journey/season-28.json","levelsKey":"journey-season-28-levels"},{"id":"journey-season-29","count":52,"startTime":"2025-07-16T17:00:00.000Z","endTime":"2025-07-23T17:00:00.000Z","levelsUrl":"assets/levels/journey/season-29.json","levelsKey":"journey-season-29-levels"},{"id":"journey-season-30","count":52,"startTime":"2025-07-23T17:00:00.000Z","endTime":"2025-07-30T17:00:00.000Z","levelsUrl":"assets/levels/journey/season-30.json","levelsKey":"journey-season-30-levels"},{"id":"journey-season-31","count":52,"startTime":"2025-07-30T17:00:00.000Z","endTime":"2025-08-06T17:00:00.000Z","levelsUrl":"assets/levels/journey/season-31.json","levelsKey":"journey-season-31-levels"},{"id":"journey-season-32","count":52,"startTime":"2025-08-06T17:00:00.000Z","endTime":"2025-08-13T17:00:00.000Z","levelsUrl":"assets/levels/journey/season-32.json","levelsKey":"journey-season-32-levels"},{"id":"journey-season-33","count":52,"startTime":"2025-08-13T17:00:00.000Z","endTime":"2025-08-20T17:00:00.000Z","levelsUrl":"assets/levels/journey/season-33.json","levelsKey":"journey-season-33-levels"},{"id":"journey-season-34","count":52,"startTime":"2025-08-20T17:00:00.000Z","endTime":"2025-08-27T17:00:00.000Z","levelsUrl":"assets/levels/journey/season-34.json","levelsKey":"journey-season-34-levels"},{"id":"journey-season-35","count":52,"startTime":"2025-08-27T17:00:00.000Z","endTime":"2025-09-03T17:00:00.000Z","levelsUrl":"assets/levels/journey/season-35.json","levelsKey":"journey-season-35-levels"},{"id":"journey-season-36","count":52,"startTime":"2025-09-03T17:00:00.000Z","endTime":"2025-09-10T17:00:00.000Z","levelsUrl":"assets/levels/journey/season-36.json","levelsKey":"journey-season-36-levels"},{"id":"journey-season-37","count":52,"startTime":"2025-09-10T17:00:00.000Z","endTime":"2025-09-17T17:00:00.000Z","levelsUrl":"assets/levels/journey/season-37.json","levelsKey":"journey-season-37-levels"},{"id":"journey-season-38","count":52,"startTime":"2025-09-17T17:00:00.000Z","endTime":"2025-09-24T17:00:00.000Z","levelsUrl":"assets/levels/journey/season-38.json","levelsKey":"journey-season-38-levels"},{"id":"journey-season-39","count":52,"startTime":"2025-09-24T17:00:00.000Z","endTime":"2025-10-01T17:00:00.000Z","levelsUrl":"assets/levels/journey/season-39.json","levelsKey":"journey-season-39-levels"},{"id":"journey-season-40","count":52,"startTime":"2025-10-01T17:00:00.000Z","endTime":"2025-10-08T17:00:00.000Z","levelsUrl":"assets/levels/journey/season-40.json","levelsKey":"journey-season-40-levels"},{"id":"journey-season-41","count":52,"startTime":"2025-10-08T17:00:00.000Z","endTime":"2025-10-15T17:00:00.000Z","levelsUrl":"assets/levels/journey/season-41.json","levelsKey":"journey-season-41-levels"},{"id":"journey-season-42","count":52,"startTime":"2025-10-15T17:00:00.000Z","endTime":"2025-10-22T17:00:00.000Z","levelsUrl":"assets/levels/journey/season-42.json","levelsKey":"journey-season-42-levels"},{"id":"journey-season-43","count":52,"startTime":"2025-10-22T17:00:00.000Z","endTime":"2025-10-29T17:00:00.000Z","levelsUrl":"assets/levels/journey/season-43.json","levelsKey":"journey-season-43-levels"},{"id":"journey-season-44","count":52,"startTime":"2025-10-29T17:00:00.000Z","endTime":"2025-11-05T17:00:00.000Z","levelsUrl":"assets/levels/journey/season-44.json","levelsKey":"journey-season-44-levels"},{"id":"journey-season-45","count":52,"startTime":"2025-11-05T17:00:00.000Z","endTime":"2025-11-12T17:00:00.000Z","levelsUrl":"assets/levels/journey/season-45.json","levelsKey":"journey-season-45-levels"},{"id":"journey-season-46","count":52,"startTime":"2025-11-12T17:00:00.000Z","endTime":"2025-11-19T17:00:00.000Z","levelsUrl":"assets/levels/journey/season-46.json","levelsKey":"journey-season-46-levels"},{"id":"journey-season-47","count":52,"startTime":"2025-11-19T17:00:00.000Z","endTime":"2025-11-26T17:00:00.000Z","levelsUrl":"assets/levels/journey/season-47.json","levelsKey":"journey-season-47-levels"},{"id":"journey-season-48","count":52,"startTime":"2025-11-26T17:00:00.000Z","endTime":"2025-12-03T17:00:00.000Z","levelsUrl":"assets/levels/journey/season-48.json","levelsKey":"journey-season-48-levels"},{"id":"journey-season-49","count":52,"startTime":"2025-12-03T17:00:00.000Z","endTime":"2025-12-10T17:00:00.000Z","levelsUrl":"assets/levels/journey/season-49.json","levelsKey":"journey-season-49-levels"},{"id":"journey-season-50","count":52,"startTime":"2025-12-10T17:00:00.000Z","endTime":"2025-12-17T17:00:00.000Z","levelsUrl":"assets/levels/journey/season-50.json","levelsKey":"journey-season-50-levels"},{"id":"journey-season-51","count":52,"startTime":"2025-12-17T17:00:00.000Z","endTime":"2025-12-24T17:00:00.000Z","levelsUrl":"assets/levels/journey/season-51.json","levelsKey":"journey-season-51-levels"},{"id":"journey-season-52","count":52,"startTime":"2025-12-24T17:00:00.000Z","endTime":"2025-12-31T17:00:00.000Z","levelsUrl":"assets/levels/journey/season-52.json","levelsKey":"journey-season-52-levels"},{"id":"journey-season-53","count":52,"startTime":"2025-12-24T17:00:00.000Z","endTime":"2025-12-31T17:00:00.000Z","levelsUrl":"assets/levels/journey/season-53.json","levelsKey":"journey-season-53-levels"}]