{
	"textures": [
		{
			"image": "animation-scene-resources-0.png",
			"format": "RGBA8888",
			"size": {
				"w": 255,
				"h": 553
			},
			"scale": 0.5,
			"frames": [
				{
					"filename": "glow-light",
					"rotated": false,
					"trimmed": true,
					"sourceSize": {
						"w": 246,
						"h": 246
					},
					"spriteSourceSize": {
						"x": 1,
						"y": 0,
						"w": 242,
						"h": 246
					},
					"frame": {
						"x": 1,
						"y": 1,
						"w": 242,
						"h": 246
					}
				},
				{
					"filename": "circle",
					"rotated": false,
					"trimmed": false,
					"sourceSize": {
						"w": 162,
						"h": 162
					},
					"spriteSourceSize": {
						"x": 0,
						"y": 0,
						"w": 162,
						"h": 162
					},
					"frame": {
						"x": 1,
						"y": 249,
						"w": 162,
						"h": 162
					}
				},
				{
					"filename": "fireworks/big-explosive-1",
					"rotated": false,
					"trimmed": false,
					"sourceSize": {
						"w": 141,
						"h": 139
					},
					"spriteSourceSize": {
						"x": 0,
						"y": 0,
						"w": 141,
						"h": 139
					},
					"frame": {
						"x": 1,
						"y": 413,
						"w": 141,
						"h": 139
					}
				},
				{
					"filename": "fireworks/big-explosive-0",
					"rotated": false,
					"trimmed": false,
					"sourceSize": {
						"w": 69,
						"h": 67
					},
					"spriteSourceSize": {
						"x": 0,
						"y": 0,
						"w": 69,
						"h": 67
					},
					"frame": {
						"x": 165,
						"y": 249,
						"w": 69,
						"h": 67
					}
				},
				{
					"filename": "circle-light",
					"rotated": false,
					"trimmed": true,
					"sourceSize": {
						"w": 76,
						"h": 75
					},
					"spriteSourceSize": {
						"x": 5,
						"y": 3,
						"w": 65,
						"h": 67
					},
					"frame": {
						"x": 165,
						"y": 318,
						"w": 65,
						"h": 67
					}
				},
				{
					"filename": "blank",
					"rotated": false,
					"trimmed": false,
					"sourceSize": {
						"w": 50,
						"h": 50
					},
					"spriteSourceSize": {
						"x": 0,
						"y": 0,
						"w": 50,
						"h": 50
					},
					"frame": {
						"x": 165,
						"y": 387,
						"w": 50,
						"h": 50
					}
				},
				{
					"filename": "fireworks/small",
					"rotated": false,
					"trimmed": true,
					"sourceSize": {
						"w": 49,
						"h": 50
					},
					"spriteSourceSize": {
						"x": 0,
						"y": 1,
						"w": 49,
						"h": 49
					},
					"frame": {
						"x": 144,
						"y": 439,
						"w": 49,
						"h": 49
					}
				},
				{
					"filename": "comet",
					"rotated": false,
					"trimmed": true,
					"sourceSize": {
						"w": 40,
						"h": 40
					},
					"spriteSourceSize": {
						"x": 2,
						"y": 0,
						"w": 35,
						"h": 39
					},
					"frame": {
						"x": 144,
						"y": 490,
						"w": 35,
						"h": 39
					}
				},
				{
					"filename": "confetti/hexagon-1",
					"rotated": false,
					"trimmed": true,
					"sourceSize": {
						"w": 25,
						"h": 25
					},
					"spriteSourceSize": {
						"x": 0,
						"y": 2,
						"w": 25,
						"h": 21
					},
					"frame": {
						"x": 144,
						"y": 531,
						"w": 25,
						"h": 21
					}
				},
				{
					"filename": "coins/coin",
					"rotated": false,
					"trimmed": false,
					"sourceSize": {
						"w": 38,
						"h": 36
					},
					"spriteSourceSize": {
						"x": 0,
						"y": 0,
						"w": 38,
						"h": 36
					},
					"frame": {
						"x": 195,
						"y": 439,
						"w": 38,
						"h": 36
					}
				},
				{
					"filename": "star-yellow",
					"rotated": false,
					"trimmed": false,
					"sourceSize": {
						"w": 35,
						"h": 35
					},
					"spriteSourceSize": {
						"x": 0,
						"y": 0,
						"w": 35,
						"h": 35
					},
					"frame": {
						"x": 217,
						"y": 387,
						"w": 35,
						"h": 35
					}
				},
				{
					"filename": "yellow-spark",
					"rotated": false,
					"trimmed": false,
					"sourceSize": {
						"w": 35,
						"h": 35
					},
					"spriteSourceSize": {
						"x": 0,
						"y": 0,
						"w": 35,
						"h": 35
					},
					"frame": {
						"x": 181,
						"y": 490,
						"w": 35,
						"h": 35
					}
				},
				{
					"filename": "confetti/hexagon-0",
					"rotated": false,
					"trimmed": false,
					"sourceSize": {
						"w": 25,
						"h": 25
					},
					"spriteSourceSize": {
						"x": 0,
						"y": 0,
						"w": 25,
						"h": 25
					},
					"frame": {
						"x": 181,
						"y": 527,
						"w": 25,
						"h": 25
					}
				},
				{
					"filename": "star-white",
					"rotated": false,
					"trimmed": true,
					"sourceSize": {
						"w": 35,
						"h": 35
					},
					"spriteSourceSize": {
						"x": 5,
						"y": 4,
						"w": 23,
						"h": 25
					},
					"frame": {
						"x": 208,
						"y": 527,
						"w": 23,
						"h": 25
					}
				},
				{
					"filename": "spark",
					"rotated": false,
					"trimmed": false,
					"sourceSize": {
						"w": 17,
						"h": 17
					},
					"spriteSourceSize": {
						"x": 0,
						"y": 0,
						"w": 17,
						"h": 17
					},
					"frame": {
						"x": 144,
						"y": 413,
						"w": 17,
						"h": 17
					}
				},
				{
					"filename": "ribbon/falling-confetti/confetti-c/confetti-c-2",
					"rotated": false,
					"trimmed": false,
					"sourceSize": {
						"w": 13,
						"h": 5
					},
					"spriteSourceSize": {
						"x": 0,
						"y": 0,
						"w": 13,
						"h": 5
					},
					"frame": {
						"x": 144,
						"y": 432,
						"w": 13,
						"h": 5
					}
				},
				{
					"filename": "ribbon/ribbon",
					"rotated": false,
					"trimmed": false,
					"sourceSize": {
						"w": 32,
						"h": 1
					},
					"spriteSourceSize": {
						"x": 0,
						"y": 0,
						"w": 32,
						"h": 1
					},
					"frame": {
						"x": 217,
						"y": 424,
						"w": 32,
						"h": 1
					}
				},
				{
					"filename": "star-x/star-1",
					"rotated": false,
					"trimmed": false,
					"sourceSize": {
						"w": 11,
						"h": 10
					},
					"spriteSourceSize": {
						"x": 0,
						"y": 0,
						"w": 11,
						"h": 10
					},
					"frame": {
						"x": 217,
						"y": 427,
						"w": 11,
						"h": 10
					}
				},
				{
					"filename": "star-y/star-1",
					"rotated": false,
					"trimmed": false,
					"sourceSize": {
						"w": 11,
						"h": 10
					},
					"spriteSourceSize": {
						"x": 0,
						"y": 0,
						"w": 11,
						"h": 10
					},
					"frame": {
						"x": 217,
						"y": 427,
						"w": 11,
						"h": 10
					}
				},
				{
					"filename": "fireworks/soar-line",
					"rotated": false,
					"trimmed": false,
					"sourceSize": {
						"w": 6,
						"h": 23
					},
					"spriteSourceSize": {
						"x": 0,
						"y": 0,
						"w": 6,
						"h": 23
					},
					"frame": {
						"x": 245,
						"y": 1,
						"w": 6,
						"h": 23
					}
				},
				{
					"filename": "star-x/star-2",
					"rotated": false,
					"trimmed": false,
					"sourceSize": {
						"w": 11,
						"h": 10
					},
					"spriteSourceSize": {
						"x": 0,
						"y": 0,
						"w": 11,
						"h": 10
					},
					"frame": {
						"x": 230,
						"y": 427,
						"w": 11,
						"h": 10
					}
				},
				{
					"filename": "star-y/star-4",
					"rotated": false,
					"trimmed": false,
					"sourceSize": {
						"w": 11,
						"h": 10
					},
					"spriteSourceSize": {
						"x": 0,
						"y": 0,
						"w": 11,
						"h": 10
					},
					"frame": {
						"x": 243,
						"y": 427,
						"w": 11,
						"h": 10
					}
				},
				{
					"filename": "coins/coin-small-grey",
					"rotated": false,
					"trimmed": false,
					"sourceSize": {
						"w": 17,
						"h": 16
					},
					"spriteSourceSize": {
						"x": 0,
						"y": 0,
						"w": 17,
						"h": 16
					},
					"frame": {
						"x": 235,
						"y": 439,
						"w": 17,
						"h": 16
					}
				},
				{
					"filename": "coins/coin-small",
					"rotated": false,
					"trimmed": false,
					"sourceSize": {
						"w": 17,
						"h": 16
					},
					"spriteSourceSize": {
						"x": 0,
						"y": 0,
						"w": 17,
						"h": 16
					},
					"frame": {
						"x": 235,
						"y": 457,
						"w": 17,
						"h": 16
					}
				},
				{
					"filename": "confetti/hexagon-4",
					"rotated": false,
					"trimmed": true,
					"sourceSize": {
						"w": 25,
						"h": 25
					},
					"spriteSourceSize": {
						"x": 1,
						"y": 1,
						"w": 23,
						"h": 23
					},
					"frame": {
						"x": 218,
						"y": 477,
						"w": 23,
						"h": 23
					}
				},
				{
					"filename": "confetti/hexagon-2",
					"rotated": false,
					"trimmed": true,
					"sourceSize": {
						"w": 25,
						"h": 25
					},
					"spriteSourceSize": {
						"x": 1,
						"y": 3,
						"w": 23,
						"h": 19
					},
					"frame": {
						"x": 218,
						"y": 502,
						"w": 23,
						"h": 19
					}
				},
				{
					"filename": "ribbon/falling-confetti/confetti-d/confetti-d-4",
					"rotated": false,
					"trimmed": false,
					"sourceSize": {
						"w": 12,
						"h": 2
					},
					"spriteSourceSize": {
						"x": 0,
						"y": 0,
						"w": 12,
						"h": 2
					},
					"frame": {
						"x": 218,
						"y": 523,
						"w": 12,
						"h": 2
					}
				},
				{
					"filename": "star-x/star-3",
					"rotated": false,
					"trimmed": true,
					"sourceSize": {
						"w": 11,
						"h": 10
					},
					"spriteSourceSize": {
						"x": 0,
						"y": 1,
						"w": 11,
						"h": 8
					},
					"frame": {
						"x": 243,
						"y": 475,
						"w": 11,
						"h": 8
					}
				},
				{
					"filename": "ribbon/falling-confetti/confetti-a/confetti-a-1",
					"rotated": false,
					"trimmed": false,
					"sourceSize": {
						"w": 11,
						"h": 7
					},
					"spriteSourceSize": {
						"x": 0,
						"y": 0,
						"w": 11,
						"h": 7
					},
					"frame": {
						"x": 243,
						"y": 485,
						"w": 11,
						"h": 7
					}
				},
				{
					"filename": "ribbon/falling-confetti/confetti-d/confetti-d-1",
					"rotated": false,
					"trimmed": false,
					"sourceSize": {
						"w": 11,
						"h": 7
					},
					"spriteSourceSize": {
						"x": 0,
						"y": 0,
						"w": 11,
						"h": 7
					},
					"frame": {
						"x": 243,
						"y": 494,
						"w": 11,
						"h": 7
					}
				},
				{
					"filename": "star-x/star-4",
					"rotated": false,
					"trimmed": true,
					"sourceSize": {
						"w": 11,
						"h": 10
					},
					"spriteSourceSize": {
						"x": 0,
						"y": 2,
						"w": 11,
						"h": 6
					},
					"frame": {
						"x": 243,
						"y": 503,
						"w": 11,
						"h": 6
					}
				},
				{
					"filename": "confetti/hexagon-3",
					"rotated": false,
					"trimmed": true,
					"sourceSize": {
						"w": 25,
						"h": 25
					},
					"spriteSourceSize": {
						"x": 3,
						"y": 3,
						"w": 20,
						"h": 19
					},
					"frame": {
						"x": 233,
						"y": 523,
						"w": 20,
						"h": 19
					}
				},
				{
					"filename": "ribbon/falling-confetti/confetti-c/confetti-c-1",
					"rotated": false,
					"trimmed": false,
					"sourceSize": {
						"w": 12,
						"h": 8
					},
					"spriteSourceSize": {
						"x": 0,
						"y": 0,
						"w": 12,
						"h": 8
					},
					"frame": {
						"x": 233,
						"y": 544,
						"w": 12,
						"h": 8
					}
				},
				{
					"filename": "star-y/star-2",
					"rotated": false,
					"trimmed": true,
					"sourceSize": {
						"w": 11,
						"h": 10
					},
					"spriteSourceSize": {
						"x": 1,
						"y": 0,
						"w": 10,
						"h": 10
					},
					"frame": {
						"x": 243,
						"y": 511,
						"w": 10,
						"h": 10
					}
				},
				{
					"filename": "confetti/small-1",
					"rotated": false,
					"trimmed": false,
					"sourceSize": {
						"w": 14,
						"h": 16
					},
					"spriteSourceSize": {
						"x": 0,
						"y": 0,
						"w": 14,
						"h": 16
					},
					"frame": {
						"x": 236,
						"y": 249,
						"w": 14,
						"h": 16
					}
				},
				{
					"filename": "fireworks/soar-circle",
					"rotated": false,
					"trimmed": false,
					"sourceSize": {
						"w": 16,
						"h": 16
					},
					"spriteSourceSize": {
						"x": 0,
						"y": 0,
						"w": 16,
						"h": 16
					},
					"frame": {
						"x": 236,
						"y": 267,
						"w": 16,
						"h": 16
					}
				},
				{
					"filename": "confetti/small-3",
					"rotated": false,
					"trimmed": true,
					"sourceSize": {
						"w": 14,
						"h": 16
					},
					"spriteSourceSize": {
						"x": 1,
						"y": 0,
						"w": 13,
						"h": 16
					},
					"frame": {
						"x": 236,
						"y": 285,
						"w": 13,
						"h": 16
					}
				},
				{
					"filename": "confetti/small-2",
					"rotated": false,
					"trimmed": true,
					"sourceSize": {
						"w": 14,
						"h": 16
					},
					"spriteSourceSize": {
						"x": 0,
						"y": 1,
						"w": 14,
						"h": 15
					},
					"frame": {
						"x": 236,
						"y": 303,
						"w": 14,
						"h": 15
					}
				},
				{
					"filename": "confetti/small-4",
					"rotated": false,
					"trimmed": true,
					"sourceSize": {
						"w": 14,
						"h": 16
					},
					"spriteSourceSize": {
						"x": 1,
						"y": 0,
						"w": 12,
						"h": 16
					},
					"frame": {
						"x": 232,
						"y": 320,
						"w": 12,
						"h": 16
					}
				},
				{
					"filename": "ribbon/falling-confetti/confetti-b/confetti-b-1",
					"rotated": false,
					"trimmed": false,
					"sourceSize": {
						"w": 12,
						"h": 7
					},
					"spriteSourceSize": {
						"x": 0,
						"y": 0,
						"w": 12,
						"h": 7
					},
					"frame": {
						"x": 195,
						"y": 477,
						"w": 12,
						"h": 7
					}
				},
				{
					"filename": "ribbon/falling-confetti/confetti-a/confetti-a-3",
					"rotated": false,
					"trimmed": false,
					"sourceSize": {
						"w": 11,
						"h": 2
					},
					"spriteSourceSize": {
						"x": 0,
						"y": 0,
						"w": 11,
						"h": 2
					},
					"frame": {
						"x": 195,
						"y": 486,
						"w": 11,
						"h": 2
					}
				},
				{
					"filename": "ribbon/falling-confetti/confetti-b/confetti-b-2",
					"rotated": false,
					"trimmed": false,
					"sourceSize": {
						"w": 12,
						"h": 5
					},
					"spriteSourceSize": {
						"x": 0,
						"y": 0,
						"w": 12,
						"h": 5
					},
					"frame": {
						"x": 232,
						"y": 338,
						"w": 12,
						"h": 5
					}
				},
				{
					"filename": "ribbon/falling-confetti/confetti-d/confetti-d-2",
					"rotated": false,
					"trimmed": false,
					"sourceSize": {
						"w": 12,
						"h": 5
					},
					"spriteSourceSize": {
						"x": 0,
						"y": 0,
						"w": 12,
						"h": 5
					},
					"frame": {
						"x": 232,
						"y": 345,
						"w": 12,
						"h": 5
					}
				},
				{
					"filename": "star-y/star-3",
					"rotated": false,
					"trimmed": true,
					"sourceSize": {
						"w": 11,
						"h": 10
					},
					"spriteSourceSize": {
						"x": 3,
						"y": 0,
						"w": 6,
						"h": 10
					},
					"frame": {
						"x": 171,
						"y": 531,
						"w": 6,
						"h": 10
					}
				},
				{
					"filename": "ribbon/falling-confetti/confetti-c/confetti-c-3",
					"rotated": false,
					"trimmed": false,
					"sourceSize": {
						"w": 12,
						"h": 4
					},
					"spriteSourceSize": {
						"x": 0,
						"y": 0,
						"w": 12,
						"h": 4
					},
					"frame": {
						"x": 232,
						"y": 352,
						"w": 12,
						"h": 4
					}
				},
				{
					"filename": "ribbon/falling-confetti/confetti-b/confetti-b-3",
					"rotated": false,
					"trimmed": false,
					"sourceSize": {
						"w": 13,
						"h": 3
					},
					"spriteSourceSize": {
						"x": 0,
						"y": 0,
						"w": 13,
						"h": 3
					},
					"frame": {
						"x": 232,
						"y": 358,
						"w": 13,
						"h": 3
					}
				},
				{
					"filename": "ribbon/falling-confetti/confetti-d/confetti-d-3",
					"rotated": false,
					"trimmed": false,
					"sourceSize": {
						"w": 12,
						"h": 3
					},
					"spriteSourceSize": {
						"x": 0,
						"y": 0,
						"w": 12,
						"h": 3
					},
					"frame": {
						"x": 232,
						"y": 363,
						"w": 12,
						"h": 3
					}
				},
				{
					"filename": "ribbon/falling-confetti/confetti-a/confetti-a-2",
					"rotated": false,
					"trimmed": false,
					"sourceSize": {
						"w": 11,
						"h": 4
					},
					"spriteSourceSize": {
						"x": 0,
						"y": 0,
						"w": 11,
						"h": 4
					},
					"frame": {
						"x": 232,
						"y": 368,
						"w": 11,
						"h": 4
					}
				},
				{
					"filename": "ribbon/falling-confetti/confetti-c/confetti-c-4",
					"rotated": false,
					"trimmed": false,
					"sourceSize": {
						"w": 11,
						"h": 3
					},
					"spriteSourceSize": {
						"x": 0,
						"y": 0,
						"w": 11,
						"h": 3
					},
					"frame": {
						"x": 232,
						"y": 374,
						"w": 11,
						"h": 3
					}
				},
				{
					"filename": "ribbon/falling-confetti/confetti-b/confetti-b-4",
					"rotated": false,
					"trimmed": false,
					"sourceSize": {
						"w": 13,
						"h": 1
					},
					"spriteSourceSize": {
						"x": 0,
						"y": 0,
						"w": 13,
						"h": 1
					},
					"frame": {
						"x": 232,
						"y": 379,
						"w": 13,
						"h": 1
					}
				}
			]
		}
	],
	"meta": {
		"app": "https://www.codeandweb.com/texturepacker",
		"version": "3.0",
		"smartupdate": "$TexturePacker:SmartUpdate:ac9f4164add0e3fc5eb8087e6e76214e:76e26e0af32ffc4abab330142bfadd13:3aa5398cff52fecbe97e123682ef32f5$"
	}
}
