{"compressionlevel":-1,"height":9,"infinite":false,"layers":[{"data":[0,0,0,0,12,0,0,0,13,0,0,0,0,0,0,0,0,0,0,0,0,0,0,0,0,0,0,0,0,0,0,0,0,16,16,16,14,0,0,0,0,16,16,16,0,0,0,0,0,16,16,16,0,0,0,0,0,16,16,16,0,0,16,0,0,0,16,16,0,0,16,0,15,0,0,16,0,0,16,0,11],"height":9,"id":1,"name":"map","opacity":1,"properties":[{"name":"segment1","propertytype":"segment","type":"class","value":{"avgScore":3.3,"piece1":"{min: 1, max: 10}","piece5":"{min: 1, max: 10}","pieceDistancePerGem":0,"score":100}}],"type":"tilelayer","visible":true,"width":9,"x":0,"y":0},{"draworder":"topdown","id":2,"name":"spawnOrder","objects":[{"gid":102,"height":20,"id":2096,"name":"I2","rotation":0,"type":"I2","visible":true,"width":10,"x":-40,"y":123},{"gid":102,"height":20,"id":2372,"name":"I2","rotation":0,"type":"I2","visible":true,"width":10,"x":-40,"y":123},{"gid":151,"height":30,"id":2097,"name":"Z2","rotation":0,"type":"Z2","visible":true,"width":20,"x":35,"y":126},{"gid":151,"height":30,"id":2371,"name":"Z2","rotation":0,"type":"Z2","visible":true,"width":20,"x":35,"y":126},{"gid":132,"height":30,"id":2098,"name":"T4","rotation":0,"type":"T4","visible":true,"width":20,"x":110,"y":125},{"gid":132,"height":30,"id":2370,"name":"T4","rotation":0,"type":"T4","visible":true,"width":20,"x":110,"y":125},{"gid":109,"height":10,"id":2099,"name":"II5","properties":[{"name":"gem_id","type":"string","value":"10"},{"name":"gem_position","type":"string","value":"0"}],"rotation":0,"type":"II5","visible":true,"width":50,"x":-40,"y":159},{"gid":109,"height":10,"id":2369,"name":"II5","properties":[{"name":"gem_id","type":"string","value":"10"},{"name":"gem_position","type":"string","value":"0"}],"rotation":0,"type":"II5","visible":true,"width":50,"x":-40,"y":159},{"gid":146,"height":30,"id":2100,"name":"VV2","rotation":0,"type":"VV2","visible":true,"width":30,"x":35,"y":174},{"gid":146,"height":30,"id":2368,"name":"VV2","rotation":0,"type":"VV2","visible":true,"width":30,"x":35,"y":174},{"gid":130,"height":30,"id":2101,"name":"T2","rotation":0,"type":"T2","visible":true,"width":20,"x":110,"y":173},{"gid":130,"height":30,"id":2367,"name":"T2","rotation":0,"type":"T2","visible":true,"width":20,"x":110,"y":173},{"gid":2,"height":10,"id":2102,"name":"1","rotation":0,"type":"1","visible":true,"width":10,"x":-40,"y":199},{"gid":2,"height":10,"id":2366,"name":"1","rotation":0,"type":"1","visible":true,"width":10,"x":-40,"y":199},{"gid":151,"height":30,"id":2103,"name":"Z2","properties":[{"name":"gem_id","type":"string","value":"10"},{"name":"gem_position","type":"string","value":"2"}],"rotation":0,"type":"Z2","visible":true,"width":20,"x":35,"y":211},{"gid":151,"height":30,"id":2365,"name":"Z2","properties":[{"name":"gem_id","type":"string","value":"10"},{"name":"gem_position","type":"string","value":"2"}],"rotation":0,"type":"Z2","visible":true,"width":20,"x":35,"y":211},{"gid":110,"height":30,"id":2104,"name":"J1","rotation":0,"type":"J1","visible":true,"width":20,"x":110,"y":213},{"gid":110,"height":30,"id":2364,"name":"J1","rotation":0,"type":"J1","visible":true,"width":20,"x":110,"y":213},{"gid":143,"height":20,"id":2105,"name":"V3","rotation":0,"type":"V3","visible":true,"width":20,"x":-40,"y":257},{"gid":143,"height":20,"id":2381,"name":"V3","rotation":0,"type":"V3","visible":true,"width":20,"x":-40,"y":257},{"gid":143,"height":20,"id":2387,"name":"V3","rotation":0,"type":"V3","visible":true,"width":20,"x":-40,"y":257},{"gid":143,"height":20,"id":2393,"name":"V3","rotation":0,"type":"V3","visible":true,"width":20,"x":-40,"y":257},{"gid":143,"height":20,"id":2363,"name":"V3","rotation":0,"type":"V3","visible":true,"width":20,"x":-40,"y":257},{"gid":143,"height":20,"id":2380,"name":"V3","rotation":0,"type":"V3","visible":true,"width":20,"x":-40,"y":257},{"gid":143,"height":20,"id":2386,"name":"V3","rotation":0,"type":"V3","visible":true,"width":20,"x":-40,"y":257},{"gid":143,"height":20,"id":2392,"name":"V3","rotation":0,"type":"V3","visible":true,"width":20,"x":-40,"y":257},{"gid":149,"height":30,"id":2106,"name":"X","rotation":0,"type":"X","visible":true,"width":30,"x":35,"y":258},{"gid":149,"height":30,"id":2379,"name":"X","rotation":0,"type":"X","visible":true,"width":30,"x":35,"y":258},{"gid":149,"height":30,"id":2385,"name":"X","rotation":0,"type":"X","visible":true,"width":30,"x":35,"y":258},{"gid":149,"height":30,"id":2391,"name":"X","rotation":0,"type":"X","visible":true,"width":30,"x":35,"y":258},{"gid":149,"height":30,"id":2362,"name":"X","rotation":0,"type":"X","visible":true,"width":30,"x":35,"y":258},{"gid":149,"height":30,"id":2378,"name":"X","rotation":0,"type":"X","visible":true,"width":30,"x":35,"y":258},{"gid":149,"height":30,"id":2384,"name":"X","rotation":0,"type":"X","visible":true,"width":30,"x":35,"y":258},{"gid":149,"height":30,"id":2390,"name":"X","rotation":0,"type":"X","visible":true,"width":30,"x":35,"y":258},{"gid":130,"height":30,"id":2107,"name":"T2","rotation":0,"type":"T2","visible":true,"width":20,"x":110,"y":258},{"gid":130,"height":30,"id":2377,"name":"T2","rotation":0,"type":"T2","visible":true,"width":20,"x":110,"y":258},{"gid":130,"height":30,"id":2383,"name":"T2","rotation":0,"type":"T2","visible":true,"width":20,"x":110,"y":258},{"gid":130,"height":30,"id":2389,"name":"T2","rotation":0,"type":"T2","visible":true,"width":20,"x":110,"y":258},{"gid":130,"height":30,"id":2361,"name":"T2","rotation":0,"type":"T2","visible":true,"width":20,"x":110,"y":258},{"gid":130,"height":30,"id":2376,"name":"T2","rotation":0,"type":"T2","visible":true,"width":20,"x":110,"y":258},{"gid":130,"height":30,"id":2382,"name":"T2","rotation":0,"type":"T2","visible":true,"width":20,"x":110,"y":258},{"gid":130,"height":30,"id":2388,"name":"T2","rotation":0,"type":"T2","visible":true,"width":20,"x":110,"y":258},{"gid":113,"height":20,"id":2108,"name":"J4","rotation":0,"type":"J4","visible":true,"width":30,"x":-40,"y":302},{"gid":113,"height":20,"id":2360,"name":"J4","properties":[{"name":"gem_id","type":"string","value":"10"},{"name":"gem_position","type":"string","value":"2"}],"rotation":0,"type":"J4","visible":true,"width":30,"x":-40,"y":302},{"gid":113,"height":20,"id":2373,"name":"J4","properties":[{"name":"gem_id","type":"string","value":"10"},{"name":"gem_position","type":"string","value":"2"}],"rotation":0,"type":"J4","visible":true,"width":30,"x":-40,"y":302},{"gid":113,"height":20,"id":2374,"name":"J4","properties":[{"name":"gem_id","type":"string","value":"10"},{"name":"gem_position","type":"string","value":"2"}],"rotation":0,"type":"J4","visible":true,"width":30,"x":-40,"y":302},{"gid":113,"height":20,"id":2375,"name":"J4","properties":[{"name":"gem_id","type":"string","value":"10"},{"name":"gem_position","type":"string","value":"2"}],"rotation":0,"type":"J4","visible":true,"width":30,"x":-40,"y":302},{"gid":149,"height":30,"id":2109,"name":"X","rotation":0,"type":"X","visible":true,"width":30,"x":35,"y":302},{"gid":149,"height":30,"id":2359,"name":"X","rotation":0,"type":"X","visible":true,"width":30,"x":35,"y":302},{"gid":131,"height":20,"id":2110,"name":"T3","rotation":0,"type":"T3","visible":true,"width":30,"x":110,"y":298},{"gid":131,"height":20,"id":2358,"name":"T3","rotation":0,"type":"T3","visible":true,"width":30,"x":110,"y":298},{"gid":131,"height":20,"id":2394,"name":"T3","rotation":0,"type":"T3","visible":true,"width":30,"x":110,"y":298},{"gid":144,"height":20,"id":2111,"name":"V4","rotation":0,"type":"V4","visible":true,"width":20,"x":-40,"y":341},{"gid":144,"height":20,"id":2409,"name":"V4","rotation":0,"type":"V4","visible":true,"width":20,"x":-40,"y":341},{"gid":144,"height":20,"id":2357,"name":"V4","rotation":0,"type":"V4","visible":true,"width":20,"x":-40,"y":341},{"gid":144,"height":20,"id":2408,"name":"V4","rotation":0,"type":"V4","visible":true,"width":20,"x":-40,"y":341},{"gid":103,"height":30,"id":2112,"name":"I3","rotation":0,"type":"I3","visible":true,"width":10,"x":35,"y":348},{"gid":103,"height":30,"id":2407,"name":"I3","rotation":0,"type":"I3","visible":true,"width":10,"x":35,"y":348},{"gid":103,"height":30,"id":2356,"name":"I3","rotation":0,"type":"I3","visible":true,"width":10,"x":35,"y":348},{"gid":103,"height":30,"id":2406,"name":"I3","rotation":0,"type":"I3","visible":true,"width":10,"x":35,"y":348},{"gid":103,"height":30,"id":2396,"name":"I3","rotation":0,"type":"I3","visible":true,"width":10,"x":35,"y":348},{"gid":103,"height":30,"id":2405,"name":"I3","rotation":0,"type":"I3","visible":true,"width":10,"x":35,"y":348},{"gid":115,"height":20,"id":2113,"name":"L2","rotation":0,"type":"L2","visible":true,"width":30,"x":110,"y":341},{"gid":115,"height":20,"id":2404,"name":"L2","rotation":0,"type":"L2","visible":true,"width":30,"x":110,"y":341},{"gid":115,"height":20,"id":2355,"name":"L2","rotation":0,"type":"L2","visible":true,"width":30,"x":110,"y":341},{"gid":115,"height":20,"id":2403,"name":"L2","rotation":0,"type":"L2","visible":true,"width":30,"x":110,"y":341},{"gid":109,"height":10,"id":2114,"name":"II5","rotation":0,"type":"II5","visible":true,"width":50,"x":-40,"y":376},{"gid":109,"height":10,"id":2402,"name":"II5","rotation":0,"type":"II5","visible":true,"width":50,"x":-40,"y":376},{"gid":109,"height":10,"id":2354,"name":"II5","rotation":0,"type":"II5","visible":true,"width":50,"x":-40,"y":376},{"gid":109,"height":10,"id":2401,"name":"II5","rotation":0,"type":"II5","visible":true,"width":50,"x":-40,"y":376},{"gid":151,"height":30,"id":2115,"name":"Z2","rotation":0,"type":"Z2","visible":true,"width":20,"x":35,"y":383},{"gid":151,"height":30,"id":2400,"name":"Z2","rotation":0,"type":"Z2","visible":true,"width":20,"x":35,"y":383},{"gid":151,"height":30,"id":2353,"name":"Z2","rotation":0,"type":"Z2","visible":true,"width":20,"x":35,"y":383},{"gid":151,"height":30,"id":2399,"name":"Z2","rotation":0,"type":"Z2","visible":true,"width":20,"x":35,"y":383},{"gid":107,"height":10,"id":2116,"name":"II3","rotation":0,"type":"II3","visible":true,"width":30,"x":110,"y":372},{"gid":107,"height":10,"id":2398,"name":"II3","rotation":0,"type":"II3","visible":true,"width":30,"x":110,"y":372},{"gid":107,"height":10,"id":2352,"name":"II3","rotation":0,"type":"II3","visible":true,"width":30,"x":110,"y":372},{"gid":107,"height":10,"id":2397,"name":"II3","rotation":0,"type":"II3","visible":true,"width":30,"x":110,"y":372},{"gid":144,"height":20,"id":2117,"name":"V4","rotation":0,"type":"V4","visible":true,"width":20,"x":-40,"y":417},{"gid":144,"height":20,"id":2351,"name":"V4","rotation":0,"type":"V4","visible":true,"width":20,"x":-40,"y":417},{"gid":108,"height":10,"id":2118,"name":"II4","properties":[{"name":"gem_id","type":"string","value":"10"},{"name":"gem_position","type":"string","value":"2"}],"rotation":0,"type":"II4","visible":true,"width":40,"x":35,"y":411},{"gid":108,"height":10,"id":2350,"name":"II4","properties":[{"name":"gem_id","type":"string","value":"10"},{"name":"gem_position","type":"string","value":"2"}],"rotation":0,"type":"II4","visible":true,"width":40,"x":35,"y":411},{"gid":119,"height":20,"id":2119,"name":"polyplet-left-2","rotation":0,"type":"polyplet-left-2","visible":true,"width":20,"x":110,"y":419},{"gid":119,"height":20,"id":2349,"name":"polyplet-left-2","properties":[{"name":"gem_id","type":"string","value":"10"},{"name":"gem_position","type":"string","value":"0"}],"rotation":0,"type":"polyplet-left-2","visible":true,"width":20,"x":110,"y":419},{"gid":149,"height":30,"id":2120,"name":"X","rotation":0,"type":"X","visible":true,"width":30,"x":-40,"y":464},{"gid":149,"height":30,"id":2421,"name":"X","rotation":0,"type":"X","visible":true,"width":30,"x":-40,"y":464},{"gid":149,"height":30,"id":2348,"name":"X","rotation":0,"type":"X","visible":true,"width":30,"x":-40,"y":464},{"gid":149,"height":30,"id":2420,"name":"X","rotation":0,"type":"X","visible":true,"width":30,"x":-40,"y":464},{"gid":144,"height":20,"id":2121,"name":"V4","rotation":0,"type":"V4","visible":true,"width":20,"x":35,"y":463},{"gid":144,"height":20,"id":2419,"name":"V4","rotation":0,"type":"V4","visible":true,"width":20,"x":35,"y":463},{"gid":144,"height":20,"id":2347,"name":"V4","rotation":0,"type":"V4","visible":true,"width":20,"x":35,"y":463},{"gid":144,"height":20,"id":2418,"name":"V4","rotation":0,"type":"V4","visible":true,"width":20,"x":35,"y":463},{"gid":127,"height":20,"id":2122,"name":"S1","rotation":0,"type":"S1","visible":true,"width":30,"x":110,"y":465},{"gid":127,"height":20,"id":2417,"name":"S1","rotation":0,"type":"S1","visible":true,"width":30,"x":110,"y":465},{"gid":127,"height":20,"id":2346,"name":"S1","rotation":0,"type":"S1","visible":true,"width":30,"x":110,"y":465},{"gid":127,"height":20,"id":2416,"name":"S1","rotation":0,"type":"S1","visible":true,"width":30,"x":110,"y":465},{"gid":143,"height":20,"id":2123,"name":"V3","rotation":0,"type":"V3","visible":true,"width":20,"x":-40,"y":506},{"gid":143,"height":20,"id":2415,"name":"V3","rotation":0,"type":"V3","visible":true,"width":20,"x":-40,"y":506},{"gid":143,"height":20,"id":2345,"name":"V3","rotation":0,"type":"V3","visible":true,"width":20,"x":-40,"y":506},{"gid":143,"height":20,"id":2414,"name":"V3","rotation":0,"type":"V3","visible":true,"width":20,"x":-40,"y":506},{"gid":151,"height":30,"id":2124,"name":"Z2","rotation":0,"type":"Z2","visible":true,"width":20,"x":35,"y":516},{"gid":151,"height":30,"id":2413,"name":"Z2","rotation":0,"type":"Z2","visible":true,"width":20,"x":35,"y":516},{"gid":151,"height":30,"id":2344,"name":"Z2","rotation":0,"type":"Z2","visible":true,"width":20,"x":35,"y":516},{"gid":151,"height":30,"id":2412,"name":"Z2","rotation":0,"type":"Z2","visible":true,"width":20,"x":35,"y":516},{"gid":130,"height":30,"id":2125,"name":"T2","rotation":0,"type":"T2","visible":true,"width":20,"x":110,"y":515},{"gid":130,"height":30,"id":2411,"name":"T2","rotation":0,"type":"T2","visible":true,"width":20,"x":110,"y":515},{"gid":130,"height":30,"id":2343,"name":"T2","rotation":0,"type":"T2","visible":true,"width":20,"x":110,"y":515},{"gid":130,"height":30,"id":2410,"name":"T2","rotation":0,"type":"T2","visible":true,"width":20,"x":110,"y":515},{"gid":142,"height":20,"id":2126,"name":"V2","rotation":0,"type":"V2","visible":true,"width":20,"x":-40,"y":557},{"gid":142,"height":20,"id":2342,"name":"V2","rotation":0,"type":"V2","visible":true,"width":20,"x":-40,"y":557},{"gid":131,"height":20,"id":2127,"name":"T3","rotation":0,"type":"T3","visible":true,"width":30,"x":35,"y":560},{"gid":131,"height":20,"id":2341,"name":"T3","rotation":0,"type":"T3","visible":true,"width":30,"x":35,"y":560},{"gid":141,"height":20,"id":2128,"name":"V1","rotation":0,"type":"V1","visible":true,"width":20,"x":110,"y":558},{"gid":141,"height":20,"id":2340,"name":"V1","rotation":0,"type":"V1","visible":true,"width":20,"x":110,"y":558},{"gid":119,"height":20,"id":2129,"name":"polyplet-left-2","rotation":0,"type":"polyplet-left-2","visible":true,"width":20,"x":-40,"y":600},{"gid":119,"height":20,"id":2339,"name":"polyplet-left-2","rotation":0,"type":"polyplet-left-2","visible":true,"width":20,"x":-40,"y":600},{"gid":110,"height":30,"id":2130,"name":"J1","rotation":0,"type":"J1","visible":true,"width":20,"x":35,"y":605},{"gid":110,"height":30,"id":2338,"name":"J1","rotation":0,"type":"J1","visible":true,"width":20,"x":35,"y":605},{"gid":120,"height":30,"id":2131,"name":"polyplet-left-3","rotation":0,"type":"polyplet-left-3","visible":true,"width":30,"x":110,"y":609},{"gid":120,"height":30,"id":2337,"name":"polyplet-left-3","rotation":0,"type":"polyplet-left-3","visible":true,"width":30,"x":110,"y":609},{"gid":131,"height":20,"id":2132,"name":"T3","rotation":0,"type":"T3","visible":true,"width":30,"x":-40,"y":643},{"gid":131,"height":20,"id":2336,"name":"T3","rotation":0,"type":"T3","visible":true,"width":30,"x":-40,"y":643},{"gid":104,"height":40,"id":2133,"name":"I4","rotation":0,"type":"I4","visible":true,"width":10,"x":35,"y":662},{"gid":104,"height":40,"id":2335,"name":"I4","rotation":0,"type":"I4","visible":true,"width":10,"x":35,"y":662},{"gid":130,"height":30,"id":2134,"name":"T2","rotation":0,"type":"T2","visible":true,"width":20,"x":110,"y":652},{"gid":130,"height":30,"id":2334,"name":"T2","rotation":0,"type":"T2","visible":true,"width":20,"x":110,"y":652},{"gid":132,"height":30,"id":2135,"name":"T4","rotation":0,"type":"T4","visible":true,"width":20,"x":-40,"y":714},{"gid":132,"height":30,"id":2333,"name":"T4","rotation":0,"type":"T4","visible":true,"width":20,"x":-40,"y":714},{"gid":103,"height":30,"id":2136,"name":"I3","rotation":0,"type":"I3","visible":true,"width":10,"x":35,"y":715},{"gid":103,"height":30,"id":2332,"name":"I3","properties":[{"name":"gem_id","type":"string","value":"10, 10"},{"name":"gem_position","type":"string","value":"2, 0"}],"rotation":0,"type":"I3","visible":true,"width":10,"x":35,"y":715},{"gid":139,"height":20,"id":2137,"name":"U3","rotation":0,"type":"U3","visible":true,"width":30,"x":110,"y":711},{"gid":139,"height":20,"id":2331,"name":"U3","rotation":0,"type":"U3","visible":true,"width":30,"x":110,"y":711},{"gid":130,"height":30,"id":2138,"name":"T2","rotation":0,"type":"T2","visible":true,"width":20,"x":-40,"y":766},{"gid":130,"height":30,"id":2562,"name":"T2","rotation":0,"type":"T2","visible":true,"width":20,"x":-40,"y":766},{"gid":130,"height":30,"id":2330,"name":"T2","rotation":0,"type":"T2","visible":true,"width":20,"x":-40,"y":766},{"gid":130,"height":30,"id":2561,"name":"T2","rotation":0,"type":"T2","visible":true,"width":20,"x":-40,"y":766},{"gid":119,"height":20,"id":2139,"name":"polyplet-left-2","rotation":0,"type":"polyplet-left-2","visible":true,"width":20,"x":35,"y":757},{"gid":119,"height":20,"id":2560,"name":"polyplet-left-2","rotation":0,"type":"polyplet-left-2","visible":true,"width":20,"x":35,"y":757},{"gid":119,"height":20,"id":2329,"name":"polyplet-left-2","rotation":0,"type":"polyplet-left-2","visible":true,"width":20,"x":35,"y":757},{"gid":119,"height":20,"id":2559,"name":"polyplet-left-2","rotation":0,"type":"polyplet-left-2","visible":true,"width":20,"x":35,"y":757},{"gid":143,"height":20,"id":2140,"name":"V3","rotation":0,"type":"V3","visible":true,"width":20,"x":110,"y":764},{"gid":143,"height":20,"id":2558,"name":"V3","rotation":0,"type":"V3","visible":true,"width":20,"x":110,"y":764},{"gid":143,"height":20,"id":2328,"name":"V3","rotation":0,"type":"V3","visible":true,"width":20,"x":110,"y":764},{"gid":143,"height":20,"id":2557,"name":"V3","rotation":0,"type":"V3","visible":true,"width":20,"x":110,"y":764},{"gid":120,"height":30,"id":2141,"name":"polyplet-left-3","rotation":0,"type":"polyplet-left-3","visible":true,"width":30,"x":-40,"y":817},{"gid":120,"height":30,"id":2556,"name":"polyplet-left-3","rotation":0,"type":"polyplet-left-3","visible":true,"width":30,"x":-40,"y":817},{"gid":120,"height":30,"id":2327,"name":"polyplet-left-3","rotation":0,"type":"polyplet-left-3","visible":true,"width":30,"x":-40,"y":817},{"gid":120,"height":30,"id":2555,"name":"polyplet-left-3","rotation":0,"type":"polyplet-left-3","visible":true,"width":30,"x":-40,"y":817},{"gid":118,"height":20,"id":2142,"name":"O","rotation":0,"type":"O","visible":true,"width":20,"x":35,"y":812},{"gid":118,"height":20,"id":2554,"name":"O","rotation":0,"type":"O","visible":true,"width":20,"x":35,"y":812},{"gid":118,"height":20,"id":2326,"name":"O","rotation":0,"type":"O","visible":true,"width":20,"x":35,"y":812},{"gid":118,"height":20,"id":2553,"name":"O","rotation":0,"type":"O","visible":true,"width":20,"x":35,"y":812},{"gid":113,"height":20,"id":2143,"name":"J4","rotation":0,"type":"J4","visible":true,"width":30,"x":110,"y":813},{"gid":113,"height":20,"id":2552,"name":"J4","rotation":0,"type":"J4","visible":true,"width":30,"x":110,"y":813},{"gid":113,"height":20,"id":2325,"name":"J4","rotation":0,"type":"J4","visible":true,"width":30,"x":110,"y":813},{"gid":113,"height":20,"id":2551,"name":"J4","rotation":0,"type":"J4","visible":true,"width":30,"x":110,"y":813},{"gid":121,"height":40,"id":2144,"name":"polyplet-left-4","rotation":0,"type":"polyplet-left-4","visible":true,"width":40,"x":-40,"y":878},{"gid":121,"height":40,"id":2550,"name":"polyplet-left-4","rotation":0,"type":"polyplet-left-4","visible":true,"width":40,"x":-40,"y":878},{"gid":121,"height":40,"id":2324,"name":"polyplet-left-4","rotation":0,"type":"polyplet-left-4","visible":true,"width":40,"x":-40,"y":878},{"gid":121,"height":40,"id":2549,"name":"polyplet-left-4","rotation":0,"type":"polyplet-left-4","visible":true,"width":40,"x":-40,"y":878},{"gid":141,"height":20,"id":2145,"name":"V1","rotation":0,"type":"V1","visible":true,"width":20,"x":35,"y":869},{"gid":141,"height":20,"id":2548,"name":"V1","rotation":0,"type":"V1","visible":true,"width":20,"x":35,"y":869},{"gid":141,"height":20,"id":2323,"name":"V1","rotation":0,"type":"V1","visible":true,"width":20,"x":35,"y":869},{"gid":141,"height":20,"id":2547,"name":"V1","rotation":0,"type":"V1","visible":true,"width":20,"x":35,"y":869},{"gid":146,"height":30,"id":2146,"name":"VV2","rotation":0,"type":"VV2","visible":true,"width":30,"x":110,"y":874},{"gid":146,"height":30,"id":2546,"name":"VV2","rotation":0,"type":"VV2","visible":true,"width":30,"x":110,"y":874},{"gid":146,"height":30,"id":2322,"name":"VV2","rotation":0,"type":"VV2","visible":true,"width":30,"x":110,"y":874},{"gid":146,"height":30,"id":2545,"name":"VV2","rotation":0,"type":"VV2","visible":true,"width":30,"x":110,"y":874},{"gid":136,"height":30,"id":2147,"name":"TT4","rotation":0,"type":"TT4","visible":true,"width":30,"x":-40,"y":930},{"gid":136,"height":30,"id":2544,"name":"TT4","rotation":0,"type":"TT4","visible":true,"width":30,"x":-40,"y":930},{"gid":136,"height":30,"id":2321,"name":"TT4","rotation":0,"type":"TT4","visible":true,"width":30,"x":-40,"y":930},{"gid":136,"height":30,"id":2543,"name":"TT4","rotation":0,"type":"TT4","visible":true,"width":30,"x":-40,"y":930},{"gid":149,"height":30,"id":2148,"name":"X","rotation":0,"type":"X","visible":true,"width":30,"x":35,"y":925},{"gid":149,"height":30,"id":2542,"name":"X","rotation":0,"type":"X","visible":true,"width":30,"x":35,"y":925},{"gid":149,"height":30,"id":2320,"name":"X","rotation":0,"type":"X","visible":true,"width":30,"x":35,"y":925},{"gid":149,"height":30,"id":2541,"name":"X","rotation":0,"type":"X","visible":true,"width":30,"x":35,"y":925},{"gid":148,"height":30,"id":2149,"name":"VV4","rotation":0,"type":"VV4","visible":true,"width":30,"x":110,"y":927},{"gid":148,"height":30,"id":2540,"name":"VV4","rotation":0,"type":"VV4","visible":true,"width":30,"x":110,"y":927},{"gid":148,"height":30,"id":2319,"name":"VV4","rotation":0,"type":"VV4","visible":true,"width":30,"x":110,"y":927},{"gid":148,"height":30,"id":2539,"name":"VV4","rotation":0,"type":"VV4","visible":true,"width":30,"x":110,"y":927},{"gid":118,"height":20,"id":2150,"name":"O","rotation":0,"type":"O","visible":true,"width":20,"x":-40,"y":975},{"gid":118,"height":20,"id":2538,"name":"O","rotation":0,"type":"O","visible":true,"width":20,"x":-40,"y":975},{"gid":118,"height":20,"id":2318,"name":"O","rotation":0,"type":"O","visible":true,"width":20,"x":-40,"y":975},{"gid":118,"height":20,"id":2537,"name":"O","rotation":0,"type":"O","visible":true,"width":20,"x":-40,"y":975},{"gid":132,"height":30,"id":2151,"name":"T4","rotation":0,"type":"T4","visible":true,"width":20,"x":35,"y":978},{"gid":132,"height":30,"id":2536,"name":"T4","rotation":0,"type":"T4","visible":true,"width":20,"x":35,"y":978},{"gid":132,"height":30,"id":2317,"name":"T4","rotation":0,"type":"T4","visible":true,"width":20,"x":35,"y":978},{"gid":132,"height":30,"id":2535,"name":"T4","rotation":0,"type":"T4","visible":true,"width":20,"x":35,"y":978},{"gid":109,"height":10,"id":2152,"name":"II5","rotation":0,"type":"II5","visible":true,"width":50,"x":110,"y":967},{"gid":109,"height":10,"id":2534,"name":"II5","rotation":0,"type":"II5","visible":true,"width":50,"x":110,"y":967},{"gid":109,"height":10,"id":2316,"name":"II5","rotation":0,"type":"II5","visible":true,"width":50,"x":110,"y":967},{"gid":109,"height":10,"id":2533,"name":"II5","rotation":0,"type":"II5","visible":true,"width":50,"x":110,"y":967},{"gid":120,"height":30,"id":2153,"name":"polyplet-left-3","rotation":0,"type":"polyplet-left-3","visible":true,"width":30,"x":-40,"y":1028},{"gid":120,"height":30,"id":2532,"name":"polyplet-left-3","rotation":0,"type":"polyplet-left-3","visible":true,"width":30,"x":-40,"y":1028},{"gid":120,"height":30,"id":2315,"name":"polyplet-left-3","rotation":0,"type":"polyplet-left-3","visible":true,"width":30,"x":-40,"y":1028},{"gid":120,"height":30,"id":2531,"name":"polyplet-left-3","rotation":0,"type":"polyplet-left-3","visible":true,"width":30,"x":-40,"y":1028},{"gid":149,"height":30,"id":2154,"name":"X","rotation":0,"type":"X","visible":true,"width":30,"x":35,"y":1022},{"gid":149,"height":30,"id":2530,"name":"X","rotation":0,"type":"X","visible":true,"width":30,"x":35,"y":1022},{"gid":149,"height":30,"id":2314,"name":"X","rotation":0,"type":"X","visible":true,"width":30,"x":35,"y":1022},{"gid":149,"height":30,"id":2529,"name":"X","rotation":0,"type":"X","visible":true,"width":30,"x":35,"y":1022},{"gid":127,"height":20,"id":2155,"name":"S1","rotation":0,"type":"S1","visible":true,"width":30,"x":110,"y":1020},{"gid":127,"height":20,"id":2528,"name":"S1","rotation":0,"type":"S1","visible":true,"width":30,"x":110,"y":1020},{"gid":127,"height":20,"id":2313,"name":"S1","rotation":0,"type":"S1","visible":true,"width":30,"x":110,"y":1020},{"gid":127,"height":20,"id":2527,"name":"S1","rotation":0,"type":"S1","visible":true,"width":30,"x":110,"y":1020},{"gid":109,"height":10,"id":2156,"name":"II5","rotation":0,"type":"II5","visible":true,"width":50,"x":-40,"y":1068},{"gid":109,"height":10,"id":2526,"name":"II5","rotation":0,"type":"II5","visible":true,"width":50,"x":-40,"y":1068},{"gid":109,"height":10,"id":2312,"name":"II5","rotation":0,"type":"II5","visible":true,"width":50,"x":-40,"y":1068},{"gid":109,"height":10,"id":2525,"name":"II5","rotation":0,"type":"II5","visible":true,"width":50,"x":-40,"y":1068},{"gid":119,"height":20,"id":2157,"name":"polyplet-left-2","rotation":0,"type":"polyplet-left-2","visible":true,"width":20,"x":35,"y":1074},{"gid":119,"height":20,"id":2524,"name":"polyplet-left-2","rotation":0,"type":"polyplet-left-2","visible":true,"width":20,"x":35,"y":1074},{"gid":119,"height":20,"id":2311,"name":"polyplet-left-2","rotation":0,"type":"polyplet-left-2","visible":true,"width":20,"x":35,"y":1074},{"gid":119,"height":20,"id":2523,"name":"polyplet-left-2","rotation":0,"type":"polyplet-left-2","visible":true,"width":20,"x":35,"y":1074},{"gid":108,"height":10,"id":2158,"name":"II4","rotation":0,"type":"II4","visible":true,"width":40,"x":110,"y":1069},{"gid":108,"height":10,"id":2522,"name":"II4","rotation":0,"type":"II4","visible":true,"width":40,"x":110,"y":1069},{"gid":108,"height":10,"id":2310,"name":"II4","rotation":0,"type":"II4","visible":true,"width":40,"x":110,"y":1069},{"gid":108,"height":10,"id":2521,"name":"II4","rotation":0,"type":"II4","visible":true,"width":40,"x":110,"y":1069},{"gid":136,"height":30,"id":2160,"name":"TT4","rotation":0,"type":"TT4","visible":true,"width":30,"x":-40,"y":1130},{"gid":136,"height":30,"id":2520,"name":"TT4","rotation":0,"type":"TT4","visible":true,"width":30,"x":-40,"y":1130},{"gid":136,"height":30,"id":2309,"name":"TT4","rotation":0,"type":"TT4","visible":true,"width":30,"x":-40,"y":1130},{"gid":136,"height":30,"id":2519,"name":"TT4","rotation":0,"type":"TT4","visible":true,"width":30,"x":-40,"y":1130},{"gid":121,"height":40,"id":2161,"name":"polyplet-left-4","rotation":0,"type":"polyplet-left-4","visible":true,"width":40,"x":35,"y":1135},{"gid":121,"height":40,"id":2518,"name":"polyplet-left-4","rotation":0,"type":"polyplet-left-4","visible":true,"width":40,"x":35,"y":1135},{"gid":121,"height":40,"id":2308,"name":"polyplet-left-4","rotation":0,"type":"polyplet-left-4","visible":true,"width":40,"x":35,"y":1135},{"gid":121,"height":40,"id":2517,"name":"polyplet-left-4","rotation":0,"type":"polyplet-left-4","visible":true,"width":40,"x":35,"y":1135},{"gid":148,"height":30,"id":2162,"name":"VV4","rotation":0,"type":"VV4","visible":true,"width":30,"x":110,"y":1130},{"gid":148,"height":30,"id":2516,"name":"VV4","rotation":0,"type":"VV4","visible":true,"width":30,"x":110,"y":1130},{"gid":148,"height":30,"id":2307,"name":"VV4","rotation":0,"type":"VV4","visible":true,"width":30,"x":110,"y":1130},{"gid":148,"height":30,"id":2515,"name":"VV4","rotation":0,"type":"VV4","visible":true,"width":30,"x":110,"y":1130},{"gid":110,"height":30,"id":2163,"name":"J1","rotation":0,"type":"J1","visible":true,"width":20,"x":-40,"y":1183},{"gid":110,"height":30,"id":2514,"name":"J1","rotation":0,"type":"J1","visible":true,"width":20,"x":-40,"y":1183},{"gid":110,"height":30,"id":2306,"name":"J1","rotation":0,"type":"J1","visible":true,"width":20,"x":-40,"y":1183},{"gid":110,"height":30,"id":2513,"name":"J1","rotation":0,"type":"J1","visible":true,"width":20,"x":-40,"y":1183},{"gid":132,"height":30,"id":2164,"name":"T4","rotation":0,"type":"T4","visible":true,"width":20,"x":35,"y":1186},{"gid":132,"height":30,"id":2512,"name":"T4","rotation":0,"type":"T4","visible":true,"width":20,"x":35,"y":1186},{"gid":132,"height":30,"id":2305,"name":"T4","rotation":0,"type":"T4","visible":true,"width":20,"x":35,"y":1186},{"gid":132,"height":30,"id":2511,"name":"T4","rotation":0,"type":"T4","visible":true,"width":20,"x":35,"y":1186},{"gid":109,"height":10,"id":2165,"name":"II5","rotation":0,"type":"II5","visible":true,"width":50,"x":110,"y":1175},{"gid":109,"height":10,"id":2510,"name":"II5","rotation":0,"type":"II5","visible":true,"width":50,"x":110,"y":1175},{"gid":109,"height":10,"id":2304,"name":"II5","rotation":0,"type":"II5","visible":true,"width":50,"x":110,"y":1175},{"gid":109,"height":10,"id":2509,"name":"II5","rotation":0,"type":"II5","visible":true,"width":50,"x":110,"y":1175},{"gid":149,"height":30,"id":2166,"name":"X","rotation":0,"type":"X","visible":true,"width":30,"x":-40,"y":1227},{"gid":149,"height":30,"id":2508,"name":"X","rotation":0,"type":"X","visible":true,"width":30,"x":-40,"y":1227},{"gid":149,"height":30,"id":2303,"name":"X","rotation":0,"type":"X","visible":true,"width":30,"x":-40,"y":1227},{"gid":149,"height":30,"id":2507,"name":"X","rotation":0,"type":"X","visible":true,"width":30,"x":-40,"y":1227},{"gid":117,"height":20,"id":2167,"name":"L4","rotation":0,"type":"L4","visible":true,"width":30,"x":35,"y":1229},{"gid":117,"height":20,"id":2506,"name":"L4","rotation":0,"type":"L4","visible":true,"width":30,"x":35,"y":1229},{"gid":117,"height":20,"id":2302,"name":"L4","rotation":0,"type":"L4","visible":true,"width":30,"x":35,"y":1229},{"gid":117,"height":20,"id":2505,"name":"L4","rotation":0,"type":"L4","visible":true,"width":30,"x":35,"y":1229},{"gid":125,"height":40,"id":2168,"name":"polyplet-right-4","rotation":0,"type":"polyplet-right-4","visible":true,"width":40,"x":110,"y":1232},{"gid":125,"height":40,"id":2504,"name":"polyplet-right-4","rotation":0,"type":"polyplet-right-4","visible":true,"width":40,"x":110,"y":1232},{"gid":125,"height":40,"id":2301,"name":"polyplet-right-4","rotation":0,"type":"polyplet-right-4","visible":true,"width":40,"x":110,"y":1232},{"gid":125,"height":40,"id":2503,"name":"polyplet-right-4","rotation":0,"type":"polyplet-right-4","visible":true,"width":40,"x":110,"y":1232},{"gid":132,"height":30,"id":2169,"name":"T4","rotation":0,"type":"T4","visible":true,"width":20,"x":-40,"y":1280},{"gid":132,"height":30,"id":2502,"name":"T4","rotation":0,"type":"T4","visible":true,"width":20,"x":-40,"y":1280},{"gid":132,"height":30,"id":2300,"name":"T4","rotation":0,"type":"T4","visible":true,"width":20,"x":-40,"y":1280},{"gid":132,"height":30,"id":2501,"name":"T4","rotation":0,"type":"T4","visible":true,"width":20,"x":-40,"y":1280},{"gid":113,"height":20,"id":2170,"name":"J4","rotation":0,"type":"J4","visible":true,"width":30,"x":35,"y":1274},{"gid":113,"height":20,"id":2500,"name":"J4","rotation":0,"type":"J4","visible":true,"width":30,"x":35,"y":1274},{"gid":113,"height":20,"id":2299,"name":"J4","rotation":0,"type":"J4","visible":true,"width":30,"x":35,"y":1274},{"gid":113,"height":20,"id":2499,"name":"J4","rotation":0,"type":"J4","visible":true,"width":30,"x":35,"y":1274},{"gid":130,"height":30,"id":2171,"name":"T2","rotation":0,"type":"T2","visible":true,"width":20,"x":110,"y":1281},{"gid":130,"height":30,"id":2498,"name":"T2","rotation":0,"type":"T2","visible":true,"width":20,"x":110,"y":1281},{"gid":130,"height":30,"id":2298,"name":"T2","rotation":0,"type":"T2","visible":true,"width":20,"x":110,"y":1281},{"gid":130,"height":30,"id":2497,"name":"T2","rotation":0,"type":"T2","visible":true,"width":20,"x":110,"y":1281},{"gid":123,"height":20,"id":2172,"name":"polyplet-right-2","rotation":0,"type":"polyplet-right-2","visible":true,"width":20,"x":-40,"y":1314},{"gid":123,"height":20,"id":2496,"name":"polyplet-right-2","rotation":0,"type":"polyplet-right-2","visible":true,"width":20,"x":-40,"y":1314},{"gid":123,"height":20,"id":2297,"name":"polyplet-right-2","rotation":0,"type":"polyplet-right-2","visible":true,"width":20,"x":-40,"y":1314},{"gid":123,"height":20,"id":2495,"name":"polyplet-right-2","rotation":0,"type":"polyplet-right-2","visible":true,"width":20,"x":-40,"y":1314},{"gid":143,"height":20,"id":2173,"name":"V3","rotation":0,"type":"V3","visible":true,"width":20,"x":35,"y":1314},{"gid":143,"height":20,"id":2494,"name":"V3","rotation":0,"type":"V3","visible":true,"width":20,"x":35,"y":1314},{"gid":143,"height":20,"id":2296,"name":"V3","rotation":0,"type":"V3","visible":true,"width":20,"x":35,"y":1314},{"gid":143,"height":20,"id":2493,"name":"V3","rotation":0,"type":"V3","visible":true,"width":20,"x":35,"y":1314},{"gid":124,"height":30,"id":2174,"name":"polyplet-right-3","rotation":0,"type":"polyplet-right-3","visible":true,"width":30,"x":110,"y":1323},{"gid":124,"height":30,"id":2492,"name":"polyplet-right-3","rotation":0,"type":"polyplet-right-3","visible":true,"width":30,"x":110,"y":1323},{"gid":124,"height":30,"id":2295,"name":"polyplet-right-3","rotation":0,"type":"polyplet-right-3","visible":true,"width":30,"x":110,"y":1323},{"gid":124,"height":30,"id":2491,"name":"polyplet-right-3","rotation":0,"type":"polyplet-right-3","visible":true,"width":30,"x":110,"y":1323},{"gid":2,"height":10,"id":2226,"name":"1","rotation":0,"type":"1","visible":true,"width":10,"x":-40,"y":1357},{"gid":2,"height":10,"id":2490,"name":"1","rotation":0,"type":"1","visible":true,"width":10,"x":-40,"y":1357},{"gid":2,"height":10,"id":2294,"name":"1","rotation":0,"type":"1","visible":true,"width":10,"x":-40,"y":1357},{"gid":2,"height":10,"id":2489,"name":"1","rotation":0,"type":"1","visible":true,"width":10,"x":-40,"y":1357},{"gid":102,"height":20,"id":2227,"name":"I2","rotation":0,"type":"I2","visible":true,"width":10,"x":35,"y":1361},{"gid":102,"height":20,"id":2488,"name":"I2","rotation":0,"type":"I2","visible":true,"width":10,"x":35,"y":1361},{"gid":102,"height":20,"id":2293,"name":"I2","rotation":0,"type":"I2","visible":true,"width":10,"x":35,"y":1361},{"gid":102,"height":20,"id":2487,"name":"I2","rotation":0,"type":"I2","visible":true,"width":10,"x":35,"y":1361},{"gid":103,"height":30,"id":2228,"name":"I3","rotation":0,"type":"I3","visible":true,"width":10,"x":110,"y":1365},{"gid":103,"height":30,"id":2486,"name":"I3","rotation":0,"type":"I3","visible":true,"width":10,"x":110,"y":1365},{"gid":103,"height":30,"id":2292,"name":"I3","rotation":0,"type":"I3","visible":true,"width":10,"x":110,"y":1365},{"gid":103,"height":30,"id":2485,"name":"I3","rotation":0,"type":"I3","visible":true,"width":10,"x":110,"y":1365},{"gid":104,"height":40,"id":2229,"name":"I4","rotation":0,"type":"I4","visible":true,"width":10,"x":-40,"y":1436},{"gid":104,"height":40,"id":2484,"name":"I4","rotation":0,"type":"I4","visible":true,"width":10,"x":-40,"y":1436},{"gid":104,"height":40,"id":2291,"name":"I4","rotation":0,"type":"I4","visible":true,"width":10,"x":-40,"y":1436},{"gid":104,"height":40,"id":2483,"name":"I4","rotation":0,"type":"I4","visible":true,"width":10,"x":-40,"y":1436},{"gid":105,"height":50,"id":2230,"name":"I5","rotation":0,"type":"I5","visible":true,"width":10,"x":35,"y":1439},{"gid":105,"height":50,"id":2482,"name":"I5","rotation":0,"type":"I5","visible":true,"width":10,"x":35,"y":1439},{"gid":105,"height":50,"id":2290,"name":"I5","rotation":0,"type":"I5","visible":true,"width":10,"x":35,"y":1439},{"gid":105,"height":50,"id":2481,"name":"I5","rotation":0,"type":"I5","visible":true,"width":10,"x":35,"y":1439},{"gid":106,"height":10,"id":2231,"name":"II2","rotation":0,"type":"II2","visible":true,"width":20,"x":110,"y":1421},{"gid":106,"height":10,"id":2480,"name":"II2","rotation":0,"type":"II2","visible":true,"width":20,"x":110,"y":1421},{"gid":106,"height":10,"id":2289,"name":"II2","rotation":0,"type":"II2","visible":true,"width":20,"x":110,"y":1421},{"gid":106,"height":10,"id":2479,"name":"II2","rotation":0,"type":"II2","visible":true,"width":20,"x":110,"y":1421},{"gid":107,"height":10,"id":2232,"name":"II3","rotation":0,"type":"II3","visible":true,"width":30,"x":-40,"y":1498},{"gid":107,"height":10,"id":2478,"name":"II3","rotation":0,"type":"II3","visible":true,"width":30,"x":-40,"y":1498},{"gid":107,"height":10,"id":2288,"name":"II3","rotation":0,"type":"II3","visible":true,"width":30,"x":-40,"y":1498},{"gid":107,"height":10,"id":2477,"name":"II3","rotation":0,"type":"II3","visible":true,"width":30,"x":-40,"y":1498},{"gid":108,"height":10,"id":2233,"name":"II4","rotation":0,"type":"II4","visible":true,"width":40,"x":35,"y":1498},{"gid":108,"height":10,"id":2476,"name":"II4","rotation":0,"type":"II4","visible":true,"width":40,"x":35,"y":1498},{"gid":108,"height":10,"id":2287,"name":"II4","rotation":0,"type":"II4","visible":true,"width":40,"x":35,"y":1498},{"gid":108,"height":10,"id":2475,"name":"II4","rotation":0,"type":"II4","visible":true,"width":40,"x":35,"y":1498},{"gid":109,"height":10,"id":2234,"name":"II5","rotation":0,"type":"II5","visible":true,"width":50,"x":110,"y":1498},{"gid":109,"height":10,"id":2474,"name":"II5","rotation":0,"type":"II5","visible":true,"width":50,"x":110,"y":1498},{"gid":109,"height":10,"id":2286,"name":"II5","rotation":0,"type":"II5","visible":true,"width":50,"x":110,"y":1498},{"gid":109,"height":10,"id":2473,"name":"II5","rotation":0,"type":"II5","visible":true,"width":50,"x":110,"y":1498},{"gid":110,"height":30,"id":2235,"name":"J1","rotation":0,"type":"J1","visible":true,"width":20,"x":-40,"y":1560},{"gid":110,"height":30,"id":2472,"name":"J1","rotation":0,"type":"J1","visible":true,"width":20,"x":-40,"y":1560},{"gid":110,"height":30,"id":2285,"name":"J1","rotation":0,"type":"J1","visible":true,"width":20,"x":-40,"y":1560},{"gid":110,"height":30,"id":2471,"name":"J1","rotation":0,"type":"J1","visible":true,"width":20,"x":-40,"y":1560},{"gid":111,"height":20,"id":2236,"name":"J2","rotation":0,"type":"J2","visible":true,"width":30,"x":35,"y":1555},{"gid":111,"height":20,"id":2470,"name":"J2","rotation":0,"type":"J2","visible":true,"width":30,"x":35,"y":1555},{"gid":111,"height":20,"id":2284,"name":"J2","rotation":0,"type":"J2","visible":true,"width":30,"x":35,"y":1555},{"gid":111,"height":20,"id":2469,"name":"J2","rotation":0,"type":"J2","visible":true,"width":30,"x":35,"y":1555},{"gid":112,"height":30,"id":2237,"name":"J3","rotation":0,"type":"J3","visible":true,"width":20,"x":110,"y":1561},{"gid":112,"height":30,"id":2468,"name":"J3","rotation":0,"type":"J3","visible":true,"width":20,"x":110,"y":1561},{"gid":112,"height":30,"id":2283,"name":"J3","rotation":0,"type":"J3","visible":true,"width":20,"x":110,"y":1561},{"gid":112,"height":30,"id":2467,"name":"J3","rotation":0,"type":"J3","visible":true,"width":20,"x":110,"y":1561},{"gid":113,"height":20,"id":2238,"name":"J4","rotation":0,"type":"J4","visible":true,"width":30,"x":-40,"y":1638},{"gid":113,"height":20,"id":2466,"name":"J4","rotation":0,"type":"J4","visible":true,"width":30,"x":-40,"y":1638},{"gid":113,"height":20,"id":2282,"name":"J4","rotation":0,"type":"J4","visible":true,"width":30,"x":-40,"y":1638},{"gid":113,"height":20,"id":2465,"name":"J4","rotation":0,"type":"J4","visible":true,"width":30,"x":-40,"y":1638},{"gid":114,"height":30,"id":2239,"name":"L1","rotation":0,"type":"L1","visible":true,"width":20,"x":35,"y":1644},{"gid":114,"height":30,"id":2464,"name":"L1","rotation":0,"type":"L1","visible":true,"width":20,"x":35,"y":1644},{"gid":114,"height":30,"id":2281,"name":"L1","rotation":0,"type":"L1","visible":true,"width":20,"x":35,"y":1644},{"gid":114,"height":30,"id":2463,"name":"L1","rotation":0,"type":"L1","visible":true,"width":20,"x":35,"y":1644},{"gid":115,"height":20,"id":2240,"name":"L2","rotation":0,"type":"L2","visible":true,"width":30,"x":110,"y":1638},{"gid":115,"height":20,"id":2462,"name":"L2","rotation":0,"type":"L2","visible":true,"width":30,"x":110,"y":1638},{"gid":115,"height":20,"id":2280,"name":"L2","rotation":0,"type":"L2","visible":true,"width":30,"x":110,"y":1638},{"gid":115,"height":20,"id":2461,"name":"L2","rotation":0,"type":"L2","visible":true,"width":30,"x":110,"y":1638},{"gid":116,"height":30,"id":2241,"name":"L3","rotation":0,"type":"L3","visible":true,"width":20,"x":-40,"y":1706},{"gid":116,"height":30,"id":2460,"name":"L3","rotation":0,"type":"L3","visible":true,"width":20,"x":-40,"y":1706},{"gid":116,"height":30,"id":2279,"name":"L3","rotation":0,"type":"L3","visible":true,"width":20,"x":-40,"y":1706},{"gid":116,"height":30,"id":2459,"name":"L3","rotation":0,"type":"L3","visible":true,"width":20,"x":-40,"y":1706},{"gid":117,"height":20,"id":2242,"name":"L4","rotation":0,"type":"L4","visible":true,"width":30,"x":35,"y":1697},{"gid":117,"height":20,"id":2458,"name":"L4","rotation":0,"type":"L4","visible":true,"width":30,"x":35,"y":1697},{"gid":117,"height":20,"id":2278,"name":"L4","rotation":0,"type":"L4","visible":true,"width":30,"x":35,"y":1697},{"gid":117,"height":20,"id":2457,"name":"L4","rotation":0,"type":"L4","visible":true,"width":30,"x":35,"y":1697},{"gid":118,"height":20,"id":2243,"name":"O","rotation":0,"type":"O","visible":true,"width":20,"x":110,"y":1700},{"gid":118,"height":20,"id":2456,"name":"O","rotation":0,"type":"O","visible":true,"width":20,"x":110,"y":1700},{"gid":118,"height":20,"id":2277,"name":"O","rotation":0,"type":"O","visible":true,"width":20,"x":110,"y":1700},{"gid":118,"height":20,"id":2455,"name":"O","rotation":0,"type":"O","visible":true,"width":20,"x":110,"y":1700},{"gid":119,"height":20,"id":2244,"name":"polyplet-left-2","rotation":0,"type":"polyplet-left-2","visible":true,"width":20,"x":-40,"y":1761},{"gid":119,"height":20,"id":2454,"name":"polyplet-left-2","rotation":0,"type":"polyplet-left-2","visible":true,"width":20,"x":-40,"y":1761},{"gid":120,"height":30,"id":2245,"name":"polyplet-left-3","rotation":0,"type":"polyplet-left-3","visible":true,"width":30,"x":35,"y":1764},{"gid":120,"height":30,"id":2453,"name":"polyplet-left-3","rotation":0,"type":"polyplet-left-3","visible":true,"width":30,"x":35,"y":1764},{"gid":120,"height":30,"id":2276,"name":"polyplet-left-3","rotation":0,"type":"polyplet-left-3","visible":true,"width":30,"x":35,"y":1764},{"gid":120,"height":30,"id":2452,"name":"polyplet-left-3","rotation":0,"type":"polyplet-left-3","visible":true,"width":30,"x":35,"y":1764},{"gid":121,"height":40,"id":2246,"name":"polyplet-left-4","rotation":0,"type":"polyplet-left-4","visible":true,"width":40,"x":110,"y":1769},{"gid":121,"height":40,"id":2451,"name":"polyplet-left-4","rotation":0,"type":"polyplet-left-4","visible":true,"width":40,"x":110,"y":1769},{"gid":121,"height":40,"id":2275,"name":"polyplet-left-4","rotation":0,"type":"polyplet-left-4","visible":true,"width":40,"x":110,"y":1769},{"gid":121,"height":40,"id":2450,"name":"polyplet-left-4","rotation":0,"type":"polyplet-left-4","visible":true,"width":40,"x":110,"y":1769},{"gid":123,"height":20,"id":2247,"name":"polyplet-right-2","rotation":0,"type":"polyplet-right-2","visible":true,"width":20,"x":-40,"y":1828},{"gid":123,"height":20,"id":2449,"name":"polyplet-right-2","rotation":0,"type":"polyplet-right-2","visible":true,"width":20,"x":-40,"y":1828},{"gid":124,"height":30,"id":2248,"name":"polyplet-right-3","rotation":0,"type":"polyplet-right-3","visible":true,"width":30,"x":35,"y":1839},{"gid":124,"height":30,"id":2448,"name":"polyplet-right-3","rotation":0,"type":"polyplet-right-3","visible":true,"width":30,"x":35,"y":1839},{"gid":125,"height":40,"id":2249,"name":"polyplet-right-4","rotation":0,"type":"polyplet-right-4","visible":true,"width":40,"x":110,"y":1839},{"gid":125,"height":40,"id":2447,"name":"polyplet-right-4","rotation":0,"type":"polyplet-right-4","visible":true,"width":40,"x":110,"y":1839},{"gid":127,"height":20,"id":2250,"name":"S1","rotation":0,"type":"S1","visible":true,"width":30,"x":-40,"y":1898},{"gid":127,"height":20,"id":2446,"name":"S1","rotation":0,"type":"S1","visible":true,"width":30,"x":-40,"y":1898},{"gid":128,"height":30,"id":2251,"name":"S2","rotation":0,"type":"S2","visible":true,"width":20,"x":35,"y":1900},{"gid":128,"height":30,"id":2445,"name":"S2","rotation":0,"type":"S2","visible":true,"width":20,"x":35,"y":1900},{"gid":150,"height":20,"id":2252,"name":"Z1","rotation":0,"type":"Z1","visible":true,"width":30,"x":110,"y":1898},{"gid":150,"height":20,"id":2444,"name":"Z1","rotation":0,"type":"Z1","visible":true,"width":30,"x":110,"y":1898},{"gid":151,"height":30,"id":2253,"name":"Z2","rotation":0,"type":"Z2","visible":true,"width":20,"x":-40,"y":1963},{"gid":151,"height":30,"id":2443,"name":"Z2","rotation":0,"type":"Z2","visible":true,"width":20,"x":-40,"y":1963},{"gid":129,"height":20,"id":2254,"name":"T1","rotation":0,"type":"T1","visible":true,"width":30,"x":35,"y":1959},{"gid":129,"height":20,"id":2442,"name":"T1","rotation":0,"type":"T1","visible":true,"width":30,"x":35,"y":1959},{"gid":130,"height":30,"id":2255,"name":"T2","rotation":0,"type":"T2","visible":true,"width":20,"x":110,"y":1965},{"gid":130,"height":30,"id":2441,"name":"T2","rotation":0,"type":"T2","visible":true,"width":20,"x":110,"y":1965},{"gid":131,"height":20,"id":2256,"name":"T3","rotation":0,"type":"T3","visible":true,"width":30,"x":-40,"y":2023},{"gid":131,"height":20,"id":2440,"name":"T3","rotation":0,"type":"T3","visible":true,"width":30,"x":-40,"y":2023},{"gid":132,"height":30,"id":2257,"name":"T4","rotation":0,"type":"T4","visible":true,"width":20,"x":35,"y":2027},{"gid":132,"height":30,"id":2439,"name":"T4","rotation":0,"type":"T4","visible":true,"width":20,"x":35,"y":2027},{"gid":133,"height":30,"id":2258,"name":"TT1","rotation":0,"type":"TT1","visible":true,"width":30,"x":110,"y":2027},{"gid":133,"height":30,"id":2438,"name":"TT1","rotation":0,"type":"TT1","visible":true,"width":30,"x":110,"y":2027},{"gid":134,"height":30,"id":2259,"name":"TT2","rotation":0,"type":"TT2","visible":true,"width":30,"x":-40,"y":2090},{"gid":134,"height":30,"id":2437,"name":"TT2","rotation":0,"type":"TT2","visible":true,"width":30,"x":-40,"y":2090},{"gid":135,"height":30,"id":2260,"name":"TT3","rotation":0,"type":"TT3","visible":true,"width":30,"x":35,"y":2089},{"gid":135,"height":30,"id":2436,"name":"TT3","rotation":0,"type":"TT3","visible":true,"width":30,"x":35,"y":2089},{"gid":136,"height":30,"id":2261,"name":"TT4","rotation":0,"type":"TT4","visible":true,"width":30,"x":110,"y":2089},{"gid":136,"height":30,"id":2435,"name":"TT4","rotation":0,"type":"TT4","visible":true,"width":30,"x":110,"y":2089},{"gid":137,"height":20,"id":2262,"name":"U1","rotation":0,"type":"U1","visible":true,"width":30,"x":-40,"y":2146},{"gid":137,"height":20,"id":2434,"name":"U1","rotation":0,"type":"U1","visible":true,"width":30,"x":-40,"y":2146},{"gid":138,"height":30,"id":2263,"name":"U2","rotation":0,"type":"U2","visible":true,"width":20,"x":35,"y":2151},{"gid":138,"height":30,"id":2433,"name":"U2","rotation":0,"type":"U2","visible":true,"width":20,"x":35,"y":2151},{"gid":139,"height":20,"id":2264,"name":"U3","rotation":0,"type":"U3","visible":true,"width":30,"x":110,"y":2146},{"gid":139,"height":20,"id":2432,"name":"U3","rotation":0,"type":"U3","visible":true,"width":30,"x":110,"y":2146},{"gid":140,"height":30,"id":2265,"name":"U4","rotation":0,"type":"U4","visible":true,"width":20,"x":-40,"y":2208},{"gid":140,"height":30,"id":2431,"name":"U4","rotation":0,"type":"U4","visible":true,"width":20,"x":-40,"y":2208},{"gid":141,"height":20,"id":2266,"name":"V1","rotation":0,"type":"V1","visible":true,"width":20,"x":35,"y":2202},{"gid":141,"height":20,"id":2430,"name":"V1","rotation":0,"type":"V1","visible":true,"width":20,"x":35,"y":2202},{"gid":142,"height":20,"id":2267,"name":"V2","rotation":0,"type":"V2","visible":true,"width":20,"x":110,"y":2201},{"gid":142,"height":20,"id":2429,"name":"V2","rotation":0,"type":"V2","visible":true,"width":20,"x":110,"y":2201},{"gid":143,"height":20,"id":2268,"name":"V3","rotation":0,"type":"V3","visible":true,"width":20,"x":-40,"y":2256},{"gid":143,"height":20,"id":2428,"name":"V3","rotation":0,"type":"V3","visible":true,"width":20,"x":-40,"y":2256},{"gid":144,"height":20,"id":2269,"name":"V4","rotation":0,"type":"V4","visible":true,"width":20,"x":35,"y":2256},{"gid":144,"height":20,"id":2427,"name":"V4","rotation":0,"type":"V4","visible":true,"width":20,"x":35,"y":2256},{"gid":145,"height":30,"id":2270,"name":"VV1","rotation":0,"type":"VV1","visible":true,"width":30,"x":110,"y":2259},{"gid":145,"height":30,"id":2426,"name":"VV1","rotation":0,"type":"VV1","visible":true,"width":30,"x":110,"y":2259},{"gid":146,"height":30,"id":2271,"name":"VV2","rotation":0,"type":"VV2","visible":true,"width":30,"x":-40,"y":2319},{"gid":146,"height":30,"id":2425,"name":"VV2","rotation":0,"type":"VV2","visible":true,"width":30,"x":-40,"y":2319},{"gid":147,"height":30,"id":2272,"name":"VV3","rotation":0,"type":"VV3","visible":true,"width":30,"x":35,"y":2319},{"gid":147,"height":30,"id":2424,"name":"VV3","rotation":0,"type":"VV3","visible":true,"width":30,"x":35,"y":2319},{"gid":148,"height":30,"id":2273,"name":"VV4","rotation":0,"type":"VV4","visible":true,"width":30,"x":110,"y":2321},{"gid":148,"height":30,"id":2423,"name":"VV4","rotation":0,"type":"VV4","visible":true,"width":30,"x":110,"y":2321},{"gid":149,"height":30,"id":2274,"name":"X","rotation":0,"type":"X","visible":true,"width":30,"x":-40,"y":2381},{"gid":149,"height":30,"id":2422,"name":"X","rotation":0,"type":"X","visible":true,"width":30,"x":-40,"y":2381}],"opacity":1,"type":"objectgroup","visible":true,"x":0,"y":0}],"nextlayerid":12,"nextobjectid":2563,"orientation":"orthogonal","properties":[{"name":"target","type":"string","value":"{10: 1, 11: 1, 12: 1, 13: 1, 14: 1}"},{"name":"typeLevel","type":"string","value":"collect"}],"renderorder":"right-down","tiledversion":"1.8.5","tileheight":10,"tilesets":[{"columns":0,"firstgid":1,"grid":{"height":1,"orientation":"orthogonal","width":1},"margin":0,"name":"Pieces","spacing":0,"tilecount":57,"tileheight":50,"tiles":[{"id":1,"image":"assets/pieces/1.png","imageheight":10,"imagewidth":10,"type":"1"},{"id":101,"image":"assets/pieces/I2.png","imageheight":20,"imagewidth":10,"type":"I2"},{"id":102,"image":"assets/pieces/I3.png","imageheight":30,"imagewidth":10,"type":"I3"},{"id":103,"image":"assets/pieces/I4.png","imageheight":40,"imagewidth":10,"type":"I4"},{"id":104,"image":"assets/pieces/I5.png","imageheight":50,"imagewidth":10,"type":"I5"},{"id":105,"image":"assets/pieces/II2.png","imageheight":10,"imagewidth":20,"type":"II2"},{"id":106,"image":"assets/pieces/II3.png","imageheight":10,"imagewidth":30,"type":"II3"},{"id":107,"image":"assets/pieces/II4.png","imageheight":10,"imagewidth":40,"type":"II4"},{"id":108,"image":"assets/pieces/II5.png","imageheight":10,"imagewidth":50,"type":"II5"},{"id":109,"image":"assets/pieces/J1.png","imageheight":30,"imagewidth":20,"type":"J1"},{"id":110,"image":"assets/pieces/J2.png","imageheight":20,"imagewidth":30,"type":"J2"},{"id":111,"image":"assets/pieces/J3.png","imageheight":30,"imagewidth":20,"type":"J3"},{"id":112,"image":"assets/pieces/J4.png","imageheight":20,"imagewidth":30,"type":"J4"},{"id":113,"image":"assets/pieces/L1.png","imageheight":30,"imagewidth":20,"type":"L1"},{"id":114,"image":"assets/pieces/L2.png","imageheight":20,"imagewidth":30,"type":"L2"},{"id":115,"image":"assets/pieces/L3.png","imageheight":30,"imagewidth":20,"type":"L3"},{"id":116,"image":"assets/pieces/L4.png","imageheight":20,"imagewidth":30,"type":"L4"},{"id":117,"image":"assets/pieces/O.png","imageheight":20,"imagewidth":20,"type":"O"},{"id":118,"image":"assets/pieces/polyplet-left-2.png","imageheight":20,"imagewidth":20,"type":"polyplet-left-2"},{"id":119,"image":"assets/pieces/polyplet-left-3.png","imageheight":30,"imagewidth":30,"type":"polyplet-left-3"},{"id":120,"image":"assets/pieces/polyplet-left-4.png","imageheight":40,"imagewidth":40,"type":"polyplet-left-4"},{"id":121,"image":"assets/pieces/polyplet-left-5.png","imageheight":50,"imagewidth":50,"type":"polyplet-left-5"},{"id":122,"image":"assets/pieces/polyplet-right-2.png","imageheight":20,"imagewidth":20,"type":"polyplet-right-2"},{"id":123,"image":"assets/pieces/polyplet-right-3.png","imageheight":30,"imagewidth":30,"type":"polyplet-right-3"},{"id":124,"image":"assets/pieces/polyplet-right-4.png","imageheight":40,"imagewidth":40,"type":"polyplet-right-4"},{"id":125,"image":"assets/pieces/polyplet-right-5.png","imageheight":50,"imagewidth":50,"type":"polyplet-right-5"},{"id":126,"image":"assets/pieces/S1.png","imageheight":20,"imagewidth":30,"type":"S1"},{"id":127,"image":"assets/pieces/S2.png","imageheight":30,"imagewidth":20,"type":"S2"},{"id":128,"image":"assets/pieces/T1.png","imageheight":20,"imagewidth":30,"type":"T1"},{"id":129,"image":"assets/pieces/T2.png","imageheight":30,"imagewidth":20,"type":"T2"},{"id":130,"image":"assets/pieces/T3.png","imageheight":20,"imagewidth":30,"type":"T3"},{"id":131,"image":"assets/pieces/T4.png","imageheight":30,"imagewidth":20,"type":"T4"},{"id":132,"image":"assets/pieces/TT1.png","imageheight":30,"imagewidth":30,"type":"TT1"},{"id":133,"image":"assets/pieces/TT2.png","imageheight":30,"imagewidth":30,"type":"TT2"},{"id":134,"image":"assets/pieces/TT3.png","imageheight":30,"imagewidth":30,"type":"TT3"},{"id":135,"image":"assets/pieces/TT4.png","imageheight":30,"imagewidth":30,"type":"TT4"},{"id":136,"image":"assets/pieces/U1.png","imageheight":20,"imagewidth":30,"type":"U1"},{"id":137,"image":"assets/pieces/U2.png","imageheight":30,"imagewidth":20,"type":"U2"},{"id":138,"image":"assets/pieces/U3.png","imageheight":20,"imagewidth":30,"type":"U3"},{"id":139,"image":"assets/pieces/U4.png","imageheight":30,"imagewidth":20,"type":"U4"},{"id":140,"image":"assets/pieces/V1.png","imageheight":20,"imagewidth":20,"type":"V1"},{"id":141,"image":"assets/pieces/V2.png","imageheight":20,"imagewidth":20,"type":"V2"},{"id":142,"image":"assets/pieces/V3.png","imageheight":20,"imagewidth":20,"type":"V3"},{"id":143,"image":"assets/pieces/V4.png","imageheight":20,"imagewidth":20,"type":"V4"},{"id":144,"image":"assets/pieces/VV1.png","imageheight":30,"imagewidth":30,"type":"VV1"},{"id":145,"image":"assets/pieces/VV2.png","imageheight":30,"imagewidth":30,"type":"VV2"},{"id":146,"image":"assets/pieces/VV3.png","imageheight":30,"imagewidth":30,"type":"VV3"},{"id":147,"image":"assets/pieces/VV4.png","imageheight":30,"imagewidth":30,"type":"VV4"},{"id":148,"image":"assets/pieces/X.png","imageheight":30,"imagewidth":30,"type":"X"},{"id":149,"image":"assets/pieces/Z1.png","imageheight":20,"imagewidth":30,"type":"Z1"},{"id":150,"image":"assets/pieces/Z2.png","imageheight":30,"imagewidth":20,"type":"Z2"},{"id":10,"image":"assets/pieces/diamond-10.png","imageheight":10,"imagewidth":10,"type":"diamond-10"},{"id":11,"image":"assets/pieces/diamond-11.png","imageheight":10,"imagewidth":10,"type":"diamond-11"},{"id":12,"image":"assets/pieces/diamond-12.png","imageheight":10,"imagewidth":10,"type":"diamond-12"},{"id":13,"image":"assets/pieces/diamond-13.png","imageheight":10,"imagewidth":10,"type":"diamond-13"},{"id":14,"image":"assets/pieces/diamond-14.png","imageheight":10,"imagewidth":10,"type":"diamond-14"},{"id":15,"image":"assets/pieces/diamond-15.png","imageheight":10,"imagewidth":10,"type":"diamond-15"}],"tilewidth":50}],"tilewidth":10,"type":"map","version":"1.8","width":9}