{"compressionlevel":-1,"height":9,"infinite":false,"layers":[{"data":[0,0,0,0,0,0,0,0,0,0,0,0,0,0,0,0,0,0,0,16,16,16,16,16,16,16,0,2,0,16,0,2,0,16,0,2,0,2,2,2,0,2,2,2,0,0,0,0,0,0,0,0,0,0,13,0,0,0,0,0,0,0,13,0,13,13,0,0,0,13,13,0,0,0,0,13,13,13,0,0,0],"height":9,"id":1,"name":"map","opacity":1,"properties":[{"name":"segment1","propertytype":"segment","type":"class","value":{"avgScore":3.3,"piece1":"{min: 1, max: 10}","piece5":"{min: 1, max: 10}","pieceDistancePerGem":0,"score":100}}],"type":"tilelayer","visible":true,"width":9,"x":0,"y":0},{"draworder":"topdown","id":2,"name":"spawnOrder","objects":[{"gid":151,"height":30,"id":1579,"name":"Z2","rotation":0,"type":"Z2","visible":true,"width":20,"x":-19,"y":142},{"gid":117,"height":20,"id":1580,"name":"L4","rotation":0,"type":"L4","visible":true,"width":30,"x":33,"y":137},{"gid":106,"height":10,"id":1581,"name":"II2","rotation":0,"type":"II2","visible":true,"width":20,"x":96,"y":132},{"gid":102,"height":20,"id":1582,"name":"I2","rotation":0,"type":"I2","visible":true,"width":10,"x":-13,"y":191},{"gid":104,"height":40,"id":1583,"name":"I4","rotation":0,"type":"I4","visible":true,"width":10,"x":43,"y":201},{"gid":146,"height":30,"id":1584,"name":"VV2","rotation":0,"type":"VV2","visible":true,"width":30,"x":91,"y":194},{"gid":148,"height":30,"id":1585,"name":"VV4","rotation":0,"type":"VV4","visible":true,"width":30,"x":-23,"y":249},{"gid":144,"height":20,"id":1586,"name":"V4","rotation":0,"type":"V4","visible":true,"width":20,"x":40,"y":245},{"gid":132,"height":30,"id":1587,"name":"T4","rotation":0,"type":"T4","visible":true,"width":20,"x":95,"y":249},{"gid":129,"height":20,"id":1588,"name":"T1","rotation":0,"type":"T1","visible":true,"width":30,"x":-24,"y":299},{"gid":109,"height":10,"id":1589,"name":"II5","rotation":0,"type":"II5","visible":true,"width":50,"x":23,"y":291},{"gid":108,"height":10,"id":1590,"name":"II4","rotation":0,"type":"II4","visible":true,"width":40,"x":86,"y":294},{"gid":115,"height":20,"id":1591,"name":"L2","rotation":0,"type":"L2","visible":true,"width":30,"x":-23,"y":352},{"gid":149,"height":30,"id":1592,"name":"X","rotation":0,"type":"X","visible":true,"width":30,"x":33,"y":358},{"gid":142,"height":20,"id":1593,"name":"V2","rotation":0,"type":"V2","visible":true,"width":20,"x":96,"y":351},{"gid":2,"height":10,"id":1594,"name":"1","rotation":0,"type":"1","visible":true,"width":10,"x":-14,"y":400},{"gid":113,"height":20,"id":1595,"name":"J4","rotation":0,"type":"J4","visible":true,"width":30,"x":33,"y":405},{"gid":128,"height":30,"id":1596,"name":"S2","rotation":0,"type":"S2","visible":true,"width":20,"x":96,"y":410},{"gid":117,"height":20,"id":1597,"name":"L4","rotation":0,"type":"L4","visible":true,"width":30,"x":-23,"y":459},{"gid":108,"height":10,"id":1598,"name":"II4","rotation":0,"type":"II4","visible":true,"width":40,"x":29,"y":453},{"gid":102,"height":20,"id":1599,"name":"I2","rotation":0,"type":"I2","visible":true,"width":10,"x":101,"y":459},{"gid":109,"height":10,"id":1600,"name":"II5","rotation":0,"type":"II5","visible":true,"width":50,"x":-34,"y":508},{"gid":131,"height":20,"id":1601,"name":"T3","rotation":0,"type":"T3","visible":true,"width":30,"x":33,"y":513},{"gid":118,"height":20,"id":1602,"name":"O","rotation":0,"type":"O","visible":true,"width":20,"x":96,"y":512},{"gid":148,"height":30,"id":1603,"name":"VV4","rotation":0,"type":"VV4","visible":true,"width":30,"x":-24,"y":572},{"gid":107,"height":10,"id":1604,"name":"II3","rotation":0,"type":"II3","visible":true,"width":30,"x":33,"y":561},{"gid":124,"height":30,"id":1605,"name":"polyplet-right-3","rotation":0,"type":"polyplet-right-3","visible":true,"width":30,"x":91,"y":570},{"gid":149,"height":30,"id":1606,"name":"X","rotation":0,"type":"X","visible":true,"width":30,"x":-24,"y":624},{"gid":119,"height":20,"id":1607,"name":"polyplet-left-2","rotation":0,"type":"polyplet-left-2","visible":true,"width":20,"x":38,"y":620},{"gid":115,"height":20,"id":1608,"name":"L2","rotation":0,"type":"L2","visible":true,"width":30,"x":91,"y":619},{"gid":150,"height":20,"id":1609,"name":"Z1","rotation":0,"type":"Z1","visible":true,"width":30,"x":-24,"y":673},{"gid":148,"height":30,"id":1610,"name":"VV4","rotation":0,"type":"VV4","visible":true,"width":30,"x":35,"y":680},{"gid":123,"height":20,"id":1611,"name":"polyplet-right-2","rotation":0,"type":"polyplet-right-2","visible":true,"width":20,"x":96,"y":675},{"gid":118,"height":20,"id":1612,"name":"O","rotation":0,"type":"O","visible":true,"width":20,"x":-19,"y":727},{"gid":129,"height":20,"id":1613,"name":"T1","rotation":0,"type":"T1","visible":true,"width":30,"x":34,"y":727},{"gid":150,"height":20,"id":1614,"name":"Z1","rotation":0,"type":"Z1","visible":true,"width":30,"x":93,"y":727},{"gid":130,"height":30,"id":1615,"name":"T2","rotation":0,"type":"T2","visible":true,"width":20,"x":-20,"y":786},{"gid":142,"height":20,"id":1616,"name":"V2","rotation":0,"type":"V2","visible":true,"width":20,"x":39,"y":781},{"gid":121,"height":40,"id":1617,"name":"polyplet-left-4","rotation":0,"type":"polyplet-left-4","visible":true,"width":40,"x":85,"y":791},{"gid":141,"height":20,"id":1618,"name":"V1","rotation":0,"type":"V1","visible":true,"width":20,"x":-20,"y":835},{"gid":106,"height":10,"id":1619,"name":"II2","rotation":0,"type":"II2","visible":true,"width":20,"x":40,"y":830},{"gid":127,"height":20,"id":1620,"name":"S1","rotation":0,"type":"S1","visible":true,"width":30,"x":93,"y":835},{"gid":118,"height":20,"id":1621,"name":"O","rotation":0,"type":"O","visible":true,"width":20,"x":-18,"y":889},{"gid":139,"height":20,"id":1622,"name":"U3","rotation":0,"type":"U3","visible":true,"width":30,"x":33,"y":888},{"gid":109,"height":10,"id":1623,"name":"II5","rotation":0,"type":"II5","visible":true,"width":50,"x":79,"y":883},{"gid":123,"height":20,"id":1624,"name":"polyplet-right-2","rotation":0,"type":"polyplet-right-2","visible":true,"width":20,"x":-19,"y":942},{"gid":109,"height":10,"id":1625,"name":"II5","rotation":0,"type":"II5","visible":true,"width":50,"x":23,"y":937},{"gid":149,"height":30,"id":1626,"name":"X","rotation":0,"type":"X","visible":true,"width":30,"x":91,"y":947},{"gid":144,"height":20,"id":1627,"name":"V4","rotation":0,"type":"V4","visible":true,"width":20,"x":-18,"y":995},{"gid":140,"height":30,"id":1628,"name":"U4","rotation":0,"type":"U4","visible":true,"width":20,"x":39,"y":1002},{"gid":149,"height":30,"id":1629,"name":"X","rotation":0,"type":"X","visible":true,"width":30,"x":91,"y":1001},{"gid":149,"height":30,"id":1630,"name":"X","rotation":0,"type":"X","visible":true,"width":30,"x":-23,"y":1054},{"gid":127,"height":20,"id":1631,"name":"S1","rotation":0,"type":"S1","visible":true,"width":30,"x":33,"y":1049},{"gid":130,"height":30,"id":1632,"name":"T2","rotation":0,"type":"T2","visible":true,"width":20,"x":96,"y":1055},{"gid":125,"height":40,"id":1633,"name":"polyplet-right-4","rotation":0,"type":"polyplet-right-4","visible":true,"width":40,"x":-29,"y":1113},{"gid":140,"height":30,"id":1634,"name":"U4","rotation":0,"type":"U4","visible":true,"width":20,"x":38,"y":1108},{"gid":132,"height":30,"id":1635,"name":"T4","rotation":0,"type":"T4","visible":true,"width":20,"x":97,"y":1108},{"gid":149,"height":30,"id":1636,"name":"X","rotation":0,"type":"X","visible":true,"width":30,"x":-23,"y":1162},{"gid":117,"height":20,"id":1637,"name":"L4","rotation":0,"type":"L4","visible":true,"width":30,"x":33,"y":1157},{"gid":148,"height":30,"id":1638,"name":"VV4","rotation":0,"type":"VV4","visible":true,"width":30,"x":92,"y":1162},{"gid":105,"height":50,"id":1639,"name":"I5","rotation":0,"type":"I5","visible":true,"width":10,"x":-15,"y":1226},{"gid":110,"height":30,"id":1640,"name":"J1","rotation":0,"type":"J1","visible":true,"width":20,"x":38,"y":1215},{"gid":149,"height":30,"id":1641,"name":"X","rotation":0,"type":"X","visible":true,"width":30,"x":90,"y":1215},{"gid":149,"height":30,"id":1642,"name":"X","rotation":0,"type":"X","visible":true,"width":30,"x":-23,"y":1268},{"gid":117,"height":20,"id":1643,"name":"L4","rotation":0,"type":"L4","visible":true,"width":30,"x":35,"y":1265},{"gid":148,"height":30,"id":1644,"name":"VV4","rotation":0,"type":"VV4","visible":true,"width":30,"x":92,"y":1269},{"gid":136,"height":30,"id":1645,"name":"TT4","rotation":0,"type":"TT4","visible":true,"width":30,"x":-23,"y":1323},{"gid":123,"height":20,"id":1646,"name":"polyplet-right-2","rotation":0,"type":"polyplet-right-2","visible":true,"width":20,"x":39,"y":1317},{"gid":146,"height":30,"id":1647,"name":"VV2","rotation":0,"type":"VV2","visible":true,"width":30,"x":91,"y":1323},{"gid":104,"height":40,"id":1648,"name":"I4","rotation":0,"type":"I4","visible":true,"width":10,"x":-15,"y":1382},{"gid":128,"height":30,"id":1649,"name":"S2","rotation":0,"type":"S2","visible":true,"width":20,"x":39,"y":1378},{"gid":105,"height":50,"id":1650,"name":"I5","rotation":0,"type":"I5","visible":true,"width":10,"x":101,"y":1387},{"gid":135,"height":30,"id":1651,"name":"TT3","rotation":0,"type":"TT3","visible":true,"width":30,"x":-23,"y":1430},{"gid":125,"height":40,"id":1652,"name":"polyplet-right-4","rotation":0,"type":"polyplet-right-4","visible":true,"width":40,"x":29,"y":1435},{"gid":151,"height":30,"id":1653,"name":"Z2","rotation":0,"type":"Z2","visible":true,"width":20,"x":96,"y":1430},{"gid":127,"height":20,"id":1654,"name":"S1","rotation":0,"type":"S1","visible":true,"width":30,"x":-23,"y":1479},{"gid":130,"height":30,"id":1655,"name":"T2","rotation":0,"type":"T2","visible":true,"width":20,"x":38,"y":1485},{"gid":149,"height":30,"id":1656,"name":"X","rotation":0,"type":"X","visible":true,"width":30,"x":91,"y":1485},{"gid":119,"height":20,"id":1657,"name":"polyplet-left-2","rotation":0,"type":"polyplet-left-2","visible":true,"width":20,"x":-20,"y":1533},{"gid":109,"height":10,"id":1658,"name":"II5","rotation":0,"type":"II5","visible":true,"width":50,"x":22,"y":1529},{"gid":149,"height":30,"id":1659,"name":"X","rotation":0,"type":"X","visible":true,"width":30,"x":91,"y":1538},{"gid":148,"height":30,"id":1660,"name":"VV4","rotation":0,"type":"VV4","visible":true,"width":30,"x":-24,"y":1591},{"gid":109,"height":10,"id":1661,"name":"II5","rotation":0,"type":"II5","visible":true,"width":50,"x":23,"y":1581},{"gid":150,"height":20,"id":1662,"name":"Z1","rotation":0,"type":"Z1","visible":true,"width":30,"x":89,"y":1587},{"gid":132,"height":30,"id":1663,"name":"T4","rotation":0,"type":"T4","visible":true,"width":20,"x":-19,"y":1644},{"gid":136,"height":30,"id":1664,"name":"TT4","rotation":0,"type":"TT4","visible":true,"width":30,"x":35,"y":1646},{"gid":115,"height":20,"id":1665,"name":"L2","rotation":0,"type":"L2","visible":true,"width":30,"x":91,"y":1639}],"opacity":1,"type":"objectgroup","visible":true,"x":0,"y":0}],"nextlayerid":12,"nextobjectid":1958,"orientation":"orthogonal","properties":[{"name":"target","type":"string","value":"{15: 6, 12: 6}"},{"name":"typeLevel","type":"string","value":"collect"}],"renderorder":"right-down","tiledversion":"1.8.5","tileheight":10,"tilesets":[{"columns":0,"firstgid":1,"grid":{"height":1,"orientation":"orthogonal","width":1},"margin":0,"name":"Pieces","spacing":0,"tilecount":57,"tileheight":50,"tiles":[{"id":1,"image":"assets/pieces/1.png","imageheight":10,"imagewidth":10,"type":"1"},{"id":101,"image":"assets/pieces/I2.png","imageheight":20,"imagewidth":10,"type":"I2"},{"id":102,"image":"assets/pieces/I3.png","imageheight":30,"imagewidth":10,"type":"I3"},{"id":103,"image":"assets/pieces/I4.png","imageheight":40,"imagewidth":10,"type":"I4"},{"id":104,"image":"assets/pieces/I5.png","imageheight":50,"imagewidth":10,"type":"I5"},{"id":105,"image":"assets/pieces/II2.png","imageheight":10,"imagewidth":20,"type":"II2"},{"id":106,"image":"assets/pieces/II3.png","imageheight":10,"imagewidth":30,"type":"II3"},{"id":107,"image":"assets/pieces/II4.png","imageheight":10,"imagewidth":40,"type":"II4"},{"id":108,"image":"assets/pieces/II5.png","imageheight":10,"imagewidth":50,"type":"II5"},{"id":109,"image":"assets/pieces/J1.png","imageheight":30,"imagewidth":20,"type":"J1"},{"id":110,"image":"assets/pieces/J2.png","imageheight":20,"imagewidth":30,"type":"J2"},{"id":111,"image":"assets/pieces/J3.png","imageheight":30,"imagewidth":20,"type":"J3"},{"id":112,"image":"assets/pieces/J4.png","imageheight":20,"imagewidth":30,"type":"J4"},{"id":113,"image":"assets/pieces/L1.png","imageheight":30,"imagewidth":20,"type":"L1"},{"id":114,"image":"assets/pieces/L2.png","imageheight":20,"imagewidth":30,"type":"L2"},{"id":115,"image":"assets/pieces/L3.png","imageheight":30,"imagewidth":20,"type":"L3"},{"id":116,"image":"assets/pieces/L4.png","imageheight":20,"imagewidth":30,"type":"L4"},{"id":117,"image":"assets/pieces/O.png","imageheight":20,"imagewidth":20,"type":"O"},{"id":118,"image":"assets/pieces/polyplet-left-2.png","imageheight":20,"imagewidth":20,"type":"polyplet-left-2"},{"id":119,"image":"assets/pieces/polyplet-left-3.png","imageheight":30,"imagewidth":30,"type":"polyplet-left-3"},{"id":120,"image":"assets/pieces/polyplet-left-4.png","imageheight":40,"imagewidth":40,"type":"polyplet-left-4"},{"id":121,"image":"assets/pieces/polyplet-left-5.png","imageheight":50,"imagewidth":50,"type":"polyplet-left-5"},{"id":122,"image":"assets/pieces/polyplet-right-2.png","imageheight":20,"imagewidth":20,"type":"polyplet-right-2"},{"id":123,"image":"assets/pieces/polyplet-right-3.png","imageheight":30,"imagewidth":30,"type":"polyplet-right-3"},{"id":124,"image":"assets/pieces/polyplet-right-4.png","imageheight":40,"imagewidth":40,"type":"polyplet-right-4"},{"id":125,"image":"assets/pieces/polyplet-right-5.png","imageheight":50,"imagewidth":50,"type":"polyplet-right-5"},{"id":126,"image":"assets/pieces/S1.png","imageheight":20,"imagewidth":30,"type":"S1"},{"id":127,"image":"assets/pieces/S2.png","imageheight":30,"imagewidth":20,"type":"S2"},{"id":128,"image":"assets/pieces/T1.png","imageheight":20,"imagewidth":30,"type":"T1"},{"id":129,"image":"assets/pieces/T2.png","imageheight":30,"imagewidth":20,"type":"T2"},{"id":130,"image":"assets/pieces/T3.png","imageheight":20,"imagewidth":30,"type":"T3"},{"id":131,"image":"assets/pieces/T4.png","imageheight":30,"imagewidth":20,"type":"T4"},{"id":132,"image":"assets/pieces/TT1.png","imageheight":30,"imagewidth":30,"type":"TT1"},{"id":133,"image":"assets/pieces/TT2.png","imageheight":30,"imagewidth":30,"type":"TT2"},{"id":134,"image":"assets/pieces/TT3.png","imageheight":30,"imagewidth":30,"type":"TT3"},{"id":135,"image":"assets/pieces/TT4.png","imageheight":30,"imagewidth":30,"type":"TT4"},{"id":136,"image":"assets/pieces/U1.png","imageheight":20,"imagewidth":30,"type":"U1"},{"id":137,"image":"assets/pieces/U2.png","imageheight":30,"imagewidth":20,"type":"U2"},{"id":138,"image":"assets/pieces/U3.png","imageheight":20,"imagewidth":30,"type":"U3"},{"id":139,"image":"assets/pieces/U4.png","imageheight":30,"imagewidth":20,"type":"U4"},{"id":140,"image":"assets/pieces/V1.png","imageheight":20,"imagewidth":20,"type":"V1"},{"id":141,"image":"assets/pieces/V2.png","imageheight":20,"imagewidth":20,"type":"V2"},{"id":142,"image":"assets/pieces/V3.png","imageheight":20,"imagewidth":20,"type":"V3"},{"id":143,"image":"assets/pieces/V4.png","imageheight":20,"imagewidth":20,"type":"V4"},{"id":144,"image":"assets/pieces/VV1.png","imageheight":30,"imagewidth":30,"type":"VV1"},{"id":145,"image":"assets/pieces/VV2.png","imageheight":30,"imagewidth":30,"type":"VV2"},{"id":146,"image":"assets/pieces/VV3.png","imageheight":30,"imagewidth":30,"type":"VV3"},{"id":147,"image":"assets/pieces/VV4.png","imageheight":30,"imagewidth":30,"type":"VV4"},{"id":148,"image":"assets/pieces/X.png","imageheight":30,"imagewidth":30,"type":"X"},{"id":149,"image":"assets/pieces/Z1.png","imageheight":20,"imagewidth":30,"type":"Z1"},{"id":150,"image":"assets/pieces/Z2.png","imageheight":30,"imagewidth":20,"type":"Z2"},{"id":10,"image":"assets/pieces/diamond-10.png","imageheight":10,"imagewidth":10,"type":"diamond-10"},{"id":11,"image":"assets/pieces/diamond-11.png","imageheight":10,"imagewidth":10,"type":"diamond-11"},{"id":12,"image":"assets/pieces/diamond-12.png","imageheight":10,"imagewidth":10,"type":"diamond-12"},{"id":13,"image":"assets/pieces/diamond-13.png","imageheight":10,"imagewidth":10,"type":"diamond-13"},{"id":14,"image":"assets/pieces/diamond-14.png","imageheight":10,"imagewidth":10,"type":"diamond-14"},{"id":15,"image":"assets/pieces/diamond-15.png","imageheight":10,"imagewidth":10,"type":"diamond-15"}],"tilewidth":50}],"tilewidth":10,"type":"map","version":"1.8","width":9}