{"compressionlevel":-1,"height":9,"infinite":false,"layers":[{"data":[0,0,0,0,0,0,0,0,0,0,0,0,0,0,0,0,0,0,0,0,0,0,0,14,0,0,0,0,0,0,0,0,0,16,0,0,0,11,11,11,14,0,16,0,0,0,0,0,0,0,0,16,0,0,0,0,0,0,0,14,0,0,0,0,0,0,0,0,0,0,0,0,0,0,0,0,0,0,0,0,0],"height":9,"id":1,"name":"map","opacity":1,"properties":[{"name":"segment1","propertytype":"segment","type":"class","value":{"avgScore":3.3,"piece1":"{min: 1, max: 10}","piece5":"{min: 1, max: 10}","pieceDistancePerGem":1,"score":100}}],"type":"tilelayer","visible":true,"width":9,"x":0,"y":0},{"draworder":"topdown","id":2,"name":"spawnOrder","objects":[{"gid":143,"height":20,"id":1121,"name":"V3","rotation":0,"type":"V3","visible":true,"width":20,"x":-17,"y":135},{"gid":115,"height":20,"id":1122,"name":"L2","rotation":0,"type":"L2","visible":true,"width":30,"x":35,"y":134},{"gid":109,"height":10,"id":1123,"name":"II5","properties":[{"name":"gem_id","type":"string","value":"15, 13, 10"},{"name":"gem_position","type":"string","value":"0, 1, 4"}],"rotation":0,"type":"II5","visible":true,"width":50,"x":83,"y":129},{"gid":142,"height":20,"id":1124,"name":"V2","properties":[{"name":"gem_id","type":"string","value":"13"},{"name":"gem_position","type":"string","value":"1"}],"rotation":0,"type":"V2","visible":true,"width":20,"x":-16,"y":188},{"gid":150,"height":20,"id":1125,"name":"Z1","rotation":0,"type":"Z1","visible":true,"width":30,"x":36,"y":188},{"gid":110,"height":30,"id":1126,"name":"J1","rotation":0,"type":"J1","visible":true,"width":20,"x":99,"y":193},{"gid":150,"height":20,"id":1127,"name":"Z1","rotation":0,"type":"Z1","visible":true,"width":30,"x":-22,"y":241},{"gid":116,"height":30,"id":1128,"name":"L3","properties":[{"name":"gem_id","type":"string","value":"10"},{"name":"gem_position","type":"string","value":"2"}],"rotation":0,"type":"L3","visible":true,"width":20,"x":41,"y":246},{"gid":107,"height":10,"id":1129,"name":"II3","rotation":0,"type":"II3","visible":true,"width":30,"x":94,"y":236},{"gid":127,"height":20,"id":1130,"name":"S1","rotation":0,"type":"S1","visible":true,"width":30,"x":-22,"y":295},{"gid":111,"height":20,"id":1131,"name":"J2","properties":[{"name":"gem_id","type":"string","value":"15, 13"},{"name":"gem_position","type":"string","value":"1, 2"}],"rotation":0,"type":"J2","visible":true,"width":30,"x":35,"y":295},{"gid":105,"height":50,"id":1132,"name":"I5","rotation":0,"type":"I5","visible":true,"width":10,"x":103,"y":310},{"gid":142,"height":20,"id":1133,"name":"V2","rotation":0,"type":"V2","visible":true,"width":20,"x":-17,"y":349},{"gid":129,"height":20,"id":1134,"name":"T1","rotation":0,"type":"T1","visible":true,"width":30,"x":36,"y":348},{"gid":149,"height":30,"id":1135,"name":"X","rotation":0,"type":"X","visible":true,"width":30,"x":93,"y":353},{"gid":149,"height":30,"id":1136,"name":"X","properties":[{"name":"gem_id","type":"string","value":"10, 15"},{"name":"gem_position","type":"string","value":"0, 3"}],"rotation":0,"type":"X","visible":true,"width":30,"x":-22,"y":408},{"gid":151,"height":30,"id":1137,"name":"Z2","properties":[{"name":"gem_id","type":"string","value":"15"},{"name":"gem_position","type":"string","value":"2"}],"rotation":0,"type":"Z2","visible":true,"width":20,"x":41,"y":408},{"gid":141,"height":20,"id":1138,"name":"V1","rotation":0,"type":"V1","visible":true,"width":20,"x":98,"y":402},{"gid":110,"height":30,"id":1139,"name":"J1","rotation":0,"type":"J1","visible":true,"width":20,"x":-17,"y":461},{"gid":132,"height":30,"id":1140,"name":"T4","properties":[{"name":"gem_id","type":"string","value":"10"},{"name":"gem_position","type":"string","value":"1"}],"rotation":0,"type":"T4","visible":true,"width":20,"x":41,"y":461},{"gid":149,"height":30,"id":1141,"name":"X","rotation":0,"type":"X","visible":true,"width":30,"x":94,"y":461},{"gid":136,"height":30,"id":1142,"name":"TT4","rotation":0,"type":"TT4","visible":true,"width":30,"x":-22,"y":514},{"gid":115,"height":20,"id":1143,"name":"L2","rotation":0,"type":"L2","visible":true,"width":30,"x":35,"y":510},{"gid":118,"height":20,"id":1144,"name":"O","rotation":0,"type":"O","visible":true,"width":20,"x":98,"y":510},{"gid":113,"height":20,"id":1145,"name":"J4","rotation":0,"type":"J4","visible":true,"width":30,"x":-21,"y":564},{"gid":133,"height":30,"id":1146,"name":"TT1","rotation":0,"type":"TT1","visible":true,"width":30,"x":36,"y":568},{"gid":103,"height":30,"id":1147,"name":"I3","properties":[{"name":"gem_id","type":"string","value":"13"},{"name":"gem_position","type":"string","value":"1"}],"rotation":0,"type":"I3","visible":true,"width":10,"x":103,"y":568},{"gid":106,"height":10,"id":1148,"name":"II2","rotation":0,"type":"II2","visible":true,"width":20,"x":-16,"y":613},{"gid":148,"height":30,"id":1149,"name":"VV4","rotation":0,"type":"VV4","visible":true,"width":30,"x":36,"y":622},{"gid":130,"height":30,"id":1150,"name":"T2","rotation":0,"type":"T2","visible":true,"width":20,"x":98,"y":622},{"gid":103,"height":30,"id":1151,"name":"I3","rotation":0,"type":"I3","visible":true,"width":10,"x":-11,"y":676},{"gid":123,"height":20,"id":1152,"name":"polyplet-right-2","rotation":0,"type":"polyplet-right-2","visible":true,"width":20,"x":40,"y":670},{"gid":132,"height":30,"id":1153,"name":"T4","rotation":0,"type":"T4","visible":true,"width":20,"x":98,"y":674},{"gid":109,"height":10,"id":1154,"name":"II5","rotation":0,"type":"II5","visible":true,"width":50,"x":-32,"y":720},{"gid":110,"height":30,"id":1155,"name":"J1","rotation":0,"type":"J1","visible":true,"width":20,"x":41,"y":730},{"gid":118,"height":20,"id":1156,"name":"O","rotation":0,"type":"O","visible":true,"width":20,"x":98,"y":724},{"gid":120,"height":30,"id":1157,"name":"polyplet-left-3","rotation":0,"type":"polyplet-left-3","visible":true,"width":30,"x":-22,"y":784},{"gid":149,"height":30,"id":1158,"name":"X","rotation":0,"type":"X","visible":true,"width":30,"x":36,"y":783},{"gid":137,"height":20,"id":1159,"name":"U1","rotation":0,"type":"U1","visible":true,"width":30,"x":93,"y":778},{"gid":145,"height":30,"id":1160,"name":"VV1","rotation":0,"type":"VV1","visible":true,"width":30,"x":-22,"y":837},{"gid":117,"height":20,"id":1161,"name":"L4","rotation":0,"type":"L4","visible":true,"width":30,"x":36,"y":831},{"gid":150,"height":20,"id":1162,"name":"Z1","rotation":0,"type":"Z1","visible":true,"width":30,"x":93,"y":832},{"gid":124,"height":30,"id":1163,"name":"polyplet-right-3","properties":[{"name":"gem_id","type":"string","value":"15"},{"name":"gem_position","type":"string","value":"1"}],"rotation":0,"type":"polyplet-right-3","visible":true,"width":30,"x":-22,"y":890},{"gid":128,"height":30,"id":1164,"name":"S2","rotation":0,"type":"S2","visible":true,"width":20,"x":40,"y":891},{"gid":132,"height":30,"id":1165,"name":"T4","rotation":0,"type":"T4","visible":true,"width":20,"x":98,"y":891},{"gid":136,"height":30,"id":1166,"name":"TT4","rotation":0,"type":"TT4","visible":true,"width":30,"x":-22,"y":944},{"gid":145,"height":30,"id":1167,"name":"VV1","rotation":0,"type":"VV1","visible":true,"width":30,"x":35,"y":944},{"gid":139,"height":20,"id":1168,"name":"U3","rotation":0,"type":"U3","visible":true,"width":30,"x":93,"y":939},{"gid":146,"height":30,"id":1169,"name":"VV2","rotation":0,"type":"VV2","visible":true,"width":30,"x":-22,"y":998},{"gid":127,"height":20,"id":1170,"name":"S1","rotation":0,"type":"S1","visible":true,"width":30,"x":35,"y":993},{"gid":129,"height":20,"id":1171,"name":"T1","properties":[{"name":"gem_id","type":"string","value":"10, 13"},{"name":"gem_position","type":"string","value":"2, 1"}],"rotation":0,"type":"T1","visible":true,"width":30,"x":93,"y":993},{"gid":118,"height":20,"id":1172,"name":"O","rotation":0,"type":"O","visible":true,"width":20,"x":-17,"y":1046},{"gid":140,"height":30,"id":1173,"name":"U4","rotation":0,"type":"U4","visible":true,"width":20,"x":41,"y":1052},{"gid":150,"height":20,"id":1174,"name":"Z1","rotation":0,"type":"Z1","visible":true,"width":30,"x":93,"y":1046},{"gid":123,"height":20,"id":1175,"name":"polyplet-right-2","rotation":0,"type":"polyplet-right-2","visible":true,"width":20,"x":-17,"y":1101},{"gid":132,"height":30,"id":1176,"name":"T4","rotation":0,"type":"T4","visible":true,"width":20,"x":41,"y":1104},{"gid":110,"height":30,"id":1177,"name":"J1","rotation":0,"type":"J1","visible":true,"width":20,"x":98,"y":1106},{"gid":106,"height":10,"id":1178,"name":"II2","rotation":0,"type":"II2","visible":true,"width":20,"x":-17,"y":1149},{"gid":143,"height":20,"id":1179,"name":"V3","rotation":0,"type":"V3","visible":true,"width":20,"x":40,"y":1155},{"gid":124,"height":30,"id":1180,"name":"polyplet-right-3","rotation":0,"type":"polyplet-right-3","visible":true,"width":30,"x":93,"y":1158},{"gid":105,"height":50,"id":1181,"name":"I5","rotation":0,"type":"I5","visible":true,"width":10,"x":-12,"y":1222},{"gid":144,"height":20,"id":1182,"name":"V4","rotation":0,"type":"V4","visible":true,"width":20,"x":41,"y":1208},{"gid":108,"height":10,"id":1183,"name":"II4","rotation":0,"type":"II4","visible":true,"width":40,"x":88,"y":1202},{"gid":109,"height":10,"id":1184,"name":"II5","rotation":0,"type":"II5","visible":true,"width":50,"x":-32,"y":1256},{"gid":111,"height":20,"id":1185,"name":"J2","rotation":0,"type":"J2","visible":true,"width":30,"x":36,"y":1261},{"gid":136,"height":30,"id":1186,"name":"TT4","rotation":0,"type":"TT4","visible":true,"width":30,"x":93,"y":1266}],"opacity":1,"type":"objectgroup","visible":true,"x":0,"y":0}],"nextlayerid":12,"nextobjectid":1958,"orientation":"orthogonal","properties":[{"name":"target","type":"string","value":"{13: 6, 10: 6, 15: 6}"},{"name":"typeLevel","type":"string","value":"collect"}],"renderorder":"right-down","tiledversion":"1.8.5","tileheight":10,"tilesets":[{"columns":0,"firstgid":1,"grid":{"height":1,"orientation":"orthogonal","width":1},"margin":0,"name":"Pieces","spacing":0,"tilecount":57,"tileheight":50,"tiles":[{"id":1,"image":"assets/pieces/1.png","imageheight":10,"imagewidth":10,"type":"1"},{"id":101,"image":"assets/pieces/I2.png","imageheight":20,"imagewidth":10,"type":"I2"},{"id":102,"image":"assets/pieces/I3.png","imageheight":30,"imagewidth":10,"type":"I3"},{"id":103,"image":"assets/pieces/I4.png","imageheight":40,"imagewidth":10,"type":"I4"},{"id":104,"image":"assets/pieces/I5.png","imageheight":50,"imagewidth":10,"type":"I5"},{"id":105,"image":"assets/pieces/II2.png","imageheight":10,"imagewidth":20,"type":"II2"},{"id":106,"image":"assets/pieces/II3.png","imageheight":10,"imagewidth":30,"type":"II3"},{"id":107,"image":"assets/pieces/II4.png","imageheight":10,"imagewidth":40,"type":"II4"},{"id":108,"image":"assets/pieces/II5.png","imageheight":10,"imagewidth":50,"type":"II5"},{"id":109,"image":"assets/pieces/J1.png","imageheight":30,"imagewidth":20,"type":"J1"},{"id":110,"image":"assets/pieces/J2.png","imageheight":20,"imagewidth":30,"type":"J2"},{"id":111,"image":"assets/pieces/J3.png","imageheight":30,"imagewidth":20,"type":"J3"},{"id":112,"image":"assets/pieces/J4.png","imageheight":20,"imagewidth":30,"type":"J4"},{"id":113,"image":"assets/pieces/L1.png","imageheight":30,"imagewidth":20,"type":"L1"},{"id":114,"image":"assets/pieces/L2.png","imageheight":20,"imagewidth":30,"type":"L2"},{"id":115,"image":"assets/pieces/L3.png","imageheight":30,"imagewidth":20,"type":"L3"},{"id":116,"image":"assets/pieces/L4.png","imageheight":20,"imagewidth":30,"type":"L4"},{"id":117,"image":"assets/pieces/O.png","imageheight":20,"imagewidth":20,"type":"O"},{"id":118,"image":"assets/pieces/polyplet-left-2.png","imageheight":20,"imagewidth":20,"type":"polyplet-left-2"},{"id":119,"image":"assets/pieces/polyplet-left-3.png","imageheight":30,"imagewidth":30,"type":"polyplet-left-3"},{"id":120,"image":"assets/pieces/polyplet-left-4.png","imageheight":40,"imagewidth":40,"type":"polyplet-left-4"},{"id":121,"image":"assets/pieces/polyplet-left-5.png","imageheight":50,"imagewidth":50,"type":"polyplet-left-5"},{"id":122,"image":"assets/pieces/polyplet-right-2.png","imageheight":20,"imagewidth":20,"type":"polyplet-right-2"},{"id":123,"image":"assets/pieces/polyplet-right-3.png","imageheight":30,"imagewidth":30,"type":"polyplet-right-3"},{"id":124,"image":"assets/pieces/polyplet-right-4.png","imageheight":40,"imagewidth":40,"type":"polyplet-right-4"},{"id":125,"image":"assets/pieces/polyplet-right-5.png","imageheight":50,"imagewidth":50,"type":"polyplet-right-5"},{"id":126,"image":"assets/pieces/S1.png","imageheight":20,"imagewidth":30,"type":"S1"},{"id":127,"image":"assets/pieces/S2.png","imageheight":30,"imagewidth":20,"type":"S2"},{"id":128,"image":"assets/pieces/T1.png","imageheight":20,"imagewidth":30,"type":"T1"},{"id":129,"image":"assets/pieces/T2.png","imageheight":30,"imagewidth":20,"type":"T2"},{"id":130,"image":"assets/pieces/T3.png","imageheight":20,"imagewidth":30,"type":"T3"},{"id":131,"image":"assets/pieces/T4.png","imageheight":30,"imagewidth":20,"type":"T4"},{"id":132,"image":"assets/pieces/TT1.png","imageheight":30,"imagewidth":30,"type":"TT1"},{"id":133,"image":"assets/pieces/TT2.png","imageheight":30,"imagewidth":30,"type":"TT2"},{"id":134,"image":"assets/pieces/TT3.png","imageheight":30,"imagewidth":30,"type":"TT3"},{"id":135,"image":"assets/pieces/TT4.png","imageheight":30,"imagewidth":30,"type":"TT4"},{"id":136,"image":"assets/pieces/U1.png","imageheight":20,"imagewidth":30,"type":"U1"},{"id":137,"image":"assets/pieces/U2.png","imageheight":30,"imagewidth":20,"type":"U2"},{"id":138,"image":"assets/pieces/U3.png","imageheight":20,"imagewidth":30,"type":"U3"},{"id":139,"image":"assets/pieces/U4.png","imageheight":30,"imagewidth":20,"type":"U4"},{"id":140,"image":"assets/pieces/V1.png","imageheight":20,"imagewidth":20,"type":"V1"},{"id":141,"image":"assets/pieces/V2.png","imageheight":20,"imagewidth":20,"type":"V2"},{"id":142,"image":"assets/pieces/V3.png","imageheight":20,"imagewidth":20,"type":"V3"},{"id":143,"image":"assets/pieces/V4.png","imageheight":20,"imagewidth":20,"type":"V4"},{"id":144,"image":"assets/pieces/VV1.png","imageheight":30,"imagewidth":30,"type":"VV1"},{"id":145,"image":"assets/pieces/VV2.png","imageheight":30,"imagewidth":30,"type":"VV2"},{"id":146,"image":"assets/pieces/VV3.png","imageheight":30,"imagewidth":30,"type":"VV3"},{"id":147,"image":"assets/pieces/VV4.png","imageheight":30,"imagewidth":30,"type":"VV4"},{"id":148,"image":"assets/pieces/X.png","imageheight":30,"imagewidth":30,"type":"X"},{"id":149,"image":"assets/pieces/Z1.png","imageheight":20,"imagewidth":30,"type":"Z1"},{"id":150,"image":"assets/pieces/Z2.png","imageheight":30,"imagewidth":20,"type":"Z2"},{"id":10,"image":"assets/pieces/diamond-10.png","imageheight":10,"imagewidth":10,"type":"diamond-10"},{"id":11,"image":"assets/pieces/diamond-11.png","imageheight":10,"imagewidth":10,"type":"diamond-11"},{"id":12,"image":"assets/pieces/diamond-12.png","imageheight":10,"imagewidth":10,"type":"diamond-12"},{"id":13,"image":"assets/pieces/diamond-13.png","imageheight":10,"imagewidth":10,"type":"diamond-13"},{"id":14,"image":"assets/pieces/diamond-14.png","imageheight":10,"imagewidth":10,"type":"diamond-14"},{"id":15,"image":"assets/pieces/diamond-15.png","imageheight":10,"imagewidth":10,"type":"diamond-15"}],"tilewidth":50}],"tilewidth":10,"type":"map","version":"1.8","width":9}