{"compressionlevel":-1,"height":9,"infinite":false,"layers":[{"data":[12,12,12,12,0,12,12,0,12,0,0,0,0,0,0,12,0,0,12,0,12,0,0,0,12,0,12,12,0,0,12,0,12,0,0,12,0,12,0,0,16,0,0,12,0,12,0,0,12,0,12,0,0,12,12,0,12,0,0,0,12,0,12,0,0,12,0,0,0,0,0,0,12,0,12,12,0,12,12,12,12],"height":9,"id":1,"name":"map","opacity":1,"properties":[{"name":"segment1","propertytype":"segment","type":"class","value":{"avgScore":3.6,"piece1":"{min: 1, max: 3}","piece5":"{min: 2, max: 10}","pieceDistancePerGem":0,"score":100}}],"type":"tilelayer","visible":true,"width":9,"x":0,"y":0},{"draworder":"topdown","id":2,"name":"spawnOrder","objects":[{"gid":143,"height":20,"id":2102,"name":"V3","rotation":0,"type":"V3","visible":true,"width":20,"x":-40,"y":121},{"gid":106,"height":10,"id":2103,"name":"II2","rotation":0,"type":"II2","visible":true,"width":20,"x":35,"y":119},{"gid":131,"height":20,"id":2104,"name":"T3","rotation":0,"type":"T3","visible":true,"width":30,"x":110,"y":124},{"gid":109,"height":10,"id":2105,"name":"II5","properties":[{"name":"gem_id","type":"string","value":"11"},{"name":"gem_position","type":"string","value":"2"}],"rotation":0,"type":"II5","visible":true,"width":50,"x":-40,"y":148},{"gid":143,"height":20,"id":2106,"name":"V3","properties":[{"name":"gem_id","type":"string","value":"11"},{"name":"gem_position","type":"string","value":"2"}],"rotation":0,"type":"V3","visible":true,"width":20,"x":35,"y":153},{"gid":107,"height":10,"id":2107,"name":"II3","rotation":0,"type":"II3","visible":true,"width":30,"x":110,"y":147},{"gid":146,"height":30,"id":2108,"name":"VV2","rotation":0,"type":"VV2","visible":true,"width":30,"x":-40,"y":192},{"gid":142,"height":20,"id":2109,"name":"V2","rotation":0,"type":"V2","visible":true,"width":20,"x":35,"y":188},{"gid":150,"height":20,"id":2110,"name":"Z1","rotation":0,"type":"Z1","visible":true,"width":30,"x":110,"y":188},{"gid":141,"height":20,"id":2111,"name":"V1","rotation":0,"type":"V1","visible":true,"width":20,"x":-40,"y":224},{"gid":2,"height":10,"id":2112,"name":"1","rotation":0,"type":"1","visible":true,"width":10,"x":35,"y":216},{"gid":107,"height":10,"id":2113,"name":"II3","rotation":0,"type":"II3","visible":true,"width":30,"x":110,"y":217},{"gid":143,"height":20,"id":2114,"name":"V3","rotation":0,"type":"V3","visible":true,"width":20,"x":-40,"y":259},{"gid":118,"height":20,"id":2115,"name":"O","rotation":0,"type":"O","visible":true,"width":20,"x":35,"y":261},{"gid":149,"height":30,"id":2116,"name":"X","rotation":0,"type":"X","visible":true,"width":30,"x":110,"y":260},{"gid":113,"height":20,"id":2117,"name":"J4","rotation":0,"type":"J4","visible":true,"width":30,"x":-40,"y":297},{"gid":118,"height":20,"id":2118,"name":"O","rotation":0,"type":"O","visible":true,"width":20,"x":35,"y":293},{"gid":149,"height":30,"id":2119,"name":"X","rotation":0,"type":"X","visible":true,"width":30,"x":110,"y":298},{"gid":109,"height":10,"id":2120,"name":"II5","rotation":0,"type":"II5","visible":true,"width":50,"x":-40,"y":333},{"gid":130,"height":30,"id":2121,"name":"T2","properties":[{"name":"gem_id","type":"string","value":"11"},{"name":"gem_position","type":"string","value":"3"}],"rotation":0,"type":"T2","visible":true,"width":20,"x":35,"y":343},{"gid":148,"height":30,"id":2122,"name":"VV4","properties":[{"name":"gem_id","type":"string","value":"11"},{"name":"gem_position","type":"string","value":"3"}],"rotation":0,"type":"VV4","visible":true,"width":30,"x":110,"y":341},{"gid":130,"height":30,"id":2123,"name":"T2","rotation":0,"type":"T2","visible":true,"width":20,"x":-40,"y":381},{"gid":108,"height":10,"id":2124,"name":"II4","rotation":0,"type":"II4","visible":true,"width":40,"x":35,"y":375},{"gid":134,"height":30,"id":2125,"name":"TT2","rotation":0,"type":"TT2","visible":true,"width":30,"x":110,"y":384},{"gid":103,"height":30,"id":2126,"name":"I3","rotation":0,"type":"I3","visible":true,"width":10,"x":-40,"y":428},{"gid":150,"height":20,"id":2127,"name":"Z1","rotation":0,"type":"Z1","visible":true,"width":30,"x":35,"y":424},{"gid":140,"height":30,"id":2128,"name":"U4","rotation":0,"type":"U4","visible":true,"width":20,"x":110,"y":425},{"gid":120,"height":30,"id":2129,"name":"polyplet-left-3","rotation":0,"type":"polyplet-left-3","visible":true,"width":30,"x":-40,"y":472},{"gid":145,"height":30,"id":2130,"name":"VV1","rotation":0,"type":"VV1","visible":true,"width":30,"x":35,"y":471},{"gid":127,"height":20,"id":2131,"name":"S1","rotation":0,"type":"S1","visible":true,"width":30,"x":110,"y":465},{"gid":145,"height":30,"id":2132,"name":"VV1","properties":[{"name":"gem_id","type":"string","value":"11"},{"name":"gem_position","type":"string","value":"0"}],"rotation":0,"type":"VV1","visible":true,"width":30,"x":-40,"y":514},{"gid":124,"height":30,"id":2133,"name":"polyplet-right-3","properties":[{"name":"gem_id","type":"string","value":"11"},{"name":"gem_position","type":"string","value":"0"}],"rotation":0,"type":"polyplet-right-3","visible":true,"width":30,"x":35,"y":513},{"gid":151,"height":30,"id":2134,"name":"Z2","rotation":0,"type":"Z2","visible":true,"width":20,"x":110,"y":513},{"gid":113,"height":20,"id":2135,"name":"J4","rotation":0,"type":"J4","visible":true,"width":30,"x":-40,"y":559},{"gid":149,"height":30,"id":2136,"name":"X","rotation":0,"type":"X","visible":true,"width":30,"x":35,"y":562},{"gid":104,"height":40,"id":2137,"name":"I4","rotation":0,"type":"I4","visible":true,"width":10,"x":110,"y":572},{"gid":128,"height":30,"id":2138,"name":"S2","rotation":0,"type":"S2","visible":true,"width":20,"x":-40,"y":617},{"gid":109,"height":10,"id":2139,"name":"II5","rotation":0,"type":"II5","visible":true,"width":50,"x":35,"y":608},{"gid":136,"height":30,"id":2140,"name":"TT4","rotation":0,"type":"TT4","visible":true,"width":30,"x":110,"y":617},{"gid":109,"height":10,"id":2141,"name":"II5","rotation":0,"type":"II5","visible":true,"width":50,"x":-40,"y":657},{"gid":134,"height":30,"id":2142,"name":"TT2","rotation":0,"type":"TT2","visible":true,"width":30,"x":35,"y":662},{"gid":148,"height":30,"id":2143,"name":"VV4","rotation":0,"type":"VV4","visible":true,"width":30,"x":110,"y":661},{"gid":108,"height":10,"id":2144,"name":"II4","rotation":0,"type":"II4","visible":true,"width":40,"x":-40,"y":693},{"gid":149,"height":30,"id":2145,"name":"X","rotation":0,"type":"X","visible":true,"width":30,"x":35,"y":701},{"gid":127,"height":20,"id":2146,"name":"S1","rotation":0,"type":"S1","visible":true,"width":30,"x":110,"y":696},{"gid":146,"height":30,"id":2147,"name":"VV2","rotation":0,"type":"VV2","visible":true,"width":30,"x":-40,"y":745},{"gid":118,"height":20,"id":2148,"name":"O","rotation":0,"type":"O","visible":true,"width":20,"x":35,"y":739},{"gid":150,"height":20,"id":2149,"name":"Z1","rotation":0,"type":"Z1","visible":true,"width":30,"x":110,"y":736},{"gid":116,"height":30,"id":2150,"name":"L3","rotation":0,"type":"L3","visible":true,"width":20,"x":-40,"y":789},{"gid":119,"height":20,"id":2151,"name":"polyplet-left-2","rotation":0,"type":"polyplet-left-2","visible":true,"width":20,"x":35,"y":781},{"gid":149,"height":30,"id":2152,"name":"X","rotation":0,"type":"X","visible":true,"width":30,"x":110,"y":784},{"gid":123,"height":20,"id":2153,"name":"polyplet-right-2","rotation":0,"type":"polyplet-right-2","visible":true,"width":20,"x":-40,"y":832},{"gid":109,"height":10,"id":2154,"name":"II5","rotation":0,"type":"II5","visible":true,"width":50,"x":26,"y":822},{"gid":113,"height":20,"id":2155,"name":"J4","rotation":0,"type":"J4","visible":true,"width":30,"x":110,"y":824},{"gid":2,"height":10,"id":2205,"name":"1","properties":[{"name":"gem_id","type":"string","value":"11"},{"name":"gem_position","type":"string","value":"0"}],"rotation":0,"type":"1","visible":true,"width":10,"x":-40,"y":867},{"gid":102,"height":20,"id":2206,"name":"I2","rotation":0,"type":"I2","visible":true,"width":10,"x":35,"y":871},{"gid":103,"height":30,"id":2207,"name":"I3","rotation":0,"type":"I3","visible":true,"width":10,"x":110,"y":875},{"gid":104,"height":40,"id":2208,"name":"I4","properties":[{"name":"gem_id","type":"string","value":"11"},{"name":"gem_position","type":"string","value":"1"}],"rotation":0,"type":"I4","visible":true,"width":10,"x":-40,"y":946},{"gid":105,"height":50,"id":2209,"name":"I5","rotation":0,"type":"I5","visible":true,"width":10,"x":35,"y":949},{"gid":106,"height":10,"id":2210,"name":"II2","rotation":0,"type":"II2","visible":true,"width":20,"x":110,"y":931},{"gid":107,"height":10,"id":2211,"name":"II3","rotation":0,"type":"II3","visible":true,"width":30,"x":-40,"y":1008},{"gid":108,"height":10,"id":2212,"name":"II4","rotation":0,"type":"II4","visible":true,"width":40,"x":35,"y":1008},{"gid":109,"height":10,"id":2213,"name":"II5","rotation":0,"type":"II5","visible":true,"width":50,"x":110,"y":1008},{"gid":110,"height":30,"id":2214,"name":"J1","rotation":0,"type":"J1","visible":true,"width":20,"x":-40,"y":1070},{"gid":111,"height":20,"id":2215,"name":"J2","rotation":0,"type":"J2","visible":true,"width":30,"x":35,"y":1065},{"gid":112,"height":30,"id":2216,"name":"J3","rotation":0,"type":"J3","visible":true,"width":20,"x":110,"y":1071},{"gid":113,"height":20,"id":2217,"name":"J4","rotation":0,"type":"J4","visible":true,"width":30,"x":-40,"y":1148},{"gid":114,"height":30,"id":2218,"name":"L1","rotation":0,"type":"L1","visible":true,"width":20,"x":35,"y":1154},{"gid":115,"height":20,"id":2219,"name":"L2","rotation":0,"type":"L2","visible":true,"width":30,"x":110,"y":1148},{"gid":116,"height":30,"id":2220,"name":"L3","rotation":0,"type":"L3","visible":true,"width":20,"x":-40,"y":1216},{"gid":117,"height":20,"id":2221,"name":"L4","rotation":0,"type":"L4","visible":true,"width":30,"x":35,"y":1207},{"gid":118,"height":20,"id":2222,"name":"O","rotation":0,"type":"O","visible":true,"width":20,"x":110,"y":1210},{"gid":119,"height":20,"id":2223,"name":"polyplet-left-2","rotation":0,"type":"polyplet-left-2","visible":true,"width":20,"x":-40,"y":1271},{"gid":120,"height":30,"id":2224,"name":"polyplet-left-3","rotation":0,"type":"polyplet-left-3","visible":true,"width":30,"x":35,"y":1274},{"gid":121,"height":40,"id":2225,"name":"polyplet-left-4","rotation":0,"type":"polyplet-left-4","visible":true,"width":40,"x":110,"y":1279},{"gid":123,"height":20,"id":2226,"name":"polyplet-right-2","rotation":0,"type":"polyplet-right-2","visible":true,"width":20,"x":-40,"y":1338},{"gid":124,"height":30,"id":2227,"name":"polyplet-right-3","rotation":0,"type":"polyplet-right-3","visible":true,"width":30,"x":35,"y":1349},{"gid":125,"height":40,"id":2228,"name":"polyplet-right-4","rotation":0,"type":"polyplet-right-4","visible":true,"width":40,"x":110,"y":1349},{"gid":127,"height":20,"id":2229,"name":"S1","rotation":0,"type":"S1","visible":true,"width":30,"x":-40,"y":1408},{"gid":128,"height":30,"id":2230,"name":"S2","rotation":0,"type":"S2","visible":true,"width":20,"x":35,"y":1410},{"gid":150,"height":20,"id":2231,"name":"Z1","rotation":0,"type":"Z1","visible":true,"width":30,"x":110,"y":1408},{"gid":151,"height":30,"id":2232,"name":"Z2","rotation":0,"type":"Z2","visible":true,"width":20,"x":-40,"y":1473},{"gid":129,"height":20,"id":2233,"name":"T1","rotation":0,"type":"T1","visible":true,"width":30,"x":35,"y":1469},{"gid":130,"height":30,"id":2234,"name":"T2","properties":[{"name":"gem_id","type":"string","value":"11"},{"name":"gem_position","type":"string","value":"2"}],"rotation":0,"type":"T2","visible":true,"width":20,"x":110,"y":1475},{"gid":131,"height":20,"id":2235,"name":"T3","rotation":0,"type":"T3","visible":true,"width":30,"x":-40,"y":1533},{"gid":132,"height":30,"id":2236,"name":"T4","rotation":0,"type":"T4","visible":true,"width":20,"x":35,"y":1537},{"gid":133,"height":30,"id":2237,"name":"TT1","rotation":0,"type":"TT1","visible":true,"width":30,"x":110,"y":1537},{"gid":134,"height":30,"id":2238,"name":"TT2","rotation":0,"type":"TT2","visible":true,"width":30,"x":-40,"y":1600},{"gid":135,"height":30,"id":2239,"name":"TT3","rotation":0,"type":"TT3","visible":true,"width":30,"x":35,"y":1599},{"gid":136,"height":30,"id":2240,"name":"TT4","rotation":0,"type":"TT4","visible":true,"width":30,"x":110,"y":1599},{"gid":137,"height":20,"id":2241,"name":"U1","rotation":0,"type":"U1","visible":true,"width":30,"x":-40,"y":1656},{"gid":138,"height":30,"id":2242,"name":"U2","rotation":0,"type":"U2","visible":true,"width":20,"x":35,"y":1661},{"gid":139,"height":20,"id":2243,"name":"U3","rotation":0,"type":"U3","visible":true,"width":30,"x":110,"y":1656},{"gid":140,"height":30,"id":2244,"name":"U4","rotation":0,"type":"U4","visible":true,"width":20,"x":-40,"y":1718},{"gid":141,"height":20,"id":2245,"name":"V1","rotation":0,"type":"V1","visible":true,"width":20,"x":35,"y":1712},{"gid":142,"height":20,"id":2246,"name":"V2","rotation":0,"type":"V2","visible":true,"width":20,"x":110,"y":1711},{"gid":143,"height":20,"id":2247,"name":"V3","rotation":0,"type":"V3","visible":true,"width":20,"x":-40,"y":1766},{"gid":144,"height":20,"id":2248,"name":"V4","rotation":0,"type":"V4","visible":true,"width":20,"x":35,"y":1766},{"gid":145,"height":30,"id":2249,"name":"VV1","rotation":0,"type":"VV1","visible":true,"width":30,"x":110,"y":1769},{"gid":146,"height":30,"id":2250,"name":"VV2","rotation":0,"type":"VV2","visible":true,"width":30,"x":-40,"y":1829},{"gid":147,"height":30,"id":2251,"name":"VV3","rotation":0,"type":"VV3","visible":true,"width":30,"x":35,"y":1829},{"gid":148,"height":30,"id":2252,"name":"VV4","rotation":0,"type":"VV4","visible":true,"width":30,"x":110,"y":1831},{"gid":149,"height":30,"id":2253,"name":"X","rotation":0,"type":"X","visible":true,"width":30,"x":-40,"y":1891}],"opacity":1,"type":"objectgroup","visible":true,"x":0,"y":0}],"nextlayerid":12,"nextobjectid":2254,"orientation":"orthogonal","properties":[{"name":"target","type":"string","value":"{15: 1}"},{"name":"typeLevel","type":"string","value":"collect"}],"renderorder":"right-down","tiledversion":"1.8.5","tileheight":10,"tilesets":[{"columns":0,"firstgid":1,"grid":{"height":1,"orientation":"orthogonal","width":1},"margin":0,"name":"Pieces","spacing":0,"tilecount":57,"tileheight":50,"tiles":[{"id":1,"image":"assets/pieces/1.png","imageheight":10,"imagewidth":10,"type":"1"},{"id":101,"image":"assets/pieces/I2.png","imageheight":20,"imagewidth":10,"type":"I2"},{"id":102,"image":"assets/pieces/I3.png","imageheight":30,"imagewidth":10,"type":"I3"},{"id":103,"image":"assets/pieces/I4.png","imageheight":40,"imagewidth":10,"type":"I4"},{"id":104,"image":"assets/pieces/I5.png","imageheight":50,"imagewidth":10,"type":"I5"},{"id":105,"image":"assets/pieces/II2.png","imageheight":10,"imagewidth":20,"type":"II2"},{"id":106,"image":"assets/pieces/II3.png","imageheight":10,"imagewidth":30,"type":"II3"},{"id":107,"image":"assets/pieces/II4.png","imageheight":10,"imagewidth":40,"type":"II4"},{"id":108,"image":"assets/pieces/II5.png","imageheight":10,"imagewidth":50,"type":"II5"},{"id":109,"image":"assets/pieces/J1.png","imageheight":30,"imagewidth":20,"type":"J1"},{"id":110,"image":"assets/pieces/J2.png","imageheight":20,"imagewidth":30,"type":"J2"},{"id":111,"image":"assets/pieces/J3.png","imageheight":30,"imagewidth":20,"type":"J3"},{"id":112,"image":"assets/pieces/J4.png","imageheight":20,"imagewidth":30,"type":"J4"},{"id":113,"image":"assets/pieces/L1.png","imageheight":30,"imagewidth":20,"type":"L1"},{"id":114,"image":"assets/pieces/L2.png","imageheight":20,"imagewidth":30,"type":"L2"},{"id":115,"image":"assets/pieces/L3.png","imageheight":30,"imagewidth":20,"type":"L3"},{"id":116,"image":"assets/pieces/L4.png","imageheight":20,"imagewidth":30,"type":"L4"},{"id":117,"image":"assets/pieces/O.png","imageheight":20,"imagewidth":20,"type":"O"},{"id":118,"image":"assets/pieces/polyplet-left-2.png","imageheight":20,"imagewidth":20,"type":"polyplet-left-2"},{"id":119,"image":"assets/pieces/polyplet-left-3.png","imageheight":30,"imagewidth":30,"type":"polyplet-left-3"},{"id":120,"image":"assets/pieces/polyplet-left-4.png","imageheight":40,"imagewidth":40,"type":"polyplet-left-4"},{"id":121,"image":"assets/pieces/polyplet-left-5.png","imageheight":50,"imagewidth":50,"type":"polyplet-left-5"},{"id":122,"image":"assets/pieces/polyplet-right-2.png","imageheight":20,"imagewidth":20,"type":"polyplet-right-2"},{"id":123,"image":"assets/pieces/polyplet-right-3.png","imageheight":30,"imagewidth":30,"type":"polyplet-right-3"},{"id":124,"image":"assets/pieces/polyplet-right-4.png","imageheight":40,"imagewidth":40,"type":"polyplet-right-4"},{"id":125,"image":"assets/pieces/polyplet-right-5.png","imageheight":50,"imagewidth":50,"type":"polyplet-right-5"},{"id":126,"image":"assets/pieces/S1.png","imageheight":20,"imagewidth":30,"type":"S1"},{"id":127,"image":"assets/pieces/S2.png","imageheight":30,"imagewidth":20,"type":"S2"},{"id":128,"image":"assets/pieces/T1.png","imageheight":20,"imagewidth":30,"type":"T1"},{"id":129,"image":"assets/pieces/T2.png","imageheight":30,"imagewidth":20,"type":"T2"},{"id":130,"image":"assets/pieces/T3.png","imageheight":20,"imagewidth":30,"type":"T3"},{"id":131,"image":"assets/pieces/T4.png","imageheight":30,"imagewidth":20,"type":"T4"},{"id":132,"image":"assets/pieces/TT1.png","imageheight":30,"imagewidth":30,"type":"TT1"},{"id":133,"image":"assets/pieces/TT2.png","imageheight":30,"imagewidth":30,"type":"TT2"},{"id":134,"image":"assets/pieces/TT3.png","imageheight":30,"imagewidth":30,"type":"TT3"},{"id":135,"image":"assets/pieces/TT4.png","imageheight":30,"imagewidth":30,"type":"TT4"},{"id":136,"image":"assets/pieces/U1.png","imageheight":20,"imagewidth":30,"type":"U1"},{"id":137,"image":"assets/pieces/U2.png","imageheight":30,"imagewidth":20,"type":"U2"},{"id":138,"image":"assets/pieces/U3.png","imageheight":20,"imagewidth":30,"type":"U3"},{"id":139,"image":"assets/pieces/U4.png","imageheight":30,"imagewidth":20,"type":"U4"},{"id":140,"image":"assets/pieces/V1.png","imageheight":20,"imagewidth":20,"type":"V1"},{"id":141,"image":"assets/pieces/V2.png","imageheight":20,"imagewidth":20,"type":"V2"},{"id":142,"image":"assets/pieces/V3.png","imageheight":20,"imagewidth":20,"type":"V3"},{"id":143,"image":"assets/pieces/V4.png","imageheight":20,"imagewidth":20,"type":"V4"},{"id":144,"image":"assets/pieces/VV1.png","imageheight":30,"imagewidth":30,"type":"VV1"},{"id":145,"image":"assets/pieces/VV2.png","imageheight":30,"imagewidth":30,"type":"VV2"},{"id":146,"image":"assets/pieces/VV3.png","imageheight":30,"imagewidth":30,"type":"VV3"},{"id":147,"image":"assets/pieces/VV4.png","imageheight":30,"imagewidth":30,"type":"VV4"},{"id":148,"image":"assets/pieces/X.png","imageheight":30,"imagewidth":30,"type":"X"},{"id":149,"image":"assets/pieces/Z1.png","imageheight":20,"imagewidth":30,"type":"Z1"},{"id":150,"image":"assets/pieces/Z2.png","imageheight":30,"imagewidth":20,"type":"Z2"},{"id":10,"image":"assets/pieces/diamond-10.png","imageheight":10,"imagewidth":10,"type":"diamond-10"},{"id":11,"image":"assets/pieces/diamond-11.png","imageheight":10,"imagewidth":10,"type":"diamond-11"},{"id":12,"image":"assets/pieces/diamond-12.png","imageheight":10,"imagewidth":10,"type":"diamond-12"},{"id":13,"image":"assets/pieces/diamond-13.png","imageheight":10,"imagewidth":10,"type":"diamond-13"},{"id":14,"image":"assets/pieces/diamond-14.png","imageheight":10,"imagewidth":10,"type":"diamond-14"},{"id":15,"image":"assets/pieces/diamond-15.png","imageheight":10,"imagewidth":10,"type":"diamond-15"}],"tilewidth":50}],"tilewidth":10,"type":"map","version":"1.8","width":9}