{"compressionlevel":-1,"height":9,"infinite":false,"layers":[{"data":[0,0,0,0,0,0,0,0,0,0,0,2,0,0,0,16,0,0,0,14,0,14,14,16,0,2,0,0,0,14,0,0,0,16,0,0,0,0,16,0,0,0,16,0,0,0,0,2,0,0,0,14,0,0,0,16,0,16,14,2,0,14,0,0,0,16,0,0,0,14,0,0,0,0,0,0,0,0,0,0,0],"height":9,"id":1,"name":"map","opacity":1,"properties":[{"name":"segment1","propertytype":"segment","type":"class","value":{"avgScore":3.5,"piece1":"{min: 1, max: 10}","piece5":"{min: 1, max: 10}","pieceDistancePerGem":1,"score":100}}],"type":"tilelayer","visible":true,"width":9,"x":0,"y":0},{"draworder":"topdown","id":2,"name":"spawnOrder","objects":[{"gid":109,"height":10,"id":1513,"name":"II5","rotation":0,"type":"II5","visible":true,"width":50,"x":-33,"y":131},{"gid":132,"height":30,"id":1514,"name":"T4","rotation":0,"type":"T4","visible":true,"width":20,"x":39,"y":140},{"gid":106,"height":10,"id":1515,"name":"II2","rotation":0,"type":"II2","visible":true,"width":20,"x":98,"y":131},{"gid":150,"height":20,"id":1516,"name":"Z1","rotation":0,"type":"Z1","visible":true,"width":30,"x":-24,"y":190},{"gid":109,"height":10,"id":1517,"name":"II5","rotation":0,"type":"II5","visible":true,"width":50,"x":25,"y":184},{"gid":145,"height":30,"id":1518,"name":"VV1","rotation":0,"type":"VV1","visible":true,"width":30,"x":92,"y":195},{"gid":151,"height":30,"id":1519,"name":"Z2","rotation":0,"type":"Z2","visible":true,"width":20,"x":-18,"y":248},{"gid":145,"height":30,"id":1520,"name":"VV1","rotation":0,"type":"VV1","visible":true,"width":30,"x":35,"y":249},{"gid":117,"height":20,"id":1521,"name":"L4","rotation":0,"type":"L4","visible":true,"width":30,"x":92,"y":243},{"gid":127,"height":20,"id":1522,"name":"S1","rotation":0,"type":"S1","visible":true,"width":30,"x":-22,"y":297},{"gid":108,"height":10,"id":1523,"name":"II4","rotation":0,"type":"II4","visible":true,"width":40,"x":29,"y":292},{"gid":142,"height":20,"id":1524,"name":"V2","rotation":0,"type":"V2","visible":true,"width":20,"x":96,"y":296},{"gid":107,"height":10,"id":1525,"name":"II3","rotation":0,"type":"II3","visible":true,"width":30,"x":-23,"y":346},{"gid":118,"height":20,"id":1526,"name":"O","rotation":0,"type":"O","visible":true,"width":20,"x":39,"y":351},{"gid":143,"height":20,"id":1527,"name":"V3","rotation":0,"type":"V3","visible":true,"width":20,"x":97,"y":351},{"gid":118,"height":20,"id":1528,"name":"O","rotation":0,"type":"O","visible":true,"width":20,"x":-18,"y":404},{"gid":144,"height":20,"id":1529,"name":"V4","rotation":0,"type":"V4","visible":true,"width":20,"x":39,"y":404},{"gid":129,"height":20,"id":1530,"name":"T1","rotation":0,"type":"T1","visible":true,"width":30,"x":92,"y":405},{"gid":149,"height":30,"id":1531,"name":"X","rotation":0,"type":"X","visible":true,"width":30,"x":-23,"y":463},{"gid":146,"height":30,"id":1532,"name":"VV2","rotation":0,"type":"VV2","visible":true,"width":30,"x":34,"y":462},{"gid":150,"height":20,"id":1533,"name":"Z1","rotation":0,"type":"Z1","visible":true,"width":30,"x":92,"y":457},{"gid":104,"height":40,"id":1534,"name":"I4","rotation":0,"type":"I4","visible":true,"width":10,"x":-13,"y":521},{"gid":107,"height":10,"id":1535,"name":"II3","rotation":0,"type":"II3","visible":true,"width":30,"x":35,"y":507},{"gid":116,"height":30,"id":1536,"name":"L3","rotation":0,"type":"L3","visible":true,"width":20,"x":97,"y":516},{"gid":146,"height":30,"id":1537,"name":"VV2","rotation":0,"type":"VV2","visible":true,"width":30,"x":-23,"y":570},{"gid":105,"height":50,"id":1538,"name":"I5","rotation":0,"type":"I5","visible":true,"width":10,"x":45,"y":579},{"gid":108,"height":10,"id":1539,"name":"II4","rotation":0,"type":"II4","visible":true,"width":40,"x":87,"y":560},{"gid":141,"height":20,"id":1540,"name":"V1","rotation":0,"type":"V1","visible":true,"width":20,"x":-19,"y":619},{"gid":140,"height":30,"id":1541,"name":"U4","rotation":0,"type":"U4","visible":true,"width":20,"x":39,"y":624},{"gid":118,"height":20,"id":1542,"name":"O","rotation":0,"type":"O","visible":true,"width":20,"x":97,"y":619},{"gid":117,"height":20,"id":1543,"name":"L4","rotation":0,"type":"L4","visible":true,"width":30,"x":-22,"y":673},{"gid":143,"height":20,"id":1544,"name":"V3","rotation":0,"type":"V3","visible":true,"width":20,"x":39,"y":673},{"gid":125,"height":40,"id":1545,"name":"polyplet-right-4","rotation":0,"type":"polyplet-right-4","visible":true,"width":40,"x":87,"y":683},{"gid":148,"height":30,"id":1546,"name":"VV4","rotation":0,"type":"VV4","visible":true,"width":30,"x":-22,"y":732},{"gid":124,"height":30,"id":1547,"name":"polyplet-right-3","rotation":0,"type":"polyplet-right-3","visible":true,"width":30,"x":36,"y":732},{"gid":108,"height":10,"id":1548,"name":"II4","rotation":0,"type":"II4","visible":true,"width":40,"x":87,"y":722},{"gid":143,"height":20,"id":1549,"name":"V3","rotation":0,"type":"V3","visible":true,"width":20,"x":-19,"y":780},{"gid":118,"height":20,"id":1550,"name":"O","rotation":0,"type":"O","visible":true,"width":20,"x":40,"y":781},{"gid":108,"height":10,"id":1551,"name":"II4","rotation":0,"type":"II4","visible":true,"width":40,"x":87,"y":774},{"gid":141,"height":20,"id":1552,"name":"V1","rotation":0,"type":"V1","visible":true,"width":20,"x":-17,"y":833},{"gid":127,"height":20,"id":1553,"name":"S1","rotation":0,"type":"S1","visible":true,"width":30,"x":36,"y":833},{"gid":113,"height":20,"id":1554,"name":"J4","rotation":0,"type":"J4","visible":true,"width":30,"x":92,"y":833},{"gid":128,"height":30,"id":1555,"name":"S2","rotation":0,"type":"S2","visible":true,"width":20,"x":-18,"y":892},{"gid":129,"height":20,"id":1556,"name":"T1","rotation":0,"type":"T1","visible":true,"width":30,"x":34,"y":886},{"gid":136,"height":30,"id":1557,"name":"TT4","rotation":0,"type":"TT4","visible":true,"width":30,"x":92,"y":892},{"gid":146,"height":30,"id":1558,"name":"VV2","rotation":0,"type":"VV2","visible":true,"width":30,"x":-22,"y":945},{"gid":149,"height":30,"id":1559,"name":"X","rotation":0,"type":"X","visible":true,"width":30,"x":34,"y":946},{"gid":108,"height":10,"id":1560,"name":"II4","rotation":0,"type":"II4","visible":true,"width":40,"x":87,"y":937},{"gid":123,"height":20,"id":1561,"name":"polyplet-right-2","rotation":0,"type":"polyplet-right-2","visible":true,"width":20,"x":-18,"y":995},{"gid":149,"height":30,"id":1562,"name":"X","rotation":0,"type":"X","visible":true,"width":30,"x":35,"y":1000},{"gid":133,"height":30,"id":1563,"name":"TT1","rotation":0,"type":"TT1","visible":true,"width":30,"x":92,"y":1000},{"gid":118,"height":20,"id":1564,"name":"O","rotation":0,"type":"O","visible":true,"width":20,"x":-19,"y":1049},{"gid":149,"height":30,"id":1565,"name":"X","rotation":0,"type":"X","visible":true,"width":30,"x":36,"y":1054},{"gid":143,"height":20,"id":1566,"name":"V3","rotation":0,"type":"V3","visible":true,"width":20,"x":96,"y":1048},{"gid":110,"height":30,"id":1567,"name":"J1","rotation":0,"type":"J1","visible":true,"width":20,"x":-17,"y":1106},{"gid":146,"height":30,"id":1568,"name":"VV2","rotation":0,"type":"VV2","visible":true,"width":30,"x":34,"y":1107},{"gid":109,"height":10,"id":1569,"name":"II5","rotation":0,"type":"II5","visible":true,"width":50,"x":82,"y":1096},{"gid":109,"height":10,"id":1570,"name":"II5","rotation":0,"type":"II5","visible":true,"width":50,"x":-32,"y":1151},{"gid":142,"height":20,"id":1571,"name":"V2","rotation":0,"type":"V2","visible":true,"width":20,"x":40,"y":1156},{"gid":120,"height":30,"id":1572,"name":"polyplet-left-3","rotation":0,"type":"polyplet-left-3","visible":true,"width":30,"x":92,"y":1161},{"gid":142,"height":20,"id":1573,"name":"V2","rotation":0,"type":"V2","visible":true,"width":20,"x":-18,"y":1209},{"gid":150,"height":20,"id":1574,"name":"Z1","rotation":0,"type":"Z1","visible":true,"width":30,"x":34,"y":1209},{"gid":118,"height":20,"id":1575,"name":"O","rotation":0,"type":"O","visible":true,"width":20,"x":96,"y":1209},{"gid":146,"height":30,"id":1576,"name":"VV2","rotation":0,"type":"VV2","visible":true,"width":30,"x":-22,"y":1268},{"gid":109,"height":10,"id":1577,"name":"II5","rotation":0,"type":"II5","visible":true,"width":50,"x":25,"y":1258},{"gid":123,"height":20,"id":1578,"name":"polyplet-right-2","rotation":0,"type":"polyplet-right-2","visible":true,"width":20,"x":97,"y":1263}],"opacity":1,"type":"objectgroup","visible":true,"x":0,"y":0}],"nextlayerid":12,"nextobjectid":1958,"orientation":"orthogonal","properties":[{"name":"target","type":"string","value":"{13: 5, 15: 5}"},{"name":"typeLevel","type":"string","value":"collect"}],"renderorder":"right-down","tiledversion":"1.8.5","tileheight":10,"tilesets":[{"columns":0,"firstgid":1,"grid":{"height":1,"orientation":"orthogonal","width":1},"margin":0,"name":"Pieces","spacing":0,"tilecount":57,"tileheight":50,"tiles":[{"id":1,"image":"assets/pieces/1.png","imageheight":10,"imagewidth":10,"type":"1"},{"id":101,"image":"assets/pieces/I2.png","imageheight":20,"imagewidth":10,"type":"I2"},{"id":102,"image":"assets/pieces/I3.png","imageheight":30,"imagewidth":10,"type":"I3"},{"id":103,"image":"assets/pieces/I4.png","imageheight":40,"imagewidth":10,"type":"I4"},{"id":104,"image":"assets/pieces/I5.png","imageheight":50,"imagewidth":10,"type":"I5"},{"id":105,"image":"assets/pieces/II2.png","imageheight":10,"imagewidth":20,"type":"II2"},{"id":106,"image":"assets/pieces/II3.png","imageheight":10,"imagewidth":30,"type":"II3"},{"id":107,"image":"assets/pieces/II4.png","imageheight":10,"imagewidth":40,"type":"II4"},{"id":108,"image":"assets/pieces/II5.png","imageheight":10,"imagewidth":50,"type":"II5"},{"id":109,"image":"assets/pieces/J1.png","imageheight":30,"imagewidth":20,"type":"J1"},{"id":110,"image":"assets/pieces/J2.png","imageheight":20,"imagewidth":30,"type":"J2"},{"id":111,"image":"assets/pieces/J3.png","imageheight":30,"imagewidth":20,"type":"J3"},{"id":112,"image":"assets/pieces/J4.png","imageheight":20,"imagewidth":30,"type":"J4"},{"id":113,"image":"assets/pieces/L1.png","imageheight":30,"imagewidth":20,"type":"L1"},{"id":114,"image":"assets/pieces/L2.png","imageheight":20,"imagewidth":30,"type":"L2"},{"id":115,"image":"assets/pieces/L3.png","imageheight":30,"imagewidth":20,"type":"L3"},{"id":116,"image":"assets/pieces/L4.png","imageheight":20,"imagewidth":30,"type":"L4"},{"id":117,"image":"assets/pieces/O.png","imageheight":20,"imagewidth":20,"type":"O"},{"id":118,"image":"assets/pieces/polyplet-left-2.png","imageheight":20,"imagewidth":20,"type":"polyplet-left-2"},{"id":119,"image":"assets/pieces/polyplet-left-3.png","imageheight":30,"imagewidth":30,"type":"polyplet-left-3"},{"id":120,"image":"assets/pieces/polyplet-left-4.png","imageheight":40,"imagewidth":40,"type":"polyplet-left-4"},{"id":121,"image":"assets/pieces/polyplet-left-5.png","imageheight":50,"imagewidth":50,"type":"polyplet-left-5"},{"id":122,"image":"assets/pieces/polyplet-right-2.png","imageheight":20,"imagewidth":20,"type":"polyplet-right-2"},{"id":123,"image":"assets/pieces/polyplet-right-3.png","imageheight":30,"imagewidth":30,"type":"polyplet-right-3"},{"id":124,"image":"assets/pieces/polyplet-right-4.png","imageheight":40,"imagewidth":40,"type":"polyplet-right-4"},{"id":125,"image":"assets/pieces/polyplet-right-5.png","imageheight":50,"imagewidth":50,"type":"polyplet-right-5"},{"id":126,"image":"assets/pieces/S1.png","imageheight":20,"imagewidth":30,"type":"S1"},{"id":127,"image":"assets/pieces/S2.png","imageheight":30,"imagewidth":20,"type":"S2"},{"id":128,"image":"assets/pieces/T1.png","imageheight":20,"imagewidth":30,"type":"T1"},{"id":129,"image":"assets/pieces/T2.png","imageheight":30,"imagewidth":20,"type":"T2"},{"id":130,"image":"assets/pieces/T3.png","imageheight":20,"imagewidth":30,"type":"T3"},{"id":131,"image":"assets/pieces/T4.png","imageheight":30,"imagewidth":20,"type":"T4"},{"id":132,"image":"assets/pieces/TT1.png","imageheight":30,"imagewidth":30,"type":"TT1"},{"id":133,"image":"assets/pieces/TT2.png","imageheight":30,"imagewidth":30,"type":"TT2"},{"id":134,"image":"assets/pieces/TT3.png","imageheight":30,"imagewidth":30,"type":"TT3"},{"id":135,"image":"assets/pieces/TT4.png","imageheight":30,"imagewidth":30,"type":"TT4"},{"id":136,"image":"assets/pieces/U1.png","imageheight":20,"imagewidth":30,"type":"U1"},{"id":137,"image":"assets/pieces/U2.png","imageheight":30,"imagewidth":20,"type":"U2"},{"id":138,"image":"assets/pieces/U3.png","imageheight":20,"imagewidth":30,"type":"U3"},{"id":139,"image":"assets/pieces/U4.png","imageheight":30,"imagewidth":20,"type":"U4"},{"id":140,"image":"assets/pieces/V1.png","imageheight":20,"imagewidth":20,"type":"V1"},{"id":141,"image":"assets/pieces/V2.png","imageheight":20,"imagewidth":20,"type":"V2"},{"id":142,"image":"assets/pieces/V3.png","imageheight":20,"imagewidth":20,"type":"V3"},{"id":143,"image":"assets/pieces/V4.png","imageheight":20,"imagewidth":20,"type":"V4"},{"id":144,"image":"assets/pieces/VV1.png","imageheight":30,"imagewidth":30,"type":"VV1"},{"id":145,"image":"assets/pieces/VV2.png","imageheight":30,"imagewidth":30,"type":"VV2"},{"id":146,"image":"assets/pieces/VV3.png","imageheight":30,"imagewidth":30,"type":"VV3"},{"id":147,"image":"assets/pieces/VV4.png","imageheight":30,"imagewidth":30,"type":"VV4"},{"id":148,"image":"assets/pieces/X.png","imageheight":30,"imagewidth":30,"type":"X"},{"id":149,"image":"assets/pieces/Z1.png","imageheight":20,"imagewidth":30,"type":"Z1"},{"id":150,"image":"assets/pieces/Z2.png","imageheight":30,"imagewidth":20,"type":"Z2"},{"id":10,"image":"assets/pieces/diamond-10.png","imageheight":10,"imagewidth":10,"type":"diamond-10"},{"id":11,"image":"assets/pieces/diamond-11.png","imageheight":10,"imagewidth":10,"type":"diamond-11"},{"id":12,"image":"assets/pieces/diamond-12.png","imageheight":10,"imagewidth":10,"type":"diamond-12"},{"id":13,"image":"assets/pieces/diamond-13.png","imageheight":10,"imagewidth":10,"type":"diamond-13"},{"id":14,"image":"assets/pieces/diamond-14.png","imageheight":10,"imagewidth":10,"type":"diamond-14"},{"id":15,"image":"assets/pieces/diamond-15.png","imageheight":10,"imagewidth":10,"type":"diamond-15"}],"tilewidth":50}],"tilewidth":10,"type":"map","version":"1.8","width":9}