{"compressionlevel":-1,"height":9,"infinite":false,"layers":[{"data":[0,0,0,0,0,0,0,0,0,0,0,0,0,0,0,0,0,0,0,0,0,0,0,0,0,0,0,0,0,0,12,11,12,0,0,0,0,0,0,11,0,11,0,0,0,0,0,0,12,11,12,0,0,0,0,0,0,0,0,0,0,0,0,0,0,0,0,0,0,0,0,0,0,0,0,0,0,0,0,0,0],"height":9,"id":1,"name":"map","opacity":1,"properties":[{"name":"segment1","propertytype":"segment","type":"class","value":{"avgScore":3.3,"piece1":"{min: 1, max: 10}","piece5":"{min: 1, max: 10}","pieceDistancePerGem":1,"score":100}}],"type":"tilelayer","visible":true,"width":9,"x":0,"y":0},{"draworder":"topdown","id":2,"name":"spawnOrder","objects":[{"gid":150,"height":20,"id":568,"name":"Z1","rotation":0,"type":"Z1","visible":true,"width":30,"x":-40,"y":143},{"gid":150,"height":20,"id":642,"name":"Z1","rotation":0,"type":"Z1","visible":true,"width":30,"x":-40,"y":143},{"gid":146,"height":30,"id":569,"name":"VV2","rotation":0,"type":"VV2","visible":true,"width":30,"x":35,"y":142},{"gid":146,"height":30,"id":641,"name":"VV2","rotation":0,"type":"VV2","visible":true,"width":30,"x":35,"y":142},{"gid":145,"height":30,"id":570,"name":"VV1","rotation":0,"type":"VV1","visible":true,"width":30,"x":110,"y":143},{"gid":145,"height":30,"id":640,"name":"VV1","properties":[{"name":"gem_id","type":"string","value":"10"},{"name":"gem_position","type":"string","value":"1"}],"rotation":0,"type":"VV1","visible":true,"width":30,"x":110,"y":143},{"gid":148,"height":30,"id":571,"name":"VV4","rotation":0,"type":"VV4","visible":true,"width":30,"x":-40,"y":205},{"gid":148,"height":30,"id":639,"name":"VV4","rotation":0,"type":"VV4","visible":true,"width":30,"x":-40,"y":205},{"gid":127,"height":20,"id":572,"name":"S1","rotation":0,"type":"S1","visible":true,"width":30,"x":35,"y":200},{"gid":127,"height":20,"id":638,"name":"S1","properties":[{"name":"gem_id","type":"string","value":"10, 11"},{"name":"gem_position","type":"string","value":"2, 1"}],"rotation":0,"type":"S1","visible":true,"width":30,"x":35,"y":200},{"gid":104,"height":40,"id":573,"name":"I4","rotation":0,"type":"I4","visible":true,"width":10,"x":110,"y":211},{"gid":104,"height":40,"id":637,"name":"I4","rotation":0,"type":"I4","visible":true,"width":10,"x":110,"y":211},{"gid":127,"height":20,"id":575,"name":"S1","rotation":0,"type":"S1","visible":true,"width":30,"x":-40,"y":259},{"gid":127,"height":20,"id":636,"name":"S1","rotation":0,"type":"S1","visible":true,"width":30,"x":-40,"y":259},{"gid":136,"height":30,"id":576,"name":"TT4","rotation":0,"type":"TT4","visible":true,"width":30,"x":35,"y":261},{"gid":136,"height":30,"id":635,"name":"TT4","rotation":0,"type":"TT4","visible":true,"width":30,"x":35,"y":261},{"gid":2,"height":10,"id":577,"name":"1","rotation":0,"type":"1","visible":true,"width":10,"x":110,"y":250},{"gid":2,"height":10,"id":634,"name":"1","properties":[{"name":"gem_id","type":"string","value":"10"},{"name":"gem_position","type":"string","value":"0"}],"rotation":0,"type":"1","visible":true,"width":10,"x":110,"y":250},{"gid":130,"height":30,"id":578,"name":"T2","rotation":0,"type":"T2","visible":true,"width":20,"x":-40,"y":320},{"gid":130,"height":30,"id":633,"name":"T2","properties":[{"name":"gem_id","type":"string","value":"10"},{"name":"gem_position","type":"string","value":"2"}],"rotation":0,"type":"T2","visible":true,"width":20,"x":-40,"y":320},{"gid":136,"height":30,"id":579,"name":"TT4","rotation":0,"type":"TT4","visible":true,"width":30,"x":35,"y":318},{"gid":136,"height":30,"id":632,"name":"TT4","rotation":0,"type":"TT4","visible":true,"width":30,"x":35,"y":318},{"gid":148,"height":30,"id":580,"name":"VV4","rotation":0,"type":"VV4","visible":true,"width":30,"x":110,"y":315},{"gid":148,"height":30,"id":631,"name":"VV4","properties":[{"name":"gem_id","type":"string","value":"11"},{"name":"gem_position","type":"string","value":"0"}],"rotation":0,"type":"VV4","visible":true,"width":30,"x":110,"y":315},{"gid":116,"height":30,"id":581,"name":"L3","rotation":0,"type":"L3","visible":true,"width":20,"x":-40,"y":376},{"gid":116,"height":30,"id":630,"name":"L3","rotation":0,"type":"L3","visible":true,"width":20,"x":-40,"y":376},{"gid":134,"height":30,"id":582,"name":"TT2","rotation":0,"type":"TT2","visible":true,"width":30,"x":35,"y":375},{"gid":134,"height":30,"id":629,"name":"TT2","rotation":0,"type":"TT2","visible":true,"width":30,"x":35,"y":375},{"gid":131,"height":20,"id":583,"name":"T3","rotation":0,"type":"T3","visible":true,"width":30,"x":110,"y":374},{"gid":131,"height":20,"id":628,"name":"T3","properties":[{"name":"gem_id","type":"string","value":"11"},{"name":"gem_position","type":"string","value":"3"}],"rotation":0,"type":"T3","visible":true,"width":30,"x":110,"y":374},{"gid":127,"height":20,"id":584,"name":"S1","rotation":0,"type":"S1","visible":true,"width":30,"x":-40,"y":423},{"gid":127,"height":20,"id":627,"name":"S1","rotation":0,"type":"S1","visible":true,"width":30,"x":-40,"y":423},{"gid":131,"height":20,"id":585,"name":"T3","rotation":0,"type":"T3","visible":true,"width":30,"x":35,"y":423},{"gid":131,"height":20,"id":626,"name":"T3","rotation":0,"type":"T3","visible":true,"width":30,"x":35,"y":423},{"gid":108,"height":10,"id":586,"name":"II4","rotation":0,"type":"II4","visible":true,"width":40,"x":110,"y":414},{"gid":108,"height":10,"id":625,"name":"II4","rotation":0,"type":"II4","visible":true,"width":40,"x":110,"y":414},{"gid":127,"height":20,"id":587,"name":"S1","rotation":0,"type":"S1","visible":true,"width":30,"x":-40,"y":472},{"gid":127,"height":20,"id":624,"name":"S1","rotation":0,"type":"S1","visible":true,"width":30,"x":-40,"y":472},{"gid":118,"height":20,"id":588,"name":"O","rotation":0,"type":"O","visible":true,"width":20,"x":35,"y":472},{"gid":118,"height":20,"id":623,"name":"O","properties":[{"name":"gem_id","type":"string","value":"11"},{"name":"gem_position","type":"string","value":"1"}],"rotation":0,"type":"O","visible":true,"width":20,"x":35,"y":472},{"gid":151,"height":30,"id":589,"name":"Z2","rotation":0,"type":"Z2","visible":true,"width":20,"x":110,"y":472},{"gid":151,"height":30,"id":622,"name":"Z2","rotation":0,"type":"Z2","visible":true,"width":20,"x":110,"y":472},{"gid":140,"height":30,"id":590,"name":"U4","rotation":0,"type":"U4","visible":true,"width":20,"x":-40,"y":534},{"gid":140,"height":30,"id":621,"name":"U4","rotation":0,"type":"U4","visible":true,"width":20,"x":-40,"y":534},{"gid":128,"height":30,"id":591,"name":"S2","rotation":0,"type":"S2","visible":true,"width":20,"x":35,"y":532},{"gid":128,"height":30,"id":620,"name":"S2","rotation":0,"type":"S2","visible":true,"width":20,"x":35,"y":532},{"gid":132,"height":30,"id":592,"name":"T4","rotation":0,"type":"T4","visible":true,"width":20,"x":110,"y":531},{"gid":132,"height":30,"id":619,"name":"T4","rotation":0,"type":"T4","visible":true,"width":20,"x":110,"y":531},{"gid":137,"height":20,"id":593,"name":"U1","rotation":0,"type":"U1","visible":true,"width":30,"x":-40,"y":586},{"gid":137,"height":20,"id":618,"name":"U1","rotation":0,"type":"U1","visible":true,"width":30,"x":-40,"y":586},{"gid":127,"height":20,"id":594,"name":"S1","rotation":0,"type":"S1","visible":true,"width":30,"x":35,"y":587},{"gid":127,"height":20,"id":617,"name":"S1","rotation":0,"type":"S1","visible":true,"width":30,"x":35,"y":587},{"gid":116,"height":30,"id":595,"name":"L3","rotation":0,"type":"L3","visible":true,"width":20,"x":110,"y":588},{"gid":116,"height":30,"id":616,"name":"L3","rotation":0,"type":"L3","visible":true,"width":20,"x":110,"y":588},{"gid":123,"height":20,"id":596,"name":"polyplet-right-2","rotation":0,"type":"polyplet-right-2","visible":true,"width":20,"x":-40,"y":634},{"gid":123,"height":20,"id":615,"name":"polyplet-right-2","rotation":0,"type":"polyplet-right-2","visible":true,"width":20,"x":-40,"y":634},{"gid":150,"height":20,"id":597,"name":"Z1","rotation":0,"type":"Z1","visible":true,"width":30,"x":35,"y":633},{"gid":150,"height":20,"id":614,"name":"Z1","rotation":0,"type":"Z1","visible":true,"width":30,"x":35,"y":633},{"gid":109,"height":10,"id":598,"name":"II5","rotation":0,"type":"II5","visible":true,"width":50,"x":110,"y":625},{"gid":109,"height":10,"id":613,"name":"II5","rotation":0,"type":"II5","visible":true,"width":50,"x":110,"y":625},{"gid":107,"height":10,"id":599,"name":"II3","rotation":0,"type":"II3","visible":true,"width":30,"x":-40,"y":674},{"gid":107,"height":10,"id":612,"name":"II3","rotation":0,"type":"II3","visible":true,"width":30,"x":-40,"y":674},{"gid":109,"height":10,"id":600,"name":"II5","rotation":0,"type":"II5","visible":true,"width":50,"x":35,"y":673},{"gid":109,"height":10,"id":611,"name":"II5","rotation":0,"type":"II5","visible":true,"width":50,"x":35,"y":673},{"gid":110,"height":30,"id":601,"name":"J1","rotation":0,"type":"J1","visible":true,"width":20,"x":110,"y":678},{"gid":110,"height":30,"id":610,"name":"J1","rotation":0,"type":"J1","visible":true,"width":20,"x":110,"y":678},{"gid":129,"height":20,"id":602,"name":"T1","rotation":0,"type":"T1","visible":true,"width":30,"x":-40,"y":720},{"gid":129,"height":20,"id":609,"name":"T1","rotation":0,"type":"T1","visible":true,"width":30,"x":-40,"y":720},{"gid":142,"height":20,"id":603,"name":"V2","rotation":0,"type":"V2","visible":true,"width":20,"x":35,"y":721},{"gid":142,"height":20,"id":608,"name":"V2","rotation":0,"type":"V2","visible":true,"width":20,"x":35,"y":721},{"gid":118,"height":20,"id":604,"name":"O","rotation":0,"type":"O","visible":true,"width":20,"x":110,"y":720},{"gid":118,"height":20,"id":607,"name":"O","rotation":0,"type":"O","visible":true,"width":20,"x":110,"y":720}],"opacity":1,"type":"objectgroup","visible":true,"x":0,"y":0},{"draworder":"topdown","id":11,"name":"Object Layer 2","objects":[{"gid":11,"height":10,"id":605,"name":"5","rotation":0,"type":"","visible":true,"width":10,"x":20,"y":-10},{"gid":12,"height":10,"id":606,"name":"5","rotation":0,"type":"","visible":true,"width":10,"x":60,"y":-10}],"opacity":1,"type":"objectgroup","visible":true,"x":0,"y":0}],"nextlayerid":12,"nextobjectid":643,"orientation":"orthogonal","properties":[{"name":"target","type":"string","value":"{10: 8, 11: 8}"},{"name":"typeLevel","type":"string","value":"collect"}],"renderorder":"right-down","tiledversion":"1.8.5","tileheight":10,"tilesets":[{"columns":0,"firstgid":1,"grid":{"height":1,"orientation":"orthogonal","width":1},"margin":0,"name":"Pieces","spacing":0,"tilecount":57,"tileheight":50,"tiles":[{"id":1,"image":"assets/pieces/1.png","imageheight":10,"imagewidth":10,"type":"1"},{"id":101,"image":"assets/pieces/I2.png","imageheight":20,"imagewidth":10,"type":"I2"},{"id":102,"image":"assets/pieces/I3.png","imageheight":30,"imagewidth":10,"type":"I3"},{"id":103,"image":"assets/pieces/I4.png","imageheight":40,"imagewidth":10,"type":"I4"},{"id":104,"image":"assets/pieces/I5.png","imageheight":50,"imagewidth":10,"type":"I5"},{"id":105,"image":"assets/pieces/II2.png","imageheight":10,"imagewidth":20,"type":"II2"},{"id":106,"image":"assets/pieces/II3.png","imageheight":10,"imagewidth":30,"type":"II3"},{"id":107,"image":"assets/pieces/II4.png","imageheight":10,"imagewidth":40,"type":"II4"},{"id":108,"image":"assets/pieces/II5.png","imageheight":10,"imagewidth":50,"type":"II5"},{"id":109,"image":"assets/pieces/J1.png","imageheight":30,"imagewidth":20,"type":"J1"},{"id":110,"image":"assets/pieces/J2.png","imageheight":20,"imagewidth":30,"type":"J2"},{"id":111,"image":"assets/pieces/J3.png","imageheight":30,"imagewidth":20,"type":"J3"},{"id":112,"image":"assets/pieces/J4.png","imageheight":20,"imagewidth":30,"type":"J4"},{"id":113,"image":"assets/pieces/L1.png","imageheight":30,"imagewidth":20,"type":"L1"},{"id":114,"image":"assets/pieces/L2.png","imageheight":20,"imagewidth":30,"type":"L2"},{"id":115,"image":"assets/pieces/L3.png","imageheight":30,"imagewidth":20,"type":"L3"},{"id":116,"image":"assets/pieces/L4.png","imageheight":20,"imagewidth":30,"type":"L4"},{"id":117,"image":"assets/pieces/O.png","imageheight":20,"imagewidth":20,"type":"O"},{"id":118,"image":"assets/pieces/polyplet-left-2.png","imageheight":20,"imagewidth":20,"type":"polyplet-left-2"},{"id":119,"image":"assets/pieces/polyplet-left-3.png","imageheight":30,"imagewidth":30,"type":"polyplet-left-3"},{"id":120,"image":"assets/pieces/polyplet-left-4.png","imageheight":40,"imagewidth":40,"type":"polyplet-left-4"},{"id":121,"image":"assets/pieces/polyplet-left-5.png","imageheight":50,"imagewidth":50,"type":"polyplet-left-5"},{"id":122,"image":"assets/pieces/polyplet-right-2.png","imageheight":20,"imagewidth":20,"type":"polyplet-right-2"},{"id":123,"image":"assets/pieces/polyplet-right-3.png","imageheight":30,"imagewidth":30,"type":"polyplet-right-3"},{"id":124,"image":"assets/pieces/polyplet-right-4.png","imageheight":40,"imagewidth":40,"type":"polyplet-right-4"},{"id":125,"image":"assets/pieces/polyplet-right-5.png","imageheight":50,"imagewidth":50,"type":"polyplet-right-5"},{"id":126,"image":"assets/pieces/S1.png","imageheight":20,"imagewidth":30,"type":"S1"},{"id":127,"image":"assets/pieces/S2.png","imageheight":30,"imagewidth":20,"type":"S2"},{"id":128,"image":"assets/pieces/T1.png","imageheight":20,"imagewidth":30,"type":"T1"},{"id":129,"image":"assets/pieces/T2.png","imageheight":30,"imagewidth":20,"type":"T2"},{"id":130,"image":"assets/pieces/T3.png","imageheight":20,"imagewidth":30,"type":"T3"},{"id":131,"image":"assets/pieces/T4.png","imageheight":30,"imagewidth":20,"type":"T4"},{"id":132,"image":"assets/pieces/TT1.png","imageheight":30,"imagewidth":30,"type":"TT1"},{"id":133,"image":"assets/pieces/TT2.png","imageheight":30,"imagewidth":30,"type":"TT2"},{"id":134,"image":"assets/pieces/TT3.png","imageheight":30,"imagewidth":30,"type":"TT3"},{"id":135,"image":"assets/pieces/TT4.png","imageheight":30,"imagewidth":30,"type":"TT4"},{"id":136,"image":"assets/pieces/U1.png","imageheight":20,"imagewidth":30,"type":"U1"},{"id":137,"image":"assets/pieces/U2.png","imageheight":30,"imagewidth":20,"type":"U2"},{"id":138,"image":"assets/pieces/U3.png","imageheight":20,"imagewidth":30,"type":"U3"},{"id":139,"image":"assets/pieces/U4.png","imageheight":30,"imagewidth":20,"type":"U4"},{"id":140,"image":"assets/pieces/V1.png","imageheight":20,"imagewidth":20,"type":"V1"},{"id":141,"image":"assets/pieces/V2.png","imageheight":20,"imagewidth":20,"type":"V2"},{"id":142,"image":"assets/pieces/V3.png","imageheight":20,"imagewidth":20,"type":"V3"},{"id":143,"image":"assets/pieces/V4.png","imageheight":20,"imagewidth":20,"type":"V4"},{"id":144,"image":"assets/pieces/VV1.png","imageheight":30,"imagewidth":30,"type":"VV1"},{"id":145,"image":"assets/pieces/VV2.png","imageheight":30,"imagewidth":30,"type":"VV2"},{"id":146,"image":"assets/pieces/VV3.png","imageheight":30,"imagewidth":30,"type":"VV3"},{"id":147,"image":"assets/pieces/VV4.png","imageheight":30,"imagewidth":30,"type":"VV4"},{"id":148,"image":"assets/pieces/X.png","imageheight":30,"imagewidth":30,"type":"X"},{"id":149,"image":"assets/pieces/Z1.png","imageheight":20,"imagewidth":30,"type":"Z1"},{"id":150,"image":"assets/pieces/Z2.png","imageheight":30,"imagewidth":20,"type":"Z2"},{"id":10,"image":"assets/pieces/diamond-10.png","imageheight":10,"imagewidth":10,"type":"diamond-10"},{"id":11,"image":"assets/pieces/diamond-11.png","imageheight":10,"imagewidth":10,"type":"diamond-11"},{"id":12,"image":"assets/pieces/diamond-12.png","imageheight":10,"imagewidth":10,"type":"diamond-12"},{"id":13,"image":"assets/pieces/diamond-13.png","imageheight":10,"imagewidth":10,"type":"diamond-13"},{"id":14,"image":"assets/pieces/diamond-14.png","imageheight":10,"imagewidth":10,"type":"diamond-14"},{"id":15,"image":"assets/pieces/diamond-15.png","imageheight":10,"imagewidth":10,"type":"diamond-15"}],"tilewidth":50}],"tilewidth":10,"type":"map","version":"1.8","width":9}