{"compressionlevel":-1,"height":9,"infinite":false,"layers":[{"data":[0,0,0,0,0,0,0,0,0,0,0,0,0,0,0,0,0,0,0,0,0,0,2,0,0,0,0,0,0,0,13,0,13,0,0,0,0,0,2,0,0,0,2,0,0,0,0,0,13,0,13,0,0,0,0,0,0,0,2,0,0,0,0,0,0,0,0,0,0,0,0,0,0,0,0,0,0,0,0,0,0],"height":9,"id":1,"name":"map","opacity":1,"properties":[{"name":"segment1","propertytype":"segment","type":"class","value":{"avgScore":3.1,"piece1":"{min: 1, max: 10}","piece5":"{min: 1, max: 10}","pieceDistancePerGem":1,"score":100}}],"type":"tilelayer","visible":true,"width":9,"x":0,"y":0},{"draworder":"topdown","id":2,"name":"spawnOrder","objects":[{"gid":102,"height":20,"id":1738,"name":"I2","rotation":0,"type":"I2","visible":true,"width":10,"x":-4,"y":157},{"gid":136,"height":30,"id":1739,"name":"TT4","rotation":0,"type":"TT4","visible":true,"width":30,"x":42,"y":160},{"gid":146,"height":30,"id":1740,"name":"VV2","rotation":0,"type":"VV2","visible":true,"width":30,"x":100,"y":160},{"gid":143,"height":20,"id":1741,"name":"V3","properties":[{"name":"gem_id","type":"string","value":"12"},{"name":"gem_position","type":"string","value":"0"}],"rotation":0,"type":"V3","visible":true,"width":20,"x":-11,"y":209},{"gid":134,"height":30,"id":1742,"name":"TT2","rotation":0,"type":"TT2","visible":true,"width":30,"x":42,"y":216},{"gid":110,"height":30,"id":1743,"name":"J1","rotation":0,"type":"J1","visible":true,"width":20,"x":105,"y":216},{"gid":108,"height":10,"id":1744,"name":"II4","rotation":0,"type":"II4","visible":true,"width":40,"x":-21,"y":258},{"gid":151,"height":30,"id":1745,"name":"Z2","rotation":0,"type":"Z2","visible":true,"width":20,"x":47,"y":268},{"gid":113,"height":20,"id":1746,"name":"J4","rotation":0,"type":"J4","visible":true,"width":30,"x":99,"y":263},{"gid":127,"height":20,"id":1747,"name":"S1","properties":[{"name":"gem_id","type":"string","value":"12"},{"name":"gem_position","type":"string","value":"0"}],"rotation":0,"type":"S1","visible":true,"width":30,"x":-14,"y":317},{"gid":144,"height":20,"id":1748,"name":"V4","rotation":0,"type":"V4","visible":true,"width":20,"x":48,"y":317},{"gid":107,"height":10,"id":1749,"name":"II3","rotation":0,"type":"II3","visible":true,"width":30,"x":100,"y":313},{"gid":132,"height":30,"id":1750,"name":"T4","properties":[{"name":"gem_id","type":"string","value":"12"},{"name":"gem_position","type":"string","value":"1"}],"rotation":0,"type":"T4","visible":true,"width":20,"x":-9,"y":375},{"gid":142,"height":20,"id":1751,"name":"V2","rotation":0,"type":"V2","visible":true,"width":20,"x":47,"y":371},{"gid":111,"height":20,"id":1752,"name":"J2","rotation":0,"type":"J2","visible":true,"width":30,"x":100,"y":370},{"gid":106,"height":10,"id":1754,"name":"II2","properties":[{"name":"gem_id","type":"string","value":"12"},{"name":"gem_position","type":"string","value":"0"}],"rotation":0,"type":"II2","visible":true,"width":20,"x":-9,"y":420},{"gid":104,"height":40,"id":1755,"name":"I4","rotation":0,"type":"I4","visible":true,"width":10,"x":52,"y":435},{"gid":107,"height":10,"id":1756,"name":"II3","rotation":0,"type":"II3","visible":true,"width":30,"x":100,"y":420},{"gid":149,"height":30,"id":1757,"name":"X","rotation":0,"type":"X","visible":true,"width":30,"x":-15,"y":483},{"gid":107,"height":10,"id":1758,"name":"II3","rotation":0,"type":"II3","visible":true,"width":30,"x":43,"y":473},{"gid":102,"height":20,"id":1759,"name":"I2","rotation":0,"type":"I2","visible":true,"width":10,"x":110,"y":478},{"gid":127,"height":20,"id":1760,"name":"S1","rotation":0,"type":"S1","visible":true,"width":30,"x":-15,"y":532},{"gid":102,"height":20,"id":1761,"name":"I2","properties":[{"name":"gem_id","type":"string","value":"12"},{"name":"gem_position","type":"string","value":"0"}],"rotation":0,"type":"I2","visible":true,"width":10,"x":53,"y":531},{"gid":149,"height":30,"id":1762,"name":"X","rotation":0,"type":"X","visible":true,"width":30,"x":100,"y":536},{"gid":146,"height":30,"id":1763,"name":"VV2","rotation":0,"type":"VV2","visible":true,"width":30,"x":-14,"y":590},{"gid":151,"height":30,"id":1764,"name":"Z2","rotation":0,"type":"Z2","visible":true,"width":20,"x":47,"y":591},{"gid":144,"height":20,"id":1765,"name":"V4","rotation":0,"type":"V4","visible":true,"width":20,"x":105,"y":586},{"gid":150,"height":20,"id":1766,"name":"Z1","rotation":0,"type":"Z1","visible":true,"width":30,"x":-15,"y":639},{"gid":146,"height":30,"id":1767,"name":"VV2","rotation":0,"type":"VV2","visible":true,"width":30,"x":42,"y":645},{"gid":120,"height":30,"id":1768,"name":"polyplet-left-3","rotation":0,"type":"polyplet-left-3","visible":true,"width":30,"x":101,"y":644},{"gid":107,"height":10,"id":1769,"name":"II3","rotation":0,"type":"II3","visible":true,"width":30,"x":-15,"y":688},{"gid":118,"height":20,"id":1770,"name":"O","rotation":0,"type":"O","visible":true,"width":20,"x":48,"y":692},{"gid":110,"height":30,"id":1771,"name":"J1","rotation":0,"type":"J1","visible":true,"width":20,"x":106,"y":697},{"gid":142,"height":20,"id":1772,"name":"V2","rotation":0,"type":"V2","visible":true,"width":20,"x":-10,"y":747},{"gid":131,"height":20,"id":1773,"name":"T3","rotation":0,"type":"T3","visible":true,"width":30,"x":43,"y":747},{"gid":110,"height":30,"id":1774,"name":"J1","rotation":0,"type":"J1","visible":true,"width":20,"x":105,"y":751},{"gid":132,"height":30,"id":1775,"name":"T4","rotation":0,"type":"T4","visible":true,"width":20,"x":-10,"y":805},{"gid":134,"height":30,"id":1776,"name":"TT2","rotation":0,"type":"TT2","visible":true,"width":30,"x":42,"y":805},{"gid":144,"height":20,"id":1777,"name":"V4","rotation":0,"type":"V4","visible":true,"width":20,"x":106,"y":800},{"gid":130,"height":30,"id":1778,"name":"T2","rotation":0,"type":"T2","visible":true,"width":20,"x":-10,"y":859},{"gid":108,"height":10,"id":1779,"name":"II4","rotation":0,"type":"II4","visible":true,"width":40,"x":37,"y":849},{"gid":111,"height":20,"id":1780,"name":"J2","rotation":0,"type":"J2","visible":true,"width":30,"x":100,"y":854},{"gid":119,"height":20,"id":1781,"name":"polyplet-left-2","rotation":0,"type":"polyplet-left-2","visible":true,"width":20,"x":-10,"y":908},{"gid":134,"height":30,"id":1782,"name":"TT2","properties":[{"name":"gem_id","type":"string","value":"12"},{"name":"gem_position","type":"string","value":"1"}],"rotation":0,"type":"TT2","visible":true,"width":30,"x":42,"y":913},{"gid":117,"height":20,"id":1783,"name":"L4","rotation":0,"type":"L4","visible":true,"width":30,"x":100,"y":908},{"gid":149,"height":30,"id":1784,"name":"X","rotation":0,"type":"X","visible":true,"width":30,"x":-15,"y":966},{"gid":127,"height":20,"id":1785,"name":"S1","rotation":0,"type":"S1","visible":true,"width":30,"x":43,"y":962},{"gid":147,"height":30,"id":1786,"name":"VV3","rotation":0,"type":"VV3","visible":true,"width":30,"x":99,"y":965},{"gid":104,"height":40,"id":1787,"name":"I4","rotation":0,"type":"I4","visible":true,"width":10,"x":-5,"y":1023},{"gid":105,"height":50,"id":1788,"name":"I5","rotation":0,"type":"I5","visible":true,"width":10,"x":53,"y":1029},{"gid":119,"height":20,"id":1789,"name":"polyplet-left-2","rotation":0,"type":"polyplet-left-2","visible":true,"width":20,"x":105,"y":1015},{"gid":109,"height":10,"id":1790,"name":"II5","properties":[{"name":"gem_id","type":"string","value":"12"},{"name":"gem_position","type":"string","value":"0"}],"rotation":0,"type":"II5","visible":true,"width":50,"x":-24,"y":1064},{"gid":149,"height":30,"id":1791,"name":"X","rotation":0,"type":"X","visible":true,"width":30,"x":42,"y":1073},{"gid":103,"height":30,"id":1792,"name":"I3","rotation":0,"type":"I3","visible":true,"width":10,"x":110,"y":1074},{"gid":128,"height":30,"id":1793,"name":"S2","properties":[{"name":"gem_id","type":"string","value":"12"},{"name":"gem_position","type":"string","value":"0"}],"rotation":0,"type":"S2","visible":true,"width":20,"x":-10,"y":1126},{"gid":137,"height":20,"id":1794,"name":"U1","rotation":0,"type":"U1","visible":true,"width":30,"x":42,"y":1122},{"gid":144,"height":20,"id":1795,"name":"V4","rotation":0,"type":"V4","visible":true,"width":20,"x":105,"y":1123},{"gid":144,"height":20,"id":1796,"name":"V4","rotation":0,"type":"V4","visible":true,"width":20,"x":-10,"y":1176},{"gid":110,"height":30,"id":1797,"name":"J1","rotation":0,"type":"J1","visible":true,"width":20,"x":48,"y":1181},{"gid":148,"height":30,"id":1798,"name":"VV4","rotation":0,"type":"VV4","visible":true,"width":30,"x":100,"y":1181},{"gid":115,"height":20,"id":1799,"name":"L2","rotation":0,"type":"L2","visible":true,"width":30,"x":-15,"y":1229},{"gid":145,"height":30,"id":1800,"name":"VV1","properties":[{"name":"gem_id","type":"string","value":"12"},{"name":"gem_position","type":"string","value":"1"}],"rotation":0,"type":"VV1","visible":true,"width":30,"x":43,"y":1235},{"gid":132,"height":30,"id":1801,"name":"T4","rotation":0,"type":"T4","visible":true,"width":20,"x":105,"y":1234},{"gid":132,"height":30,"id":1802,"name":"T4","rotation":0,"type":"T4","visible":true,"width":20,"x":-10,"y":1288},{"gid":105,"height":50,"id":1803,"name":"I5","properties":[{"name":"gem_id","type":"string","value":"12"},{"name":"gem_position","type":"string","value":"2"}],"rotation":0,"type":"I5","visible":true,"width":10,"x":53,"y":1298},{"gid":107,"height":10,"id":1804,"name":"II3","rotation":0,"type":"II3","visible":true,"width":30,"x":101,"y":1279}],"opacity":1,"type":"objectgroup","visible":true,"x":0,"y":0}],"nextlayerid":12,"nextobjectid":1958,"orientation":"orthogonal","properties":[{"name":"target","type":"string","value":"{12: 8}"},{"name":"typeLevel","type":"string","value":"collect"}],"renderorder":"right-down","tiledversion":"1.8.5","tileheight":10,"tilesets":[{"columns":0,"firstgid":1,"grid":{"height":1,"orientation":"orthogonal","width":1},"margin":0,"name":"Pieces","spacing":0,"tilecount":57,"tileheight":50,"tiles":[{"id":1,"image":"assets/pieces/1.png","imageheight":10,"imagewidth":10,"type":"1"},{"id":101,"image":"assets/pieces/I2.png","imageheight":20,"imagewidth":10,"type":"I2"},{"id":102,"image":"assets/pieces/I3.png","imageheight":30,"imagewidth":10,"type":"I3"},{"id":103,"image":"assets/pieces/I4.png","imageheight":40,"imagewidth":10,"type":"I4"},{"id":104,"image":"assets/pieces/I5.png","imageheight":50,"imagewidth":10,"type":"I5"},{"id":105,"image":"assets/pieces/II2.png","imageheight":10,"imagewidth":20,"type":"II2"},{"id":106,"image":"assets/pieces/II3.png","imageheight":10,"imagewidth":30,"type":"II3"},{"id":107,"image":"assets/pieces/II4.png","imageheight":10,"imagewidth":40,"type":"II4"},{"id":108,"image":"assets/pieces/II5.png","imageheight":10,"imagewidth":50,"type":"II5"},{"id":109,"image":"assets/pieces/J1.png","imageheight":30,"imagewidth":20,"type":"J1"},{"id":110,"image":"assets/pieces/J2.png","imageheight":20,"imagewidth":30,"type":"J2"},{"id":111,"image":"assets/pieces/J3.png","imageheight":30,"imagewidth":20,"type":"J3"},{"id":112,"image":"assets/pieces/J4.png","imageheight":20,"imagewidth":30,"type":"J4"},{"id":113,"image":"assets/pieces/L1.png","imageheight":30,"imagewidth":20,"type":"L1"},{"id":114,"image":"assets/pieces/L2.png","imageheight":20,"imagewidth":30,"type":"L2"},{"id":115,"image":"assets/pieces/L3.png","imageheight":30,"imagewidth":20,"type":"L3"},{"id":116,"image":"assets/pieces/L4.png","imageheight":20,"imagewidth":30,"type":"L4"},{"id":117,"image":"assets/pieces/O.png","imageheight":20,"imagewidth":20,"type":"O"},{"id":118,"image":"assets/pieces/polyplet-left-2.png","imageheight":20,"imagewidth":20,"type":"polyplet-left-2"},{"id":119,"image":"assets/pieces/polyplet-left-3.png","imageheight":30,"imagewidth":30,"type":"polyplet-left-3"},{"id":120,"image":"assets/pieces/polyplet-left-4.png","imageheight":40,"imagewidth":40,"type":"polyplet-left-4"},{"id":121,"image":"assets/pieces/polyplet-left-5.png","imageheight":50,"imagewidth":50,"type":"polyplet-left-5"},{"id":122,"image":"assets/pieces/polyplet-right-2.png","imageheight":20,"imagewidth":20,"type":"polyplet-right-2"},{"id":123,"image":"assets/pieces/polyplet-right-3.png","imageheight":30,"imagewidth":30,"type":"polyplet-right-3"},{"id":124,"image":"assets/pieces/polyplet-right-4.png","imageheight":40,"imagewidth":40,"type":"polyplet-right-4"},{"id":125,"image":"assets/pieces/polyplet-right-5.png","imageheight":50,"imagewidth":50,"type":"polyplet-right-5"},{"id":126,"image":"assets/pieces/S1.png","imageheight":20,"imagewidth":30,"type":"S1"},{"id":127,"image":"assets/pieces/S2.png","imageheight":30,"imagewidth":20,"type":"S2"},{"id":128,"image":"assets/pieces/T1.png","imageheight":20,"imagewidth":30,"type":"T1"},{"id":129,"image":"assets/pieces/T2.png","imageheight":30,"imagewidth":20,"type":"T2"},{"id":130,"image":"assets/pieces/T3.png","imageheight":20,"imagewidth":30,"type":"T3"},{"id":131,"image":"assets/pieces/T4.png","imageheight":30,"imagewidth":20,"type":"T4"},{"id":132,"image":"assets/pieces/TT1.png","imageheight":30,"imagewidth":30,"type":"TT1"},{"id":133,"image":"assets/pieces/TT2.png","imageheight":30,"imagewidth":30,"type":"TT2"},{"id":134,"image":"assets/pieces/TT3.png","imageheight":30,"imagewidth":30,"type":"TT3"},{"id":135,"image":"assets/pieces/TT4.png","imageheight":30,"imagewidth":30,"type":"TT4"},{"id":136,"image":"assets/pieces/U1.png","imageheight":20,"imagewidth":30,"type":"U1"},{"id":137,"image":"assets/pieces/U2.png","imageheight":30,"imagewidth":20,"type":"U2"},{"id":138,"image":"assets/pieces/U3.png","imageheight":20,"imagewidth":30,"type":"U3"},{"id":139,"image":"assets/pieces/U4.png","imageheight":30,"imagewidth":20,"type":"U4"},{"id":140,"image":"assets/pieces/V1.png","imageheight":20,"imagewidth":20,"type":"V1"},{"id":141,"image":"assets/pieces/V2.png","imageheight":20,"imagewidth":20,"type":"V2"},{"id":142,"image":"assets/pieces/V3.png","imageheight":20,"imagewidth":20,"type":"V3"},{"id":143,"image":"assets/pieces/V4.png","imageheight":20,"imagewidth":20,"type":"V4"},{"id":144,"image":"assets/pieces/VV1.png","imageheight":30,"imagewidth":30,"type":"VV1"},{"id":145,"image":"assets/pieces/VV2.png","imageheight":30,"imagewidth":30,"type":"VV2"},{"id":146,"image":"assets/pieces/VV3.png","imageheight":30,"imagewidth":30,"type":"VV3"},{"id":147,"image":"assets/pieces/VV4.png","imageheight":30,"imagewidth":30,"type":"VV4"},{"id":148,"image":"assets/pieces/X.png","imageheight":30,"imagewidth":30,"type":"X"},{"id":149,"image":"assets/pieces/Z1.png","imageheight":20,"imagewidth":30,"type":"Z1"},{"id":150,"image":"assets/pieces/Z2.png","imageheight":30,"imagewidth":20,"type":"Z2"},{"id":10,"image":"assets/pieces/diamond-10.png","imageheight":10,"imagewidth":10,"type":"diamond-10"},{"id":11,"image":"assets/pieces/diamond-11.png","imageheight":10,"imagewidth":10,"type":"diamond-11"},{"id":12,"image":"assets/pieces/diamond-12.png","imageheight":10,"imagewidth":10,"type":"diamond-12"},{"id":13,"image":"assets/pieces/diamond-13.png","imageheight":10,"imagewidth":10,"type":"diamond-13"},{"id":14,"image":"assets/pieces/diamond-14.png","imageheight":10,"imagewidth":10,"type":"diamond-14"},{"id":15,"image":"assets/pieces/diamond-15.png","imageheight":10,"imagewidth":10,"type":"diamond-15"}],"tilewidth":50}],"tilewidth":10,"type":"map","version":"1.8","width":9}