{"compressionlevel":-1,"height":9,"infinite":false,"layers":[{"data":[2,2,0,0,16,0,0,2,2,2,0,0,0,0,0,0,0,2,0,0,0,0,0,0,0,0,0,0,0,0,0,16,0,0,0,0,16,0,0,16,0,16,0,0,16,0,0,0,0,16,0,0,0,0,0,0,0,0,0,0,0,0,0,2,0,0,0,0,0,0,0,2,2,2,0,0,16,0,0,2,2],"height":9,"id":1,"name":"map","opacity":1,"properties":[{"name":"segment1","propertytype":"segment","type":"class","value":{"avgScore":3.5,"piece1":"{min: 1, max: 10}","piece5":"{min: 1, max: 10}","pieceDistancePerGem":1,"score":100}}],"type":"tilelayer","visible":true,"width":9,"x":0,"y":0},{"draworder":"topdown","id":2,"name":"spawnOrder","objects":[{"gid":137,"height":20,"id":1964,"name":"U1","properties":[{"name":"gem_id","type":"string","value":"15"},{"name":"gem_position","type":"string","value":"4"}],"rotation":0,"type":"U1","visible":true,"width":30,"x":-40,"y":143},{"gid":139,"height":20,"id":1965,"name":"U3","rotation":0,"type":"U3","visible":true,"width":30,"x":35,"y":143},{"gid":109,"height":10,"id":1966,"name":"II5","rotation":0,"type":"II5","visible":true,"width":50,"x":110,"y":138},{"gid":145,"height":30,"id":1967,"name":"VV1","rotation":0,"type":"VV1","visible":true,"width":30,"x":-40,"y":199},{"gid":148,"height":30,"id":1968,"name":"VV4","rotation":0,"type":"VV4","visible":true,"width":30,"x":35,"y":199},{"gid":147,"height":30,"id":1969,"name":"VV3","rotation":0,"type":"VV3","visible":true,"width":30,"x":110,"y":199},{"gid":118,"height":20,"id":1970,"name":"O","rotation":0,"type":"O","visible":true,"width":20,"x":-40,"y":255},{"gid":141,"height":20,"id":1971,"name":"V1","rotation":0,"type":"V1","visible":true,"width":20,"x":35,"y":256},{"gid":144,"height":20,"id":1972,"name":"V4","rotation":0,"type":"V4","visible":true,"width":20,"x":110,"y":255},{"gid":134,"height":30,"id":1974,"name":"TT2","rotation":0,"type":"TT2","visible":true,"width":30,"x":-40,"y":310},{"gid":127,"height":20,"id":1975,"name":"S1","rotation":0,"type":"S1","visible":true,"width":30,"x":35,"y":305},{"gid":128,"height":30,"id":1976,"name":"S2","rotation":0,"type":"S2","visible":true,"width":20,"x":110,"y":310},{"gid":129,"height":20,"id":1977,"name":"T1","properties":[{"name":"gem_id","type":"string","value":"15"},{"name":"gem_position","type":"string","value":"0"}],"rotation":0,"type":"T1","visible":true,"width":30,"x":-40,"y":362},{"gid":132,"height":30,"id":1978,"name":"T4","rotation":0,"type":"T4","visible":true,"width":20,"x":35,"y":364},{"gid":123,"height":20,"id":1979,"name":"polyplet-right-2","rotation":0,"type":"polyplet-right-2","visible":true,"width":20,"x":110,"y":365},{"gid":2,"height":10,"id":1980,"name":"1","rotation":0,"type":"1","visible":true,"width":10,"x":-40,"y":408},{"gid":149,"height":30,"id":1981,"name":"X","rotation":0,"type":"X","visible":true,"width":30,"x":35,"y":418},{"gid":113,"height":20,"id":1982,"name":"J4","rotation":0,"type":"J4","visible":true,"width":30,"x":110,"y":413},{"gid":114,"height":30,"id":1983,"name":"L1","rotation":0,"type":"L1","visible":true,"width":20,"x":-40,"y":478},{"gid":107,"height":10,"id":1984,"name":"II3","rotation":0,"type":"II3","visible":true,"width":30,"x":35,"y":466},{"gid":103,"height":30,"id":1985,"name":"I3","rotation":0,"type":"I3","visible":true,"width":10,"x":110,"y":480},{"gid":139,"height":20,"id":1986,"name":"U3","rotation":0,"type":"U3","visible":true,"width":30,"x":-40,"y":530},{"gid":138,"height":30,"id":1987,"name":"U2","properties":[{"name":"gem_id","type":"string","value":"15"},{"name":"gem_position","type":"string","value":"2"}],"rotation":0,"type":"U2","visible":true,"width":20,"x":35,"y":535},{"gid":137,"height":20,"id":1988,"name":"U1","rotation":0,"type":"U1","visible":true,"width":30,"x":110,"y":530},{"gid":132,"height":30,"id":1989,"name":"T4","rotation":0,"type":"T4","visible":true,"width":20,"x":-40,"y":591},{"gid":111,"height":20,"id":1990,"name":"J2","rotation":0,"type":"J2","visible":true,"width":30,"x":35,"y":584},{"gid":128,"height":30,"id":1991,"name":"S2","rotation":0,"type":"S2","visible":true,"width":20,"x":110,"y":593},{"gid":150,"height":20,"id":1992,"name":"Z1","rotation":0,"type":"Z1","visible":true,"width":30,"x":-40,"y":639},{"gid":127,"height":20,"id":1993,"name":"S1","properties":[{"name":"gem_id","type":"string","value":"15"},{"name":"gem_position","type":"string","value":"0"}],"rotation":0,"type":"S1","visible":true,"width":30,"x":35,"y":639},{"gid":120,"height":30,"id":1994,"name":"polyplet-left-3","rotation":0,"type":"polyplet-left-3","visible":true,"width":30,"x":110,"y":642},{"gid":121,"height":40,"id":1995,"name":"polyplet-left-4","rotation":0,"type":"polyplet-left-4","visible":true,"width":40,"x":-40,"y":713},{"gid":131,"height":20,"id":1996,"name":"T3","rotation":0,"type":"T3","visible":true,"width":30,"x":35,"y":703},{"gid":143,"height":20,"id":1997,"name":"V3","rotation":0,"type":"V3","visible":true,"width":20,"x":110,"y":707},{"gid":133,"height":30,"id":1998,"name":"TT1","rotation":0,"type":"TT1","visible":true,"width":30,"x":-40,"y":764},{"gid":150,"height":20,"id":1999,"name":"Z1","rotation":0,"type":"Z1","visible":true,"width":30,"x":35,"y":761},{"gid":127,"height":20,"id":2000,"name":"S1","rotation":0,"type":"S1","visible":true,"width":30,"x":110,"y":761},{"gid":107,"height":10,"id":2001,"name":"II3","rotation":0,"type":"II3","visible":true,"width":30,"x":-40,"y":807},{"gid":118,"height":20,"id":2002,"name":"O","rotation":0,"type":"O","visible":true,"width":20,"x":35,"y":813},{"gid":112,"height":30,"id":2003,"name":"J3","rotation":0,"type":"J3","visible":true,"width":20,"x":110,"y":817},{"gid":145,"height":30,"id":2004,"name":"VV1","properties":[{"name":"gem_id","type":"string","value":"15"},{"name":"gem_position","type":"string","value":"0"}],"rotation":0,"type":"VV1","visible":true,"width":30,"x":-40,"y":882},{"gid":142,"height":20,"id":2005,"name":"V2","rotation":0,"type":"V2","visible":true,"width":20,"x":35,"y":879},{"gid":2,"height":10,"id":2006,"name":"1","rotation":0,"type":"1","visible":true,"width":10,"x":110,"y":873},{"gid":105,"height":50,"id":2007,"name":"I5","rotation":0,"type":"I5","visible":true,"width":10,"x":-40,"y":959},{"gid":112,"height":30,"id":2008,"name":"J3","rotation":0,"type":"J3","visible":true,"width":20,"x":35,"y":944},{"gid":118,"height":20,"id":2009,"name":"O","rotation":0,"type":"O","visible":true,"width":20,"x":110,"y":943},{"gid":148,"height":30,"id":2010,"name":"VV4","rotation":0,"type":"VV4","visible":true,"width":30,"x":-40,"y":1031},{"gid":120,"height":30,"id":2011,"name":"polyplet-left-3","rotation":0,"type":"polyplet-left-3","visible":true,"width":30,"x":35,"y":1033},{"gid":124,"height":30,"id":2012,"name":"polyplet-right-3","rotation":0,"type":"polyplet-right-3","visible":true,"width":30,"x":110,"y":1032},{"gid":144,"height":20,"id":2013,"name":"V4","rotation":0,"type":"V4","visible":true,"width":20,"x":-40,"y":1091},{"gid":143,"height":20,"id":2014,"name":"V3","rotation":0,"type":"V3","visible":true,"width":20,"x":35,"y":1092},{"gid":118,"height":20,"id":2015,"name":"O","rotation":0,"type":"O","visible":true,"width":20,"x":110,"y":1090},{"gid":111,"height":20,"id":2016,"name":"J2","rotation":0,"type":"J2","visible":true,"width":30,"x":-40,"y":1158},{"gid":150,"height":20,"id":2017,"name":"Z1","rotation":0,"type":"Z1","visible":true,"width":30,"x":35,"y":1156},{"gid":110,"height":30,"id":2018,"name":"J1","rotation":0,"type":"J1","visible":true,"width":20,"x":110,"y":1160},{"gid":145,"height":30,"id":2019,"name":"VV1","rotation":0,"type":"VV1","visible":true,"width":30,"x":-40,"y":1232},{"gid":135,"height":30,"id":2020,"name":"TT3","rotation":0,"type":"TT3","visible":true,"width":30,"x":35,"y":1233},{"gid":133,"height":30,"id":2021,"name":"TT1","rotation":0,"type":"TT1","visible":true,"width":30,"x":110,"y":1234},{"gid":128,"height":30,"id":2022,"name":"S2","rotation":0,"type":"S2","visible":true,"width":20,"x":-40,"y":1302},{"gid":129,"height":20,"id":2023,"name":"T1","rotation":0,"type":"T1","visible":true,"width":30,"x":35,"y":1300},{"gid":132,"height":30,"id":2024,"name":"T4","rotation":0,"type":"T4","visible":true,"width":20,"x":110,"y":1298},{"gid":137,"height":20,"id":2025,"name":"U1","rotation":0,"type":"U1","visible":true,"width":30,"x":-40,"y":1372},{"gid":124,"height":30,"id":2026,"name":"polyplet-right-3","rotation":0,"type":"polyplet-right-3","visible":true,"width":30,"x":35,"y":1373},{"gid":148,"height":30,"id":2027,"name":"VV4","rotation":0,"type":"VV4","visible":true,"width":30,"x":110,"y":1372},{"gid":147,"height":30,"id":2028,"name":"VV3","rotation":0,"type":"VV3","visible":true,"width":30,"x":-40,"y":1432},{"gid":135,"height":30,"id":2029,"name":"TT3","rotation":0,"type":"TT3","visible":true,"width":30,"x":35,"y":1433},{"gid":143,"height":20,"id":2032,"name":"V3","rotation":0,"type":"V3","visible":true,"width":20,"x":110,"y":1428},{"gid":138,"height":30,"id":2033,"name":"U2","rotation":0,"type":"U2","visible":true,"width":20,"x":-40,"y":1489},{"gid":149,"height":30,"id":2034,"name":"X","rotation":0,"type":"X","visible":true,"width":30,"x":35,"y":1491},{"gid":140,"height":30,"id":2035,"name":"U4","rotation":0,"type":"U4","visible":true,"width":20,"x":110,"y":1489},{"gid":144,"height":20,"id":2036,"name":"V4","rotation":0,"type":"V4","visible":true,"width":20,"x":-40,"y":1557},{"gid":111,"height":20,"id":2037,"name":"J2","rotation":0,"type":"J2","visible":true,"width":30,"x":35,"y":1556},{"gid":112,"height":30,"id":2038,"name":"J3","rotation":0,"type":"J3","visible":true,"width":20,"x":110,"y":1558},{"gid":145,"height":30,"id":2039,"name":"VV1","rotation":0,"type":"VV1","visible":true,"width":30,"x":-40,"y":1617},{"gid":148,"height":30,"id":2040,"name":"VV4","rotation":0,"type":"VV4","visible":true,"width":30,"x":35,"y":1618},{"gid":147,"height":30,"id":2041,"name":"VV3","rotation":0,"type":"VV3","visible":true,"width":30,"x":110,"y":1620},{"gid":2,"height":10,"id":2091,"name":"1","rotation":0,"type":"1","visible":true,"width":10,"x":-40,"y":1667},{"gid":102,"height":20,"id":2092,"name":"I2","rotation":0,"type":"I2","visible":true,"width":10,"x":35,"y":1671},{"gid":103,"height":30,"id":2093,"name":"I3","rotation":0,"type":"I3","visible":true,"width":10,"x":110,"y":1675},{"gid":104,"height":40,"id":2094,"name":"I4","rotation":0,"type":"I4","visible":true,"width":10,"x":-40,"y":1746},{"gid":105,"height":50,"id":2095,"name":"I5","rotation":0,"type":"I5","visible":true,"width":10,"x":35,"y":1749},{"gid":106,"height":10,"id":2096,"name":"II2","rotation":0,"type":"II2","visible":true,"width":20,"x":110,"y":1731},{"gid":107,"height":10,"id":2097,"name":"II3","rotation":0,"type":"II3","visible":true,"width":30,"x":-40,"y":1808},{"gid":108,"height":10,"id":2098,"name":"II4","rotation":0,"type":"II4","visible":true,"width":40,"x":35,"y":1808},{"gid":109,"height":10,"id":2099,"name":"II5","rotation":0,"type":"II5","visible":true,"width":50,"x":110,"y":1808},{"gid":110,"height":30,"id":2100,"name":"J1","rotation":0,"type":"J1","visible":true,"width":20,"x":-40,"y":1870},{"gid":111,"height":20,"id":2101,"name":"J2","rotation":0,"type":"J2","visible":true,"width":30,"x":35,"y":1865},{"gid":112,"height":30,"id":2102,"name":"J3","rotation":0,"type":"J3","visible":true,"width":20,"x":110,"y":1871},{"gid":113,"height":20,"id":2103,"name":"J4","rotation":0,"type":"J4","visible":true,"width":30,"x":-40,"y":1948},{"gid":114,"height":30,"id":2104,"name":"L1","rotation":0,"type":"L1","visible":true,"width":20,"x":35,"y":1954},{"gid":115,"height":20,"id":2105,"name":"L2","rotation":0,"type":"L2","visible":true,"width":30,"x":110,"y":1948},{"gid":116,"height":30,"id":2106,"name":"L3","rotation":0,"type":"L3","visible":true,"width":20,"x":-40,"y":2016},{"gid":117,"height":20,"id":2107,"name":"L4","rotation":0,"type":"L4","visible":true,"width":30,"x":35,"y":2007},{"gid":118,"height":20,"id":2108,"name":"O","rotation":0,"type":"O","visible":true,"width":20,"x":110,"y":2010},{"gid":119,"height":20,"id":2109,"name":"polyplet-left-2","rotation":0,"type":"polyplet-left-2","visible":true,"width":20,"x":-40,"y":2071},{"gid":120,"height":30,"id":2110,"name":"polyplet-left-3","rotation":0,"type":"polyplet-left-3","visible":true,"width":30,"x":35,"y":2074},{"gid":121,"height":40,"id":2111,"name":"polyplet-left-4","rotation":0,"type":"polyplet-left-4","visible":true,"width":40,"x":110,"y":2079},{"gid":123,"height":20,"id":2112,"name":"polyplet-right-2","rotation":0,"type":"polyplet-right-2","visible":true,"width":20,"x":-40,"y":2138},{"gid":124,"height":30,"id":2113,"name":"polyplet-right-3","rotation":0,"type":"polyplet-right-3","visible":true,"width":30,"x":35,"y":2149},{"gid":125,"height":40,"id":2114,"name":"polyplet-right-4","rotation":0,"type":"polyplet-right-4","visible":true,"width":40,"x":110,"y":2149},{"gid":127,"height":20,"id":2115,"name":"S1","rotation":0,"type":"S1","visible":true,"width":30,"x":-40,"y":2208},{"gid":128,"height":30,"id":2116,"name":"S2","rotation":0,"type":"S2","visible":true,"width":20,"x":35,"y":2210},{"gid":150,"height":20,"id":2117,"name":"Z1","rotation":0,"type":"Z1","visible":true,"width":30,"x":110,"y":2208},{"gid":151,"height":30,"id":2118,"name":"Z2","rotation":0,"type":"Z2","visible":true,"width":20,"x":-40,"y":2273},{"gid":129,"height":20,"id":2119,"name":"T1","rotation":0,"type":"T1","visible":true,"width":30,"x":35,"y":2269},{"gid":130,"height":30,"id":2120,"name":"T2","rotation":0,"type":"T2","visible":true,"width":20,"x":110,"y":2275},{"gid":131,"height":20,"id":2121,"name":"T3","rotation":0,"type":"T3","visible":true,"width":30,"x":-40,"y":2333},{"gid":132,"height":30,"id":2122,"name":"T4","rotation":0,"type":"T4","visible":true,"width":20,"x":35,"y":2337},{"gid":133,"height":30,"id":2123,"name":"TT1","rotation":0,"type":"TT1","visible":true,"width":30,"x":110,"y":2337},{"gid":134,"height":30,"id":2124,"name":"TT2","rotation":0,"type":"TT2","visible":true,"width":30,"x":-40,"y":2400},{"gid":135,"height":30,"id":2125,"name":"TT3","rotation":0,"type":"TT3","visible":true,"width":30,"x":35,"y":2399},{"gid":136,"height":30,"id":2126,"name":"TT4","rotation":0,"type":"TT4","visible":true,"width":30,"x":110,"y":2399},{"gid":137,"height":20,"id":2127,"name":"U1","rotation":0,"type":"U1","visible":true,"width":30,"x":-40,"y":2456},{"gid":138,"height":30,"id":2128,"name":"U2","rotation":0,"type":"U2","visible":true,"width":20,"x":35,"y":2461},{"gid":139,"height":20,"id":2129,"name":"U3","rotation":0,"type":"U3","visible":true,"width":30,"x":110,"y":2456},{"gid":140,"height":30,"id":2130,"name":"U4","rotation":0,"type":"U4","visible":true,"width":20,"x":-40,"y":2518},{"gid":141,"height":20,"id":2131,"name":"V1","rotation":0,"type":"V1","visible":true,"width":20,"x":35,"y":2512},{"gid":142,"height":20,"id":2132,"name":"V2","rotation":0,"type":"V2","visible":true,"width":20,"x":110,"y":2511},{"gid":143,"height":20,"id":2133,"name":"V3","rotation":0,"type":"V3","visible":true,"width":20,"x":-40,"y":2566},{"gid":144,"height":20,"id":2134,"name":"V4","rotation":0,"type":"V4","visible":true,"width":20,"x":35,"y":2566},{"gid":145,"height":30,"id":2135,"name":"VV1","rotation":0,"type":"VV1","visible":true,"width":30,"x":110,"y":2569},{"gid":146,"height":30,"id":2136,"name":"VV2","rotation":0,"type":"VV2","visible":true,"width":30,"x":-40,"y":2629},{"gid":147,"height":30,"id":2137,"name":"VV3","rotation":0,"type":"VV3","visible":true,"width":30,"x":35,"y":2629},{"gid":148,"height":30,"id":2138,"name":"VV4","rotation":0,"type":"VV4","visible":true,"width":30,"x":110,"y":2631},{"gid":149,"height":30,"id":2139,"name":"X","rotation":0,"type":"X","visible":true,"width":30,"x":-40,"y":2691}],"opacity":1,"type":"objectgroup","visible":true,"x":0,"y":0}],"nextlayerid":12,"nextobjectid":2140,"orientation":"orthogonal","properties":[{"name":"target","type":"string","value":"{15: 20}"},{"name":"typeLevel","type":"string","value":"collect"}],"renderorder":"right-down","tiledversion":"1.8.5","tileheight":10,"tilesets":[{"columns":0,"firstgid":1,"grid":{"height":1,"orientation":"orthogonal","width":1},"margin":0,"name":"Pieces","spacing":0,"tilecount":57,"tileheight":50,"tiles":[{"id":1,"image":"assets/pieces/1.png","imageheight":10,"imagewidth":10,"type":"1"},{"id":101,"image":"assets/pieces/I2.png","imageheight":20,"imagewidth":10,"type":"I2"},{"id":102,"image":"assets/pieces/I3.png","imageheight":30,"imagewidth":10,"type":"I3"},{"id":103,"image":"assets/pieces/I4.png","imageheight":40,"imagewidth":10,"type":"I4"},{"id":104,"image":"assets/pieces/I5.png","imageheight":50,"imagewidth":10,"type":"I5"},{"id":105,"image":"assets/pieces/II2.png","imageheight":10,"imagewidth":20,"type":"II2"},{"id":106,"image":"assets/pieces/II3.png","imageheight":10,"imagewidth":30,"type":"II3"},{"id":107,"image":"assets/pieces/II4.png","imageheight":10,"imagewidth":40,"type":"II4"},{"id":108,"image":"assets/pieces/II5.png","imageheight":10,"imagewidth":50,"type":"II5"},{"id":109,"image":"assets/pieces/J1.png","imageheight":30,"imagewidth":20,"type":"J1"},{"id":110,"image":"assets/pieces/J2.png","imageheight":20,"imagewidth":30,"type":"J2"},{"id":111,"image":"assets/pieces/J3.png","imageheight":30,"imagewidth":20,"type":"J3"},{"id":112,"image":"assets/pieces/J4.png","imageheight":20,"imagewidth":30,"type":"J4"},{"id":113,"image":"assets/pieces/L1.png","imageheight":30,"imagewidth":20,"type":"L1"},{"id":114,"image":"assets/pieces/L2.png","imageheight":20,"imagewidth":30,"type":"L2"},{"id":115,"image":"assets/pieces/L3.png","imageheight":30,"imagewidth":20,"type":"L3"},{"id":116,"image":"assets/pieces/L4.png","imageheight":20,"imagewidth":30,"type":"L4"},{"id":117,"image":"assets/pieces/O.png","imageheight":20,"imagewidth":20,"type":"O"},{"id":118,"image":"assets/pieces/polyplet-left-2.png","imageheight":20,"imagewidth":20,"type":"polyplet-left-2"},{"id":119,"image":"assets/pieces/polyplet-left-3.png","imageheight":30,"imagewidth":30,"type":"polyplet-left-3"},{"id":120,"image":"assets/pieces/polyplet-left-4.png","imageheight":40,"imagewidth":40,"type":"polyplet-left-4"},{"id":121,"image":"assets/pieces/polyplet-left-5.png","imageheight":50,"imagewidth":50,"type":"polyplet-left-5"},{"id":122,"image":"assets/pieces/polyplet-right-2.png","imageheight":20,"imagewidth":20,"type":"polyplet-right-2"},{"id":123,"image":"assets/pieces/polyplet-right-3.png","imageheight":30,"imagewidth":30,"type":"polyplet-right-3"},{"id":124,"image":"assets/pieces/polyplet-right-4.png","imageheight":40,"imagewidth":40,"type":"polyplet-right-4"},{"id":125,"image":"assets/pieces/polyplet-right-5.png","imageheight":50,"imagewidth":50,"type":"polyplet-right-5"},{"id":126,"image":"assets/pieces/S1.png","imageheight":20,"imagewidth":30,"type":"S1"},{"id":127,"image":"assets/pieces/S2.png","imageheight":30,"imagewidth":20,"type":"S2"},{"id":128,"image":"assets/pieces/T1.png","imageheight":20,"imagewidth":30,"type":"T1"},{"id":129,"image":"assets/pieces/T2.png","imageheight":30,"imagewidth":20,"type":"T2"},{"id":130,"image":"assets/pieces/T3.png","imageheight":20,"imagewidth":30,"type":"T3"},{"id":131,"image":"assets/pieces/T4.png","imageheight":30,"imagewidth":20,"type":"T4"},{"id":132,"image":"assets/pieces/TT1.png","imageheight":30,"imagewidth":30,"type":"TT1"},{"id":133,"image":"assets/pieces/TT2.png","imageheight":30,"imagewidth":30,"type":"TT2"},{"id":134,"image":"assets/pieces/TT3.png","imageheight":30,"imagewidth":30,"type":"TT3"},{"id":135,"image":"assets/pieces/TT4.png","imageheight":30,"imagewidth":30,"type":"TT4"},{"id":136,"image":"assets/pieces/U1.png","imageheight":20,"imagewidth":30,"type":"U1"},{"id":137,"image":"assets/pieces/U2.png","imageheight":30,"imagewidth":20,"type":"U2"},{"id":138,"image":"assets/pieces/U3.png","imageheight":20,"imagewidth":30,"type":"U3"},{"id":139,"image":"assets/pieces/U4.png","imageheight":30,"imagewidth":20,"type":"U4"},{"id":140,"image":"assets/pieces/V1.png","imageheight":20,"imagewidth":20,"type":"V1"},{"id":141,"image":"assets/pieces/V2.png","imageheight":20,"imagewidth":20,"type":"V2"},{"id":142,"image":"assets/pieces/V3.png","imageheight":20,"imagewidth":20,"type":"V3"},{"id":143,"image":"assets/pieces/V4.png","imageheight":20,"imagewidth":20,"type":"V4"},{"id":144,"image":"assets/pieces/VV1.png","imageheight":30,"imagewidth":30,"type":"VV1"},{"id":145,"image":"assets/pieces/VV2.png","imageheight":30,"imagewidth":30,"type":"VV2"},{"id":146,"image":"assets/pieces/VV3.png","imageheight":30,"imagewidth":30,"type":"VV3"},{"id":147,"image":"assets/pieces/VV4.png","imageheight":30,"imagewidth":30,"type":"VV4"},{"id":148,"image":"assets/pieces/X.png","imageheight":30,"imagewidth":30,"type":"X"},{"id":149,"image":"assets/pieces/Z1.png","imageheight":20,"imagewidth":30,"type":"Z1"},{"id":150,"image":"assets/pieces/Z2.png","imageheight":30,"imagewidth":20,"type":"Z2"},{"id":10,"image":"assets/pieces/diamond-10.png","imageheight":10,"imagewidth":10,"type":"diamond-10"},{"id":11,"image":"assets/pieces/diamond-11.png","imageheight":10,"imagewidth":10,"type":"diamond-11"},{"id":12,"image":"assets/pieces/diamond-12.png","imageheight":10,"imagewidth":10,"type":"diamond-12"},{"id":13,"image":"assets/pieces/diamond-13.png","imageheight":10,"imagewidth":10,"type":"diamond-13"},{"id":14,"image":"assets/pieces/diamond-14.png","imageheight":10,"imagewidth":10,"type":"diamond-14"},{"id":15,"image":"assets/pieces/diamond-15.png","imageheight":10,"imagewidth":10,"type":"diamond-15"}],"tilewidth":50}],"tilewidth":10,"type":"map","version":"1.8","width":9}