{"compressionlevel":-1,"height":9,"infinite":false,"layers":[{"data":[0,0,0,0,0,0,0,0,0,0,0,0,0,0,0,0,0,0,0,0,15,15,0,15,15,0,0,0,0,0,0,15,0,0,0,0,0,0,14,14,14,14,14,0,0,15,0,0,13,13,13,0,0,0,0,0,0,0,14,0,0,0,0,0,0,0,13,13,13,0,0,0,0,0,0,0,0,0,0,0,0],"height":9,"id":1,"name":"map","opacity":1,"properties":[{"name":"segment1","propertytype":"segment","type":"class","value":{"avgScore":3.5,"piece1":"{min: 1, max: 10}","piece5":"{min: 1, max: 10}","pieceDistancePerGem":1,"score":100}}],"type":"tilelayer","visible":true,"width":9,"x":0,"y":0},{"draworder":"topdown","id":2,"name":"spawnOrder","objects":[{"gid":127,"height":20,"id":1256,"name":"S1","rotation":0,"type":"S1","visible":true,"width":30,"x":-29,"y":131},{"gid":131,"height":20,"id":1257,"name":"T3","rotation":0,"type":"T3","visible":true,"width":30,"x":29,"y":131},{"gid":115,"height":20,"id":1258,"name":"L2","properties":[{"name":"gem_id","type":"string","value":"12"},{"name":"gem_position","type":"string","value":"1"}],"rotation":0,"type":"L2","visible":true,"width":30,"x":85,"y":131},{"gid":128,"height":30,"id":1259,"name":"S2","rotation":0,"type":"S2","visible":true,"width":20,"x":-24,"y":189},{"gid":136,"height":30,"id":1260,"name":"TT4","rotation":0,"type":"TT4","visible":true,"width":30,"x":29,"y":189},{"gid":113,"height":20,"id":1261,"name":"J4","rotation":0,"type":"J4","visible":true,"width":30,"x":87,"y":184},{"gid":118,"height":20,"id":1262,"name":"O","properties":[{"name":"gem_id","type":"string","value":"13"},{"name":"gem_position","type":"string","value":"0"}],"rotation":0,"type":"O","visible":true,"width":20,"x":-24,"y":239},{"gid":129,"height":20,"id":1263,"name":"T1","rotation":0,"type":"T1","visible":true,"width":30,"x":28,"y":238},{"gid":148,"height":30,"id":1264,"name":"VV4","rotation":0,"type":"VV4","visible":true,"width":30,"x":86,"y":244},{"gid":106,"height":10,"id":1265,"name":"II2","rotation":0,"type":"II2","visible":true,"width":20,"x":-23,"y":288},{"gid":132,"height":30,"id":1266,"name":"T4","rotation":0,"type":"T4","visible":true,"width":20,"x":33,"y":296},{"gid":136,"height":30,"id":1267,"name":"TT4","properties":[{"name":"gem_id","type":"string","value":"12"},{"name":"gem_position","type":"string","value":"3"}],"rotation":0,"type":"TT4","visible":true,"width":30,"x":86,"y":297},{"gid":116,"height":30,"id":1268,"name":"L3","rotation":0,"type":"L3","visible":true,"width":20,"x":-24,"y":351},{"gid":142,"height":20,"id":1269,"name":"V2","rotation":0,"type":"V2","visible":true,"width":20,"x":34,"y":346},{"gid":131,"height":20,"id":1270,"name":"T3","rotation":0,"type":"T3","visible":true,"width":30,"x":86,"y":345},{"gid":116,"height":30,"id":1271,"name":"L3","properties":[{"name":"gem_id","type":"string","value":"13"},{"name":"gem_position","type":"string","value":"3"}],"rotation":0,"type":"L3","visible":true,"width":20,"x":-23,"y":404},{"gid":150,"height":20,"id":1272,"name":"Z1","properties":[{"name":"gem_id","type":"string","value":"12"},{"name":"gem_position","type":"string","value":"2"}],"rotation":0,"type":"Z1","visible":true,"width":30,"x":29,"y":400},{"gid":118,"height":20,"id":1273,"name":"O","rotation":0,"type":"O","visible":true,"width":20,"x":91,"y":399},{"gid":117,"height":20,"id":1274,"name":"L4","rotation":0,"type":"L4","visible":true,"width":30,"x":-29,"y":454},{"gid":135,"height":30,"id":1275,"name":"TT3","rotation":0,"type":"TT3","visible":true,"width":30,"x":29,"y":458},{"gid":143,"height":20,"id":1276,"name":"V3","rotation":0,"type":"V3","visible":true,"width":20,"x":91,"y":454},{"gid":129,"height":20,"id":1277,"name":"T1","properties":[{"name":"gem_id","type":"string","value":"13"},{"name":"gem_position","type":"string","value":"1"}],"rotation":0,"type":"T1","visible":true,"width":30,"x":-29,"y":507},{"gid":142,"height":20,"id":1278,"name":"V2","rotation":0,"type":"V2","visible":true,"width":20,"x":34,"y":506},{"gid":118,"height":20,"id":1279,"name":"O","rotation":0,"type":"O","visible":true,"width":20,"x":91,"y":507},{"gid":151,"height":30,"id":1280,"name":"Z2","rotation":0,"type":"Z2","visible":true,"width":20,"x":-24,"y":565},{"gid":149,"height":30,"id":1281,"name":"X","rotation":0,"type":"X","visible":true,"width":30,"x":29,"y":566},{"gid":104,"height":40,"id":1282,"name":"I4","rotation":0,"type":"I4","visible":true,"width":10,"x":97,"y":571},{"gid":150,"height":20,"id":1283,"name":"Z1","rotation":0,"type":"Z1","visible":true,"width":30,"x":-29,"y":614},{"gid":149,"height":30,"id":1284,"name":"X","rotation":0,"type":"X","visible":true,"width":30,"x":29,"y":619},{"gid":109,"height":10,"id":1285,"name":"II5","properties":[{"name":"gem_id","type":"string","value":"12, 13"},{"name":"gem_position","type":"string","value":"1, 3"}],"rotation":0,"type":"II5","visible":true,"width":50,"x":76,"y":609},{"gid":109,"height":10,"id":1286,"name":"II5","rotation":0,"type":"II5","visible":true,"width":50,"x":-39,"y":663},{"gid":103,"height":30,"id":1287,"name":"I3","rotation":0,"type":"I3","visible":true,"width":10,"x":39,"y":674},{"gid":137,"height":20,"id":1288,"name":"U1","rotation":0,"type":"U1","visible":true,"width":30,"x":86,"y":669},{"gid":143,"height":20,"id":1289,"name":"V3","rotation":0,"type":"V3","visible":true,"width":20,"x":-24,"y":722},{"gid":104,"height":40,"id":1290,"name":"I4","properties":[{"name":"gem_id","type":"string","value":"13"},{"name":"gem_position","type":"string","value":"2"}],"rotation":0,"type":"I4","visible":true,"width":10,"x":39,"y":731},{"gid":121,"height":40,"id":1291,"name":"polyplet-left-4","rotation":0,"type":"polyplet-left-4","visible":true,"width":40,"x":81,"y":732},{"gid":150,"height":20,"id":1292,"name":"Z1","rotation":0,"type":"Z1","visible":true,"width":30,"x":-29,"y":775},{"gid":118,"height":20,"id":1293,"name":"O","rotation":0,"type":"O","visible":true,"width":20,"x":33,"y":776},{"gid":148,"height":30,"id":1294,"name":"VV4","rotation":0,"type":"VV4","visible":true,"width":30,"x":86,"y":780},{"gid":132,"height":30,"id":1295,"name":"T4","rotation":0,"type":"T4","visible":true,"width":20,"x":-24,"y":834},{"gid":142,"height":20,"id":1296,"name":"V2","rotation":0,"type":"V2","visible":true,"width":20,"x":34,"y":829},{"gid":104,"height":40,"id":1297,"name":"I4","rotation":0,"type":"I4","visible":true,"width":10,"x":96,"y":839},{"gid":108,"height":10,"id":1298,"name":"II4","rotation":0,"type":"II4","visible":true,"width":40,"x":-34,"y":877},{"gid":121,"height":40,"id":1299,"name":"polyplet-left-4","properties":[{"name":"gem_id","type":"string","value":"12"},{"name":"gem_position","type":"string","value":"3"}],"rotation":0,"type":"polyplet-left-4","visible":true,"width":40,"x":24,"y":892},{"gid":118,"height":20,"id":1300,"name":"O","rotation":0,"type":"O","visible":true,"width":20,"x":91,"y":883},{"gid":132,"height":30,"id":1301,"name":"T4","rotation":0,"type":"T4","visible":true,"width":20,"x":-24,"y":941},{"gid":118,"height":20,"id":1302,"name":"O","rotation":0,"type":"O","visible":true,"width":20,"x":34,"y":936},{"gid":104,"height":40,"id":1303,"name":"I4","rotation":0,"type":"I4","visible":true,"width":10,"x":96,"y":946},{"gid":109,"height":10,"id":1304,"name":"II5","rotation":0,"type":"II5","visible":true,"width":50,"x":-39,"y":985},{"gid":140,"height":30,"id":1305,"name":"U4","properties":[{"name":"gem_id","type":"string","value":"13"},{"name":"gem_position","type":"string","value":"1"}],"rotation":0,"type":"U4","visible":true,"width":20,"x":33,"y":995},{"gid":143,"height":20,"id":1306,"name":"V3","rotation":0,"type":"V3","visible":true,"width":20,"x":91,"y":991},{"gid":108,"height":10,"id":1307,"name":"II4","rotation":0,"type":"II4","visible":true,"width":40,"x":-34,"y":1039},{"gid":109,"height":10,"id":1308,"name":"II5","rotation":0,"type":"II5","visible":true,"width":50,"x":18,"y":1039},{"gid":111,"height":20,"id":1309,"name":"J2","rotation":0,"type":"J2","visible":true,"width":30,"x":86,"y":1044},{"gid":102,"height":20,"id":1310,"name":"I2","properties":[{"name":"gem_id","type":"string","value":"12"},{"name":"gem_position","type":"string","value":"0"}],"rotation":0,"type":"I2","visible":true,"width":10,"x":-19,"y":1098},{"gid":146,"height":30,"id":1311,"name":"VV2","rotation":0,"type":"VV2","visible":true,"width":30,"x":29,"y":1102},{"gid":104,"height":40,"id":1312,"name":"I4","rotation":0,"type":"I4","visible":true,"width":10,"x":96,"y":1108},{"gid":116,"height":30,"id":1313,"name":"L3","rotation":0,"type":"L3","visible":true,"width":20,"x":-24,"y":1157},{"gid":144,"height":20,"id":1314,"name":"V4","rotation":0,"type":"V4","visible":true,"width":20,"x":34,"y":1151},{"gid":124,"height":30,"id":1315,"name":"polyplet-right-3","rotation":0,"type":"polyplet-right-3","visible":true,"width":30,"x":86,"y":1157}],"opacity":1,"type":"objectgroup","visible":true,"x":0,"y":0}],"nextlayerid":12,"nextobjectid":1958,"orientation":"orthogonal","properties":[{"name":"target","type":"string","value":"{13: 9, 12: 9, 14: 9}"},{"name":"typeLevel","type":"string","value":"collect"}],"renderorder":"right-down","tiledversion":"1.8.5","tileheight":10,"tilesets":[{"columns":0,"firstgid":1,"grid":{"height":1,"orientation":"orthogonal","width":1},"margin":0,"name":"Pieces","spacing":0,"tilecount":57,"tileheight":50,"tiles":[{"id":1,"image":"assets/pieces/1.png","imageheight":10,"imagewidth":10,"type":"1"},{"id":101,"image":"assets/pieces/I2.png","imageheight":20,"imagewidth":10,"type":"I2"},{"id":102,"image":"assets/pieces/I3.png","imageheight":30,"imagewidth":10,"type":"I3"},{"id":103,"image":"assets/pieces/I4.png","imageheight":40,"imagewidth":10,"type":"I4"},{"id":104,"image":"assets/pieces/I5.png","imageheight":50,"imagewidth":10,"type":"I5"},{"id":105,"image":"assets/pieces/II2.png","imageheight":10,"imagewidth":20,"type":"II2"},{"id":106,"image":"assets/pieces/II3.png","imageheight":10,"imagewidth":30,"type":"II3"},{"id":107,"image":"assets/pieces/II4.png","imageheight":10,"imagewidth":40,"type":"II4"},{"id":108,"image":"assets/pieces/II5.png","imageheight":10,"imagewidth":50,"type":"II5"},{"id":109,"image":"assets/pieces/J1.png","imageheight":30,"imagewidth":20,"type":"J1"},{"id":110,"image":"assets/pieces/J2.png","imageheight":20,"imagewidth":30,"type":"J2"},{"id":111,"image":"assets/pieces/J3.png","imageheight":30,"imagewidth":20,"type":"J3"},{"id":112,"image":"assets/pieces/J4.png","imageheight":20,"imagewidth":30,"type":"J4"},{"id":113,"image":"assets/pieces/L1.png","imageheight":30,"imagewidth":20,"type":"L1"},{"id":114,"image":"assets/pieces/L2.png","imageheight":20,"imagewidth":30,"type":"L2"},{"id":115,"image":"assets/pieces/L3.png","imageheight":30,"imagewidth":20,"type":"L3"},{"id":116,"image":"assets/pieces/L4.png","imageheight":20,"imagewidth":30,"type":"L4"},{"id":117,"image":"assets/pieces/O.png","imageheight":20,"imagewidth":20,"type":"O"},{"id":118,"image":"assets/pieces/polyplet-left-2.png","imageheight":20,"imagewidth":20,"type":"polyplet-left-2"},{"id":119,"image":"assets/pieces/polyplet-left-3.png","imageheight":30,"imagewidth":30,"type":"polyplet-left-3"},{"id":120,"image":"assets/pieces/polyplet-left-4.png","imageheight":40,"imagewidth":40,"type":"polyplet-left-4"},{"id":121,"image":"assets/pieces/polyplet-left-5.png","imageheight":50,"imagewidth":50,"type":"polyplet-left-5"},{"id":122,"image":"assets/pieces/polyplet-right-2.png","imageheight":20,"imagewidth":20,"type":"polyplet-right-2"},{"id":123,"image":"assets/pieces/polyplet-right-3.png","imageheight":30,"imagewidth":30,"type":"polyplet-right-3"},{"id":124,"image":"assets/pieces/polyplet-right-4.png","imageheight":40,"imagewidth":40,"type":"polyplet-right-4"},{"id":125,"image":"assets/pieces/polyplet-right-5.png","imageheight":50,"imagewidth":50,"type":"polyplet-right-5"},{"id":126,"image":"assets/pieces/S1.png","imageheight":20,"imagewidth":30,"type":"S1"},{"id":127,"image":"assets/pieces/S2.png","imageheight":30,"imagewidth":20,"type":"S2"},{"id":128,"image":"assets/pieces/T1.png","imageheight":20,"imagewidth":30,"type":"T1"},{"id":129,"image":"assets/pieces/T2.png","imageheight":30,"imagewidth":20,"type":"T2"},{"id":130,"image":"assets/pieces/T3.png","imageheight":20,"imagewidth":30,"type":"T3"},{"id":131,"image":"assets/pieces/T4.png","imageheight":30,"imagewidth":20,"type":"T4"},{"id":132,"image":"assets/pieces/TT1.png","imageheight":30,"imagewidth":30,"type":"TT1"},{"id":133,"image":"assets/pieces/TT2.png","imageheight":30,"imagewidth":30,"type":"TT2"},{"id":134,"image":"assets/pieces/TT3.png","imageheight":30,"imagewidth":30,"type":"TT3"},{"id":135,"image":"assets/pieces/TT4.png","imageheight":30,"imagewidth":30,"type":"TT4"},{"id":136,"image":"assets/pieces/U1.png","imageheight":20,"imagewidth":30,"type":"U1"},{"id":137,"image":"assets/pieces/U2.png","imageheight":30,"imagewidth":20,"type":"U2"},{"id":138,"image":"assets/pieces/U3.png","imageheight":20,"imagewidth":30,"type":"U3"},{"id":139,"image":"assets/pieces/U4.png","imageheight":30,"imagewidth":20,"type":"U4"},{"id":140,"image":"assets/pieces/V1.png","imageheight":20,"imagewidth":20,"type":"V1"},{"id":141,"image":"assets/pieces/V2.png","imageheight":20,"imagewidth":20,"type":"V2"},{"id":142,"image":"assets/pieces/V3.png","imageheight":20,"imagewidth":20,"type":"V3"},{"id":143,"image":"assets/pieces/V4.png","imageheight":20,"imagewidth":20,"type":"V4"},{"id":144,"image":"assets/pieces/VV1.png","imageheight":30,"imagewidth":30,"type":"VV1"},{"id":145,"image":"assets/pieces/VV2.png","imageheight":30,"imagewidth":30,"type":"VV2"},{"id":146,"image":"assets/pieces/VV3.png","imageheight":30,"imagewidth":30,"type":"VV3"},{"id":147,"image":"assets/pieces/VV4.png","imageheight":30,"imagewidth":30,"type":"VV4"},{"id":148,"image":"assets/pieces/X.png","imageheight":30,"imagewidth":30,"type":"X"},{"id":149,"image":"assets/pieces/Z1.png","imageheight":20,"imagewidth":30,"type":"Z1"},{"id":150,"image":"assets/pieces/Z2.png","imageheight":30,"imagewidth":20,"type":"Z2"},{"id":10,"image":"assets/pieces/diamond-10.png","imageheight":10,"imagewidth":10,"type":"diamond-10"},{"id":11,"image":"assets/pieces/diamond-11.png","imageheight":10,"imagewidth":10,"type":"diamond-11"},{"id":12,"image":"assets/pieces/diamond-12.png","imageheight":10,"imagewidth":10,"type":"diamond-12"},{"id":13,"image":"assets/pieces/diamond-13.png","imageheight":10,"imagewidth":10,"type":"diamond-13"},{"id":14,"image":"assets/pieces/diamond-14.png","imageheight":10,"imagewidth":10,"type":"diamond-14"},{"id":15,"image":"assets/pieces/diamond-15.png","imageheight":10,"imagewidth":10,"type":"diamond-15"}],"tilewidth":50}],"tilewidth":10,"type":"map","version":"1.8","width":9}