<?xml version="1.0" encoding="UTF-8"?><font><info face="sans-serif" size="72" bold="0" italic="0" charset="" unicode="1" stretchH="100" smooth="1" aa="1" padding="1,1,1,1" spacing="1,1"/><common lineHeight="72" base="56" scaleW="230" scaleH="246" pages="1" packed="0"/><pages><page id="0" file="number.png"/></pages><chars count="11"><char id="32" x="0" y="0" width="0" height="0" xoffset="0" yoffset="0" xadvance="21" page="0" chnl="15"/><char id="48" x="0" y="0" width="58" height="82" xoffset="-1" yoffset="-1" xadvance="56" page="0" chnl="15"/><char id="49" x="0" y="166" width="36" height="80" xoffset="0" yoffset="-1" xadvance="35" page="0" chnl="15"/><char id="50" x="59" y="83" width="55" height="81" xoffset="-1" yoffset="-1" xadvance="53" page="0" chnl="15"/><char id="51" x="59" y="0" width="53" height="82" xoffset="0" yoffset="-1" xadvance="53" page="0" chnl="15"/><char id="52" x="37" y="166" width="60" height="80" xoffset="-1" yoffset="-1" xadvance="58" page="0" chnl="15"/><char id="53" x="115" y="83" width="54" height="81" xoffset="0" yoffset="-1" xadvance="53" page="0" chnl="15"/><char id="54" x="113" y="0" width="59" height="82" xoffset="-1" yoffset="-1" xadvance="57" page="0" chnl="15"/><char id="55" x="98" y="166" width="54" height="80" xoffset="-1" yoffset="-1" xadvance="52" page="0" chnl="15"/><char id="56" x="173" y="0" width="57" height="82" xoffset="-1" yoffset="-1" xadvance="55" page="0" chnl="15"/><char id="57" x="0" y="83" width="58" height="82" xoffset="-1" yoffset="-1" xadvance="56" page="0" chnl="15"/></chars></font>