{"textures":[{"image":"effects-resources.png","format":"RGBA8888","size":{"w":726,"h":241},"scale":0.5,"frames":[{"filename":"fx_spin_glow_big","rotated":false,"trimmed":false,"sourceSize":{"w":208,"h":206},"spriteSourceSize":{"x":0,"y":0,"w":208,"h":206},"frame":{"x":2,"y":2,"w":208,"h":206}},{"filename":"glow-light","rotated":false,"trimmed":false,"sourceSize":{"w":206,"h":200},"spriteSourceSize":{"x":0,"y":0,"w":206,"h":200},"frame":{"x":214,"y":2,"w":206,"h":200}},{"filename":"circle","rotated":false,"trimmed":false,"sourceSize":{"w":162,"h":162},"spriteSourceSize":{"x":0,"y":0,"w":162,"h":162},"frame":{"x":424,"y":2,"w":162,"h":162}},{"filename":"store_glow","rotated":false,"trimmed":false,"sourceSize":{"w":134,"h":133},"spriteSourceSize":{"x":0,"y":0,"w":134,"h":133},"frame":{"x":590,"y":2,"w":134,"h":133}},{"filename":"ribbon/ribbon-4","rotated":false,"trimmed":false,"sourceSize":{"w":250,"h":6},"spriteSourceSize":{"x":0,"y":0,"w":250,"h":6},"frame":{"x":2,"y":212,"w":250,"h":6}},{"filename":"ribbon/ribbon-1","rotated":false,"trimmed":false,"sourceSize":{"w":192,"h":7},"spriteSourceSize":{"x":0,"y":0,"w":192,"h":7},"frame":{"x":2,"y":222,"w":192,"h":7}},{"filename":"ribbon/ribbon-6","rotated":false,"trimmed":false,"sourceSize":{"w":131,"h":6},"spriteSourceSize":{"x":0,"y":0,"w":131,"h":6},"frame":{"x":2,"y":233,"w":131,"h":6}},{"filename":"ribbon/ribbon-2","rotated":false,"trimmed":false,"sourceSize":{"w":185,"h":7},"spriteSourceSize":{"x":0,"y":0,"w":185,"h":7},"frame":{"x":424,"y":168,"w":185,"h":7}},{"filename":"ribbon/ribbon-5","rotated":false,"trimmed":false,"sourceSize":{"w":146,"h":5},"spriteSourceSize":{"x":0,"y":0,"w":146,"h":5},"frame":{"x":424,"y":179,"w":146,"h":5}},{"filename":"ribbon/ribbon-3","rotated":false,"trimmed":false,"sourceSize":{"w":88,"h":7},"spriteSourceSize":{"x":0,"y":0,"w":88,"h":7},"frame":{"x":590,"y":139,"w":88,"h":7}},{"filename":"fx_box_daily_rewward","rotated":false,"trimmed":false,"sourceSize":{"w":76,"h":89},"spriteSourceSize":{"x":0,"y":0,"w":76,"h":89},"frame":{"x":613,"y":150,"w":76,"h":89}},{"filename":"comet","rotated":false,"trimmed":true,"sourceSize":{"w":40,"h":40},"spriteSourceSize":{"x":2,"y":0,"w":35,"h":39},"frame":{"x":574,"y":179,"w":35,"h":39}},{"filename":"blank","rotated":false,"trimmed":false,"sourceSize":{"w":50,"h":50},"spriteSourceSize":{"x":0,"y":0,"w":50,"h":50},"frame":{"x":424,"y":188,"w":50,"h":50}},{"filename":"coin","rotated":false,"trimmed":false,"sourceSize":{"w":38,"h":36},"spriteSourceSize":{"x":0,"y":0,"w":38,"h":36},"frame":{"x":478,"y":188,"w":38,"h":36}},{"filename":"star-yellow","rotated":false,"trimmed":false,"sourceSize":{"w":35,"h":35},"spriteSourceSize":{"x":0,"y":0,"w":35,"h":35},"frame":{"x":520,"y":188,"w":35,"h":35}},{"filename":"confetti/confetti-4","rotated":false,"trimmed":false,"sourceSize":{"w":22,"h":11},"spriteSourceSize":{"x":0,"y":0,"w":22,"h":11},"frame":{"x":478,"y":228,"w":22,"h":11}},{"filename":"confetti/confetti-2","rotated":false,"trimmed":false,"sourceSize":{"w":19,"h":13},"spriteSourceSize":{"x":0,"y":0,"w":19,"h":13},"frame":{"x":590,"y":150,"w":19,"h":13}},{"filename":"spark","rotated":false,"trimmed":false,"sourceSize":{"w":17,"h":17},"spriteSourceSize":{"x":0,"y":0,"w":17,"h":17},"frame":{"x":198,"y":222,"w":17,"h":17}},{"filename":"fx_sparkle","rotated":false,"trimmed":false,"sourceSize":{"w":26,"h":26},"spriteSourceSize":{"x":0,"y":0,"w":26,"h":26},"frame":{"x":693,"y":139,"w":26,"h":26}},{"filename":"star-white","rotated":false,"trimmed":true,"sourceSize":{"w":35,"h":35},"spriteSourceSize":{"x":5,"y":4,"w":23,"h":25},"frame":{"x":693,"y":169,"w":23,"h":25}},{"filename":"fx_sparkle_small","rotated":false,"trimmed":false,"sourceSize":{"w":20,"h":20},"spriteSourceSize":{"x":0,"y":0,"w":20,"h":20},"frame":{"x":693,"y":198,"w":20,"h":20}},{"filename":"star-x/star-1","rotated":false,"trimmed":false,"sourceSize":{"w":11,"h":10},"spriteSourceSize":{"x":0,"y":0,"w":11,"h":10},"frame":{"x":559,"y":188,"w":11,"h":10}},{"filename":"star-y/star-1","rotated":false,"trimmed":false,"sourceSize":{"w":11,"h":10},"spriteSourceSize":{"x":0,"y":0,"w":11,"h":10},"frame":{"x":559,"y":188,"w":11,"h":10}},{"filename":"star-x/star-2","rotated":false,"trimmed":false,"sourceSize":{"w":11,"h":10},"spriteSourceSize":{"x":0,"y":0,"w":11,"h":10},"frame":{"x":559,"y":202,"w":11,"h":10}},{"filename":"ribbon/ribbon","rotated":false,"trimmed":false,"sourceSize":{"w":32,"h":1},"spriteSourceSize":{"x":0,"y":0,"w":32,"h":1},"frame":{"x":214,"y":206,"w":32,"h":1}},{"filename":"star-x/star-4","rotated":false,"trimmed":true,"sourceSize":{"w":11,"h":10},"spriteSourceSize":{"x":0,"y":2,"w":11,"h":6},"frame":{"x":137,"y":233,"w":11,"h":6}},{"filename":"confetti/small-1","rotated":false,"trimmed":false,"sourceSize":{"w":14,"h":16},"spriteSourceSize":{"x":0,"y":0,"w":14,"h":16},"frame":{"x":219,"y":222,"w":14,"h":16}},{"filename":"confetti/small-2","rotated":false,"trimmed":true,"sourceSize":{"w":14,"h":16},"spriteSourceSize":{"x":0,"y":1,"w":14,"h":15},"frame":{"x":693,"y":222,"w":14,"h":15}},{"filename":"confetti/small-3","rotated":false,"trimmed":true,"sourceSize":{"w":14,"h":16},"spriteSourceSize":{"x":1,"y":0,"w":13,"h":16},"frame":{"x":711,"y":222,"w":13,"h":16}},{"filename":"confetti/small-4","rotated":false,"trimmed":true,"sourceSize":{"w":14,"h":16},"spriteSourceSize":{"x":1,"y":0,"w":12,"h":16},"frame":{"x":237,"y":222,"w":12,"h":16}},{"filename":"ribbon/falling-confetti/confetti-a/confetti-a-1","rotated":false,"trimmed":false,"sourceSize":{"w":11,"h":7},"spriteSourceSize":{"x":0,"y":0,"w":11,"h":7},"frame":{"x":559,"y":216,"w":11,"h":7}},{"filename":"confetti/confetti-7","rotated":false,"trimmed":false,"sourceSize":{"w":5,"h":7},"spriteSourceSize":{"x":0,"y":0,"w":5,"h":7},"frame":{"x":682,"y":139,"w":5,"h":7}},{"filename":"star-y/star-4","rotated":false,"trimmed":false,"sourceSize":{"w":11,"h":10},"spriteSourceSize":{"x":0,"y":0,"w":11,"h":10},"frame":{"x":504,"y":228,"w":11,"h":10}},{"filename":"confetti/confetti-1","rotated":false,"trimmed":false,"sourceSize":{"w":14,"h":20},"spriteSourceSize":{"x":0,"y":0,"w":14,"h":20},"frame":{"x":256,"y":206,"w":14,"h":20}},{"filename":"confetti/confetti-3","rotated":false,"trimmed":false,"sourceSize":{"w":14,"h":19},"spriteSourceSize":{"x":0,"y":0,"w":14,"h":19},"frame":{"x":274,"y":206,"w":14,"h":19}},{"filename":"confetti/confetti-6","rotated":false,"trimmed":false,"sourceSize":{"w":13,"h":13},"spriteSourceSize":{"x":0,"y":0,"w":13,"h":13},"frame":{"x":292,"y":206,"w":13,"h":13}},{"filename":"star-y/star-2","rotated":false,"trimmed":true,"sourceSize":{"w":11,"h":10},"spriteSourceSize":{"x":1,"y":0,"w":10,"h":10},"frame":{"x":274,"y":229,"w":10,"h":10}},{"filename":"confetti/confetti-5","rotated":false,"trimmed":false,"sourceSize":{"w":6,"h":10},"spriteSourceSize":{"x":0,"y":0,"w":6,"h":10},"frame":{"x":288,"y":229,"w":6,"h":10}},{"filename":"ribbon/falling-confetti/confetti-c/confetti-c-1","rotated":false,"trimmed":false,"sourceSize":{"w":12,"h":8},"spriteSourceSize":{"x":0,"y":0,"w":12,"h":8},"frame":{"x":309,"y":206,"w":12,"h":8}},{"filename":"ribbon/falling-confetti/confetti-d/confetti-d-4","rotated":false,"trimmed":false,"sourceSize":{"w":12,"h":2},"spriteSourceSize":{"x":0,"y":0,"w":12,"h":2},"frame":{"x":292,"y":223,"w":12,"h":2}},{"filename":"star-y/star-3","rotated":false,"trimmed":true,"sourceSize":{"w":11,"h":10},"spriteSourceSize":{"x":3,"y":0,"w":6,"h":10},"frame":{"x":298,"y":229,"w":6,"h":10}},{"filename":"ribbon/falling-confetti/confetti-b/confetti-b-1","rotated":false,"trimmed":false,"sourceSize":{"w":12,"h":7},"spriteSourceSize":{"x":0,"y":0,"w":12,"h":7},"frame":{"x":325,"y":206,"w":12,"h":7}},{"filename":"ribbon/falling-confetti/confetti-c/confetti-c-2","rotated":false,"trimmed":false,"sourceSize":{"w":13,"h":5},"spriteSourceSize":{"x":0,"y":0,"w":13,"h":5},"frame":{"x":152,"y":233,"w":13,"h":5}},{"filename":"ribbon/falling-confetti/confetti-d/confetti-d-1","rotated":false,"trimmed":false,"sourceSize":{"w":11,"h":7},"spriteSourceSize":{"x":0,"y":0,"w":11,"h":7},"frame":{"x":341,"y":206,"w":11,"h":7}},{"filename":"star-x/star-3","rotated":false,"trimmed":true,"sourceSize":{"w":11,"h":10},"spriteSourceSize":{"x":0,"y":1,"w":11,"h":8},"frame":{"x":356,"y":206,"w":11,"h":8}},{"filename":"ribbon/falling-confetti/confetti-b/confetti-b-2","rotated":false,"trimmed":false,"sourceSize":{"w":12,"h":5},"spriteSourceSize":{"x":0,"y":0,"w":12,"h":5},"frame":{"x":169,"y":233,"w":12,"h":5}},{"filename":"ribbon/falling-confetti/confetti-d/confetti-d-2","rotated":false,"trimmed":false,"sourceSize":{"w":12,"h":5},"spriteSourceSize":{"x":0,"y":0,"w":12,"h":5},"frame":{"x":371,"y":206,"w":12,"h":5}},{"filename":"ribbon/falling-confetti/confetti-b/confetti-b-3","rotated":false,"trimmed":false,"sourceSize":{"w":13,"h":3},"spriteSourceSize":{"x":0,"y":0,"w":13,"h":3},"frame":{"x":387,"y":206,"w":13,"h":3}},{"filename":"ribbon/falling-confetti/confetti-c/confetti-c-3","rotated":false,"trimmed":false,"sourceSize":{"w":12,"h":4},"spriteSourceSize":{"x":0,"y":0,"w":12,"h":4},"frame":{"x":404,"y":206,"w":12,"h":4}},{"filename":"ribbon/falling-confetti/confetti-b/confetti-b-4","rotated":false,"trimmed":false,"sourceSize":{"w":13,"h":1},"spriteSourceSize":{"x":0,"y":0,"w":13,"h":1},"frame":{"x":574,"y":222,"w":13,"h":1}},{"filename":"ribbon/falling-confetti/confetti-d/confetti-d-3","rotated":false,"trimmed":false,"sourceSize":{"w":12,"h":3},"spriteSourceSize":{"x":0,"y":0,"w":12,"h":3},"frame":{"x":309,"y":218,"w":12,"h":3}},{"filename":"ribbon/falling-confetti/confetti-a/confetti-a-2","rotated":false,"trimmed":false,"sourceSize":{"w":11,"h":4},"spriteSourceSize":{"x":0,"y":0,"w":11,"h":4},"frame":{"x":325,"y":217,"w":11,"h":4}},{"filename":"ribbon/falling-confetti/confetti-c/confetti-c-4","rotated":false,"trimmed":false,"sourceSize":{"w":11,"h":3},"spriteSourceSize":{"x":0,"y":0,"w":11,"h":3},"frame":{"x":340,"y":217,"w":11,"h":3}},{"filename":"ribbon/falling-confetti/confetti-a/confetti-a-3","rotated":false,"trimmed":false,"sourceSize":{"w":11,"h":2},"spriteSourceSize":{"x":0,"y":0,"w":11,"h":2},"frame":{"x":591,"y":222,"w":11,"h":2}}]}],"meta":{"app":"https://www.codeandweb.com/texturepacker","version":"3.0","smartupdate":"$TexturePacker:SmartUpdate:fa0d78f82c7b456cefe7645694283f3c:d55f12dadefc7f62de5cc1d7fe0550ac:fcf0ca429d8c303c4783c89b34559bdb$"}}