{"textures":[{"image":"first-10-levels-game-objects-resources.png","format":"RGBA8888","size":{"w":566,"h":127},"scale":0.5,"frames":[{"filename":"shooter","rotated":false,"trimmed":false,"sourceSize":{"w":69,"h":69},"spriteSourceSize":{"x":0,"y":0,"w":69,"h":69},"frame":{"x":2,"y":2,"w":69,"h":69}},{"filename":"blank","rotated":false,"trimmed":false,"sourceSize":{"w":50,"h":50},"spriteSourceSize":{"x":0,"y":0,"w":50,"h":50},"frame":{"x":2,"y":74,"w":50,"h":50}},{"filename":"shot-guide/bullet-item-simulator","rotated":false,"trimmed":false,"sourceSize":{"w":47,"h":47},"spriteSourceSize":{"x":0,"y":0,"w":47,"h":47},"frame":{"x":55,"y":74,"w":47,"h":47}},{"filename":"bubbles/thunder-ball-glow","rotated":false,"trimmed":false,"sourceSize":{"w":64,"h":64},"spriteSourceSize":{"x":0,"y":0,"w":64,"h":64},"frame":{"x":74,"y":2,"w":64,"h":64}},{"filename":"bomb-drug/bomb-drug","rotated":false,"trimmed":false,"sourceSize":{"w":34,"h":34},"spriteSourceSize":{"x":0,"y":0,"w":34,"h":34},"frame":{"x":105,"y":69,"w":34,"h":34}},{"filename":"shot-guide/rainbow/straight","rotated":false,"trimmed":false,"sourceSize":{"w":111,"h":19},"spriteSourceSize":{"x":0,"y":0,"w":111,"h":19},"frame":{"x":105,"y":106,"w":111,"h":19}},{"filename":"highlight-circle","rotated":false,"trimmed":false,"sourceSize":{"w":59,"h":59},"spriteSourceSize":{"x":0,"y":0,"w":59,"h":59},"frame":{"x":141,"y":2,"w":59,"h":59}},{"filename":"bubbles/ball_blue","rotated":false,"trimmed":false,"sourceSize":{"w":34,"h":34},"spriteSourceSize":{"x":0,"y":0,"w":34,"h":34},"frame":{"x":142,"y":64,"w":34,"h":34}},{"filename":"bubbles/ball_cyan","rotated":false,"trimmed":false,"sourceSize":{"w":34,"h":34},"spriteSourceSize":{"x":0,"y":0,"w":34,"h":34},"frame":{"x":179,"y":64,"w":34,"h":34}},{"filename":"bubbles/ball_green","rotated":false,"trimmed":false,"sourceSize":{"w":34,"h":34},"spriteSourceSize":{"x":0,"y":0,"w":34,"h":34},"frame":{"x":203,"y":2,"w":34,"h":34}},{"filename":"gem-ball/gem_yellow","rotated":false,"trimmed":false,"sourceSize":{"w":26,"h":22},"spriteSourceSize":{"x":0,"y":0,"w":26,"h":22},"frame":{"x":203,"y":39,"w":26,"h":22}},{"filename":"bubbles/ball_orange","rotated":false,"trimmed":false,"sourceSize":{"w":34,"h":34},"spriteSourceSize":{"x":0,"y":0,"w":34,"h":34},"frame":{"x":216,"y":64,"w":34,"h":34}},{"filename":"gem-ball/gem_blue","rotated":false,"trimmed":false,"sourceSize":{"w":25,"h":22},"spriteSourceSize":{"x":0,"y":0,"w":25,"h":22},"frame":{"x":232,"y":39,"w":25,"h":22}},{"filename":"bubbles/ball_pink","rotated":false,"trimmed":false,"sourceSize":{"w":34,"h":34},"spriteSourceSize":{"x":0,"y":0,"w":34,"h":34},"frame":{"x":240,"y":2,"w":34,"h":34}},{"filename":"gem-ball/gem_purple","rotated":false,"trimmed":false,"sourceSize":{"w":25,"h":24},"spriteSourceSize":{"x":0,"y":0,"w":25,"h":24},"frame":{"x":219,"y":101,"w":25,"h":24}},{"filename":"gem-ball/gem_green","rotated":false,"trimmed":false,"sourceSize":{"w":23,"h":23},"spriteSourceSize":{"x":0,"y":0,"w":23,"h":23},"frame":{"x":247,"y":101,"w":23,"h":23}},{"filename":"bubbles/ball_red","rotated":false,"trimmed":false,"sourceSize":{"w":34,"h":34},"spriteSourceSize":{"x":0,"y":0,"w":34,"h":34},"frame":{"x":253,"y":64,"w":34,"h":34}},{"filename":"gem-ball/gem_cyan","rotated":false,"trimmed":false,"sourceSize":{"w":22,"h":22},"spriteSourceSize":{"x":0,"y":0,"w":22,"h":22},"frame":{"x":260,"y":39,"w":22,"h":22}},{"filename":"bubbles/ball_transparent","rotated":false,"trimmed":false,"sourceSize":{"w":34,"h":34},"spriteSourceSize":{"x":0,"y":0,"w":34,"h":34},"frame":{"x":277,"y":2,"w":34,"h":34}},{"filename":"shot-guide/curve","rotated":false,"trimmed":false,"sourceSize":{"w":80,"h":19},"spriteSourceSize":{"x":0,"y":0,"w":80,"h":19},"frame":{"x":285,"y":39,"w":80,"h":19}},{"filename":"bubbles/ball_violet","rotated":false,"trimmed":false,"sourceSize":{"w":34,"h":34},"spriteSourceSize":{"x":0,"y":0,"w":34,"h":34},"frame":{"x":314,"y":2,"w":34,"h":34}},{"filename":"bubbles/ball_yellow","rotated":false,"trimmed":false,"sourceSize":{"w":34,"h":34},"spriteSourceSize":{"x":0,"y":0,"w":34,"h":34},"frame":{"x":351,"y":2,"w":34,"h":34}},{"filename":"shot-guide/blue/straight","rotated":false,"trimmed":false,"sourceSize":{"w":19,"h":19},"spriteSourceSize":{"x":0,"y":0,"w":19,"h":19},"frame":{"x":273,"y":101,"w":19,"h":19}},{"filename":"curve-arrow","rotated":false,"trimmed":false,"sourceSize":{"w":44,"h":32},"spriteSourceSize":{"x":0,"y":0,"w":44,"h":32},"frame":{"x":290,"y":61,"w":44,"h":32}},{"filename":"shot-guide/blue/bg_point","rotated":false,"trimmed":false,"sourceSize":{"w":27,"h":28},"spriteSourceSize":{"x":0,"y":0,"w":27,"h":28},"frame":{"x":295,"y":96,"w":27,"h":28}},{"filename":"shot-guide/bomb/bg_point","rotated":false,"trimmed":false,"sourceSize":{"w":27,"h":28},"spriteSourceSize":{"x":0,"y":0,"w":27,"h":28},"frame":{"x":325,"y":96,"w":27,"h":28}},{"filename":"shot-guide/cyan/bg_point","rotated":false,"trimmed":false,"sourceSize":{"w":27,"h":28},"spriteSourceSize":{"x":0,"y":0,"w":27,"h":28},"frame":{"x":337,"y":61,"w":27,"h":28}},{"filename":"shot-guide/electric/bg_point","rotated":false,"trimmed":false,"sourceSize":{"w":27,"h":28},"spriteSourceSize":{"x":0,"y":0,"w":27,"h":28},"frame":{"x":355,"y":92,"w":27,"h":28}},{"filename":"shot-guide/green/bg_point","rotated":false,"trimmed":false,"sourceSize":{"w":27,"h":28},"spriteSourceSize":{"x":0,"y":0,"w":27,"h":28},"frame":{"x":367,"y":61,"w":27,"h":28}},{"filename":"shot-guide/bomb/straight","rotated":false,"trimmed":false,"sourceSize":{"w":19,"h":19},"spriteSourceSize":{"x":0,"y":0,"w":19,"h":19},"frame":{"x":368,"y":39,"w":19,"h":19}},{"filename":"shot-guide/orange/bg_point","rotated":false,"trimmed":false,"sourceSize":{"w":27,"h":28},"spriteSourceSize":{"x":0,"y":0,"w":27,"h":28},"frame":{"x":385,"y":92,"w":27,"h":28}},{"filename":"shot-guide/pink/bg_point","rotated":false,"trimmed":false,"sourceSize":{"w":27,"h":28},"spriteSourceSize":{"x":0,"y":0,"w":27,"h":28},"frame":{"x":388,"y":2,"w":27,"h":28}},{"filename":"gem-ball/gem_red","rotated":false,"trimmed":false,"sourceSize":{"w":27,"h":25},"spriteSourceSize":{"x":0,"y":0,"w":27,"h":25},"frame":{"x":390,"y":33,"w":27,"h":25}},{"filename":"shot-guide/rainbow/bg_point","rotated":false,"trimmed":false,"sourceSize":{"w":27,"h":28},"spriteSourceSize":{"x":0,"y":0,"w":27,"h":28},"frame":{"x":418,"y":2,"w":27,"h":28}},{"filename":"shot-guide/red/bg_point","rotated":false,"trimmed":false,"sourceSize":{"w":27,"h":28},"spriteSourceSize":{"x":0,"y":0,"w":27,"h":28},"frame":{"x":397,"y":61,"w":27,"h":28}},{"filename":"gem-ball/gem_orange","rotated":false,"trimmed":false,"sourceSize":{"w":25,"h":25},"spriteSourceSize":{"x":0,"y":0,"w":25,"h":25},"frame":{"x":420,"y":33,"w":25,"h":25}},{"filename":"shot-guide/rocket/bg_point","rotated":false,"trimmed":false,"sourceSize":{"w":27,"h":28},"spriteSourceSize":{"x":0,"y":0,"w":27,"h":28},"frame":{"x":415,"y":92,"w":27,"h":28}},{"filename":"shot-guide/violet/bg_point","rotated":false,"trimmed":false,"sourceSize":{"w":27,"h":28},"spriteSourceSize":{"x":0,"y":0,"w":27,"h":28},"frame":{"x":427,"y":61,"w":27,"h":28}},{"filename":"shot-guide/yellow/bg_point","rotated":false,"trimmed":false,"sourceSize":{"w":27,"h":28},"spriteSourceSize":{"x":0,"y":0,"w":27,"h":28},"frame":{"x":445,"y":92,"w":27,"h":28}},{"filename":"thunder/thunder_blue","rotated":false,"trimmed":false,"sourceSize":{"w":21,"h":28},"spriteSourceSize":{"x":0,"y":0,"w":21,"h":28},"frame":{"x":448,"y":2,"w":21,"h":28}},{"filename":"gem-ball/gem_pink","rotated":false,"trimmed":false,"sourceSize":{"w":23,"h":25},"spriteSourceSize":{"x":0,"y":0,"w":23,"h":25},"frame":{"x":448,"y":33,"w":23,"h":25}},{"filename":"thunder/thunder_glow","rotated":false,"trimmed":false,"sourceSize":{"w":21,"h":28},"spriteSourceSize":{"x":0,"y":0,"w":21,"h":28},"frame":{"x":472,"y":2,"w":21,"h":28}},{"filename":"thunder/thunder_green","rotated":false,"trimmed":false,"sourceSize":{"w":21,"h":28},"spriteSourceSize":{"x":0,"y":0,"w":21,"h":28},"frame":{"x":457,"y":61,"w":21,"h":28}},{"filename":"thunder/thunder_orange","rotated":false,"trimmed":false,"sourceSize":{"w":21,"h":28},"spriteSourceSize":{"x":0,"y":0,"w":21,"h":28},"frame":{"x":475,"y":92,"w":21,"h":28}},{"filename":"thunder/thunder_yellow","rotated":false,"trimmed":false,"sourceSize":{"w":21,"h":28},"spriteSourceSize":{"x":0,"y":0,"w":21,"h":28},"frame":{"x":475,"y":92,"w":21,"h":28}},{"filename":"shot-guide/cyan/straight","rotated":false,"trimmed":false,"sourceSize":{"w":19,"h":19},"spriteSourceSize":{"x":0,"y":0,"w":19,"h":19},"frame":{"x":474,"y":33,"w":19,"h":19}},{"filename":"thunder/thunder_pink","rotated":false,"trimmed":false,"sourceSize":{"w":21,"h":28},"spriteSourceSize":{"x":0,"y":0,"w":21,"h":28},"frame":{"x":481,"y":55,"w":21,"h":28}},{"filename":"thunder/thunder_purple","rotated":false,"trimmed":false,"sourceSize":{"w":21,"h":28},"spriteSourceSize":{"x":0,"y":0,"w":21,"h":28},"frame":{"x":499,"y":86,"w":21,"h":28}},{"filename":"thunder/thunder_red","rotated":false,"trimmed":false,"sourceSize":{"w":21,"h":28},"spriteSourceSize":{"x":0,"y":0,"w":21,"h":28},"frame":{"x":523,"y":2,"w":21,"h":28}},{"filename":"shot-guide/electric/straight","rotated":false,"trimmed":false,"sourceSize":{"w":19,"h":19},"spriteSourceSize":{"x":0,"y":0,"w":19,"h":19},"frame":{"x":496,"y":33,"w":19,"h":19}},{"filename":"thunder/thunder_skyblue","rotated":false,"trimmed":false,"sourceSize":{"w":21,"h":28},"spriteSourceSize":{"x":0,"y":0,"w":21,"h":28},"frame":{"x":496,"y":2,"w":21,"h":28}},{"filename":"shot-guide/green/straight","rotated":false,"trimmed":false,"sourceSize":{"w":19,"h":19},"spriteSourceSize":{"x":0,"y":0,"w":19,"h":19},"frame":{"x":505,"y":55,"w":19,"h":19}},{"filename":"shot-guide/orange/straight","rotated":false,"trimmed":false,"sourceSize":{"w":19,"h":19},"spriteSourceSize":{"x":0,"y":0,"w":19,"h":19},"frame":{"x":518,"y":33,"w":19,"h":19}},{"filename":"shot-guide/pink/straight","rotated":false,"trimmed":false,"sourceSize":{"w":19,"h":19},"spriteSourceSize":{"x":0,"y":0,"w":19,"h":19},"frame":{"x":540,"y":33,"w":19,"h":19}},{"filename":"shot-guide/red/straight","rotated":false,"trimmed":false,"sourceSize":{"w":19,"h":19},"spriteSourceSize":{"x":0,"y":0,"w":19,"h":19},"frame":{"x":527,"y":55,"w":19,"h":19}},{"filename":"shot-guide/rocket/straight","rotated":false,"trimmed":false,"sourceSize":{"w":19,"h":19},"spriteSourceSize":{"x":0,"y":0,"w":19,"h":19},"frame":{"x":523,"y":77,"w":19,"h":19}},{"filename":"shot-guide/violet/straight","rotated":false,"trimmed":false,"sourceSize":{"w":19,"h":19},"spriteSourceSize":{"x":0,"y":0,"w":19,"h":19},"frame":{"x":545,"y":77,"w":19,"h":19}},{"filename":"shot-guide/yellow/straight","rotated":false,"trimmed":false,"sourceSize":{"w":19,"h":19},"spriteSourceSize":{"x":0,"y":0,"w":19,"h":19},"frame":{"x":523,"y":99,"w":19,"h":19}}]}],"meta":{"app":"https://www.codeandweb.com/texturepacker","version":"3.0","smartupdate":"$TexturePacker:SmartUpdate:0015b2d6c5cc5f3606c17b1eba71d710:c6d461c144c381b93da785f70b9bc353:0996dd7e9db609960a6dcf09e17bc364$"}}