{"textures":[{"image":"gameplay-effects-resources.png","format":"RGBA8888","size":{"w":1062,"h":255},"scale":0.5,"frames":[{"filename":"others/level-completed","rotated":false,"trimmed":false,"sourceSize":{"w":269,"h":88},"spriteSourceSize":{"x":0,"y":0,"w":269,"h":88},"frame":{"x":2,"y":2,"w":269,"h":88}},{"filename":"animations/color-ball/explosive_grey_19","rotated":false,"trimmed":true,"sourceSize":{"w":89,"h":97},"spriteSourceSize":{"x":0,"y":0,"w":89,"h":94},"frame":{"x":2,"y":93,"w":89,"h":94}},{"filename":"others/ring31","rotated":false,"trimmed":true,"sourceSize":{"w":64,"h":64},"spriteSourceSize":{"x":1,"y":1,"w":63,"h":63},"frame":{"x":2,"y":190,"w":63,"h":63}},{"filename":"animations/color-ball/explosive_grey_18","rotated":false,"trimmed":true,"sourceSize":{"w":89,"h":97},"spriteSourceSize":{"x":1,"y":1,"w":88,"h":92},"frame":{"x":94,"y":93,"w":88,"h":92}},{"filename":"animations/color-ball/explosive_grey_14","rotated":false,"trimmed":true,"sourceSize":{"w":89,"h":97},"spriteSourceSize":{"x":1,"y":6,"w":87,"h":91},"frame":{"x":185,"y":93,"w":87,"h":91}},{"filename":"animations/color-ball/explosive_grey_16","rotated":false,"trimmed":true,"sourceSize":{"w":89,"h":97},"spriteSourceSize":{"x":3,"y":4,"w":86,"h":88},"frame":{"x":274,"y":2,"w":86,"h":88}},{"filename":"animations/color-ball/explosive_grey_17","rotated":false,"trimmed":true,"sourceSize":{"w":89,"h":97},"spriteSourceSize":{"x":2,"y":3,"w":87,"h":89},"frame":{"x":363,"y":2,"w":87,"h":89}},{"filename":"animations/color-ball/explosive_grey_13","rotated":false,"trimmed":true,"sourceSize":{"w":89,"h":97},"spriteSourceSize":{"x":2,"y":8,"w":86,"h":87},"frame":{"x":453,"y":2,"w":86,"h":87}},{"filename":"animations/color-ball/explosive_grey_15","rotated":false,"trimmed":true,"sourceSize":{"w":89,"h":97},"spriteSourceSize":{"x":4,"y":5,"w":84,"h":86},"frame":{"x":275,"y":93,"w":84,"h":86}},{"filename":"animations/color-ball/explosive_grey_12","rotated":false,"trimmed":true,"sourceSize":{"w":89,"h":97},"spriteSourceSize":{"x":4,"y":9,"w":84,"h":85},"frame":{"x":542,"y":2,"w":84,"h":85}},{"filename":"animations/color-ball/explosive_grey_11","rotated":false,"trimmed":true,"sourceSize":{"w":89,"h":97},"spriteSourceSize":{"x":5,"y":10,"w":82,"h":82},"frame":{"x":629,"y":2,"w":82,"h":82}},{"filename":"animations/color-ball/explosive_grey_07","rotated":false,"trimmed":true,"sourceSize":{"w":89,"h":97},"spriteSourceSize":{"x":5,"y":10,"w":81,"h":79},"frame":{"x":714,"y":2,"w":81,"h":79}},{"filename":"animations/color-ball/explosive_grey_10","rotated":false,"trimmed":true,"sourceSize":{"w":89,"h":97},"spriteSourceSize":{"x":6,"y":11,"w":81,"h":79},"frame":{"x":798,"y":2,"w":81,"h":79}},{"filename":"animations/color-ball/explosive_grey_09","rotated":false,"trimmed":true,"sourceSize":{"w":89,"h":97},"spriteSourceSize":{"x":8,"y":12,"w":79,"h":77},"frame":{"x":882,"y":2,"w":79,"h":77}},{"filename":"animations/color-ball/explosive_grey_06","rotated":false,"trimmed":true,"sourceSize":{"w":89,"h":97},"spriteSourceSize":{"x":7,"y":11,"w":77,"h":77},"frame":{"x":964,"y":2,"w":77,"h":77}},{"filename":"animations/color-ball/explosive_grey_08","rotated":false,"trimmed":true,"sourceSize":{"w":89,"h":97},"spriteSourceSize":{"x":9,"y":13,"w":77,"h":74},"frame":{"x":362,"y":94,"w":77,"h":74}},{"filename":"others/fx_electric","rotated":false,"trimmed":false,"sourceSize":{"w":119,"h":34},"spriteSourceSize":{"x":0,"y":0,"w":119,"h":34},"frame":{"x":714,"y":84,"w":119,"h":34}},{"filename":"animations/bat/fly_3","rotated":false,"trimmed":true,"sourceSize":{"w":102,"h":52},"spriteSourceSize":{"x":1,"y":8,"w":100,"h":33},"frame":{"x":882,"y":82,"w":100,"h":33}},{"filename":"animations/bat/fly_5","rotated":false,"trimmed":true,"sourceSize":{"w":102,"h":52},"spriteSourceSize":{"x":14,"y":8,"w":75,"h":39},"frame":{"x":985,"y":82,"w":75,"h":39}},{"filename":"animations/bat/fly_2","rotated":false,"trimmed":true,"sourceSize":{"w":102,"h":52},"spriteSourceSize":{"x":6,"y":8,"w":89,"h":27},"frame":{"x":94,"y":188,"w":89,"h":27}},{"filename":"animations/bat/fly_4","rotated":false,"trimmed":true,"sourceSize":{"w":102,"h":52},"spriteSourceSize":{"x":6,"y":8,"w":90,"h":34},"frame":{"x":186,"y":187,"w":90,"h":34}},{"filename":"animations/bat/fly_8","rotated":false,"trimmed":true,"sourceSize":{"w":102,"h":52},"spriteSourceSize":{"x":12,"y":8,"w":79,"h":33},"frame":{"x":279,"y":182,"w":79,"h":33}},{"filename":"animations/bat/fly_0","rotated":false,"trimmed":true,"sourceSize":{"w":102,"h":52},"spriteSourceSize":{"x":11,"y":8,"w":80,"h":26},"frame":{"x":362,"y":171,"w":80,"h":26}},{"filename":"animations/bat/fly_1","rotated":false,"trimmed":true,"sourceSize":{"w":102,"h":52},"spriteSourceSize":{"x":10,"y":8,"w":81,"h":25},"frame":{"x":361,"y":200,"w":81,"h":25}},{"filename":"animations/bat/fly_10","rotated":false,"trimmed":true,"sourceSize":{"w":102,"h":52},"spriteSourceSize":{"x":12,"y":8,"w":79,"h":27},"frame":{"x":279,"y":218,"w":79,"h":27}},{"filename":"animations/color-bomb/shine_8","rotated":false,"trimmed":true,"sourceSize":{"w":32,"h":32},"spriteSourceSize":{"x":1,"y":7,"w":31,"h":25},"frame":{"x":361,"y":228,"w":31,"h":25}},{"filename":"animations/bat/fly_9","rotated":false,"trimmed":true,"sourceSize":{"w":102,"h":52},"spriteSourceSize":{"x":14,"y":8,"w":76,"h":31},"frame":{"x":68,"y":218,"w":76,"h":31}},{"filename":"animations/bat/fly_11","rotated":false,"trimmed":true,"sourceSize":{"w":102,"h":52},"spriteSourceSize":{"x":11,"y":8,"w":80,"h":27},"frame":{"x":629,"y":87,"w":80,"h":27}},{"filename":"animations/color-ball/explosive_grey_05","rotated":false,"trimmed":true,"sourceSize":{"w":89,"h":97},"spriteSourceSize":{"x":10,"y":13,"w":72,"h":70},"frame":{"x":442,"y":94,"w":72,"h":70}},{"filename":"animations/color-ball/explosive_grey_04","rotated":false,"trimmed":true,"sourceSize":{"w":89,"h":97},"spriteSourceSize":{"x":12,"y":14,"w":68,"h":67},"frame":{"x":445,"y":167,"w":68,"h":67}},{"filename":"others/tail","rotated":false,"trimmed":false,"sourceSize":{"w":40,"h":128},"spriteSourceSize":{"x":0,"y":0,"w":40,"h":128},"frame":{"x":517,"y":92,"w":40,"h":128}},{"filename":"animations/bomb/bomb-drug-explosion","rotated":false,"trimmed":false,"sourceSize":{"w":64,"h":64},"spriteSourceSize":{"x":0,"y":0,"w":64,"h":64},"frame":{"x":560,"y":90,"w":64,"h":64}},{"filename":"animations/color-ball/explosive_grey_03","rotated":false,"trimmed":true,"sourceSize":{"w":89,"h":97},"spriteSourceSize":{"x":13,"y":16,"w":64,"h":64},"frame":{"x":560,"y":157,"w":64,"h":64}},{"filename":"others/rainbow","rotated":false,"trimmed":false,"sourceSize":{"w":64,"h":64},"spriteSourceSize":{"x":0,"y":0,"w":64,"h":64},"frame":{"x":627,"y":117,"w":64,"h":64}},{"filename":"others/ring","rotated":false,"trimmed":false,"sourceSize":{"w":64,"h":64},"spriteSourceSize":{"x":0,"y":0,"w":64,"h":64},"frame":{"x":694,"y":121,"w":64,"h":64}},{"filename":"others/glow03","rotated":false,"trimmed":false,"sourceSize":{"w":61,"h":61},"spriteSourceSize":{"x":0,"y":0,"w":61,"h":61},"frame":{"x":761,"y":121,"w":61,"h":61}},{"filename":"others/glow04","rotated":false,"trimmed":false,"sourceSize":{"w":61,"h":61},"spriteSourceSize":{"x":0,"y":0,"w":61,"h":61},"frame":{"x":627,"y":184,"w":61,"h":61}},{"filename":"animations/color-ball/explosive_grey_02","rotated":false,"trimmed":true,"sourceSize":{"w":89,"h":97},"spriteSourceSize":{"x":15,"y":17,"w":60,"h":61},"frame":{"x":691,"y":188,"w":60,"h":61}},{"filename":"animations/color-ball/explosive_bomb_4","rotated":false,"trimmed":true,"sourceSize":{"w":32,"h":32},"spriteSourceSize":{"x":0,"y":1,"w":32,"h":30},"frame":{"x":516,"y":223,"w":32,"h":30}},{"filename":"animations/color-ball/explosive_grey_01","rotated":false,"trimmed":true,"sourceSize":{"w":89,"h":97},"spriteSourceSize":{"x":16,"y":19,"w":58,"h":58},"frame":{"x":825,"y":121,"w":58,"h":58}},{"filename":"animations/bat/fly_7","rotated":false,"trimmed":true,"sourceSize":{"w":102,"h":52},"spriteSourceSize":{"x":16,"y":8,"w":71,"h":38},"frame":{"x":886,"y":118,"w":71,"h":38}},{"filename":"animations/bat/fly_6","rotated":false,"trimmed":true,"sourceSize":{"w":102,"h":52},"spriteSourceSize":{"x":19,"y":8,"w":65,"h":41},"frame":{"x":886,"y":159,"w":65,"h":41}},{"filename":"blank","rotated":false,"trimmed":false,"sourceSize":{"w":50,"h":50},"spriteSourceSize":{"x":0,"y":0,"w":50,"h":50},"frame":{"x":754,"y":203,"w":50,"h":50}},{"filename":"animations/color-ball/explosive_bomb_5","rotated":false,"trimmed":false,"sourceSize":{"w":32,"h":32},"spriteSourceSize":{"x":0,"y":0,"w":32,"h":32},"frame":{"x":836,"y":84,"w":32,"h":32}},{"filename":"animations/color-ball/explosive_bomb_6","rotated":false,"trimmed":false,"sourceSize":{"w":32,"h":32},"spriteSourceSize":{"x":0,"y":0,"w":32,"h":32},"frame":{"x":147,"y":218,"w":32,"h":32}},{"filename":"particles/others/dust-02","rotated":false,"trimmed":true,"sourceSize":{"w":64,"h":64},"spriteSourceSize":{"x":5,"y":9,"w":56,"h":48},"frame":{"x":960,"y":124,"w":56,"h":48}},{"filename":"animations/color-ball/explosive_bomb_7","rotated":false,"trimmed":false,"sourceSize":{"w":32,"h":32},"spriteSourceSize":{"x":0,"y":0,"w":32,"h":32},"frame":{"x":1019,"y":124,"w":32,"h":32}},{"filename":"animations/color-bomb/shine_2","rotated":false,"trimmed":true,"sourceSize":{"w":32,"h":32},"spriteSourceSize":{"x":0,"y":0,"w":32,"h":27},"frame":{"x":182,"y":224,"w":32,"h":27}},{"filename":"animations/color-ball/explosive_bomb_1","rotated":false,"trimmed":true,"sourceSize":{"w":32,"h":32},"spriteSourceSize":{"x":1,"y":2,"w":30,"h":28},"frame":{"x":217,"y":224,"w":30,"h":28}},{"filename":"animations/color-ball/explosive_bomb_8","rotated":false,"trimmed":false,"sourceSize":{"w":32,"h":32},"spriteSourceSize":{"x":0,"y":0,"w":32,"h":32},"frame":{"x":954,"y":175,"w":32,"h":32}},{"filename":"animations/color-bomb/shine_4","rotated":false,"trimmed":false,"sourceSize":{"w":32,"h":32},"spriteSourceSize":{"x":0,"y":0,"w":32,"h":32},"frame":{"x":989,"y":175,"w":32,"h":32}},{"filename":"animations/color-bomb/shine_9","rotated":false,"trimmed":true,"sourceSize":{"w":32,"h":32},"spriteSourceSize":{"x":7,"y":17,"w":24,"h":15},"frame":{"x":761,"y":185,"w":24,"h":15}},{"filename":"animations/comeback-ball/tile_5","rotated":false,"trimmed":false,"sourceSize":{"w":16,"h":16},"spriteSourceSize":{"x":0,"y":0,"w":16,"h":16},"frame":{"x":1044,"y":2,"w":16,"h":16}},{"filename":"animations/comeback-ball/tile_6","rotated":false,"trimmed":false,"sourceSize":{"w":16,"h":16},"spriteSourceSize":{"x":0,"y":0,"w":16,"h":16},"frame":{"x":1044,"y":21,"w":16,"h":16}},{"filename":"animations/comeback-ball/tile_7","rotated":false,"trimmed":false,"sourceSize":{"w":16,"h":16},"spriteSourceSize":{"x":0,"y":0,"w":16,"h":16},"frame":{"x":1044,"y":40,"w":16,"h":16}},{"filename":"animations/comeback-ball/tile_8","rotated":false,"trimmed":false,"sourceSize":{"w":16,"h":16},"spriteSourceSize":{"x":0,"y":0,"w":16,"h":16},"frame":{"x":1044,"y":59,"w":16,"h":16}},{"filename":"animations/comeback-ball/tile_12","rotated":false,"trimmed":true,"sourceSize":{"w":16,"h":16},"spriteSourceSize":{"x":0,"y":1,"w":16,"h":15},"frame":{"x":788,"y":185,"w":16,"h":15}},{"filename":"animations/color-bomb/shine_1","rotated":false,"trimmed":true,"sourceSize":{"w":32,"h":32},"spriteSourceSize":{"x":0,"y":0,"w":25,"h":23},"frame":{"x":395,"y":228,"w":25,"h":23}},{"filename":"particles/others/leaf","rotated":false,"trimmed":false,"sourceSize":{"w":22,"h":26},"spriteSourceSize":{"x":0,"y":0,"w":22,"h":26},"frame":{"x":250,"y":224,"w":22,"h":26}},{"filename":"animations/color-ball/explosive_bomb_0","rotated":false,"trimmed":true,"sourceSize":{"w":32,"h":32},"spriteSourceSize":{"x":2,"y":2,"w":28,"h":28},"frame":{"x":551,"y":224,"w":28,"h":28}},{"filename":"particles/others/dust-01","rotated":false,"trimmed":true,"sourceSize":{"w":32,"h":32},"spriteSourceSize":{"x":3,"y":1,"w":28,"h":28},"frame":{"x":582,"y":224,"w":28,"h":28}},{"filename":"animations/color-bomb/shine_5","rotated":false,"trimmed":false,"sourceSize":{"w":32,"h":32},"spriteSourceSize":{"x":0,"y":0,"w":32,"h":32},"frame":{"x":807,"y":185,"w":32,"h":32}},{"filename":"animations/color-bomb/shine_6","rotated":false,"trimmed":false,"sourceSize":{"w":32,"h":32},"spriteSourceSize":{"x":0,"y":0,"w":32,"h":32},"frame":{"x":807,"y":220,"w":32,"h":32}},{"filename":"animations/color-bomb/shine_7","rotated":false,"trimmed":false,"sourceSize":{"w":32,"h":32},"spriteSourceSize":{"x":0,"y":0,"w":32,"h":32},"frame":{"x":842,"y":182,"w":32,"h":32}},{"filename":"others/glow07","rotated":false,"trimmed":false,"sourceSize":{"w":32,"h":32},"spriteSourceSize":{"x":0,"y":0,"w":32,"h":32},"frame":{"x":842,"y":217,"w":32,"h":32}},{"filename":"particles/others/stars","rotated":false,"trimmed":false,"sourceSize":{"w":32,"h":32},"spriteSourceSize":{"x":0,"y":0,"w":32,"h":32},"frame":{"x":877,"y":203,"w":32,"h":32}},{"filename":"animations/color-bomb/shine_3","rotated":false,"trimmed":true,"sourceSize":{"w":32,"h":32},"spriteSourceSize":{"x":0,"y":0,"w":32,"h":31},"frame":{"x":912,"y":203,"w":32,"h":31}},{"filename":"animations/color-ball/explosive_bomb_2","rotated":false,"trimmed":true,"sourceSize":{"w":32,"h":32},"spriteSourceSize":{"x":1,"y":1,"w":30,"h":30},"frame":{"x":947,"y":210,"w":30,"h":30}},{"filename":"animations/color-ball/explosive_bomb_3","rotated":false,"trimmed":true,"sourceSize":{"w":32,"h":32},"spriteSourceSize":{"x":1,"y":1,"w":30,"h":30},"frame":{"x":980,"y":210,"w":30,"h":30}},{"filename":"animations/comeback-ball/tile_4","rotated":false,"trimmed":true,"sourceSize":{"w":16,"h":16},"spriteSourceSize":{"x":0,"y":0,"w":15,"h":15},"frame":{"x":877,"y":238,"w":15,"h":15}},{"filename":"particles/earthen-pot/earthen_pot_piece","rotated":false,"trimmed":false,"sourceSize":{"w":20,"h":21},"spriteSourceSize":{"x":0,"y":0,"w":20,"h":21},"frame":{"x":68,"y":190,"w":20,"h":21}},{"filename":"animations/comeback-ball/tile_15","rotated":false,"trimmed":true,"sourceSize":{"w":16,"h":16},"spriteSourceSize":{"x":5,"y":5,"w":11,"h":11},"frame":{"x":613,"y":224,"w":11,"h":11}},{"filename":"animations/comeback-ball/tile_3","rotated":false,"trimmed":true,"sourceSize":{"w":16,"h":16},"spriteSourceSize":{"x":0,"y":0,"w":15,"h":13},"frame":{"x":1019,"y":159,"w":15,"h":13}},{"filename":"animations/comeback-ball/tile_9","rotated":false,"trimmed":false,"sourceSize":{"w":16,"h":16},"spriteSourceSize":{"x":0,"y":0,"w":16,"h":16},"frame":{"x":912,"y":237,"w":16,"h":16}},{"filename":"particles/mirror-piece/piece_1","rotated":false,"trimmed":true,"sourceSize":{"w":16,"h":16},"spriteSourceSize":{"x":3,"y":0,"w":10,"h":16},"frame":{"x":931,"y":237,"w":10,"h":16}},{"filename":"animations/comeback-ball/tile_10","rotated":false,"trimmed":false,"sourceSize":{"w":16,"h":16},"spriteSourceSize":{"x":0,"y":0,"w":16,"h":16},"frame":{"x":423,"y":228,"w":16,"h":16}},{"filename":"animations/comeback-ball/tile_11","rotated":false,"trimmed":false,"sourceSize":{"w":16,"h":16},"spriteSourceSize":{"x":0,"y":0,"w":16,"h":16},"frame":{"x":442,"y":237,"w":16,"h":16}},{"filename":"particles/bomb/bomb-drug-explosion","rotated":false,"trimmed":false,"sourceSize":{"w":16,"h":16},"spriteSourceSize":{"x":0,"y":0,"w":16,"h":16},"frame":{"x":461,"y":237,"w":16,"h":16}},{"filename":"particles/mirror-piece/piece_2","rotated":false,"trimmed":false,"sourceSize":{"w":16,"h":16},"spriteSourceSize":{"x":0,"y":0,"w":16,"h":16},"frame":{"x":480,"y":237,"w":16,"h":16}},{"filename":"particles/mirror-piece/piece_0","rotated":false,"trimmed":true,"sourceSize":{"w":16,"h":16},"spriteSourceSize":{"x":1,"y":0,"w":14,"h":16},"frame":{"x":499,"y":237,"w":14,"h":16}},{"filename":"particles/others/star","rotated":false,"trimmed":false,"sourceSize":{"w":10,"h":10},"spriteSourceSize":{"x":0,"y":0,"w":10,"h":10},"frame":{"x":944,"y":243,"w":10,"h":10}},{"filename":"animations/comeback-ball/tile_16","rotated":false,"trimmed":true,"sourceSize":{"w":16,"h":16},"spriteSourceSize":{"x":8,"y":7,"w":8,"h":9},"frame":{"x":871,"y":84,"w":8,"h":9}},{"filename":"animations/comeback-ball/tile_13","rotated":false,"trimmed":true,"sourceSize":{"w":16,"h":16},"spriteSourceSize":{"x":1,"y":2,"w":15,"h":14},"frame":{"x":1037,"y":159,"w":15,"h":14}},{"filename":"animations/comeback-ball/tile_14","rotated":false,"trimmed":true,"sourceSize":{"w":16,"h":16},"spriteSourceSize":{"x":3,"y":3,"w":13,"h":13},"frame":{"x":895,"y":238,"w":13,"h":13}},{"filename":"particles/mummy/stone_piece_1","rotated":false,"trimmed":false,"sourceSize":{"w":8,"h":7},"spriteSourceSize":{"x":0,"y":0,"w":8,"h":7},"frame":{"x":871,"y":96,"w":8,"h":7}},{"filename":"particles/mirror-piece/piece_3","rotated":false,"trimmed":false,"sourceSize":{"w":16,"h":16},"spriteSourceSize":{"x":0,"y":0,"w":16,"h":16},"frame":{"x":1013,"y":210,"w":16,"h":16}},{"filename":"particles/spider-web/spider_web_1","rotated":false,"trimmed":false,"sourceSize":{"w":16,"h":16},"spriteSourceSize":{"x":0,"y":0,"w":16,"h":16},"frame":{"x":1013,"y":229,"w":16,"h":16}},{"filename":"particles/spider-web/spider_web_2","rotated":false,"trimmed":false,"sourceSize":{"w":16,"h":16},"spriteSourceSize":{"x":0,"y":0,"w":16,"h":16},"frame":{"x":1024,"y":176,"w":16,"h":16}},{"filename":"particles/spider-web/spider_web_3","rotated":false,"trimmed":false,"sourceSize":{"w":16,"h":16},"spriteSourceSize":{"x":0,"y":0,"w":16,"h":16},"frame":{"x":1043,"y":176,"w":16,"h":16}},{"filename":"animations/comeback-ball/tile_2","rotated":false,"trimmed":true,"sourceSize":{"w":16,"h":16},"spriteSourceSize":{"x":0,"y":0,"w":12,"h":11},"frame":{"x":1024,"y":195,"w":12,"h":11}},{"filename":"particles/spider-web/spider_web_4","rotated":false,"trimmed":false,"sourceSize":{"w":16,"h":16},"spriteSourceSize":{"x":0,"y":0,"w":16,"h":16},"frame":{"x":1039,"y":195,"w":16,"h":16}},{"filename":"animations/comeback-ball/tile_1","rotated":false,"trimmed":true,"sourceSize":{"w":16,"h":16},"spriteSourceSize":{"x":0,"y":0,"w":9,"h":9},"frame":{"x":613,"y":238,"w":9,"h":9}},{"filename":"particles/mummy/stone_piece_2","rotated":false,"trimmed":false,"sourceSize":{"w":12,"h":11},"spriteSourceSize":{"x":0,"y":0,"w":12,"h":11},"frame":{"x":1032,"y":214,"w":12,"h":11}},{"filename":"animations/color-ball/explosive_grey_00","rotated":false,"trimmed":true,"sourceSize":{"w":89,"h":97},"spriteSourceSize":{"x":0,"y":0,"w":3,"h":3},"frame":{"x":960,"y":118,"w":3,"h":3}},{"filename":"particles/others/circle-2","rotated":false,"trimmed":false,"sourceSize":{"w":5,"h":5},"spriteSourceSize":{"x":0,"y":0,"w":5,"h":5},"frame":{"x":275,"y":248,"w":5,"h":5}},{"filename":"particles/others/circle-1","rotated":false,"trimmed":false,"sourceSize":{"w":2,"h":2},"spriteSourceSize":{"x":0,"y":0,"w":2,"h":2},"frame":{"x":1058,"y":195,"w":2,"h":2}}]}],"meta":{"app":"https://www.codeandweb.com/texturepacker","version":"3.0","smartupdate":"$TexturePacker:SmartUpdate:94952cdcd9bea5102aefa76915903590:ff58d3a9d30986f517a866afdef6904f:5f5aa38fc0b36aaa78bdf63575c72dbf$"}}