{"textures":[{"image":"theme-gameplay-hard-resources.png","format":"RGBA8888","size":{"w":526,"h":114},"scale":0.5,"frames":[{"filename":"top-line","rotated":false,"trimmed":false,"sourceSize":{"w":375,"h":6},"spriteSourceSize":{"x":0,"y":0,"w":375,"h":6},"frame":{"x":2,"y":2,"w":375,"h":6}},{"filename":"background/bg_progress_bar","rotated":false,"trimmed":false,"sourceSize":{"w":230,"h":49},"spriteSourceSize":{"x":0,"y":0,"w":230,"h":49},"frame":{"x":2,"y":11,"w":230,"h":49}},{"filename":"background/mission_box","rotated":false,"trimmed":false,"sourceSize":{"w":113,"h":49},"spriteSourceSize":{"x":0,"y":0,"w":113,"h":49},"frame":{"x":2,"y":63,"w":113,"h":49}},{"filename":"background/bg_top","rotated":false,"trimmed":false,"sourceSize":{"w":145,"h":75},"spriteSourceSize":{"x":0,"y":0,"w":145,"h":75},"frame":{"x":235,"y":11,"w":145,"h":75}},{"filename":"progress/progress_bar","rotated":false,"trimmed":false,"sourceSize":{"w":139,"h":14},"spriteSourceSize":{"x":0,"y":0,"w":139,"h":14},"frame":{"x":383,"y":2,"w":139,"h":14}},{"filename":"buttons/item_box","rotated":false,"trimmed":false,"sourceSize":{"w":47,"h":43},"spriteSourceSize":{"x":0,"y":0,"w":47,"h":43},"frame":{"x":118,"y":63,"w":47,"h":43}},{"filename":"progress/chest_progress_bg","rotated":false,"trimmed":false,"sourceSize":{"w":64,"h":24},"spriteSourceSize":{"x":0,"y":0,"w":64,"h":24},"frame":{"x":168,"y":63,"w":64,"h":24}},{"filename":"progress/progress_bg","rotated":false,"trimmed":false,"sourceSize":{"w":144,"h":19},"spriteSourceSize":{"x":0,"y":0,"w":144,"h":19},"frame":{"x":235,"y":89,"w":144,"h":19}},{"filename":"buttons/item_box_disable","rotated":false,"trimmed":false,"sourceSize":{"w":47,"h":43},"spriteSourceSize":{"x":0,"y":0,"w":47,"h":43},"frame":{"x":383,"y":19,"w":47,"h":43}},{"filename":"buttons/item_box_full","rotated":false,"trimmed":false,"sourceSize":{"w":47,"h":43},"spriteSourceSize":{"x":0,"y":0,"w":47,"h":43},"frame":{"x":433,"y":19,"w":47,"h":43}},{"filename":"buttons/button_bg","rotated":false,"trimmed":false,"sourceSize":{"w":41,"h":36},"spriteSourceSize":{"x":0,"y":0,"w":41,"h":36},"frame":{"x":483,"y":19,"w":41,"h":36}},{"filename":"progress/chest_progress_bar","rotated":false,"trimmed":false,"sourceSize":{"w":54,"h":14},"spriteSourceSize":{"x":0,"y":0,"w":54,"h":14},"frame":{"x":168,"y":90,"w":54,"h":14}},{"filename":"buttons/btn_red_circle","rotated":false,"trimmed":false,"sourceSize":{"w":38,"h":39},"spriteSourceSize":{"x":0,"y":0,"w":38,"h":39},"frame":{"x":383,"y":65,"w":38,"h":39}},{"filename":"progress/star-empty","rotated":false,"trimmed":false,"sourceSize":{"w":23,"h":24},"spriteSourceSize":{"x":0,"y":0,"w":23,"h":24},"frame":{"x":424,"y":65,"w":23,"h":24}},{"filename":"progress/star-full","rotated":false,"trimmed":false,"sourceSize":{"w":23,"h":24},"spriteSourceSize":{"x":0,"y":0,"w":23,"h":24},"frame":{"x":450,"y":65,"w":23,"h":24}},{"filename":"icon_pause","rotated":false,"trimmed":false,"sourceSize":{"w":13,"h":14},"spriteSourceSize":{"x":0,"y":0,"w":13,"h":14},"frame":{"x":424,"y":92,"w":13,"h":14}}]}],"meta":{"app":"https://www.codeandweb.com/texturepacker","version":"3.0","smartupdate":"$TexturePacker:SmartUpdate:b7dd282786526a6855e62b1b430e597b:991a8fe0673b5dd2d0c6f853ea561dc8:dcfb872ef3be0a848a5fb2fb72c5384a$"}}