{
  "resources": [
    "assets/sounds/effects.mp3"
  ],
  "spritemap": {
    "board_end": {
      "start": 0,
      "end": 1.4294784580498867,
      "loop": false
    },
    "button_click": {
      "start": 3,
      "end": 3.5475283446712016,
      "loop": false
    },
    "congratulation": {
      "start": 5,
      "end": 7.89233560090703,
      "loop": false
    },
    "cool": {
      "start": 9,
      "end": 10.16,
      "loop": false
    },
    "daily_reward": {
      "start": 12,
      "end": 12.914285714285715,
      "loop": false
    },
    "draw": {
      "start": 14,
      "end": 15.055056689342404,
      "loop": false
    },
    "eat_block": {
      "start": 17,
      "end": 18.34401360544218,
      "loop": false
    },
    "excellent": {
      "start": 20,
      "end": 21.052154195011337,
      "loop": false
    },
    "game_over_scene": {
      "start": 23,
      "end": 26.99673469387755,
      "loop": false
    },
    "game_over": {
      "start": 28,
      "end": 30.575963718820862,
      "loop": false
    },
    "good": {
      "start": 32,
      "end": 34.90065759637188,
      "loop": false
    },
    "lose": {
      "start": 36,
      "end": 38.49469387755102,
      "loop": false
    },
    "piece_drop": {
      "start": 40,
      "end": 40.4368253968254,
      "loop": false
    },
    "piece_invalid_move": {
      "start": 42,
      "end": 42.17560090702948,
      "loop": false
    },
    "piece_pick": {
      "start": 44,
      "end": 44.12916099773243,
      "loop": false
    },
    "popup_off": {
      "start": 46,
      "end": 46.91428571428571,
      "loop": false
    },
    "popup_show": {
      "start": 48,
      "end": 48.33959183673469,
      "loop": false
    },
    "reach_goal": {
      "start": 50,
      "end": 51.05537414965986,
      "loop": false
    },
    "reach_score": {
      "start": 53,
      "end": 60.23498866213152,
      "loop": false
    },
    "rescue_timer": {
      "start": 62,
      "end": 66.04897959183674,
      "loop": false
    },
    "score_count": {
      "start": 68,
      "end": 68.08852607709751,
      "loop": false
    },
    "wait_opponent": {
      "start": 70,
      "end": 71.37142857142857,
      "loop": false
    },
    "win": {
      "start": 73,
      "end": 76.64988662131519,
      "loop": false
    }
  }
}