{"textures":[{"image":"default-resources-0.png","format":"RGBA8888","size":{"w":1019,"h":1019},"scale":0.5,"frames":[{"filename":"bg/bg-middle","rotated":false,"trimmed":false,"sourceSize":{"w":360,"h":425},"spriteSourceSize":{"x":0,"y":0,"w":360,"h":425},"frame":{"x":2,"y":2,"w":360,"h":425}},{"filename":"ui-ngang/bg-middle","rotated":false,"trimmed":false,"sourceSize":{"w":360,"h":284},"spriteSourceSize":{"x":0,"y":0,"w":360,"h":284},"frame":{"x":2,"y":430,"w":360,"h":284}},{"filename":"leaderboards/bg-top","rotated":false,"trimmed":false,"sourceSize":{"w":475,"h":84},"spriteSourceSize":{"x":0,"y":0,"w":475,"h":84},"frame":{"x":365,"y":2,"w":475,"h":84}},{"filename":"leaderboards/bg-bottom","rotated":false,"trimmed":false,"sourceSize":{"w":475,"h":34},"spriteSourceSize":{"x":0,"y":0,"w":475,"h":34},"frame":{"x":365,"y":89,"w":475,"h":34}},{"filename":"ui-ngang/khung-next-block","rotated":false,"trimmed":false,"sourceSize":{"w":100,"h":300},"spriteSourceSize":{"x":0,"y":0,"w":100,"h":300},"frame":{"x":2,"y":717,"w":100,"h":300}},{"filename":"leaderboards/bg-middle","rotated":false,"trimmed":false,"sourceSize":{"w":475,"h":24},"spriteSourceSize":{"x":0,"y":0,"w":475,"h":24},"frame":{"x":365,"y":126,"w":475,"h":24}},{"filename":"footer","rotated":false,"trimmed":false,"sourceSize":{"w":375,"h":77},"spriteSourceSize":{"x":0,"y":0,"w":375,"h":77},"frame":{"x":365,"y":153,"w":375,"h":77}},{"filename":"ui-ngang/bg-top","rotated":false,"trimmed":false,"sourceSize":{"w":360,"h":89},"spriteSourceSize":{"x":0,"y":0,"w":360,"h":89},"frame":{"x":365,"y":233,"w":360,"h":89}},{"filename":"ui-ngang/bg-bottom","rotated":false,"trimmed":false,"sourceSize":{"w":360,"h":88},"spriteSourceSize":{"x":0,"y":0,"w":360,"h":88},"frame":{"x":365,"y":325,"w":360,"h":88}},{"filename":"bg/bg-bottom","rotated":false,"trimmed":false,"sourceSize":{"w":360,"h":56},"spriteSourceSize":{"x":0,"y":0,"w":360,"h":56},"frame":{"x":365,"y":416,"w":360,"h":56}},{"filename":"bg/bg-top","rotated":false,"trimmed":false,"sourceSize":{"w":360,"h":56},"spriteSourceSize":{"x":0,"y":0,"w":360,"h":56},"frame":{"x":365,"y":475,"w":360,"h":56}},{"filename":"daily-challenge/bg","rotated":false,"trimmed":false,"sourceSize":{"w":260,"h":143},"spriteSourceSize":{"x":0,"y":0,"w":260,"h":143},"frame":{"x":365,"y":534,"w":260,"h":143}},{"filename":"score-panel","rotated":false,"trimmed":false,"sourceSize":{"w":263,"h":76},"spriteSourceSize":{"x":0,"y":0,"w":263,"h":76},"frame":{"x":105,"y":717,"w":263,"h":76}},{"filename":"popup/middle","rotated":false,"trimmed":false,"sourceSize":{"w":216,"h":114},"spriteSourceSize":{"x":0,"y":0,"w":216,"h":114},"frame":{"x":105,"y":796,"w":216,"h":114}},{"filename":"lives/heart","rotated":false,"trimmed":false,"sourceSize":{"w":170,"h":140},"spriteSourceSize":{"x":0,"y":0,"w":170,"h":140},"frame":{"x":843,"y":2,"w":170,"h":140}},{"filename":"border-daily","rotated":false,"trimmed":false,"sourceSize":{"w":259,"h":26},"spriteSourceSize":{"x":0,"y":0,"w":259,"h":26},"frame":{"x":365,"y":680,"w":259,"h":26}},{"filename":"leaf","rotated":false,"trimmed":false,"sourceSize":{"w":282,"h":66},"spriteSourceSize":{"x":0,"y":0,"w":282,"h":66},"frame":{"x":371,"y":709,"w":282,"h":66}},{"filename":"border-bottom-panel","rotated":false,"trimmed":false,"sourceSize":{"w":375,"h":18},"spriteSourceSize":{"x":0,"y":0,"w":375,"h":18},"frame":{"x":371,"y":778,"w":375,"h":18}},{"filename":"best-score-frame-long","rotated":false,"trimmed":false,"sourceSize":{"w":193,"h":77},"spriteSourceSize":{"x":0,"y":0,"w":193,"h":77},"frame":{"x":105,"y":913,"w":193,"h":77}},{"filename":"popup/background","rotated":false,"trimmed":false,"sourceSize":{"w":198,"h":111},"spriteSourceSize":{"x":0,"y":0,"w":198,"h":111},"frame":{"x":324,"y":799,"w":198,"h":111}},{"filename":"daily-challenge/bg-item-dark","rotated":false,"trimmed":false,"sourceSize":{"w":254,"h":41},"spriteSourceSize":{"x":0,"y":0,"w":254,"h":41},"frame":{"x":301,"y":913,"w":254,"h":41}},{"filename":"daily-challenge/bg-item-light","rotated":false,"trimmed":false,"sourceSize":{"w":254,"h":41},"spriteSourceSize":{"x":0,"y":0,"w":254,"h":41},"frame":{"x":301,"y":957,"w":254,"h":41}},{"filename":"popup/top-dark","rotated":false,"trimmed":false,"sourceSize":{"w":216,"h":45},"spriteSourceSize":{"x":0,"y":0,"w":216,"h":45},"frame":{"x":525,"y":799,"w":216,"h":45}},{"filename":"popup/top","rotated":false,"trimmed":false,"sourceSize":{"w":216,"h":45},"spriteSourceSize":{"x":0,"y":0,"w":216,"h":45},"frame":{"x":525,"y":847,"w":216,"h":45}},{"filename":"daily-challenge/bottom-panel","rotated":false,"trimmed":false,"sourceSize":{"w":261,"h":15},"spriteSourceSize":{"x":0,"y":0,"w":261,"h":15},"frame":{"x":525,"y":895,"w":261,"h":15}},{"filename":"ui-ngang/khung-mission","rotated":false,"trimmed":false,"sourceSize":{"w":48,"h":232},"spriteSourceSize":{"x":0,"y":0,"w":48,"h":232},"frame":{"x":728,"y":233,"w":48,"h":232}},{"filename":"daily-challenge/top-panel","rotated":false,"trimmed":false,"sourceSize":{"w":261,"h":15},"spriteSourceSize":{"x":0,"y":0,"w":261,"h":15},"frame":{"x":558,"y":913,"w":261,"h":15}},{"filename":"bottom-panel","rotated":false,"trimmed":false,"sourceSize":{"w":141,"h":86},"spriteSourceSize":{"x":0,"y":0,"w":141,"h":86},"frame":{"x":558,"y":931,"w":141,"h":86}},{"filename":"bg/bg-dark","rotated":false,"trimmed":false,"sourceSize":{"w":122,"h":152},"spriteSourceSize":{"x":0,"y":0,"w":122,"h":152},"frame":{"x":628,"y":534,"w":122,"h":152}},{"filename":"texts/first-milestone","rotated":false,"trimmed":false,"sourceSize":{"w":189,"h":22},"spriteSourceSize":{"x":0,"y":0,"w":189,"h":22},"frame":{"x":105,"y":993,"w":189,"h":22}},{"filename":"popup/bottom","rotated":false,"trimmed":false,"sourceSize":{"w":216,"h":14},"spriteSourceSize":{"x":0,"y":0,"w":216,"h":14},"frame":{"x":297,"y":1001,"w":216,"h":14}},{"filename":"lives/time-block","rotated":false,"trimmed":false,"sourceSize":{"w":173,"h":44},"spriteSourceSize":{"x":0,"y":0,"w":173,"h":44},"frame":{"x":843,"y":145,"w":173,"h":44}},{"filename":"daily-challenge/middle-panel","rotated":false,"trimmed":false,"sourceSize":{"w":261,"h":13},"spriteSourceSize":{"x":0,"y":0,"w":261,"h":13},"frame":{"x":743,"y":192,"w":261,"h":13}},{"filename":"texts/waiting-for-opponent","rotated":false,"trimmed":false,"sourceSize":{"w":218,"h":22},"spriteSourceSize":{"x":0,"y":0,"w":218,"h":22},"frame":{"x":743,"y":208,"w":218,"h":22}},{"filename":"buttons/dark-blue","rotated":false,"trimmed":false,"sourceSize":{"w":183,"h":54},"spriteSourceSize":{"x":0,"y":0,"w":183,"h":54},"frame":{"x":779,"y":233,"w":183,"h":54}},{"filename":"lives/time-block-2","rotated":false,"trimmed":false,"sourceSize":{"w":182,"h":54},"spriteSourceSize":{"x":0,"y":0,"w":182,"h":54},"frame":{"x":779,"y":290,"w":182,"h":54}},{"filename":"bg-progress-circle","rotated":false,"trimmed":false,"sourceSize":{"w":116,"h":116},"spriteSourceSize":{"x":0,"y":0,"w":116,"h":116},"frame":{"x":779,"y":347,"w":116,"h":116}},{"filename":"buttons/green-large","rotated":false,"trimmed":false,"sourceSize":{"w":165,"h":54},"spriteSourceSize":{"x":0,"y":0,"w":165,"h":54},"frame":{"x":702,"y":931,"w":165,"h":54}},{"filename":"texts/congratulations","rotated":false,"trimmed":false,"sourceSize":{"w":182,"h":22},"spriteSourceSize":{"x":0,"y":0,"w":182,"h":22},"frame":{"x":702,"y":988,"w":182,"h":22}},{"filename":"avatar/border-big","rotated":false,"trimmed":false,"sourceSize":{"w":88,"h":88},"spriteSourceSize":{"x":0,"y":0,"w":88,"h":88},"frame":{"x":898,"y":347,"w":88,"h":88}},{"filename":"buttons/green","rotated":false,"trimmed":false,"sourceSize":{"w":119,"h":41},"spriteSourceSize":{"x":0,"y":0,"w":119,"h":41},"frame":{"x":898,"y":438,"w":119,"h":41}},{"filename":"avatar/background","rotated":false,"trimmed":false,"sourceSize":{"w":53,"h":54},"spriteSourceSize":{"x":0,"y":0,"w":53,"h":54},"frame":{"x":964,"y":290,"w":53,"h":54}},{"filename":"leaderboards/bg-item-0","rotated":false,"trimmed":false,"sourceSize":{"w":116,"h":23},"spriteSourceSize":{"x":0,"y":0,"w":116,"h":23},"frame":{"x":779,"y":466,"w":116,"h":23}},{"filename":"texts/next-milestone","rotated":false,"trimmed":false,"sourceSize":{"w":167,"h":22},"spriteSourceSize":{"x":0,"y":0,"w":167,"h":22},"frame":{"x":728,"y":492,"w":167,"h":22}},{"filename":"popup/score-panel","rotated":false,"trimmed":false,"sourceSize":{"w":150,"h":46},"spriteSourceSize":{"x":0,"y":0,"w":150,"h":46},"frame":{"x":753,"y":517,"w":150,"h":46}},{"filename":"daily-challenge/title-panel","rotated":false,"trimmed":false,"sourceSize":{"w":141,"h":35},"spriteSourceSize":{"x":0,"y":0,"w":141,"h":35},"frame":{"x":753,"y":566,"w":141,"h":35}},{"filename":"texts/daily-challenge","rotated":false,"trimmed":false,"sourceSize":{"w":156,"h":23},"spriteSourceSize":{"x":0,"y":0,"w":156,"h":23},"frame":{"x":753,"y":604,"w":156,"h":23}},{"filename":"texts/keep-playing","rotated":false,"trimmed":false,"sourceSize":{"w":128,"h":23},"spriteSourceSize":{"x":0,"y":0,"w":128,"h":23},"frame":{"x":753,"y":630,"w":128,"h":23}},{"filename":"texts/start-over","rotated":false,"trimmed":false,"sourceSize":{"w":124,"h":18},"spriteSourceSize":{"x":0,"y":0,"w":124,"h":18},"frame":{"x":753,"y":656,"w":124,"h":18}},{"filename":"preloader/dual-ring","rotated":false,"trimmed":true,"sourceSize":{"w":100,"h":100},"spriteSourceSize":{"x":13,"y":13,"w":74,"h":74},"frame":{"x":656,"y":689,"w":74,"h":74}},{"filename":"texts/play-with-blue","rotated":false,"trimmed":false,"sourceSize":{"w":58,"h":9},"spriteSourceSize":{"x":0,"y":0,"w":58,"h":9},"frame":{"x":656,"y":766,"w":58,"h":9}},{"filename":"texts/draw","rotated":false,"trimmed":false,"sourceSize":{"w":96,"h":27},"spriteSourceSize":{"x":0,"y":0,"w":96,"h":27},"frame":{"x":743,"y":153,"w":96,"h":27}},{"filename":"texts/your-score","rotated":false,"trimmed":false,"sourceSize":{"w":95,"h":22},"spriteSourceSize":{"x":0,"y":0,"w":95,"h":22},"frame":{"x":898,"y":482,"w":95,"h":22}},{"filename":"ui-ngang/khung-score","rotated":false,"trimmed":false,"sourceSize":{"w":87,"h":50},"spriteSourceSize":{"x":0,"y":0,"w":87,"h":50},"frame":{"x":906,"y":507,"w":87,"h":50}},{"filename":"bg-combo","rotated":false,"trimmed":true,"sourceSize":{"w":106,"h":44},"spriteSourceSize":{"x":0,"y":4,"w":106,"h":40},"frame":{"x":753,"y":677,"w":106,"h":40}},{"filename":"bg-streak","rotated":false,"trimmed":true,"sourceSize":{"w":106,"h":44},"spriteSourceSize":{"x":0,"y":4,"w":106,"h":40},"frame":{"x":733,"y":720,"w":106,"h":40}},{"filename":"buttons/dark-blue-big","rotated":false,"trimmed":false,"sourceSize":{"w":90,"h":41},"spriteSourceSize":{"x":0,"y":0,"w":90,"h":41},"frame":{"x":749,"y":763,"w":90,"h":41}},{"filename":"ui-ngang/khung-best-score","rotated":false,"trimmed":false,"sourceSize":{"w":56,"h":85},"spriteSourceSize":{"x":0,"y":0,"w":56,"h":85},"frame":{"x":744,"y":807,"w":56,"h":85}},{"filename":"best-score-frame","rotated":false,"trimmed":false,"sourceSize":{"w":56,"h":76},"spriteSourceSize":{"x":0,"y":0,"w":56,"h":76},"frame":{"x":803,"y":807,"w":56,"h":76}},{"filename":"bg/level-locked","rotated":false,"trimmed":false,"sourceSize":{"w":51,"h":42},"spriteSourceSize":{"x":0,"y":0,"w":51,"h":42},"frame":{"x":822,"y":886,"w":51,"h":42}},{"filename":"icons/music","rotated":false,"trimmed":false,"sourceSize":{"w":28,"h":31},"spriteSourceSize":{"x":0,"y":0,"w":28,"h":31},"frame":{"x":989,"y":347,"w":28,"h":31}},{"filename":"icon-journey","rotated":false,"trimmed":false,"sourceSize":{"w":75,"h":61},"spriteSourceSize":{"x":0,"y":0,"w":75,"h":61},"frame":{"x":912,"y":560,"w":75,"h":61}},{"filename":"avatar/border","rotated":false,"trimmed":true,"sourceSize":{"w":69,"h":72},"spriteSourceSize":{"x":0,"y":1,"w":69,"h":71},"frame":{"x":842,"y":720,"w":69,"h":71}},{"filename":"avatar/border-challenge","rotated":false,"trimmed":false,"sourceSize":{"w":60,"h":59},"spriteSourceSize":{"x":0,"y":0,"w":60,"h":59},"frame":{"x":862,"y":794,"w":60,"h":59}},{"filename":"buttons/dot-blue","rotated":false,"trimmed":false,"sourceSize":{"w":28,"h":27},"spriteSourceSize":{"x":0,"y":0,"w":28,"h":27},"frame":{"x":989,"y":381,"w":28,"h":27}},{"filename":"texts/out-of-live","rotated":false,"trimmed":false,"sourceSize":{"w":91,"h":22},"spriteSourceSize":{"x":0,"y":0,"w":91,"h":22},"frame":{"x":862,"y":856,"w":91,"h":22}},{"filename":"bg/level-playing","rotated":false,"trimmed":false,"sourceSize":{"w":57,"h":47},"spriteSourceSize":{"x":0,"y":0,"w":57,"h":47},"frame":{"x":876,"y":881,"w":57,"h":47}},{"filename":"bg/level-played","rotated":false,"trimmed":false,"sourceSize":{"w":50,"h":41},"spriteSourceSize":{"x":0,"y":0,"w":50,"h":41},"frame":{"x":870,"y":931,"w":50,"h":41}},{"filename":"texts/text-ranking","rotated":false,"trimmed":false,"sourceSize":{"w":100,"h":15},"spriteSourceSize":{"x":0,"y":0,"w":100,"h":15},"frame":{"x":912,"y":624,"w":100,"h":15}},{"filename":"texts/refill-lives","rotated":false,"trimmed":false,"sourceSize":{"w":90,"h":18},"spriteSourceSize":{"x":0,"y":0,"w":90,"h":18},"frame":{"x":914,"y":642,"w":90,"h":18}},{"filename":"texts/target-score","rotated":false,"trimmed":false,"sourceSize":{"w":82,"h":18},"spriteSourceSize":{"x":0,"y":0,"w":82,"h":18},"frame":{"x":914,"y":663,"w":82,"h":18}},{"filename":"texts/full","rotated":false,"trimmed":false,"sourceSize":{"w":22,"h":14},"spriteSourceSize":{"x":0,"y":0,"w":22,"h":14},"frame":{"x":728,"y":517,"w":22,"h":14}},{"filename":"texts/collect","rotated":false,"trimmed":false,"sourceSize":{"w":80,"h":17},"spriteSourceSize":{"x":0,"y":0,"w":80,"h":17},"frame":{"x":914,"y":684,"w":80,"h":17}},{"filename":"texts/text-next-level","rotated":false,"trimmed":false,"sourceSize":{"w":78,"h":18},"spriteSourceSize":{"x":0,"y":0,"w":78,"h":18},"frame":{"x":914,"y":704,"w":78,"h":18}},{"filename":"texts/lose","rotated":false,"trimmed":false,"sourceSize":{"w":54,"h":26},"spriteSourceSize":{"x":0,"y":0,"w":54,"h":26},"frame":{"x":914,"y":725,"w":54,"h":26}},{"filename":"icons/vibrate","rotated":false,"trimmed":false,"sourceSize":{"w":31,"h":37},"spriteSourceSize":{"x":0,"y":0,"w":31,"h":37},"frame":{"x":914,"y":754,"w":31,"h":37}},{"filename":"icons/play-green","rotated":false,"trimmed":false,"sourceSize":{"w":24,"h":24},"spriteSourceSize":{"x":0,"y":0,"w":24,"h":24},"frame":{"x":989,"y":411,"w":24,"h":24}},{"filename":"texts/no-thank","rotated":false,"trimmed":false,"sourceSize":{"w":28,"h":16},"spriteSourceSize":{"x":0,"y":0,"w":28,"h":16},"frame":{"x":516,"y":1001,"w":28,"h":16}},{"filename":"icons/flat-ad","rotated":false,"trimmed":false,"sourceSize":{"w":24,"h":21},"spriteSourceSize":{"x":0,"y":0,"w":24,"h":21},"frame":{"x":728,"y":468,"w":24,"h":21}},{"filename":"buttons/circle-button","rotated":false,"trimmed":false,"sourceSize":{"w":21,"h":21},"spriteSourceSize":{"x":0,"y":0,"w":21,"h":21},"frame":{"x":755,"y":468,"w":21,"h":21}},{"filename":"icons/plus","rotated":false,"trimmed":false,"sourceSize":{"w":21,"h":22},"spriteSourceSize":{"x":0,"y":0,"w":21,"h":22},"frame":{"x":996,"y":482,"w":21,"h":22}},{"filename":"icons/setting","rotated":false,"trimmed":false,"sourceSize":{"w":21,"h":21},"spriteSourceSize":{"x":0,"y":0,"w":21,"h":21},"frame":{"x":996,"y":507,"w":21,"h":21}},{"filename":"icons/white-journey","rotated":false,"trimmed":false,"sourceSize":{"w":21,"h":20},"spriteSourceSize":{"x":0,"y":0,"w":21,"h":20},"frame":{"x":996,"y":531,"w":21,"h":20}},{"filename":"icons/retry","rotated":false,"trimmed":false,"sourceSize":{"w":25,"h":27},"spriteSourceSize":{"x":0,"y":0,"w":25,"h":27},"frame":{"x":884,"y":630,"w":25,"h":27}},{"filename":"icons/sound","rotated":false,"trimmed":false,"sourceSize":{"w":31,"h":27},"spriteSourceSize":{"x":0,"y":0,"w":31,"h":27},"frame":{"x":880,"y":660,"w":31,"h":27}},{"filename":"buttons/dot-green","rotated":false,"trimmed":false,"sourceSize":{"w":28,"h":27},"spriteSourceSize":{"x":0,"y":0,"w":28,"h":27},"frame":{"x":862,"y":690,"w":28,"h":27}},{"filename":"icons/share","rotated":false,"trimmed":false,"sourceSize":{"w":18,"h":24},"spriteSourceSize":{"x":0,"y":0,"w":18,"h":24},"frame":{"x":893,"y":690,"w":18,"h":24}},{"filename":"texts/world-disable","rotated":false,"trimmed":false,"sourceSize":{"w":50,"h":16},"spriteSourceSize":{"x":0,"y":0,"w":50,"h":16},"frame":{"x":964,"y":208,"w":50,"h":16}},{"filename":"buttons/minor","rotated":false,"trimmed":false,"sourceSize":{"w":41,"h":36},"spriteSourceSize":{"x":0,"y":0,"w":41,"h":36},"frame":{"x":965,"y":227,"w":41,"h":36}},{"filename":"icons/brown-journey","rotated":false,"trimmed":false,"sourceSize":{"w":23,"h":21},"spriteSourceSize":{"x":0,"y":0,"w":23,"h":21},"frame":{"x":965,"y":266,"w":23,"h":21}},{"filename":"icons/battle","rotated":false,"trimmed":false,"sourceSize":{"w":22,"h":21},"spriteSourceSize":{"x":0,"y":0,"w":22,"h":21},"frame":{"x":991,"y":266,"w":22,"h":21}},{"filename":"icons/clock","rotated":false,"trimmed":false,"sourceSize":{"w":17,"h":18},"spriteSourceSize":{"x":0,"y":0,"w":17,"h":18},"frame":{"x":733,"y":689,"w":17,"h":18}},{"filename":"icons/crown-big","rotated":false,"trimmed":false,"sourceSize":{"w":37,"h":35},"spriteSourceSize":{"x":0,"y":0,"w":37,"h":35},"frame":{"x":887,"y":975,"w":37,"h":35}},{"filename":"icons/dot","rotated":false,"trimmed":false,"sourceSize":{"w":34,"h":35},"spriteSourceSize":{"x":0,"y":0,"w":34,"h":35},"frame":{"x":925,"y":794,"w":34,"h":35}},{"filename":"texts/off","rotated":false,"trimmed":false,"sourceSize":{"w":26,"h":13},"spriteSourceSize":{"x":0,"y":0,"w":26,"h":13},"frame":{"x":627,"y":689,"w":26,"h":13}},{"filename":"icons/icon-daily","rotated":false,"trimmed":false,"sourceSize":{"w":34,"h":34},"spriteSourceSize":{"x":0,"y":0,"w":34,"h":34},"frame":{"x":948,"y":754,"w":34,"h":34}},{"filename":"buttons/close","rotated":false,"trimmed":false,"sourceSize":{"w":26,"h":26},"spriteSourceSize":{"x":0,"y":0,"w":26,"h":26},"frame":{"x":971,"y":725,"w":26,"h":26}},{"filename":"leaderboards/tab-off","rotated":false,"trimmed":false,"sourceSize":{"w":57,"h":18},"spriteSourceSize":{"x":0,"y":0,"w":57,"h":18},"frame":{"x":925,"y":832,"w":57,"h":18}},{"filename":"icons/rank","rotated":false,"trimmed":false,"sourceSize":{"w":26,"h":25},"spriteSourceSize":{"x":0,"y":0,"w":26,"h":25},"frame":{"x":956,"y":853,"w":26,"h":25}},{"filename":"leaderboards/tab-on","rotated":false,"trimmed":false,"sourceSize":{"w":57,"h":18},"spriteSourceSize":{"x":0,"y":0,"w":57,"h":18},"frame":{"x":936,"y":881,"w":57,"h":18}},{"filename":"texts/world","rotated":false,"trimmed":false,"sourceSize":{"w":50,"h":16},"spriteSourceSize":{"x":0,"y":0,"w":50,"h":16},"frame":{"x":936,"y":902,"w":50,"h":16}},{"filename":"texts/friends-disable","rotated":false,"trimmed":false,"sourceSize":{"w":47,"h":16},"spriteSourceSize":{"x":0,"y":0,"w":47,"h":16},"frame":{"x":936,"y":921,"w":47,"h":16}},{"filename":"texts/friends","rotated":false,"trimmed":false,"sourceSize":{"w":47,"h":16},"spriteSourceSize":{"x":0,"y":0,"w":47,"h":16},"frame":{"x":923,"y":940,"w":47,"h":16}},{"filename":"icons/share-blue","rotated":false,"trimmed":false,"sourceSize":{"w":16,"h":22},"spriteSourceSize":{"x":0,"y":0,"w":16,"h":22},"frame":{"x":803,"y":886,"w":16,"h":22}},{"filename":"texts/on","rotated":false,"trimmed":false,"sourceSize":{"w":26,"h":13},"spriteSourceSize":{"x":0,"y":0,"w":26,"h":13},"frame":{"x":923,"y":959,"w":26,"h":13}},{"filename":"icons/play","rotated":false,"trimmed":false,"sourceSize":{"w":24,"h":24},"spriteSourceSize":{"x":0,"y":0,"w":24,"h":24},"frame":{"x":927,"y":975,"w":24,"h":24}},{"filename":"icons/replay","rotated":false,"trimmed":false,"sourceSize":{"w":20,"h":24},"spriteSourceSize":{"x":0,"y":0,"w":20,"h":24},"frame":{"x":997,"y":684,"w":20,"h":24}},{"filename":"icons/sword-blue","rotated":false,"trimmed":false,"sourceSize":{"w":18,"h":16},"spriteSourceSize":{"x":0,"y":0,"w":18,"h":16},"frame":{"x":999,"y":663,"w":18,"h":16}},{"filename":"icons/home","rotated":false,"trimmed":false,"sourceSize":{"w":24,"h":22},"spriteSourceSize":{"x":0,"y":0,"w":24,"h":22},"frame":{"x":962,"y":791,"w":24,"h":22}},{"filename":"texts/vs","rotated":false,"trimmed":false,"sourceSize":{"w":24,"h":14},"spriteSourceSize":{"x":0,"y":0,"w":24,"h":14},"frame":{"x":927,"y":1002,"w":24,"h":14}},{"filename":"icons/i-play","rotated":false,"trimmed":false,"sourceSize":{"w":16,"h":20},"spriteSourceSize":{"x":0,"y":0,"w":16,"h":20},"frame":{"x":985,"y":754,"w":16,"h":20}},{"filename":"icons/back","rotated":false,"trimmed":false,"sourceSize":{"w":25,"h":19},"spriteSourceSize":{"x":0,"y":0,"w":25,"h":19},"frame":{"x":973,"y":940,"w":25,"h":19}},{"filename":"icons/sword","rotated":false,"trimmed":false,"sourceSize":{"w":23,"h":19},"spriteSourceSize":{"x":0,"y":0,"w":23,"h":19},"frame":{"x":990,"y":560,"w":23,"h":19}},{"filename":"icons/check","rotated":false,"trimmed":false,"sourceSize":{"w":22,"h":18},"spriteSourceSize":{"x":0,"y":0,"w":22,"h":18},"frame":{"x":990,"y":582,"w":22,"h":18}},{"filename":"icons/cup-bronze","rotated":false,"trimmed":false,"sourceSize":{"w":22,"h":18},"spriteSourceSize":{"x":0,"y":0,"w":22,"h":18},"frame":{"x":990,"y":603,"w":22,"h":18}},{"filename":"icons/crown","rotated":false,"trimmed":false,"sourceSize":{"w":16,"h":14},"spriteSourceSize":{"x":0,"y":0,"w":16,"h":14},"frame":{"x":989,"y":902,"w":16,"h":14}}]},{"image":"default-resources-1.png","format":"RGBA8888","size":{"w":322,"h":322},"scale":0.5,"frames":[{"filename":"buttons/brown","rotated":false,"trimmed":false,"sourceSize":{"w":165,"h":41},"spriteSourceSize":{"x":0,"y":0,"w":165,"h":41},"frame":{"x":2,"y":2,"w":165,"h":41}},{"filename":"texts/second-chance","rotated":false,"trimmed":false,"sourceSize":{"w":150,"h":22},"spriteSourceSize":{"x":0,"y":0,"w":150,"h":22},"frame":{"x":170,"y":2,"w":150,"h":22}},{"filename":"leaderboards/bg-item","rotated":false,"trimmed":false,"sourceSize":{"w":159,"h":31},"spriteSourceSize":{"x":0,"y":0,"w":159,"h":31},"frame":{"x":2,"y":46,"w":159,"h":31}},{"filename":"wood-panel","rotated":false,"trimmed":false,"sourceSize":{"w":151,"h":28},"spriteSourceSize":{"x":0,"y":0,"w":151,"h":28},"frame":{"x":2,"y":80,"w":151,"h":28}},{"filename":"texts/leader-board","rotated":false,"trimmed":false,"sourceSize":{"w":126,"h":23},"spriteSourceSize":{"x":0,"y":0,"w":126,"h":23},"frame":{"x":2,"y":111,"w":126,"h":23}},{"filename":"texts/text-tutorial","rotated":false,"trimmed":false,"sourceSize":{"w":122,"h":22},"spriteSourceSize":{"x":0,"y":0,"w":122,"h":22},"frame":{"x":2,"y":137,"w":122,"h":22}},{"filename":"texts/play-with","rotated":false,"trimmed":false,"sourceSize":{"w":118,"h":21},"spriteSourceSize":{"x":0,"y":0,"w":118,"h":21},"frame":{"x":2,"y":162,"w":118,"h":21}},{"filename":"leaderboards/bg-item-1","rotated":false,"trimmed":false,"sourceSize":{"w":116,"h":23},"spriteSourceSize":{"x":0,"y":0,"w":116,"h":23},"frame":{"x":2,"y":186,"w":116,"h":23}},{"filename":"texts/invite-friends","rotated":false,"trimmed":false,"sourceSize":{"w":116,"h":20},"spriteSourceSize":{"x":0,"y":0,"w":116,"h":20},"frame":{"x":2,"y":212,"w":116,"h":20}},{"filename":"ui-ngang/text-next-block","rotated":false,"trimmed":false,"sourceSize":{"w":113,"h":23},"spriteSourceSize":{"x":0,"y":0,"w":113,"h":23},"frame":{"x":2,"y":235,"w":113,"h":23}},{"filename":"buttons/green-big","rotated":false,"trimmed":false,"sourceSize":{"w":90,"h":41},"spriteSourceSize":{"x":0,"y":0,"w":90,"h":41},"frame":{"x":2,"y":261,"w":90,"h":41}},{"filename":"texts/level-failed","rotated":false,"trimmed":false,"sourceSize":{"w":98,"h":21},"spriteSourceSize":{"x":0,"y":0,"w":98,"h":21},"frame":{"x":170,"y":27,"w":98,"h":21}},{"filename":"score-panel-dark","rotated":false,"trimmed":false,"sourceSize":{"w":94,"h":26},"spriteSourceSize":{"x":0,"y":0,"w":94,"h":26},"frame":{"x":164,"y":51,"w":94,"h":26}},{"filename":"buttons/dark-blue-small","rotated":false,"trimmed":false,"sourceSize":{"w":89,"h":37},"spriteSourceSize":{"x":0,"y":0,"w":89,"h":37},"frame":{"x":156,"y":80,"w":89,"h":37}},{"filename":"text-target-panel","rotated":false,"trimmed":false,"sourceSize":{"w":49,"h":23},"spriteSourceSize":{"x":0,"y":0,"w":49,"h":23},"frame":{"x":271,"y":27,"w":49,"h":23}},{"filename":"daily-challenge/time-panel","rotated":false,"trimmed":false,"sourceSize":{"w":85,"h":24},"spriteSourceSize":{"x":0,"y":0,"w":85,"h":24},"frame":{"x":131,"y":120,"w":85,"h":24}},{"filename":"ui-ngang/text-mission","rotated":false,"trimmed":false,"sourceSize":{"w":85,"h":21},"spriteSourceSize":{"x":0,"y":0,"w":85,"h":21},"frame":{"x":127,"y":147,"w":85,"h":21}},{"filename":"texts/text-journey","rotated":false,"trimmed":false,"sourceSize":{"w":85,"h":20},"spriteSourceSize":{"x":0,"y":0,"w":85,"h":20},"frame":{"x":123,"y":171,"w":85,"h":20}},{"filename":"texts/play-single","rotated":false,"trimmed":false,"sourceSize":{"w":83,"h":22},"spriteSourceSize":{"x":0,"y":0,"w":83,"h":22},"frame":{"x":121,"y":194,"w":83,"h":22}},{"filename":"texts/mission","rotated":false,"trimmed":false,"sourceSize":{"w":79,"h":21},"spriteSourceSize":{"x":0,"y":0,"w":79,"h":21},"frame":{"x":121,"y":219,"w":79,"h":21}},{"filename":"buttons/toggle-off","rotated":false,"trimmed":false,"sourceSize":{"w":67,"h":23},"spriteSourceSize":{"x":0,"y":0,"w":67,"h":23},"frame":{"x":118,"y":243,"w":67,"h":23}},{"filename":"buttons/skip","rotated":false,"trimmed":false,"sourceSize":{"w":60,"h":36},"spriteSourceSize":{"x":0,"y":0,"w":60,"h":36},"frame":{"x":95,"y":269,"w":60,"h":36}},{"filename":"ui-ngang/text-score","rotated":false,"trimmed":false,"sourceSize":{"w":58,"h":20},"spriteSourceSize":{"x":0,"y":0,"w":58,"h":20},"frame":{"x":261,"y":53,"w":58,"h":20}},{"filename":"buttons/challenge_light","rotated":false,"trimmed":false,"sourceSize":{"w":44,"h":33},"spriteSourceSize":{"x":0,"y":0,"w":44,"h":33},"frame":{"x":158,"y":269,"w":44,"h":33}},{"filename":"texts/replay","rotated":false,"trimmed":false,"sourceSize":{"w":57,"h":19},"spriteSourceSize":{"x":0,"y":0,"w":57,"h":19},"frame":{"x":261,"y":76,"w":57,"h":19}},{"filename":"buttons/toggle-on","rotated":false,"trimmed":false,"sourceSize":{"w":67,"h":23},"spriteSourceSize":{"x":0,"y":0,"w":67,"h":23},"frame":{"x":248,"y":98,"w":67,"h":23}},{"filename":"texts/start","rotated":false,"trimmed":false,"sourceSize":{"w":62,"h":19},"spriteSourceSize":{"x":0,"y":0,"w":62,"h":19},"frame":{"x":219,"y":124,"w":62,"h":19}},{"filename":"texts/yes","rotated":false,"trimmed":false,"sourceSize":{"w":36,"h":20},"spriteSourceSize":{"x":0,"y":0,"w":36,"h":20},"frame":{"x":284,"y":124,"w":36,"h":20}},{"filename":"texts/win","rotated":false,"trimmed":false,"sourceSize":{"w":53,"h":26},"spriteSourceSize":{"x":0,"y":0,"w":53,"h":26},"frame":{"x":219,"y":146,"w":53,"h":26}},{"filename":"texts/result","rotated":false,"trimmed":false,"sourceSize":{"w":45,"h":22},"spriteSourceSize":{"x":0,"y":0,"w":45,"h":22},"frame":{"x":275,"y":147,"w":45,"h":22}},{"filename":"texts/text-share","rotated":false,"trimmed":false,"sourceSize":{"w":45,"h":18},"spriteSourceSize":{"x":0,"y":0,"w":45,"h":18},"frame":{"x":275,"y":172,"w":45,"h":18}},{"filename":"texts/no","rotated":false,"trimmed":false,"sourceSize":{"w":53,"h":20},"spriteSourceSize":{"x":0,"y":0,"w":53,"h":20},"frame":{"x":211,"y":175,"w":53,"h":20}},{"filename":"texts/text-retry","rotated":false,"trimmed":false,"sourceSize":{"w":53,"h":18},"spriteSourceSize":{"x":0,"y":0,"w":53,"h":18},"frame":{"x":267,"y":193,"w":53,"h":18}},{"filename":"texts/continue","rotated":false,"trimmed":false,"sourceSize":{"w":50,"h":19},"spriteSourceSize":{"x":0,"y":0,"w":50,"h":19},"frame":{"x":207,"y":198,"w":50,"h":19}},{"filename":"texts/setting","rotated":false,"trimmed":false,"sourceSize":{"w":44,"h":22},"spriteSourceSize":{"x":0,"y":0,"w":44,"h":22},"frame":{"x":203,"y":220,"w":44,"h":22}},{"filename":"buttons/play","rotated":false,"trimmed":false,"sourceSize":{"w":43,"h":33},"spriteSourceSize":{"x":0,"y":0,"w":43,"h":33},"frame":{"x":205,"y":245,"w":43,"h":33}},{"filename":"buttons/random","rotated":false,"trimmed":false,"sourceSize":{"w":43,"h":33},"spriteSourceSize":{"x":0,"y":0,"w":43,"h":33},"frame":{"x":205,"y":281,"w":43,"h":33}},{"filename":"texts/play","rotated":false,"trimmed":false,"sourceSize":{"w":43,"h":18},"spriteSourceSize":{"x":0,"y":0,"w":43,"h":18},"frame":{"x":260,"y":214,"w":43,"h":18}},{"filename":"buttons/share","rotated":false,"trimmed":false,"sourceSize":{"w":40,"h":29},"spriteSourceSize":{"x":0,"y":0,"w":40,"h":29},"frame":{"x":251,"y":235,"w":40,"h":29}},{"filename":"icons/icon-journey","rotated":false,"trimmed":false,"sourceSize":{"w":37,"h":31},"spriteSourceSize":{"x":0,"y":0,"w":37,"h":31},"frame":{"x":251,"y":267,"w":37,"h":31}},{"filename":"icons/cup-gold","rotated":false,"trimmed":false,"sourceSize":{"w":22,"h":18},"spriteSourceSize":{"x":0,"y":0,"w":22,"h":18},"frame":{"x":251,"y":301,"w":22,"h":18}},{"filename":"icons/cup-silver","rotated":false,"trimmed":false,"sourceSize":{"w":22,"h":18},"spriteSourceSize":{"x":0,"y":0,"w":22,"h":18},"frame":{"x":276,"y":301,"w":22,"h":18}}]}],"meta":{"app":"https://www.codeandweb.com/texturepacker","version":"3.0","smartupdate":"$TexturePacker:SmartUpdate:681df4daba118e981d8ce9188083ffb0:42547763600ac2aa87b72327bd945f67:38a69b481ce127014b0b7fd232b2e3f4$"}}