{"textures":[{"image":"effects-resources.png","format":"RGBA8888","size":{"w":503,"h":1494},"scale":1,"frames":[{"filename":"ribbon/ribbon-4","rotated":false,"trimmed":false,"sourceSize":{"w":499,"h":12},"spriteSourceSize":{"x":0,"y":0,"w":499,"h":12},"frame":{"x":2,"y":2,"w":499,"h":12}},{"filename":"fx_spin_glow_big","rotated":false,"trimmed":false,"sourceSize":{"w":415,"h":411},"spriteSourceSize":{"x":0,"y":0,"w":415,"h":411},"frame":{"x":2,"y":18,"w":415,"h":411}},{"filename":"coin","rotated":false,"trimmed":false,"sourceSize":{"w":76,"h":71},"spriteSourceSize":{"x":0,"y":0,"w":76,"h":71},"frame":{"x":421,"y":18,"w":76,"h":71}},{"filename":"star-yellow","rotated":false,"trimmed":true,"sourceSize":{"w":70,"h":70},"spriteSourceSize":{"x":2,"y":0,"w":68,"h":70},"frame":{"x":421,"y":93,"w":68,"h":70}},{"filename":"star-y/star-3","rotated":false,"trimmed":true,"sourceSize":{"w":21,"h":20},"spriteSourceSize":{"x":7,"y":0,"w":8,"h":20},"frame":{"x":493,"y":93,"w":8,"h":20}},{"filename":"comet","rotated":false,"trimmed":true,"sourceSize":{"w":80,"h":80},"spriteSourceSize":{"x":6,"y":1,"w":66,"h":76},"frame":{"x":421,"y":167,"w":66,"h":76}},{"filename":"confetti/confetti-7","rotated":false,"trimmed":false,"sourceSize":{"w":10,"h":14},"spriteSourceSize":{"x":0,"y":0,"w":10,"h":14},"frame":{"x":491,"y":167,"w":10,"h":14}},{"filename":"ribbon/ribbon","rotated":false,"trimmed":false,"sourceSize":{"w":64,"h":2},"spriteSourceSize":{"x":0,"y":0,"w":64,"h":2},"frame":{"x":421,"y":247,"w":64,"h":2}},{"filename":"confetti/confetti-5","rotated":false,"trimmed":false,"sourceSize":{"w":12,"h":20},"spriteSourceSize":{"x":0,"y":0,"w":12,"h":20},"frame":{"x":489,"y":247,"w":12,"h":20}},{"filename":"fx_sparkle","rotated":false,"trimmed":false,"sourceSize":{"w":51,"h":51},"spriteSourceSize":{"x":0,"y":0,"w":51,"h":51},"frame":{"x":421,"y":253,"w":51,"h":51}},{"filename":"ribbon/falling-confetti/confetti-c/confetti-c-2","rotated":false,"trimmed":false,"sourceSize":{"w":25,"h":10},"spriteSourceSize":{"x":0,"y":0,"w":25,"h":10},"frame":{"x":476,"y":271,"w":25,"h":10}},{"filename":"ribbon/falling-confetti/confetti-b/confetti-b-3","rotated":false,"trimmed":false,"sourceSize":{"w":25,"h":5},"spriteSourceSize":{"x":0,"y":0,"w":25,"h":5},"frame":{"x":476,"y":285,"w":25,"h":5}},{"filename":"ribbon/falling-confetti/confetti-c/confetti-c-1","rotated":false,"trimmed":false,"sourceSize":{"w":24,"h":16},"spriteSourceSize":{"x":0,"y":0,"w":24,"h":16},"frame":{"x":476,"y":294,"w":24,"h":16}},{"filename":"confetti/confetti-4","rotated":false,"trimmed":false,"sourceSize":{"w":44,"h":21},"spriteSourceSize":{"x":0,"y":0,"w":44,"h":21},"frame":{"x":421,"y":308,"w":44,"h":21}},{"filename":"confetti/small-1","rotated":false,"trimmed":false,"sourceSize":{"w":28,"h":31},"spriteSourceSize":{"x":0,"y":0,"w":28,"h":31},"frame":{"x":469,"y":314,"w":28,"h":31}},{"filename":"star-white","rotated":false,"trimmed":true,"sourceSize":{"w":70,"h":70},"spriteSourceSize":{"x":12,"y":10,"w":42,"h":46},"frame":{"x":421,"y":333,"w":42,"h":46}},{"filename":"spark","rotated":false,"trimmed":false,"sourceSize":{"w":34,"h":34},"spriteSourceSize":{"x":0,"y":0,"w":34,"h":34},"frame":{"x":467,"y":349,"w":34,"h":34}},{"filename":"fx_sparkle_small","rotated":false,"trimmed":false,"sourceSize":{"w":40,"h":40},"spriteSourceSize":{"x":0,"y":0,"w":40,"h":40},"frame":{"x":421,"y":383,"w":40,"h":40}},{"filename":"confetti/confetti-1","rotated":false,"trimmed":false,"sourceSize":{"w":27,"h":39},"spriteSourceSize":{"x":0,"y":0,"w":27,"h":39},"frame":{"x":465,"y":387,"w":27,"h":39}},{"filename":"confetti/confetti-2","rotated":false,"trimmed":false,"sourceSize":{"w":37,"h":25},"spriteSourceSize":{"x":0,"y":0,"w":37,"h":25},"frame":{"x":421,"y":427,"w":37,"h":25}},{"filename":"glow-light","rotated":false,"trimmed":false,"sourceSize":{"w":412,"h":399},"spriteSourceSize":{"x":0,"y":0,"w":412,"h":399},"frame":{"x":2,"y":433,"w":412,"h":399}},{"filename":"confetti/confetti-3","rotated":false,"trimmed":false,"sourceSize":{"w":27,"h":38},"spriteSourceSize":{"x":0,"y":0,"w":27,"h":38},"frame":{"x":462,"y":430,"w":27,"h":38}},{"filename":"confetti/small-2","rotated":false,"trimmed":true,"sourceSize":{"w":28,"h":31},"spriteSourceSize":{"x":1,"y":3,"w":26,"h":27},"frame":{"x":418,"y":456,"w":26,"h":27}},{"filename":"confetti/confetti-6","rotated":false,"trimmed":false,"sourceSize":{"w":26,"h":26},"spriteSourceSize":{"x":0,"y":0,"w":26,"h":26},"frame":{"x":448,"y":472,"w":26,"h":26}},{"filename":"ribbon/falling-confetti/confetti-b/confetti-b-4","rotated":false,"trimmed":false,"sourceSize":{"w":26,"h":2},"spriteSourceSize":{"x":0,"y":0,"w":26,"h":2},"frame":{"x":418,"y":487,"w":26,"h":2}},{"filename":"ribbon/falling-confetti/confetti-b/confetti-b-1","rotated":false,"trimmed":false,"sourceSize":{"w":23,"h":14},"spriteSourceSize":{"x":0,"y":0,"w":23,"h":14},"frame":{"x":478,"y":472,"w":23,"h":14}},{"filename":"ribbon/falling-confetti/confetti-b/confetti-b-2","rotated":false,"trimmed":false,"sourceSize":{"w":23,"h":9},"spriteSourceSize":{"x":0,"y":0,"w":23,"h":9},"frame":{"x":478,"y":490,"w":23,"h":9}},{"filename":"ribbon/falling-confetti/confetti-d/confetti-d-2","rotated":false,"trimmed":false,"sourceSize":{"w":23,"h":9},"spriteSourceSize":{"x":0,"y":0,"w":23,"h":9},"frame":{"x":418,"y":493,"w":23,"h":9}},{"filename":"ribbon/falling-confetti/confetti-c/confetti-c-3","rotated":false,"trimmed":false,"sourceSize":{"w":23,"h":7},"spriteSourceSize":{"x":0,"y":0,"w":23,"h":7},"frame":{"x":445,"y":502,"w":23,"h":7}},{"filename":"ribbon/falling-confetti/confetti-d/confetti-d-3","rotated":false,"trimmed":false,"sourceSize":{"w":23,"h":6},"spriteSourceSize":{"x":0,"y":0,"w":23,"h":6},"frame":{"x":418,"y":506,"w":23,"h":6}},{"filename":"ribbon/falling-confetti/confetti-d/confetti-d-4","rotated":false,"trimmed":false,"sourceSize":{"w":23,"h":4},"spriteSourceSize":{"x":0,"y":0,"w":23,"h":4},"frame":{"x":472,"y":503,"w":23,"h":4}},{"filename":"confetti/small-3","rotated":false,"trimmed":true,"sourceSize":{"w":28,"h":31},"spriteSourceSize":{"x":4,"y":1,"w":22,"h":30},"frame":{"x":472,"y":511,"w":22,"h":30}},{"filename":"ribbon/falling-confetti/confetti-c/confetti-c-4","rotated":false,"trimmed":false,"sourceSize":{"w":22,"h":6},"spriteSourceSize":{"x":0,"y":0,"w":22,"h":6},"frame":{"x":445,"y":513,"w":22,"h":6}},{"filename":"star-x/star-1","rotated":false,"trimmed":false,"sourceSize":{"w":21,"h":20},"spriteSourceSize":{"x":0,"y":0,"w":21,"h":20},"frame":{"x":418,"y":516,"w":21,"h":20}},{"filename":"star-y/star-1","rotated":false,"trimmed":false,"sourceSize":{"w":21,"h":20},"spriteSourceSize":{"x":0,"y":0,"w":21,"h":20},"frame":{"x":418,"y":516,"w":21,"h":20}},{"filename":"star-x/star-2","rotated":false,"trimmed":true,"sourceSize":{"w":21,"h":20},"spriteSourceSize":{"x":0,"y":1,"w":21,"h":18},"frame":{"x":443,"y":523,"w":21,"h":18}},{"filename":"ribbon/falling-confetti/confetti-a/confetti-a-1","rotated":false,"trimmed":false,"sourceSize":{"w":21,"h":14},"spriteSourceSize":{"x":0,"y":0,"w":21,"h":14},"frame":{"x":418,"y":540,"w":21,"h":14}},{"filename":"ribbon/falling-confetti/confetti-d/confetti-d-1","rotated":false,"trimmed":false,"sourceSize":{"w":21,"h":14},"spriteSourceSize":{"x":0,"y":0,"w":21,"h":14},"frame":{"x":443,"y":545,"w":21,"h":14}},{"filename":"star-x/star-3","rotated":false,"trimmed":true,"sourceSize":{"w":21,"h":20},"spriteSourceSize":{"x":0,"y":3,"w":21,"h":14},"frame":{"x":418,"y":558,"w":21,"h":14}},{"filename":"star-x/star-4","rotated":false,"trimmed":true,"sourceSize":{"w":21,"h":20},"spriteSourceSize":{"x":0,"y":6,"w":21,"h":8},"frame":{"x":468,"y":545,"w":21,"h":8}},{"filename":"ribbon/falling-confetti/confetti-a/confetti-a-2","rotated":false,"trimmed":false,"sourceSize":{"w":21,"h":7},"spriteSourceSize":{"x":0,"y":0,"w":21,"h":7},"frame":{"x":468,"y":557,"w":21,"h":7}},{"filename":"ribbon/falling-confetti/confetti-a/confetti-a-3","rotated":false,"trimmed":false,"sourceSize":{"w":21,"h":3},"spriteSourceSize":{"x":0,"y":0,"w":21,"h":3},"frame":{"x":443,"y":563,"w":21,"h":3}},{"filename":"confetti/small-4","rotated":false,"trimmed":true,"sourceSize":{"w":28,"h":31},"spriteSourceSize":{"x":4,"y":2,"w":20,"h":28},"frame":{"x":468,"y":568,"w":20,"h":28}},{"filename":"star-y/star-4","rotated":false,"trimmed":true,"sourceSize":{"w":21,"h":20},"spriteSourceSize":{"x":1,"y":0,"w":20,"h":20},"frame":{"x":443,"y":570,"w":20,"h":20}},{"filename":"star-y/star-2","rotated":false,"trimmed":true,"sourceSize":{"w":21,"h":20},"spriteSourceSize":{"x":4,"y":0,"w":15,"h":20},"frame":{"x":418,"y":576,"w":15,"h":20}},{"filename":"ribbon/ribbon-1","rotated":false,"trimmed":false,"sourceSize":{"w":383,"h":13},"spriteSourceSize":{"x":0,"y":0,"w":383,"h":13},"frame":{"x":2,"y":836,"w":383,"h":13}},{"filename":"blank","rotated":false,"trimmed":false,"sourceSize":{"w":100,"h":100},"spriteSourceSize":{"x":0,"y":0,"w":100,"h":100},"frame":{"x":389,"y":836,"w":100,"h":100}},{"filename":"ribbon/ribbon-2","rotated":false,"trimmed":false,"sourceSize":{"w":370,"h":13},"spriteSourceSize":{"x":0,"y":0,"w":370,"h":13},"frame":{"x":2,"y":853,"w":370,"h":13}},{"filename":"circle","rotated":false,"trimmed":false,"sourceSize":{"w":324,"h":324},"spriteSourceSize":{"x":0,"y":0,"w":324,"h":324},"frame":{"x":2,"y":870,"w":324,"h":324}},{"filename":"fx_box_daily_rewward","rotated":false,"trimmed":false,"sourceSize":{"w":152,"h":177},"spriteSourceSize":{"x":0,"y":0,"w":152,"h":177},"frame":{"x":330,"y":940,"w":152,"h":177}},{"filename":"store_glow","rotated":false,"trimmed":false,"sourceSize":{"w":267,"h":265},"spriteSourceSize":{"x":0,"y":0,"w":267,"h":265},"frame":{"x":2,"y":1198,"w":267,"h":265}},{"filename":"ribbon/ribbon-3","rotated":false,"trimmed":false,"sourceSize":{"w":176,"h":14},"spriteSourceSize":{"x":0,"y":0,"w":176,"h":14},"frame":{"x":2,"y":1467,"w":176,"h":14}},{"filename":"ribbon/ribbon-6","rotated":false,"trimmed":false,"sourceSize":{"w":261,"h":12},"spriteSourceSize":{"x":0,"y":0,"w":261,"h":12},"frame":{"x":182,"y":1467,"w":261,"h":12}},{"filename":"ribbon/ribbon-5","rotated":false,"trimmed":false,"sourceSize":{"w":291,"h":9},"spriteSourceSize":{"x":0,"y":0,"w":291,"h":9},"frame":{"x":182,"y":1483,"w":291,"h":9}}]}],"meta":{"app":"https://www.codeandweb.com/texturepacker","version":"3.0","smartupdate":"$TexturePacker:SmartUpdate:fa0d78f82c7b456cefe7645694283f3c:d55f12dadefc7f62de5cc1d7fe0550ac:fcf0ca429d8c303c4783c89b34559bdb$"}}