{"textures":[{"image":"first-10-levels-game-objects-resources.png","format":"RGBA8888","size":{"w":507,"h":509},"scale":1,"frames":[{"filename":"shooter","rotated":false,"trimmed":false,"sourceSize":{"w":137,"h":137},"spriteSourceSize":{"x":0,"y":0,"w":137,"h":137},"frame":{"x":2,"y":2,"w":137,"h":137}},{"filename":"shot-guide/rainbow/straight","rotated":false,"trimmed":false,"sourceSize":{"w":221,"h":37},"spriteSourceSize":{"x":0,"y":0,"w":221,"h":37},"frame":{"x":142,"y":2,"w":221,"h":37}},{"filename":"bubbles/thunder-ball-glow","rotated":false,"trimmed":false,"sourceSize":{"w":127,"h":127},"spriteSourceSize":{"x":0,"y":0,"w":127,"h":127},"frame":{"x":2,"y":142,"w":127,"h":127}},{"filename":"highlight-circle","rotated":false,"trimmed":false,"sourceSize":{"w":118,"h":118},"spriteSourceSize":{"x":0,"y":0,"w":118,"h":118},"frame":{"x":2,"y":272,"w":118,"h":118}},{"filename":"blank","rotated":false,"trimmed":false,"sourceSize":{"w":100,"h":100},"spriteSourceSize":{"x":0,"y":0,"w":100,"h":100},"frame":{"x":2,"y":393,"w":100,"h":100}},{"filename":"shot-guide/curve","rotated":false,"trimmed":false,"sourceSize":{"w":160,"h":38},"spriteSourceSize":{"x":0,"y":0,"w":160,"h":38},"frame":{"x":142,"y":42,"w":160,"h":38}},{"filename":"shot-guide/bullet-item-simulator","rotated":false,"trimmed":false,"sourceSize":{"w":93,"h":93},"spriteSourceSize":{"x":0,"y":0,"w":93,"h":93},"frame":{"x":142,"y":83,"w":93,"h":93}},{"filename":"curve-arrow","rotated":false,"trimmed":false,"sourceSize":{"w":88,"h":64},"spriteSourceSize":{"x":0,"y":0,"w":88,"h":64},"frame":{"x":132,"y":179,"w":88,"h":64}},{"filename":"bomb-drug/bomb-drug","rotated":false,"trimmed":false,"sourceSize":{"w":68,"h":68},"spriteSourceSize":{"x":0,"y":0,"w":68,"h":68},"frame":{"x":238,"y":83,"w":68,"h":68}},{"filename":"bubbles/ball_blue","rotated":false,"trimmed":false,"sourceSize":{"w":68,"h":68},"spriteSourceSize":{"x":0,"y":0,"w":68,"h":68},"frame":{"x":366,"y":2,"w":68,"h":68}},{"filename":"bubbles/ball_cyan","rotated":false,"trimmed":false,"sourceSize":{"w":68,"h":68},"spriteSourceSize":{"x":0,"y":0,"w":68,"h":68},"frame":{"x":437,"y":2,"w":68,"h":68}},{"filename":"shot-guide/blue/bg_point","rotated":false,"trimmed":false,"sourceSize":{"w":54,"h":55},"spriteSourceSize":{"x":0,"y":0,"w":54,"h":55},"frame":{"x":309,"y":42,"w":54,"h":55}},{"filename":"bubbles/ball_green","rotated":false,"trimmed":false,"sourceSize":{"w":68,"h":68},"spriteSourceSize":{"x":0,"y":0,"w":68,"h":68},"frame":{"x":309,"y":100,"w":68,"h":68}},{"filename":"bubbles/ball_orange","rotated":false,"trimmed":false,"sourceSize":{"w":68,"h":68},"spriteSourceSize":{"x":0,"y":0,"w":68,"h":68},"frame":{"x":380,"y":73,"w":68,"h":68}},{"filename":"shot-guide/bomb/bg_point","rotated":false,"trimmed":false,"sourceSize":{"w":54,"h":55},"spriteSourceSize":{"x":0,"y":0,"w":54,"h":55},"frame":{"x":451,"y":73,"w":54,"h":55}},{"filename":"bubbles/ball_pink","rotated":false,"trimmed":false,"sourceSize":{"w":68,"h":68},"spriteSourceSize":{"x":0,"y":0,"w":68,"h":68},"frame":{"x":238,"y":154,"w":68,"h":68}},{"filename":"bubbles/ball_red","rotated":false,"trimmed":false,"sourceSize":{"w":68,"h":68},"spriteSourceSize":{"x":0,"y":0,"w":68,"h":68},"frame":{"x":309,"y":171,"w":68,"h":68}},{"filename":"bubbles/ball_transparent","rotated":false,"trimmed":false,"sourceSize":{"w":68,"h":68},"spriteSourceSize":{"x":0,"y":0,"w":68,"h":68},"frame":{"x":380,"y":144,"w":68,"h":68}},{"filename":"shot-guide/cyan/bg_point","rotated":false,"trimmed":false,"sourceSize":{"w":54,"h":55},"spriteSourceSize":{"x":0,"y":0,"w":54,"h":55},"frame":{"x":451,"y":131,"w":54,"h":55}},{"filename":"bubbles/ball_violet","rotated":false,"trimmed":false,"sourceSize":{"w":68,"h":68},"spriteSourceSize":{"x":0,"y":0,"w":68,"h":68},"frame":{"x":380,"y":215,"w":68,"h":68}},{"filename":"shot-guide/electric/bg_point","rotated":false,"trimmed":false,"sourceSize":{"w":54,"h":55},"spriteSourceSize":{"x":0,"y":0,"w":54,"h":55},"frame":{"x":451,"y":189,"w":54,"h":55}},{"filename":"bubbles/ball_yellow","rotated":false,"trimmed":false,"sourceSize":{"w":68,"h":68},"spriteSourceSize":{"x":0,"y":0,"w":68,"h":68},"frame":{"x":132,"y":246,"w":68,"h":68}},{"filename":"shot-guide/green/bg_point","rotated":false,"trimmed":false,"sourceSize":{"w":54,"h":55},"spriteSourceSize":{"x":0,"y":0,"w":54,"h":55},"frame":{"x":123,"y":317,"w":54,"h":55}},{"filename":"shot-guide/orange/bg_point","rotated":false,"trimmed":false,"sourceSize":{"w":54,"h":55},"spriteSourceSize":{"x":0,"y":0,"w":54,"h":55},"frame":{"x":451,"y":247,"w":54,"h":55}},{"filename":"shot-guide/pink/bg_point","rotated":false,"trimmed":false,"sourceSize":{"w":54,"h":55},"spriteSourceSize":{"x":0,"y":0,"w":54,"h":55},"frame":{"x":180,"y":317,"w":54,"h":55}},{"filename":"thunder/thunder_blue","rotated":false,"trimmed":false,"sourceSize":{"w":41,"h":56},"spriteSourceSize":{"x":0,"y":0,"w":41,"h":56},"frame":{"x":203,"y":246,"w":41,"h":56}},{"filename":"shot-guide/rainbow/bg_point","rotated":false,"trimmed":false,"sourceSize":{"w":54,"h":55},"spriteSourceSize":{"x":0,"y":0,"w":54,"h":55},"frame":{"x":247,"y":225,"w":54,"h":55}},{"filename":"shot-guide/red/bg_point","rotated":false,"trimmed":false,"sourceSize":{"w":54,"h":55},"spriteSourceSize":{"x":0,"y":0,"w":54,"h":55},"frame":{"x":304,"y":242,"w":54,"h":55}},{"filename":"shot-guide/rocket/bg_point","rotated":false,"trimmed":false,"sourceSize":{"w":54,"h":55},"spriteSourceSize":{"x":0,"y":0,"w":54,"h":55},"frame":{"x":247,"y":283,"w":54,"h":55}},{"filename":"shot-guide/violet/bg_point","rotated":false,"trimmed":false,"sourceSize":{"w":54,"h":55},"spriteSourceSize":{"x":0,"y":0,"w":54,"h":55},"frame":{"x":304,"y":300,"w":54,"h":55}},{"filename":"shot-guide/yellow/bg_point","rotated":false,"trimmed":false,"sourceSize":{"w":54,"h":55},"spriteSourceSize":{"x":0,"y":0,"w":54,"h":55},"frame":{"x":361,"y":286,"w":54,"h":55}},{"filename":"gem-ball/gem_red","rotated":false,"trimmed":false,"sourceSize":{"w":53,"h":49},"spriteSourceSize":{"x":0,"y":0,"w":53,"h":49},"frame":{"x":237,"y":341,"w":53,"h":49}},{"filename":"gem-ball/gem_yellow","rotated":false,"trimmed":false,"sourceSize":{"w":51,"h":43},"spriteSourceSize":{"x":0,"y":0,"w":51,"h":43},"frame":{"x":293,"y":358,"w":51,"h":43}},{"filename":"thunder/thunder_green","rotated":false,"trimmed":false,"sourceSize":{"w":41,"h":56},"spriteSourceSize":{"x":0,"y":0,"w":41,"h":56},"frame":{"x":105,"y":393,"w":41,"h":56}},{"filename":"thunder/thunder_glow","rotated":false,"trimmed":false,"sourceSize":{"w":41,"h":55},"spriteSourceSize":{"x":0,"y":0,"w":41,"h":55},"frame":{"x":105,"y":452,"w":41,"h":55}},{"filename":"gem-ball/gem_orange","rotated":false,"trimmed":false,"sourceSize":{"w":49,"h":49},"spriteSourceSize":{"x":0,"y":0,"w":49,"h":49},"frame":{"x":149,"y":375,"w":49,"h":49}},{"filename":"thunder/thunder_orange","rotated":false,"trimmed":false,"sourceSize":{"w":41,"h":56},"spriteSourceSize":{"x":0,"y":0,"w":41,"h":56},"frame":{"x":149,"y":427,"w":41,"h":56}},{"filename":"thunder/thunder_yellow","rotated":false,"trimmed":false,"sourceSize":{"w":41,"h":56},"spriteSourceSize":{"x":0,"y":0,"w":41,"h":56},"frame":{"x":149,"y":427,"w":41,"h":56}},{"filename":"gem-ball/gem_blue","rotated":false,"trimmed":false,"sourceSize":{"w":50,"h":43},"spriteSourceSize":{"x":0,"y":0,"w":50,"h":43},"frame":{"x":361,"y":344,"w":50,"h":43}},{"filename":"thunder/thunder_pink","rotated":false,"trimmed":false,"sourceSize":{"w":41,"h":56},"spriteSourceSize":{"x":0,"y":0,"w":41,"h":56},"frame":{"x":193,"y":427,"w":41,"h":56}},{"filename":"thunder/thunder_purple","rotated":false,"trimmed":false,"sourceSize":{"w":41,"h":56},"spriteSourceSize":{"x":0,"y":0,"w":41,"h":56},"frame":{"x":237,"y":393,"w":41,"h":56}},{"filename":"gem-ball/gem_purple","rotated":false,"trimmed":false,"sourceSize":{"w":49,"h":47},"spriteSourceSize":{"x":0,"y":0,"w":49,"h":47},"frame":{"x":281,"y":404,"w":49,"h":47}},{"filename":"shot-guide/blue/straight","rotated":false,"trimmed":false,"sourceSize":{"w":37,"h":37},"spriteSourceSize":{"x":0,"y":0,"w":37,"h":37},"frame":{"x":237,"y":452,"w":37,"h":37}},{"filename":"gem-ball/gem_pink","rotated":false,"trimmed":false,"sourceSize":{"w":46,"h":49},"spriteSourceSize":{"x":0,"y":0,"w":46,"h":49},"frame":{"x":277,"y":454,"w":46,"h":49}},{"filename":"thunder/thunder_red","rotated":false,"trimmed":false,"sourceSize":{"w":41,"h":56},"spriteSourceSize":{"x":0,"y":0,"w":41,"h":56},"frame":{"x":333,"y":404,"w":41,"h":56}},{"filename":"gem-ball/gem_cyan","rotated":false,"trimmed":false,"sourceSize":{"w":43,"h":43},"spriteSourceSize":{"x":0,"y":0,"w":43,"h":43},"frame":{"x":326,"y":463,"w":43,"h":43}},{"filename":"thunder/thunder_skyblue","rotated":false,"trimmed":false,"sourceSize":{"w":41,"h":56},"spriteSourceSize":{"x":0,"y":0,"w":41,"h":56},"frame":{"x":377,"y":390,"w":41,"h":56}},{"filename":"gem-ball/gem_green","rotated":false,"trimmed":false,"sourceSize":{"w":45,"h":45},"spriteSourceSize":{"x":0,"y":0,"w":45,"h":45},"frame":{"x":377,"y":449,"w":45,"h":45}},{"filename":"shot-guide/bomb/straight","rotated":false,"trimmed":false,"sourceSize":{"w":37,"h":37},"spriteSourceSize":{"x":0,"y":0,"w":37,"h":37},"frame":{"x":418,"y":305,"w":37,"h":37}},{"filename":"shot-guide/cyan/straight","rotated":false,"trimmed":false,"sourceSize":{"w":37,"h":37},"spriteSourceSize":{"x":0,"y":0,"w":37,"h":37},"frame":{"x":458,"y":305,"w":37,"h":37}},{"filename":"shot-guide/electric/straight","rotated":false,"trimmed":false,"sourceSize":{"w":37,"h":37},"spriteSourceSize":{"x":0,"y":0,"w":37,"h":37},"frame":{"x":414,"y":345,"w":37,"h":37}},{"filename":"shot-guide/green/straight","rotated":false,"trimmed":false,"sourceSize":{"w":37,"h":37},"spriteSourceSize":{"x":0,"y":0,"w":37,"h":37},"frame":{"x":454,"y":345,"w":37,"h":37}},{"filename":"shot-guide/orange/straight","rotated":false,"trimmed":false,"sourceSize":{"w":37,"h":37},"spriteSourceSize":{"x":0,"y":0,"w":37,"h":37},"frame":{"x":421,"y":385,"w":37,"h":37}},{"filename":"shot-guide/pink/straight","rotated":false,"trimmed":false,"sourceSize":{"w":37,"h":37},"spriteSourceSize":{"x":0,"y":0,"w":37,"h":37},"frame":{"x":461,"y":385,"w":37,"h":37}},{"filename":"shot-guide/red/straight","rotated":false,"trimmed":false,"sourceSize":{"w":37,"h":37},"spriteSourceSize":{"x":0,"y":0,"w":37,"h":37},"frame":{"x":425,"y":425,"w":37,"h":37}},{"filename":"shot-guide/rocket/straight","rotated":false,"trimmed":false,"sourceSize":{"w":37,"h":37},"spriteSourceSize":{"x":0,"y":0,"w":37,"h":37},"frame":{"x":465,"y":425,"w":37,"h":37}},{"filename":"shot-guide/violet/straight","rotated":false,"trimmed":false,"sourceSize":{"w":37,"h":37},"spriteSourceSize":{"x":0,"y":0,"w":37,"h":37},"frame":{"x":425,"y":465,"w":37,"h":37}},{"filename":"shot-guide/yellow/straight","rotated":false,"trimmed":false,"sourceSize":{"w":37,"h":37},"spriteSourceSize":{"x":0,"y":0,"w":37,"h":37},"frame":{"x":465,"y":465,"w":37,"h":37}}]}],"meta":{"app":"https://www.codeandweb.com/texturepacker","version":"3.0","smartupdate":"$TexturePacker:SmartUpdate:0015b2d6c5cc5f3606c17b1eba71d710:c6d461c144c381b93da785f70b9bc353:0996dd7e9db609960a6dcf09e17bc364$"}}