{"textures":[{"image":"gameplay-main-objects.png","format":"RGBA8888","size":{"w":500,"h":1144},"scale":1,"frames":[{"filename":"black-hole/circle-2","rotated":false,"trimmed":false,"sourceSize":{"w":9,"h":9},"spriteSourceSize":{"x":0,"y":0,"w":9,"h":9},"frame":{"x":2,"y":2,"w":9,"h":9}},{"filename":"star","rotated":false,"trimmed":false,"sourceSize":{"w":19,"h":19},"spriteSourceSize":{"x":0,"y":0,"w":19,"h":19},"frame":{"x":14,"y":2,"w":19,"h":19}},{"filename":"bat-ball/bat-head","rotated":false,"trimmed":false,"sourceSize":{"w":58,"h":30},"spriteSourceSize":{"x":0,"y":0,"w":58,"h":30},"frame":{"x":36,"y":2,"w":58,"h":30}},{"filename":"sub-grid-objects/ladybird","rotated":false,"trimmed":false,"sourceSize":{"w":29,"h":31},"spriteSourceSize":{"x":0,"y":0,"w":29,"h":31},"frame":{"x":97,"y":2,"w":29,"h":31}},{"filename":"sub-grid-objects/spider","rotated":false,"trimmed":false,"sourceSize":{"w":36,"h":35},"spriteSourceSize":{"x":0,"y":0,"w":36,"h":35},"frame":{"x":129,"y":2,"w":36,"h":35}},{"filename":"electric-ball/electric_D/electric_D_01","rotated":false,"trimmed":false,"sourceSize":{"w":58,"h":38},"spriteSourceSize":{"x":0,"y":0,"w":58,"h":38},"frame":{"x":168,"y":2,"w":58,"h":38}},{"filename":"electric-ball/electric_D/electric_D_02","rotated":false,"trimmed":false,"sourceSize":{"w":58,"h":38},"spriteSourceSize":{"x":0,"y":0,"w":58,"h":38},"frame":{"x":229,"y":2,"w":58,"h":38}},{"filename":"electric-ball/electric_D/electric_D_03","rotated":false,"trimmed":false,"sourceSize":{"w":58,"h":38},"spriteSourceSize":{"x":0,"y":0,"w":58,"h":38},"frame":{"x":290,"y":2,"w":58,"h":38}},{"filename":"electric-ball/electric_D/electric_D_04","rotated":false,"trimmed":false,"sourceSize":{"w":58,"h":38},"spriteSourceSize":{"x":0,"y":0,"w":58,"h":38},"frame":{"x":351,"y":2,"w":58,"h":38}},{"filename":"electric-ball/electric_D/electric_D_05","rotated":false,"trimmed":false,"sourceSize":{"w":58,"h":38},"spriteSourceSize":{"x":0,"y":0,"w":58,"h":38},"frame":{"x":412,"y":2,"w":58,"h":38}},{"filename":"electric-ball/electric_D/electric_D_06","rotated":false,"trimmed":false,"sourceSize":{"w":58,"h":38},"spriteSourceSize":{"x":0,"y":0,"w":58,"h":38},"frame":{"x":2,"y":43,"w":58,"h":38}},{"filename":"electric-ball/electric_D/electric_D_07","rotated":false,"trimmed":false,"sourceSize":{"w":58,"h":38},"spriteSourceSize":{"x":0,"y":0,"w":58,"h":38},"frame":{"x":63,"y":43,"w":58,"h":38}},{"filename":"electric-ball/electric_D/electric_D_08","rotated":false,"trimmed":false,"sourceSize":{"w":58,"h":38},"spriteSourceSize":{"x":0,"y":0,"w":58,"h":38},"frame":{"x":124,"y":43,"w":58,"h":38}},{"filename":"electric-ball/electric_E/electric_E_01","rotated":false,"trimmed":false,"sourceSize":{"w":56,"h":38},"spriteSourceSize":{"x":0,"y":0,"w":56,"h":38},"frame":{"x":185,"y":43,"w":56,"h":38}},{"filename":"electric-ball/electric_E/electric_E_02","rotated":false,"trimmed":false,"sourceSize":{"w":56,"h":38},"spriteSourceSize":{"x":0,"y":0,"w":56,"h":38},"frame":{"x":244,"y":43,"w":56,"h":38}},{"filename":"electric-ball/electric_E/electric_E_03","rotated":false,"trimmed":false,"sourceSize":{"w":56,"h":38},"spriteSourceSize":{"x":0,"y":0,"w":56,"h":38},"frame":{"x":303,"y":43,"w":56,"h":38}},{"filename":"electric-ball/electric_E/electric_E_04","rotated":false,"trimmed":false,"sourceSize":{"w":56,"h":38},"spriteSourceSize":{"x":0,"y":0,"w":56,"h":38},"frame":{"x":362,"y":43,"w":56,"h":38}},{"filename":"electric-ball/electric_E/electric_E_05","rotated":false,"trimmed":false,"sourceSize":{"w":56,"h":38},"spriteSourceSize":{"x":0,"y":0,"w":56,"h":38},"frame":{"x":421,"y":43,"w":56,"h":38}},{"filename":"electric-ball/electric_E/electric_E_06","rotated":false,"trimmed":false,"sourceSize":{"w":56,"h":38},"spriteSourceSize":{"x":0,"y":0,"w":56,"h":38},"frame":{"x":2,"y":84,"w":56,"h":38}},{"filename":"electric-ball/electric_E/electric_E_07","rotated":false,"trimmed":false,"sourceSize":{"w":56,"h":38},"spriteSourceSize":{"x":0,"y":0,"w":56,"h":38},"frame":{"x":61,"y":84,"w":56,"h":38}},{"filename":"electric-ball/electric_E/electric_E_08","rotated":false,"trimmed":false,"sourceSize":{"w":56,"h":38},"spriteSourceSize":{"x":0,"y":0,"w":56,"h":38},"frame":{"x":120,"y":84,"w":56,"h":38}},{"filename":"electric-ball/electric_E/electric_E_09","rotated":false,"trimmed":false,"sourceSize":{"w":56,"h":38},"spriteSourceSize":{"x":0,"y":0,"w":56,"h":38},"frame":{"x":179,"y":84,"w":56,"h":38}},{"filename":"plus-minus-ball/minus-ball-explosion","rotated":false,"trimmed":false,"sourceSize":{"w":41,"h":39},"spriteSourceSize":{"x":0,"y":0,"w":41,"h":39},"frame":{"x":238,"y":84,"w":41,"h":39}},{"filename":"plus-minus-ball/plus-ball-explosion","rotated":false,"trimmed":false,"sourceSize":{"w":47,"h":39},"spriteSourceSize":{"x":0,"y":0,"w":47,"h":39},"frame":{"x":282,"y":84,"w":47,"h":39}},{"filename":"lava-ball/lava/firefly_10","rotated":false,"trimmed":false,"sourceSize":{"w":42,"h":40},"spriteSourceSize":{"x":0,"y":0,"w":42,"h":40},"frame":{"x":332,"y":84,"w":42,"h":40}},{"filename":"lava-ball/lava/firefly_22","rotated":false,"trimmed":false,"sourceSize":{"w":42,"h":40},"spriteSourceSize":{"x":0,"y":0,"w":42,"h":40},"frame":{"x":377,"y":84,"w":42,"h":40}},{"filename":"lava-ball/lava/firefly_2","rotated":false,"trimmed":false,"sourceSize":{"w":43,"h":41},"spriteSourceSize":{"x":0,"y":0,"w":43,"h":41},"frame":{"x":422,"y":84,"w":43,"h":41}},{"filename":"lava-ball/lava/firefly_6","rotated":false,"trimmed":false,"sourceSize":{"w":43,"h":41},"spriteSourceSize":{"x":0,"y":0,"w":43,"h":41},"frame":{"x":2,"y":128,"w":43,"h":41}},{"filename":"lava-ball/lava/firefly_14","rotated":false,"trimmed":false,"sourceSize":{"w":43,"h":41},"spriteSourceSize":{"x":0,"y":0,"w":43,"h":41},"frame":{"x":48,"y":128,"w":43,"h":41}},{"filename":"lava-ball/lava/firefly_18","rotated":false,"trimmed":false,"sourceSize":{"w":43,"h":41},"spriteSourceSize":{"x":0,"y":0,"w":43,"h":41},"frame":{"x":94,"y":128,"w":43,"h":41}},{"filename":"lava-ball/lava/firefly_1","rotated":false,"trimmed":false,"sourceSize":{"w":46,"h":43},"spriteSourceSize":{"x":0,"y":0,"w":46,"h":43},"frame":{"x":140,"y":128,"w":46,"h":43}},{"filename":"lava-ball/lava/firefly_3","rotated":false,"trimmed":false,"sourceSize":{"w":45,"h":43},"spriteSourceSize":{"x":0,"y":0,"w":45,"h":43},"frame":{"x":189,"y":128,"w":45,"h":43}},{"filename":"lava-ball/lava/firefly_5","rotated":false,"trimmed":false,"sourceSize":{"w":45,"h":43},"spriteSourceSize":{"x":0,"y":0,"w":45,"h":43},"frame":{"x":237,"y":128,"w":45,"h":43}},{"filename":"lava-ball/lava/firefly_7","rotated":false,"trimmed":false,"sourceSize":{"w":46,"h":43},"spriteSourceSize":{"x":0,"y":0,"w":46,"h":43},"frame":{"x":285,"y":128,"w":46,"h":43}},{"filename":"lava-ball/lava/firefly_9","rotated":false,"trimmed":false,"sourceSize":{"w":45,"h":43},"spriteSourceSize":{"x":0,"y":0,"w":45,"h":43},"frame":{"x":334,"y":128,"w":45,"h":43}},{"filename":"lava-ball/lava/firefly_11","rotated":false,"trimmed":false,"sourceSize":{"w":45,"h":43},"spriteSourceSize":{"x":0,"y":0,"w":45,"h":43},"frame":{"x":382,"y":128,"w":45,"h":43}},{"filename":"lava-ball/lava/firefly_13","rotated":false,"trimmed":false,"sourceSize":{"w":46,"h":43},"spriteSourceSize":{"x":0,"y":0,"w":46,"h":43},"frame":{"x":430,"y":128,"w":46,"h":43}},{"filename":"lava-ball/lava/firefly_15","rotated":false,"trimmed":false,"sourceSize":{"w":45,"h":43},"spriteSourceSize":{"x":0,"y":0,"w":45,"h":43},"frame":{"x":2,"y":174,"w":45,"h":43}},{"filename":"lava-ball/lava/firefly_17","rotated":false,"trimmed":false,"sourceSize":{"w":45,"h":43},"spriteSourceSize":{"x":0,"y":0,"w":45,"h":43},"frame":{"x":50,"y":174,"w":45,"h":43}},{"filename":"lava-ball/lava/firefly_19","rotated":false,"trimmed":false,"sourceSize":{"w":46,"h":43},"spriteSourceSize":{"x":0,"y":0,"w":46,"h":43},"frame":{"x":98,"y":174,"w":46,"h":43}},{"filename":"lava-ball/lava/firefly_21","rotated":false,"trimmed":false,"sourceSize":{"w":45,"h":43},"spriteSourceSize":{"x":0,"y":0,"w":45,"h":43},"frame":{"x":147,"y":174,"w":45,"h":43}},{"filename":"lava-ball/lava/firefly_23","rotated":false,"trimmed":false,"sourceSize":{"w":45,"h":43},"spriteSourceSize":{"x":0,"y":0,"w":45,"h":43},"frame":{"x":195,"y":174,"w":45,"h":43}},{"filename":"lava-ball/lava/firefly_0","rotated":false,"trimmed":false,"sourceSize":{"w":49,"h":45},"spriteSourceSize":{"x":0,"y":0,"w":49,"h":45},"frame":{"x":243,"y":174,"w":49,"h":45}},{"filename":"lava-ball/lava/firefly_4","rotated":false,"trimmed":false,"sourceSize":{"w":48,"h":45},"spriteSourceSize":{"x":0,"y":0,"w":48,"h":45},"frame":{"x":295,"y":174,"w":48,"h":45}},{"filename":"lava-ball/lava/firefly_12","rotated":false,"trimmed":false,"sourceSize":{"w":49,"h":45},"spriteSourceSize":{"x":0,"y":0,"w":49,"h":45},"frame":{"x":346,"y":174,"w":49,"h":45}},{"filename":"lava-ball/lava/firefly_16","rotated":false,"trimmed":false,"sourceSize":{"w":48,"h":45},"spriteSourceSize":{"x":0,"y":0,"w":48,"h":45},"frame":{"x":398,"y":174,"w":48,"h":45}},{"filename":"lava-ball/lava/firefly_8","rotated":false,"trimmed":false,"sourceSize":{"w":49,"h":46},"spriteSourceSize":{"x":0,"y":0,"w":49,"h":46},"frame":{"x":449,"y":174,"w":49,"h":46}},{"filename":"lava-ball/lava/firefly_20","rotated":false,"trimmed":false,"sourceSize":{"w":49,"h":46},"spriteSourceSize":{"x":0,"y":0,"w":49,"h":46},"frame":{"x":2,"y":223,"w":49,"h":46}},{"filename":"bat-ball/bat-wing-close-left","rotated":false,"trimmed":false,"sourceSize":{"w":30,"h":48},"spriteSourceSize":{"x":0,"y":0,"w":30,"h":48},"frame":{"x":54,"y":223,"w":30,"h":48}},{"filename":"bat-ball/bat-wing-close-right","rotated":false,"trimmed":false,"sourceSize":{"w":30,"h":48},"spriteSourceSize":{"x":0,"y":0,"w":30,"h":48},"frame":{"x":87,"y":223,"w":30,"h":48}},{"filename":"2-colors-ball/2_colors_random","rotated":false,"trimmed":false,"sourceSize":{"w":54,"h":52},"spriteSourceSize":{"x":0,"y":0,"w":54,"h":52},"frame":{"x":120,"y":223,"w":54,"h":52}},{"filename":"2-colors-ball/duo_color_blue","rotated":false,"trimmed":false,"sourceSize":{"w":57,"h":60},"spriteSourceSize":{"x":0,"y":0,"w":57,"h":60},"frame":{"x":177,"y":223,"w":57,"h":60}},{"filename":"2-colors-ball/duo_color_cyan","rotated":false,"trimmed":false,"sourceSize":{"w":57,"h":60},"spriteSourceSize":{"x":0,"y":0,"w":57,"h":60},"frame":{"x":237,"y":223,"w":57,"h":60}},{"filename":"2-colors-ball/duo_color_green","rotated":false,"trimmed":false,"sourceSize":{"w":57,"h":60},"spriteSourceSize":{"x":0,"y":0,"w":57,"h":60},"frame":{"x":297,"y":223,"w":57,"h":60}},{"filename":"2-colors-ball/duo_color_orange","rotated":false,"trimmed":false,"sourceSize":{"w":57,"h":60},"spriteSourceSize":{"x":0,"y":0,"w":57,"h":60},"frame":{"x":357,"y":223,"w":57,"h":60}},{"filename":"2-colors-ball/duo_color_pink","rotated":false,"trimmed":false,"sourceSize":{"w":57,"h":60},"spriteSourceSize":{"x":0,"y":0,"w":57,"h":60},"frame":{"x":417,"y":223,"w":57,"h":60}},{"filename":"2-colors-ball/duo_color_purple","rotated":false,"trimmed":false,"sourceSize":{"w":57,"h":60},"spriteSourceSize":{"x":0,"y":0,"w":57,"h":60},"frame":{"x":2,"y":286,"w":57,"h":60}},{"filename":"2-colors-ball/duo_color_red","rotated":false,"trimmed":false,"sourceSize":{"w":57,"h":60},"spriteSourceSize":{"x":0,"y":0,"w":57,"h":60},"frame":{"x":62,"y":286,"w":57,"h":60}},{"filename":"2-colors-ball/duo_color_yellow","rotated":false,"trimmed":false,"sourceSize":{"w":57,"h":60},"spriteSourceSize":{"x":0,"y":0,"w":57,"h":60},"frame":{"x":122,"y":286,"w":57,"h":60}},{"filename":"electric-ball/electric_A/electric_A_01","rotated":false,"trimmed":false,"sourceSize":{"w":70,"h":64},"spriteSourceSize":{"x":0,"y":0,"w":70,"h":64},"frame":{"x":182,"y":286,"w":70,"h":64}},{"filename":"electric-ball/electric_A/electric_A_02","rotated":false,"trimmed":false,"sourceSize":{"w":70,"h":64},"spriteSourceSize":{"x":0,"y":0,"w":70,"h":64},"frame":{"x":255,"y":286,"w":70,"h":64}},{"filename":"electric-ball/electric_A/electric_A_03","rotated":false,"trimmed":false,"sourceSize":{"w":70,"h":64},"spriteSourceSize":{"x":0,"y":0,"w":70,"h":64},"frame":{"x":328,"y":286,"w":70,"h":64}},{"filename":"electric-ball/electric_A/electric_A_04","rotated":false,"trimmed":false,"sourceSize":{"w":70,"h":64},"spriteSourceSize":{"x":0,"y":0,"w":70,"h":64},"frame":{"x":401,"y":286,"w":70,"h":64}},{"filename":"electric-ball/electric_A/electric_A_05","rotated":false,"trimmed":false,"sourceSize":{"w":70,"h":64},"spriteSourceSize":{"x":0,"y":0,"w":70,"h":64},"frame":{"x":2,"y":353,"w":70,"h":64}},{"filename":"electric-ball/electric_A/electric_A_06","rotated":false,"trimmed":false,"sourceSize":{"w":70,"h":64},"spriteSourceSize":{"x":0,"y":0,"w":70,"h":64},"frame":{"x":75,"y":353,"w":70,"h":64}},{"filename":"electric-ball/electric_A/electric_A_07","rotated":false,"trimmed":false,"sourceSize":{"w":70,"h":64},"spriteSourceSize":{"x":0,"y":0,"w":70,"h":64},"frame":{"x":148,"y":353,"w":70,"h":64}},{"filename":"electric-ball/electric_A/electric_A_08","rotated":false,"trimmed":false,"sourceSize":{"w":70,"h":64},"spriteSourceSize":{"x":0,"y":0,"w":70,"h":64},"frame":{"x":221,"y":353,"w":70,"h":64}},{"filename":"earthen-pot/earthen-pot","rotated":false,"trimmed":false,"sourceSize":{"w":62,"h":65},"spriteSourceSize":{"x":0,"y":0,"w":62,"h":65},"frame":{"x":294,"y":353,"w":62,"h":65}},{"filename":"mummy/stone-crack","rotated":false,"trimmed":false,"sourceSize":{"w":67,"h":65},"spriteSourceSize":{"x":0,"y":0,"w":67,"h":65},"frame":{"x":359,"y":353,"w":67,"h":65}},{"filename":"sub-grid-objects/cover_ball_5","rotated":false,"trimmed":false,"sourceSize":{"w":68,"h":65},"spriteSourceSize":{"x":0,"y":0,"w":68,"h":65},"frame":{"x":429,"y":353,"w":68,"h":65}},{"filename":"mummy/stone-normal","rotated":false,"trimmed":false,"sourceSize":{"w":68,"h":66},"spriteSourceSize":{"x":0,"y":0,"w":68,"h":66},"frame":{"x":2,"y":421,"w":68,"h":66}},{"filename":"black-hole/black-hole","rotated":false,"trimmed":false,"sourceSize":{"w":68,"h":68},"spriteSourceSize":{"x":0,"y":0,"w":68,"h":68},"frame":{"x":73,"y":421,"w":68,"h":68}},{"filename":"black-hole/switch-black-hole","rotated":false,"trimmed":false,"sourceSize":{"w":68,"h":68},"spriteSourceSize":{"x":0,"y":0,"w":68,"h":68},"frame":{"x":144,"y":421,"w":68,"h":68}},{"filename":"bubbles/ball_copy","rotated":false,"trimmed":false,"sourceSize":{"w":68,"h":68},"spriteSourceSize":{"x":0,"y":0,"w":68,"h":68},"frame":{"x":215,"y":421,"w":68,"h":68}},{"filename":"color-bomb/color_bomb","rotated":false,"trimmed":false,"sourceSize":{"w":68,"h":68},"spriteSourceSize":{"x":0,"y":0,"w":68,"h":68},"frame":{"x":286,"y":421,"w":68,"h":68}},{"filename":"electric-ball/electric-ball","rotated":false,"trimmed":false,"sourceSize":{"w":68,"h":68},"spriteSourceSize":{"x":0,"y":0,"w":68,"h":68},"frame":{"x":357,"y":421,"w":68,"h":68}},{"filename":"empty-ball/empty-ball","rotated":false,"trimmed":false,"sourceSize":{"w":68,"h":68},"spriteSourceSize":{"x":0,"y":0,"w":68,"h":68},"frame":{"x":428,"y":421,"w":68,"h":68}},{"filename":"lava-ball/firefly_cap","rotated":false,"trimmed":false,"sourceSize":{"w":68,"h":68},"spriteSourceSize":{"x":0,"y":0,"w":68,"h":68},"frame":{"x":2,"y":492,"w":68,"h":68}},{"filename":"lava-ball/firefly_empty_bottle","rotated":false,"trimmed":false,"sourceSize":{"w":68,"h":68},"spriteSourceSize":{"x":0,"y":0,"w":68,"h":68},"frame":{"x":73,"y":492,"w":68,"h":68}},{"filename":"mirror-ball/mirror","rotated":false,"trimmed":false,"sourceSize":{"w":68,"h":68},"spriteSourceSize":{"x":0,"y":0,"w":68,"h":68},"frame":{"x":144,"y":492,"w":68,"h":68}},{"filename":"mirror-ball/mirror_layer","rotated":false,"trimmed":false,"sourceSize":{"w":68,"h":68},"spriteSourceSize":{"x":0,"y":0,"w":68,"h":68},"frame":{"x":215,"y":492,"w":68,"h":68}},{"filename":"plus-minus-ball/+1-ball","rotated":false,"trimmed":false,"sourceSize":{"w":68,"h":68},"spriteSourceSize":{"x":0,"y":0,"w":68,"h":68},"frame":{"x":286,"y":492,"w":68,"h":68}},{"filename":"plus-minus-ball/-1-ball","rotated":false,"trimmed":false,"sourceSize":{"w":68,"h":68},"spriteSourceSize":{"x":0,"y":0,"w":68,"h":68},"frame":{"x":357,"y":492,"w":68,"h":68}},{"filename":"question-mark-ball/question_mark_ball","rotated":false,"trimmed":false,"sourceSize":{"w":68,"h":68},"spriteSourceSize":{"x":0,"y":0,"w":68,"h":68},"frame":{"x":428,"y":492,"w":68,"h":68}},{"filename":"random-direction-electric-ball/compass","rotated":false,"trimmed":false,"sourceSize":{"w":68,"h":68},"spriteSourceSize":{"x":0,"y":0,"w":68,"h":68},"frame":{"x":2,"y":563,"w":68,"h":68}},{"filename":"random-direction-electric-ball/compass_highlight","rotated":false,"trimmed":false,"sourceSize":{"w":68,"h":68},"spriteSourceSize":{"x":0,"y":0,"w":68,"h":68},"frame":{"x":73,"y":563,"w":68,"h":68}},{"filename":"random-direction-electric-ball/compass_needle","rotated":false,"trimmed":false,"sourceSize":{"w":68,"h":68},"spriteSourceSize":{"x":0,"y":0,"w":68,"h":68},"frame":{"x":144,"y":563,"w":68,"h":68}},{"filename":"stone/metal-ball","rotated":false,"trimmed":false,"sourceSize":{"w":68,"h":68},"spriteSourceSize":{"x":0,"y":0,"w":68,"h":68},"frame":{"x":215,"y":563,"w":68,"h":68}},{"filename":"sub-grid-objects/spider_web","rotated":false,"trimmed":false,"sourceSize":{"w":66,"h":69},"spriteSourceSize":{"x":0,"y":0,"w":66,"h":69},"frame":{"x":286,"y":563,"w":66,"h":69}},{"filename":"bat-ball/bat","rotated":false,"trimmed":false,"sourceSize":{"w":80,"h":70},"spriteSourceSize":{"x":0,"y":0,"w":80,"h":70},"frame":{"x":355,"y":563,"w":80,"h":70}},{"filename":"sub-grid-objects/cover_ball_4","rotated":false,"trimmed":false,"sourceSize":{"w":68,"h":72},"spriteSourceSize":{"x":0,"y":0,"w":68,"h":72},"frame":{"x":2,"y":636,"w":68,"h":72}},{"filename":"sub-grid-objects/ironboard","rotated":false,"trimmed":false,"sourceSize":{"w":65,"h":72},"spriteSourceSize":{"x":0,"y":0,"w":65,"h":72},"frame":{"x":73,"y":636,"w":65,"h":72}},{"filename":"sub-grid-objects/ironboard_lock","rotated":false,"trimmed":false,"sourceSize":{"w":65,"h":72},"spriteSourceSize":{"x":0,"y":0,"w":65,"h":72},"frame":{"x":141,"y":636,"w":65,"h":72}},{"filename":"sub-grid-objects/leaves","rotated":false,"trimmed":false,"sourceSize":{"w":74,"h":73},"spriteSourceSize":{"x":0,"y":0,"w":74,"h":73},"frame":{"x":209,"y":636,"w":74,"h":73}},{"filename":"sub-grid-objects/cover_ball_2","rotated":false,"trimmed":false,"sourceSize":{"w":68,"h":74},"spriteSourceSize":{"x":0,"y":0,"w":68,"h":74},"frame":{"x":286,"y":636,"w":68,"h":74}},{"filename":"sub-grid-objects/cover_ball_3","rotated":false,"trimmed":false,"sourceSize":{"w":68,"h":74},"spriteSourceSize":{"x":0,"y":0,"w":68,"h":74},"frame":{"x":357,"y":636,"w":68,"h":74}},{"filename":"sub-grid-objects/cover_ball_0","rotated":false,"trimmed":false,"sourceSize":{"w":68,"h":75},"spriteSourceSize":{"x":0,"y":0,"w":68,"h":75},"frame":{"x":428,"y":636,"w":68,"h":75}},{"filename":"sub-grid-objects/cover_ball_1","rotated":false,"trimmed":false,"sourceSize":{"w":68,"h":75},"spriteSourceSize":{"x":0,"y":0,"w":68,"h":75},"frame":{"x":2,"y":714,"w":68,"h":75}},{"filename":"electric-ball/electric_C/electric_C_01","rotated":false,"trimmed":false,"sourceSize":{"w":100,"h":88},"spriteSourceSize":{"x":0,"y":0,"w":100,"h":88},"frame":{"x":73,"y":714,"w":100,"h":88}},{"filename":"electric-ball/electric_C/electric_C_02","rotated":false,"trimmed":false,"sourceSize":{"w":100,"h":88},"spriteSourceSize":{"x":0,"y":0,"w":100,"h":88},"frame":{"x":176,"y":714,"w":100,"h":88}},{"filename":"electric-ball/electric_C/electric_C_03","rotated":false,"trimmed":false,"sourceSize":{"w":100,"h":88},"spriteSourceSize":{"x":0,"y":0,"w":100,"h":88},"frame":{"x":279,"y":714,"w":100,"h":88}},{"filename":"electric-ball/electric_C/electric_C_04","rotated":false,"trimmed":false,"sourceSize":{"w":100,"h":88},"spriteSourceSize":{"x":0,"y":0,"w":100,"h":88},"frame":{"x":382,"y":714,"w":100,"h":88}},{"filename":"electric-ball/electric_C/electric_C_05","rotated":false,"trimmed":false,"sourceSize":{"w":100,"h":88},"spriteSourceSize":{"x":0,"y":0,"w":100,"h":88},"frame":{"x":2,"y":805,"w":100,"h":88}},{"filename":"electric-ball/electric_C/electric_C_06","rotated":false,"trimmed":false,"sourceSize":{"w":100,"h":88},"spriteSourceSize":{"x":0,"y":0,"w":100,"h":88},"frame":{"x":105,"y":805,"w":100,"h":88}},{"filename":"electric-ball/electric_C/electric_C_07","rotated":false,"trimmed":false,"sourceSize":{"w":100,"h":88},"spriteSourceSize":{"x":0,"y":0,"w":100,"h":88},"frame":{"x":208,"y":805,"w":100,"h":88}},{"filename":"electric-ball/electric_C/electric_C_08","rotated":false,"trimmed":false,"sourceSize":{"w":100,"h":88},"spriteSourceSize":{"x":0,"y":0,"w":100,"h":88},"frame":{"x":311,"y":805,"w":100,"h":88}},{"filename":"electric-ball/electric_B/electric_B_01","rotated":false,"trimmed":false,"sourceSize":{"w":82,"h":89},"spriteSourceSize":{"x":0,"y":0,"w":82,"h":89},"frame":{"x":414,"y":805,"w":82,"h":89}},{"filename":"electric-ball/electric_B/electric_B_02","rotated":false,"trimmed":false,"sourceSize":{"w":82,"h":89},"spriteSourceSize":{"x":0,"y":0,"w":82,"h":89},"frame":{"x":2,"y":897,"w":82,"h":89}},{"filename":"electric-ball/electric_B/electric_B_03","rotated":false,"trimmed":false,"sourceSize":{"w":82,"h":89},"spriteSourceSize":{"x":0,"y":0,"w":82,"h":89},"frame":{"x":87,"y":897,"w":82,"h":89}},{"filename":"electric-ball/electric_B/electric_B_04","rotated":false,"trimmed":false,"sourceSize":{"w":82,"h":89},"spriteSourceSize":{"x":0,"y":0,"w":82,"h":89},"frame":{"x":172,"y":897,"w":82,"h":89}},{"filename":"electric-ball/electric_B/electric_B_05","rotated":false,"trimmed":false,"sourceSize":{"w":82,"h":89},"spriteSourceSize":{"x":0,"y":0,"w":82,"h":89},"frame":{"x":257,"y":897,"w":82,"h":89}},{"filename":"electric-ball/electric_B/electric_B_06","rotated":false,"trimmed":false,"sourceSize":{"w":82,"h":89},"spriteSourceSize":{"x":0,"y":0,"w":82,"h":89},"frame":{"x":342,"y":897,"w":82,"h":89}},{"filename":"electric-ball/electric_B/electric_B_07","rotated":false,"trimmed":false,"sourceSize":{"w":82,"h":89},"spriteSourceSize":{"x":0,"y":0,"w":82,"h":89},"frame":{"x":2,"y":989,"w":82,"h":89}},{"filename":"blank","rotated":false,"trimmed":false,"sourceSize":{"w":100,"h":100},"spriteSourceSize":{"x":0,"y":0,"w":100,"h":100},"frame":{"x":87,"y":989,"w":100,"h":100}},{"filename":"sub-grid-objects/hexagon-wire","rotated":false,"trimmed":false,"sourceSize":{"w":137,"h":153},"spriteSourceSize":{"x":0,"y":0,"w":137,"h":153},"frame":{"x":190,"y":989,"w":137,"h":153}}]}],"meta":{"app":"https://www.codeandweb.com/texturepacker","version":"3.0","smartupdate":"$TexturePacker:SmartUpdate:5056247a3015b061f7d37f4735271e0a:4465cc8b3ce8999a1f76c27e08173a70:fe669df86ff0d368c5af8d75dcf4ef2e$"}}