{"textures":[{"image":"gameplay-textures.png","format":"RGBA8888","size":{"w":248,"h":654},"scale":1,"frames":[{"filename":"blank","rotated":false,"trimmed":false,"sourceSize":{"w":100,"h":100},"spriteSourceSize":{"x":0,"y":0,"w":100,"h":100},"frame":{"x":2,"y":2,"w":100,"h":100}},{"filename":"bullet-items/item_bomb","rotated":false,"trimmed":false,"sourceSize":{"w":69,"h":71},"spriteSourceSize":{"x":0,"y":0,"w":69,"h":71},"frame":{"x":105,"y":2,"w":69,"h":71}},{"filename":"bullet-items/item_bomb_disable","rotated":false,"trimmed":false,"sourceSize":{"w":69,"h":71},"spriteSourceSize":{"x":0,"y":0,"w":69,"h":71},"frame":{"x":177,"y":2,"w":69,"h":71}},{"filename":"bullet-items/item_electric","rotated":false,"trimmed":false,"sourceSize":{"w":62,"h":63},"spriteSourceSize":{"x":0,"y":0,"w":62,"h":63},"frame":{"x":2,"y":105,"w":62,"h":63}},{"filename":"bullet-items/item_electric_disable","rotated":false,"trimmed":false,"sourceSize":{"w":62,"h":63},"spriteSourceSize":{"x":0,"y":0,"w":62,"h":63},"frame":{"x":67,"y":105,"w":62,"h":63}},{"filename":"bullet-items/item_rainbow","rotated":false,"trimmed":false,"sourceSize":{"w":62,"h":63},"spriteSourceSize":{"x":0,"y":0,"w":62,"h":63},"frame":{"x":132,"y":105,"w":62,"h":63}},{"filename":"bullet-items/item_rainbow_disable","rotated":false,"trimmed":false,"sourceSize":{"w":62,"h":63},"spriteSourceSize":{"x":0,"y":0,"w":62,"h":63},"frame":{"x":2,"y":171,"w":62,"h":63}},{"filename":"bullet-items/item_rocket","rotated":false,"trimmed":false,"sourceSize":{"w":62,"h":65},"spriteSourceSize":{"x":0,"y":0,"w":62,"h":65},"frame":{"x":67,"y":171,"w":62,"h":65}},{"filename":"bullet-items/item_rocket_disable","rotated":false,"trimmed":false,"sourceSize":{"w":62,"h":65},"spriteSourceSize":{"x":0,"y":0,"w":62,"h":65},"frame":{"x":132,"y":171,"w":62,"h":65}},{"filename":"bullet-items/unlimited","rotated":false,"trimmed":false,"sourceSize":{"w":32,"h":18},"spriteSourceSize":{"x":0,"y":0,"w":32,"h":18},"frame":{"x":197,"y":171,"w":32,"h":18}},{"filename":"glow03","rotated":false,"trimmed":false,"sourceSize":{"w":122,"h":122},"spriteSourceSize":{"x":0,"y":0,"w":122,"h":122},"frame":{"x":2,"y":239,"w":122,"h":122}},{"filename":"icons/icon_count","rotated":false,"trimmed":false,"sourceSize":{"w":41,"h":42},"spriteSourceSize":{"x":0,"y":0,"w":41,"h":42},"frame":{"x":127,"y":239,"w":41,"h":42}},{"filename":"icons/mission-balls-icon","rotated":false,"trimmed":false,"sourceSize":{"w":51,"h":46},"spriteSourceSize":{"x":0,"y":0,"w":51,"h":46},"frame":{"x":171,"y":239,"w":51,"h":46}},{"filename":"icons/mission-gems-icon","rotated":false,"trimmed":false,"sourceSize":{"w":55,"h":49},"spriteSourceSize":{"x":0,"y":0,"w":55,"h":49},"frame":{"x":2,"y":364,"w":55,"h":49}},{"filename":"numbers-symbols/numbers-symbols","rotated":false,"trimmed":false,"sourceSize":{"w":149,"h":157},"spriteSourceSize":{"x":0,"y":0,"w":149,"h":157},"frame":{"x":60,"y":364,"w":149,"h":157}},{"filename":"ring","rotated":false,"trimmed":false,"sourceSize":{"w":128,"h":128},"spriteSourceSize":{"x":0,"y":0,"w":128,"h":128},"frame":{"x":2,"y":524,"w":128,"h":128}}]}],"meta":{"app":"https://www.codeandweb.com/texturepacker","version":"3.0","smartupdate":"$TexturePacker:SmartUpdate:b0d8f3e156d8329f545dc6c3b6ea7dfb:88af12be55b55e23430c7223ca550e0f:d56ac50a1ea6dd5a1ba27a32e328f2f2$"}}