{"textures":[{"image":"gameplay-effects-resources.png","format":"RGBA8888","size":{"w":2014,"h":494},"scale":1,"frames":[{"filename":"others/level-completed","rotated":false,"trimmed":false,"sourceSize":{"w":538,"h":175},"spriteSourceSize":{"x":0,"y":0,"w":538,"h":175},"frame":{"x":2,"y":2,"w":538,"h":175}},{"filename":"animations/color-ball/explosive_grey_19","rotated":false,"trimmed":true,"sourceSize":{"w":178,"h":194},"spriteSourceSize":{"x":2,"y":2,"w":176,"h":184},"frame":{"x":2,"y":180,"w":176,"h":184}},{"filename":"animations/color-ball/explosive_grey_03","rotated":false,"trimmed":true,"sourceSize":{"w":178,"h":194},"spriteSourceSize":{"x":28,"y":33,"w":125,"h":125},"frame":{"x":2,"y":367,"w":125,"h":125}},{"filename":"animations/color-ball/explosive_grey_18","rotated":false,"trimmed":true,"sourceSize":{"w":178,"h":194},"spriteSourceSize":{"x":4,"y":4,"w":173,"h":181},"frame":{"x":181,"y":180,"w":173,"h":181}},{"filename":"animations/color-ball/explosive_grey_14","rotated":false,"trimmed":true,"sourceSize":{"w":178,"h":194},"spriteSourceSize":{"x":4,"y":14,"w":171,"h":178},"frame":{"x":357,"y":180,"w":171,"h":178}},{"filename":"animations/color-ball/explosive_grey_17","rotated":false,"trimmed":true,"sourceSize":{"w":178,"h":194},"spriteSourceSize":{"x":6,"y":7,"w":171,"h":176},"frame":{"x":543,"y":2,"w":171,"h":176}},{"filename":"animations/color-ball/explosive_grey_16","rotated":false,"trimmed":true,"sourceSize":{"w":178,"h":194},"spriteSourceSize":{"x":7,"y":9,"w":169,"h":173},"frame":{"x":717,"y":2,"w":169,"h":173}},{"filename":"animations/color-ball/explosive_grey_13","rotated":false,"trimmed":true,"sourceSize":{"w":178,"h":194},"spriteSourceSize":{"x":6,"y":17,"w":168,"h":172},"frame":{"x":889,"y":2,"w":168,"h":172}},{"filename":"animations/color-ball/explosive_grey_15","rotated":false,"trimmed":true,"sourceSize":{"w":178,"h":194},"spriteSourceSize":{"x":9,"y":12,"w":166,"h":168},"frame":{"x":1060,"y":2,"w":166,"h":168}},{"filename":"animations/color-ball/explosive_grey_12","rotated":false,"trimmed":true,"sourceSize":{"w":178,"h":194},"spriteSourceSize":{"x":9,"y":19,"w":165,"h":167},"frame":{"x":1229,"y":2,"w":165,"h":167}},{"filename":"animations/color-ball/explosive_grey_11","rotated":false,"trimmed":true,"sourceSize":{"w":178,"h":194},"spriteSourceSize":{"x":11,"y":22,"w":162,"h":160},"frame":{"x":1397,"y":2,"w":162,"h":160}},{"filename":"animations/color-ball/explosive_grey_07","rotated":false,"trimmed":true,"sourceSize":{"w":178,"h":194},"spriteSourceSize":{"x":12,"y":20,"w":159,"h":157},"frame":{"x":1562,"y":2,"w":159,"h":157}},{"filename":"animations/color-ball/explosive_grey_10","rotated":false,"trimmed":true,"sourceSize":{"w":178,"h":194},"spriteSourceSize":{"x":14,"y":24,"w":158,"h":155},"frame":{"x":1724,"y":2,"w":158,"h":155}},{"filename":"animations/bomb/bomb-drug-explosion","rotated":false,"trimmed":true,"sourceSize":{"w":128,"h":128},"spriteSourceSize":{"x":1,"y":1,"w":127,"h":127},"frame":{"x":1885,"y":2,"w":127,"h":127}},{"filename":"others/ring31","rotated":false,"trimmed":true,"sourceSize":{"w":128,"h":128},"spriteSourceSize":{"x":3,"y":3,"w":125,"h":125},"frame":{"x":130,"y":367,"w":125,"h":125}},{"filename":"others/ring","rotated":false,"trimmed":false,"sourceSize":{"w":128,"h":128},"spriteSourceSize":{"x":0,"y":0,"w":128,"h":128},"frame":{"x":258,"y":364,"w":128,"h":128}},{"filename":"animations/color-ball/explosive_grey_04","rotated":false,"trimmed":true,"sourceSize":{"w":178,"h":194},"spriteSourceSize":{"x":25,"y":30,"w":133,"h":131},"frame":{"x":389,"y":361,"w":133,"h":131}},{"filename":"animations/color-ball/explosive_grey_09","rotated":false,"trimmed":true,"sourceSize":{"w":178,"h":194},"spriteSourceSize":{"x":17,"y":26,"w":155,"h":150},"frame":{"x":531,"y":181,"w":155,"h":150}},{"filename":"animations/bat/fly_0","rotated":false,"trimmed":true,"sourceSize":{"w":203,"h":103},"spriteSourceSize":{"x":24,"y":17,"w":156,"h":49},"frame":{"x":531,"y":334,"w":156,"h":49}},{"filename":"others/fx_electric","rotated":false,"trimmed":false,"sourceSize":{"w":237,"h":67},"spriteSourceSize":{"x":0,"y":0,"w":237,"h":67},"frame":{"x":525,"y":386,"w":237,"h":67}},{"filename":"animations/color-ball/explosive_grey_08","rotated":false,"trimmed":true,"sourceSize":{"w":178,"h":194},"spriteSourceSize":{"x":19,"y":28,"w":152,"h":145},"frame":{"x":689,"y":181,"w":152,"h":145}},{"filename":"animations/bat/fly_2","rotated":false,"trimmed":true,"sourceSize":{"w":203,"h":103},"spriteSourceSize":{"x":13,"y":17,"w":176,"h":52},"frame":{"x":690,"y":329,"w":176,"h":52}},{"filename":"animations/color-ball/explosive_grey_05","rotated":false,"trimmed":true,"sourceSize":{"w":178,"h":194},"spriteSourceSize":{"x":22,"y":27,"w":141,"h":137},"frame":{"x":844,"y":178,"w":141,"h":137}},{"filename":"animations/color-ball/explosive_grey_06","rotated":false,"trimmed":true,"sourceSize":{"w":178,"h":194},"spriteSourceSize":{"x":14,"y":23,"w":153,"h":151},"frame":{"x":988,"y":177,"w":153,"h":151}},{"filename":"others/tail","rotated":false,"trimmed":false,"sourceSize":{"w":80,"h":256},"spriteSourceSize":{"x":0,"y":0,"w":80,"h":256},"frame":{"x":1144,"y":173,"w":80,"h":256}},{"filename":"animations/bat/fly_5","rotated":false,"trimmed":true,"sourceSize":{"w":203,"h":103},"spriteSourceSize":{"x":28,"y":17,"w":149,"h":75},"frame":{"x":765,"y":384,"w":149,"h":75}},{"filename":"animations/bat/fly_3","rotated":false,"trimmed":true,"sourceSize":{"w":203,"h":103},"spriteSourceSize":{"x":3,"y":17,"w":197,"h":63},"frame":{"x":1397,"y":165,"w":197,"h":63}},{"filename":"animations/bat/fly_6","rotated":false,"trimmed":true,"sourceSize":{"w":203,"h":103},"spriteSourceSize":{"x":38,"y":17,"w":129,"h":79},"frame":{"x":1597,"y":162,"w":129,"h":79}},{"filename":"animations/bat/fly_4","rotated":false,"trimmed":true,"sourceSize":{"w":203,"h":103},"spriteSourceSize":{"x":12,"y":17,"w":180,"h":65},"frame":{"x":1729,"y":160,"w":180,"h":65}},{"filename":"blank","rotated":false,"trimmed":false,"sourceSize":{"w":100,"h":100},"spriteSourceSize":{"x":0,"y":0,"w":100,"h":100},"frame":{"x":1912,"y":132,"w":100,"h":100}},{"filename":"animations/bat/fly_1","rotated":false,"trimmed":true,"sourceSize":{"w":203,"h":103},"spriteSourceSize":{"x":21,"y":17,"w":160,"h":47},"frame":{"x":1729,"y":228,"w":160,"h":47}},{"filename":"animations/color-bomb/shine_7","rotated":false,"trimmed":true,"sourceSize":{"w":64,"h":64},"spriteSourceSize":{"x":0,"y":0,"w":63,"h":63},"frame":{"x":869,"y":318,"w":63,"h":63}},{"filename":"animations/bat/fly_11","rotated":false,"trimmed":true,"sourceSize":{"w":203,"h":103},"spriteSourceSize":{"x":23,"y":17,"w":157,"h":51},"frame":{"x":1229,"y":172,"w":157,"h":51}},{"filename":"others/rainbow","rotated":false,"trimmed":true,"sourceSize":{"w":128,"h":128},"spriteSourceSize":{"x":1,"y":1,"w":126,"h":126},"frame":{"x":1227,"y":226,"w":126,"h":126}},{"filename":"others/glow03","rotated":false,"trimmed":false,"sourceSize":{"w":122,"h":122},"spriteSourceSize":{"x":0,"y":0,"w":122,"h":122},"frame":{"x":1356,"y":231,"w":122,"h":122}},{"filename":"animations/color-ball/explosive_grey_01","rotated":false,"trimmed":true,"sourceSize":{"w":178,"h":194},"spriteSourceSize":{"x":34,"y":39,"w":113,"h":113},"frame":{"x":1481,"y":231,"w":113,"h":113}},{"filename":"others/glow04","rotated":false,"trimmed":false,"sourceSize":{"w":122,"h":122},"spriteSourceSize":{"x":0,"y":0,"w":122,"h":122},"frame":{"x":1597,"y":244,"w":122,"h":122}},{"filename":"animations/bat/fly_8","rotated":false,"trimmed":true,"sourceSize":{"w":203,"h":103},"spriteSourceSize":{"x":24,"y":17,"w":156,"h":64},"frame":{"x":1722,"y":278,"w":156,"h":64}},{"filename":"animations/color-ball/explosive_grey_02","rotated":false,"trimmed":true,"sourceSize":{"w":178,"h":194},"spriteSourceSize":{"x":31,"y":36,"w":118,"h":119},"frame":{"x":1227,"y":355,"w":118,"h":119}},{"filename":"animations/bat/fly_7","rotated":false,"trimmed":true,"sourceSize":{"w":203,"h":103},"spriteSourceSize":{"x":32,"y":17,"w":141,"h":75},"frame":{"x":1348,"y":356,"w":141,"h":75}},{"filename":"animations/bat/fly_9","rotated":false,"trimmed":true,"sourceSize":{"w":203,"h":103},"spriteSourceSize":{"x":28,"y":17,"w":149,"h":58},"frame":{"x":1348,"y":434,"w":149,"h":58}},{"filename":"animations/bat/fly_10","rotated":false,"trimmed":true,"sourceSize":{"w":203,"h":103},"spriteSourceSize":{"x":25,"y":17,"w":155,"h":52},"frame":{"x":1722,"y":345,"w":155,"h":52}},{"filename":"particles/others/dust-02","rotated":false,"trimmed":true,"sourceSize":{"w":128,"h":128},"spriteSourceSize":{"x":11,"y":19,"w":110,"h":94},"frame":{"x":1892,"y":235,"w":110,"h":94}},{"filename":"others/glow07","rotated":false,"trimmed":false,"sourceSize":{"w":64,"h":64},"spriteSourceSize":{"x":0,"y":0,"w":64,"h":64},"frame":{"x":1492,"y":347,"w":64,"h":64}},{"filename":"particles/others/stars","rotated":false,"trimmed":true,"sourceSize":{"w":64,"h":64},"spriteSourceSize":{"x":0,"y":0,"w":63,"h":64},"frame":{"x":1500,"y":414,"w":63,"h":64}},{"filename":"particles/others/leaf","rotated":false,"trimmed":false,"sourceSize":{"w":43,"h":52},"spriteSourceSize":{"x":0,"y":0,"w":43,"h":52},"frame":{"x":935,"y":318,"w":43,"h":52}},{"filename":"animations/color-ball/explosive_bomb_8","rotated":false,"trimmed":true,"sourceSize":{"w":64,"h":64},"spriteSourceSize":{"x":0,"y":1,"w":64,"h":62},"frame":{"x":981,"y":331,"w":64,"h":62}},{"filename":"animations/color-ball/explosive_bomb_7","rotated":false,"trimmed":true,"sourceSize":{"w":64,"h":64},"spriteSourceSize":{"x":0,"y":1,"w":63,"h":61},"frame":{"x":1048,"y":331,"w":63,"h":61}},{"filename":"animations/color-ball/explosive_bomb_6","rotated":false,"trimmed":true,"sourceSize":{"w":64,"h":64},"spriteSourceSize":{"x":0,"y":2,"w":63,"h":60},"frame":{"x":917,"y":432,"w":63,"h":60}},{"filename":"animations/color-ball/explosive_bomb_5","rotated":false,"trimmed":true,"sourceSize":{"w":64,"h":64},"spriteSourceSize":{"x":1,"y":2,"w":62,"h":60},"frame":{"x":983,"y":432,"w":62,"h":60}},{"filename":"animations/color-bomb/shine_3","rotated":false,"trimmed":true,"sourceSize":{"w":64,"h":64},"spriteSourceSize":{"x":1,"y":1,"w":62,"h":60},"frame":{"x":1048,"y":432,"w":62,"h":60}},{"filename":"animations/color-ball/explosive_bomb_4","rotated":false,"trimmed":true,"sourceSize":{"w":64,"h":64},"spriteSourceSize":{"x":1,"y":3,"w":61,"h":58},"frame":{"x":1113,"y":432,"w":61,"h":58}},{"filename":"animations/color-bomb/shine_1","rotated":false,"trimmed":true,"sourceSize":{"w":64,"h":64},"spriteSourceSize":{"x":1,"y":1,"w":47,"h":44},"frame":{"x":1177,"y":432,"w":47,"h":44}},{"filename":"animations/color-bomb/shine_9","rotated":false,"trimmed":true,"sourceSize":{"w":64,"h":64},"spriteSourceSize":{"x":15,"y":35,"w":46,"h":28},"frame":{"x":525,"y":456,"w":46,"h":28}},{"filename":"animations/comeback-ball/tile_5","rotated":false,"trimmed":false,"sourceSize":{"w":32,"h":32},"spriteSourceSize":{"x":0,"y":0,"w":32,"h":32},"frame":{"x":1559,"y":347,"w":32,"h":32}},{"filename":"animations/color-bomb/shine_2","rotated":false,"trimmed":true,"sourceSize":{"w":64,"h":64},"spriteSourceSize":{"x":1,"y":1,"w":62,"h":52},"frame":{"x":1594,"y":369,"w":62,"h":52}},{"filename":"animations/color-bomb/shine_8","rotated":false,"trimmed":true,"sourceSize":{"w":64,"h":64},"spriteSourceSize":{"x":3,"y":15,"w":60,"h":48},"frame":{"x":1659,"y":369,"w":60,"h":48}},{"filename":"animations/comeback-ball/tile_12","rotated":false,"trimmed":true,"sourceSize":{"w":32,"h":32},"spriteSourceSize":{"x":0,"y":3,"w":32,"h":29},"frame":{"x":1559,"y":382,"w":32,"h":29}},{"filename":"animations/color-bomb/shine_4","rotated":false,"trimmed":true,"sourceSize":{"w":64,"h":64},"spriteSourceSize":{"x":1,"y":1,"w":62,"h":62},"frame":{"x":1566,"y":424,"w":62,"h":62}},{"filename":"animations/color-bomb/shine_5","rotated":false,"trimmed":true,"sourceSize":{"w":64,"h":64},"spriteSourceSize":{"x":1,"y":1,"w":62,"h":62},"frame":{"x":1631,"y":424,"w":62,"h":62}},{"filename":"animations/color-bomb/shine_6","rotated":false,"trimmed":true,"sourceSize":{"w":64,"h":64},"spriteSourceSize":{"x":1,"y":0,"w":62,"h":63},"frame":{"x":1696,"y":420,"w":62,"h":63}},{"filename":"animations/color-ball/explosive_bomb_3","rotated":false,"trimmed":true,"sourceSize":{"w":64,"h":64},"spriteSourceSize":{"x":3,"y":3,"w":58,"h":58},"frame":{"x":1761,"y":400,"w":58,"h":58}},{"filename":"animations/color-ball/explosive_bomb_2","rotated":false,"trimmed":true,"sourceSize":{"w":64,"h":64},"spriteSourceSize":{"x":3,"y":3,"w":57,"h":57},"frame":{"x":1822,"y":400,"w":57,"h":57}},{"filename":"particles/spider-web/spider_web_4","rotated":false,"trimmed":true,"sourceSize":{"w":32,"h":32},"spriteSourceSize":{"x":0,"y":0,"w":32,"h":31},"frame":{"x":1761,"y":461,"w":32,"h":31}},{"filename":"animations/comeback-ball/tile_6","rotated":false,"trimmed":false,"sourceSize":{"w":32,"h":32},"spriteSourceSize":{"x":0,"y":0,"w":32,"h":32},"frame":{"x":1822,"y":460,"w":32,"h":32}},{"filename":"animations/comeback-ball/tile_7","rotated":false,"trimmed":false,"sourceSize":{"w":32,"h":32},"spriteSourceSize":{"x":0,"y":0,"w":32,"h":32},"frame":{"x":1857,"y":460,"w":32,"h":32}},{"filename":"animations/comeback-ball/tile_2","rotated":false,"trimmed":true,"sourceSize":{"w":32,"h":32},"spriteSourceSize":{"x":0,"y":0,"w":23,"h":21},"frame":{"x":1796,"y":461,"w":23,"h":21}},{"filename":"animations/comeback-ball/tile_8","rotated":false,"trimmed":false,"sourceSize":{"w":32,"h":32},"spriteSourceSize":{"x":0,"y":0,"w":32,"h":32},"frame":{"x":574,"y":456,"w":32,"h":32}},{"filename":"animations/comeback-ball/tile_9","rotated":false,"trimmed":false,"sourceSize":{"w":32,"h":32},"spriteSourceSize":{"x":0,"y":0,"w":32,"h":32},"frame":{"x":609,"y":456,"w":32,"h":32}},{"filename":"animations/comeback-ball/tile_10","rotated":false,"trimmed":false,"sourceSize":{"w":32,"h":32},"spriteSourceSize":{"x":0,"y":0,"w":32,"h":32},"frame":{"x":644,"y":456,"w":32,"h":32}},{"filename":"animations/comeback-ball/tile_11","rotated":false,"trimmed":false,"sourceSize":{"w":32,"h":32},"spriteSourceSize":{"x":0,"y":0,"w":32,"h":32},"frame":{"x":679,"y":456,"w":32,"h":32}},{"filename":"particles/bomb/bomb-drug-explosion","rotated":false,"trimmed":false,"sourceSize":{"w":32,"h":32},"spriteSourceSize":{"x":0,"y":0,"w":32,"h":32},"frame":{"x":714,"y":456,"w":32,"h":32}},{"filename":"particles/mirror-piece/piece_2","rotated":false,"trimmed":true,"sourceSize":{"w":32,"h":32},"spriteSourceSize":{"x":1,"y":2,"w":31,"h":30},"frame":{"x":749,"y":462,"w":31,"h":30}},{"filename":"particles/spider-web/spider_web_3","rotated":false,"trimmed":true,"sourceSize":{"w":32,"h":32},"spriteSourceSize":{"x":0,"y":1,"w":31,"h":30},"frame":{"x":783,"y":462,"w":31,"h":30}},{"filename":"particles/mirror-piece/piece_3","rotated":false,"trimmed":true,"sourceSize":{"w":32,"h":32},"spriteSourceSize":{"x":2,"y":1,"w":29,"h":30},"frame":{"x":817,"y":462,"w":29,"h":30}},{"filename":"particles/spider-web/spider_web_2","rotated":false,"trimmed":true,"sourceSize":{"w":32,"h":32},"spriteSourceSize":{"x":0,"y":2,"w":32,"h":28},"frame":{"x":849,"y":462,"w":32,"h":28}},{"filename":"animations/comeback-ball/tile_4","rotated":false,"trimmed":true,"sourceSize":{"w":32,"h":32},"spriteSourceSize":{"x":0,"y":0,"w":29,"h":29},"frame":{"x":884,"y":462,"w":29,"h":29}},{"filename":"particles/mirror-piece/piece_0","rotated":false,"trimmed":true,"sourceSize":{"w":32,"h":32},"spriteSourceSize":{"x":3,"y":0,"w":25,"h":32},"frame":{"x":1114,"y":331,"w":25,"h":32}},{"filename":"animations/color-ball/explosive_bomb_1","rotated":false,"trimmed":true,"sourceSize":{"w":64,"h":64},"spriteSourceSize":{"x":3,"y":5,"w":57,"h":54},"frame":{"x":1881,"y":332,"w":57,"h":54}},{"filename":"particles/others/dust-01","rotated":false,"trimmed":true,"sourceSize":{"w":64,"h":64},"spriteSourceSize":{"x":7,"y":3,"w":54,"h":54},"frame":{"x":1941,"y":332,"w":54,"h":54}},{"filename":"animations/color-ball/explosive_bomb_0","rotated":false,"trimmed":true,"sourceSize":{"w":64,"h":64},"spriteSourceSize":{"x":5,"y":5,"w":54,"h":53},"frame":{"x":1882,"y":389,"w":54,"h":53}},{"filename":"particles/earthen-pot/earthen_pot_piece","rotated":false,"trimmed":false,"sourceSize":{"w":39,"h":41},"spriteSourceSize":{"x":0,"y":0,"w":39,"h":41},"frame":{"x":1939,"y":389,"w":39,"h":41}},{"filename":"animations/comeback-ball/tile_1","rotated":false,"trimmed":true,"sourceSize":{"w":32,"h":32},"spriteSourceSize":{"x":0,"y":0,"w":17,"h":17},"frame":{"x":1722,"y":400,"w":17,"h":17}},{"filename":"animations/comeback-ball/tile_16","rotated":false,"trimmed":true,"sourceSize":{"w":32,"h":32},"spriteSourceSize":{"x":16,"y":15,"w":16,"h":17},"frame":{"x":1742,"y":400,"w":16,"h":17}},{"filename":"animations/comeback-ball/tile_14","rotated":false,"trimmed":true,"sourceSize":{"w":32,"h":32},"spriteSourceSize":{"x":7,"y":7,"w":25,"h":25},"frame":{"x":1114,"y":366,"w":25,"h":25}},{"filename":"particles/mirror-piece/piece_1","rotated":false,"trimmed":true,"sourceSize":{"w":32,"h":32},"spriteSourceSize":{"x":8,"y":0,"w":17,"h":32},"frame":{"x":917,"y":384,"w":17,"h":32}},{"filename":"particles/spider-web/spider_web_1","rotated":false,"trimmed":true,"sourceSize":{"w":32,"h":32},"spriteSourceSize":{"x":1,"y":0,"w":29,"h":32},"frame":{"x":937,"y":373,"w":29,"h":32}},{"filename":"particles/mummy/stone_piece_2","rotated":false,"trimmed":false,"sourceSize":{"w":23,"h":21},"spriteSourceSize":{"x":0,"y":0,"w":23,"h":21},"frame":{"x":937,"y":408,"w":23,"h":21}},{"filename":"particles/mummy/stone_piece_1","rotated":false,"trimmed":false,"sourceSize":{"w":16,"h":13},"spriteSourceSize":{"x":0,"y":0,"w":16,"h":13},"frame":{"x":1177,"y":479,"w":16,"h":13}},{"filename":"animations/comeback-ball/tile_13","rotated":false,"trimmed":true,"sourceSize":{"w":32,"h":32},"spriteSourceSize":{"x":3,"y":5,"w":29,"h":27},"frame":{"x":1892,"y":445,"w":29,"h":27}},{"filename":"animations/comeback-ball/tile_15","rotated":false,"trimmed":true,"sourceSize":{"w":32,"h":32},"spriteSourceSize":{"x":11,"y":12,"w":21,"h":20},"frame":{"x":1885,"y":132,"w":21,"h":20}},{"filename":"animations/comeback-ball/tile_3","rotated":false,"trimmed":true,"sourceSize":{"w":32,"h":32},"spriteSourceSize":{"x":0,"y":0,"w":29,"h":25},"frame":{"x":1981,"y":389,"w":29,"h":25}},{"filename":"particles/others/star","rotated":false,"trimmed":false,"sourceSize":{"w":19,"h":19},"spriteSourceSize":{"x":0,"y":0,"w":19,"h":19},"frame":{"x":1981,"y":417,"w":19,"h":19}},{"filename":"particles/others/circle-2","rotated":false,"trimmed":false,"sourceSize":{"w":9,"h":9},"spriteSourceSize":{"x":0,"y":0,"w":9,"h":9},"frame":{"x":969,"y":373,"w":9,"h":9}},{"filename":"animations/color-ball/explosive_grey_00","rotated":false,"trimmed":true,"sourceSize":{"w":178,"h":194},"spriteSourceSize":{"x":0,"y":0,"w":3,"h":3},"frame":{"x":525,"y":361,"w":3,"h":3}},{"filename":"particles/others/circle-1","rotated":false,"trimmed":false,"sourceSize":{"w":3,"h":3},"spriteSourceSize":{"x":0,"y":0,"w":3,"h":3},"frame":{"x":749,"y":456,"w":3,"h":3}}]}],"meta":{"app":"https://www.codeandweb.com/texturepacker","version":"3.0","smartupdate":"$TexturePacker:SmartUpdate:94952cdcd9bea5102aefa76915903590:ff58d3a9d30986f517a866afdef6904f:5f5aa38fc0b36aaa78bdf63575c72dbf$"}}