{ "compressionlevel":-1,
 "height":9,
 "infinite":false,
 "layers":[
        {
         "data":[2, 11, 2, 0, 0, 0, 2, 2, 2, 11, 2, 0, 0, 0, 0, 0, 2, 2, 2, 0, 0, 0, 0, 0, 0, 0, 2, 0, 0, 0, 0, 0, 0, 0, 0, 0, 0, 0, 0, 0, 0, 0, 0, 0, 0, 0, 0, 0, 0, 0, 0, 0, 0, 0, 2, 0, 0, 0, 0, 0, 0, 0, 2, 2, 2, 0, 0, 0, 0, 0, 2, 14, 2, 2, 2, 0, 0, 0, 2, 14, 2],
         "height":9,
         "id":1,
         "name":"map",
         "opacity":1,
         "type":"tilelayer",
         "visible":true,
         "width":9,
         "x":0,
         "y":0
        }, 
        {
         "draworder":"topdown",
         "id":2,
         "name":"spawnOrder",
         "objects":[
                {
                 "gid":128,
                 "height":30,
                 "id":2121,
                 "name":"S2",
                 "properties":[
                        {
                         "name":"gem_id",
                         "type":"string",
                         "value":"10"
                        }, 
                        {
                         "name":"gem_position",
                         "type":"string",
                         "value":"0"
                        }],
                 "rotation":0,
                 "type":"S2",
                 "visible":true,
                 "width":20,
                 "x":-15,
                 "y":145
                }, 
                {
                 "gid":151,
                 "height":30,
                 "id":2122,
                 "name":"Z2",
                 "rotation":0,
                 "type":"Z2",
                 "visible":true,
                 "width":20,
                 "x":34,
                 "y":144
                }, 
                {
                 "gid":151,
                 "height":30,
                 "id":2123,
                 "name":"Z2",
                 "properties":[
                        {
                         "name":"gem_id",
                         "type":"string",
                         "value":"13"
                        }, 
                        {
                         "name":"gem_position",
                         "type":"string",
                         "value":"0"
                        }],
                 "rotation":0,
                 "type":"Z2",
                 "visible":true,
                 "width":20,
                 "x":74,
                 "y":144
                }, 
                {
                 "gid":139,
                 "height":20,
                 "id":2124,
                 "name":"U3",
                 "rotation":0,
                 "type":"U3",
                 "visible":true,
                 "width":30,
                 "x":-18,
                 "y":193
                }, 
                {
                 "gid":143,
                 "height":20,
                 "id":2125,
                 "name":"V3",
                 "rotation":0,
                 "type":"V3",
                 "visible":true,
                 "width":20,
                 "x":36,
                 "y":192
                }, 
                {
                 "gid":128,
                 "height":30,
                 "id":2126,
                 "name":"S2",
                 "rotation":0,
                 "type":"S2",
                 "visible":true,
                 "width":20,
                 "x":81,
                 "y":193
                }, 
                {
                 "gid":113,
                 "height":20,
                 "id":2127,
                 "name":"J4",
                 "properties":[
                        {
                         "name":"gem_id",
                         "type":"string",
                         "value":"10"
                        }, 
                        {
                         "name":"gem_position",
                         "type":"string",
                         "value":"1"
                        }],
                 "rotation":0,
                 "type":"J4",
                 "visible":true,
                 "width":30,
                 "x":-19,
                 "y":239
                }, 
                {
                 "gid":132,
                 "height":30,
                 "id":2128,
                 "name":"T4",
                 "rotation":0,
                 "type":"T4",
                 "visible":true,
                 "width":20,
                 "x":38,
                 "y":241
                }, 
                {
                 "gid":143,
                 "height":20,
                 "id":2129,
                 "name":"V3",
                 "properties":[
                        {
                         "name":"gem_id",
                         "type":"string",
                         "value":"13"
                        }, 
                        {
                         "name":"gem_position",
                         "type":"string",
                         "value":"1"
                        }],
                 "rotation":0,
                 "type":"V3",
                 "visible":true,
                 "width":20,
                 "x":83,
                 "y":238
                }, 
                {
                 "gid":103,
                 "height":30,
                 "id":2130,
                 "name":"I3",
                 "rotation":0,
                 "type":"I3",
                 "visible":true,
                 "width":10,
                 "x":-8,
                 "y":291
                }, 
                {
                 "gid":107,
                 "height":10,
                 "id":2131,
                 "name":"II3",
                 "rotation":0,
                 "type":"II3",
                 "visible":true,
                 "width":30,
                 "x":34,
                 "y":283
                }, 
                {
                 "gid":132,
                 "height":30,
                 "id":2132,
                 "name":"T4",
                 "rotation":0,
                 "type":"T4",
                 "visible":true,
                 "width":20,
                 "x":82,
                 "y":292
                }, 
                {
                 "gid":111,
                 "height":20,
                 "id":2133,
                 "name":"J2",
                 "properties":[
                        {
                         "name":"gem_id",
                         "type":"string",
                         "value":"10"
                        }, 
                        {
                         "name":"gem_position",
                         "type":"string",
                         "value":"2"
                        }],
                 "rotation":0,
                 "type":"J2",
                 "visible":true,
                 "width":30,
                 "x":-24,
                 "y":343
                }, 
                {
                 "gid":115,
                 "height":20,
                 "id":2134,
                 "name":"L2",
                 "rotation":0,
                 "type":"L2",
                 "visible":true,
                 "width":30,
                 "x":32,
                 "y":344
                }, 
                {
                 "gid":120,
                 "height":30,
                 "id":2135,
                 "name":"polyplet-left-3",
                 "properties":[
                        {
                         "name":"gem_id",
                         "type":"string",
                         "value":"13"
                        }, 
                        {
                         "name":"gem_position",
                         "type":"string",
                         "value":"1"
                        }],
                 "rotation":0,
                 "type":"polyplet-left-3",
                 "visible":true,
                 "width":30,
                 "x":91,
                 "y":345
                }, 
                {
                 "gid":119,
                 "height":20,
                 "id":2136,
                 "name":"polyplet-left-2",
                 "rotation":0,
                 "type":"polyplet-left-2",
                 "visible":true,
                 "width":20,
                 "x":-14,
                 "y":388
                }, 
                {
                 "gid":150,
                 "height":20,
                 "id":2137,
                 "name":"Z1",
                 "rotation":0,
                 "type":"Z1",
                 "visible":true,
                 "width":30,
                 "x":37,
                 "y":390
                }, 
                {
                 "gid":127,
                 "height":20,
                 "id":2138,
                 "name":"S1",
                 "rotation":0,
                 "type":"S1",
                 "visible":true,
                 "width":30,
                 "x":91,
                 "y":390
                }, 
                {
                 "gid":132,
                 "height":30,
                 "id":2139,
                 "name":"T4",
                 "properties":[
                        {
                         "name":"gem_id",
                         "type":"string",
                         "value":"10"
                        }, 
                        {
                         "name":"gem_position",
                         "type":"string",
                         "value":"1"
                        }],
                 "rotation":0,
                 "type":"T4",
                 "visible":true,
                 "width":20,
                 "x":-17,
                 "y":447
                }, 
                {
                 "gid":130,
                 "height":30,
                 "id":2140,
                 "name":"T2",
                 "rotation":0,
                 "type":"T2",
                 "visible":true,
                 "width":20,
                 "x":42,
                 "y":449
                }, 
                {
                 "gid":140,
                 "height":30,
                 "id":2141,
                 "name":"U4",
                 "properties":[
                        {
                         "name":"gem_id",
                         "type":"string",
                         "value":"13"
                        }, 
                        {
                         "name":"gem_position",
                         "type":"string",
                         "value":"2"
                        }],
                 "rotation":0,
                 "type":"U4",
                 "visible":true,
                 "width":20,
                 "x":95,
                 "y":447
                }, 
                {
                 "gid":118,
                 "height":20,
                 "id":2142,
                 "name":"O",
                 "rotation":0,
                 "type":"O",
                 "visible":true,
                 "width":20,
                 "x":-14,
                 "y":494
                }, 
                {
                 "gid":145,
                 "height":30,
                 "id":2143,
                 "name":"VV1",
                 "rotation":0,
                 "type":"VV1",
                 "visible":true,
                 "width":30,
                 "x":39,
                 "y":500
                }, 
                {
                 "gid":148,
                 "height":30,
                 "id":2144,
                 "name":"VV4",
                 "rotation":0,
                 "type":"VV4",
                 "visible":true,
                 "width":30,
                 "x":89,
                 "y":500
                }, 
                {
                 "gid":109,
                 "height":10,
                 "id":2145,
                 "name":"II5",
                 "properties":[
                        {
                         "name":"gem_id",
                         "type":"string",
                         "value":"10"
                        }, 
                        {
                         "name":"gem_position",
                         "type":"string",
                         "value":"4"
                        }],
                 "rotation":0,
                 "type":"II5",
                 "visible":true,
                 "width":50,
                 "x":-27,
                 "y":548
                }, 
                {
                 "gid":102,
                 "height":20,
                 "id":2146,
                 "name":"I2",
                 "rotation":0,
                 "type":"I2",
                 "visible":true,
                 "width":10,
                 "x":43,
                 "y":554
                }, 
                {
                 "gid":103,
                 "height":30,
                 "id":2147,
                 "name":"I3",
                 "properties":[
                        {
                         "name":"gem_id",
                         "type":"string",
                         "value":"13"
                        }, 
                        {
                         "name":"gem_position",
                         "type":"string",
                         "value":"2"
                        }],
                 "rotation":0,
                 "type":"I3",
                 "visible":true,
                 "width":10,
                 "x":96,
                 "y":555
                }, 
                {
                 "gid":104,
                 "height":40,
                 "id":2148,
                 "name":"I4",
                 "rotation":0,
                 "type":"I4",
                 "visible":true,
                 "width":10,
                 "x":-10,
                 "y":623
                }, 
                {
                 "gid":111,
                 "height":20,
                 "id":2149,
                 "name":"J2",
                 "rotation":0,
                 "type":"J2",
                 "visible":true,
                 "width":30,
                 "x":30,
                 "y":620
                }, 
                {
                 "gid":150,
                 "height":20,
                 "id":2150,
                 "name":"Z1",
                 "rotation":0,
                 "type":"Z1",
                 "visible":true,
                 "width":30,
                 "x":88,
                 "y":622
                }, 
                {
                 "gid":114,
                 "height":30,
                 "id":2151,
                 "name":"L1",
                 "properties":[
                        {
                         "name":"gem_id",
                         "type":"string",
                         "value":"10"
                        }, 
                        {
                         "name":"gem_position",
                         "type":"string",
                         "value":"2"
                        }],
                 "rotation":0,
                 "type":"L1",
                 "visible":true,
                 "width":20,
                 "x":-14,
                 "y":701
                }, 
                {
                 "gid":127,
                 "height":20,
                 "id":2152,
                 "name":"S1",
                 "rotation":0,
                 "type":"S1",
                 "visible":true,
                 "width":30,
                 "x":37,
                 "y":701
                }, 
                {
                 "gid":118,
                 "height":20,
                 "id":2153,
                 "name":"O",
                 "properties":[
                        {
                         "name":"gem_id",
                         "type":"string",
                         "value":"13"
                        }, 
                        {
                         "name":"gem_position",
                         "type":"string",
                         "value":"2"
                        }],
                 "rotation":0,
                 "type":"O",
                 "visible":true,
                 "width":20,
                 "x":94,
                 "y":697
                }, 
                {
                 "gid":149,
                 "height":30,
                 "id":2154,
                 "name":"X",
                 "rotation":0,
                 "type":"X",
                 "visible":true,
                 "width":30,
                 "x":-23,
                 "y":767
                }, 
                {
                 "gid":114,
                 "height":30,
                 "id":2155,
                 "name":"L1",
                 "rotation":0,
                 "type":"L1",
                 "visible":true,
                 "width":20,
                 "x":41,
                 "y":767
                }, 
                {
                 "gid":110,
                 "height":30,
                 "id":2156,
                 "name":"J1",
                 "rotation":0,
                 "type":"J1",
                 "visible":true,
                 "width":20,
                 "x":95,
                 "y":767
                }, 
                {
                 "gid":138,
                 "height":30,
                 "id":2157,
                 "name":"U2",
                 "properties":[
                        {
                         "name":"gem_id",
                         "type":"string",
                         "value":"10"
                        }, 
                        {
                         "name":"gem_position",
                         "type":"string",
                         "value":"1"
                        }],
                 "rotation":0,
                 "type":"U2",
                 "visible":true,
                 "width":20,
                 "x":-20,
                 "y":830
                }, 
                {
                 "gid":132,
                 "height":30,
                 "id":2158,
                 "name":"T4",
                 "rotation":0,
                 "type":"T4",
                 "visible":true,
                 "width":20,
                 "x":32,
                 "y":829
                }, 
                {
                 "gid":113,
                 "height":20,
                 "id":2159,
                 "name":"J4",
                 "properties":[
                        {
                         "name":"gem_id",
                         "type":"string",
                         "value":"13"
                        }, 
                        {
                         "name":"gem_position",
                         "type":"string",
                         "value":"3"
                        }],
                 "rotation":0,
                 "type":"J4",
                 "visible":true,
                 "width":30,
                 "x":89,
                 "y":823
                }, 
                {
                 "gid":141,
                 "height":20,
                 "id":2160,
                 "name":"V1",
                 "rotation":0,
                 "type":"V1",
                 "visible":true,
                 "width":20,
                 "x":-19,
                 "y":893
                }, 
                {
                 "gid":145,
                 "height":30,
                 "id":2161,
                 "name":"VV1",
                 "rotation":0,
                 "type":"VV1",
                 "visible":true,
                 "width":30,
                 "x":32,
                 "y":897
                }, 
                {
                 "gid":148,
                 "height":30,
                 "id":2162,
                 "name":"VV4",
                 "rotation":0,
                 "type":"VV4",
                 "visible":true,
                 "width":30,
                 "x":89,
                 "y":898
                }, 
                {
                 "gid":130,
                 "height":30,
                 "id":2163,
                 "name":"T2",
                 "properties":[
                        {
                         "name":"gem_id",
                         "type":"string",
                         "value":"10"
                        }, 
                        {
                         "name":"gem_position",
                         "type":"string",
                         "value":"3"
                        }],
                 "rotation":0,
                 "type":"T2",
                 "visible":true,
                 "width":20,
                 "x":-20,
                 "y":970
                }, 
                {
                 "gid":117,
                 "height":20,
                 "id":2164,
                 "name":"L4",
                 "rotation":0,
                 "type":"L4",
                 "visible":true,
                 "width":30,
                 "x":40,
                 "y":970
                }, 
                {
                 "gid":115,
                 "height":20,
                 "id":2165,
                 "name":"L2",
                 "properties":[
                        {
                         "name":"gem_id",
                         "type":"string",
                         "value":"13"
                        }, 
                        {
                         "name":"gem_position",
                         "type":"string",
                         "value":"3"
                        }],
                 "rotation":0,
                 "type":"L2",
                 "visible":true,
                 "width":30,
                 "x":97,
                 "y":968
                }, 
                {
                 "gid":147,
                 "height":30,
                 "id":2166,
                 "name":"VV3",
                 "rotation":0,
                 "type":"VV3",
                 "visible":true,
                 "width":30,
                 "x":-29,
                 "y":1046
                }, 
                {
                 "gid":113,
                 "height":20,
                 "id":2167,
                 "name":"J4",
                 "rotation":0,
                 "type":"J4",
                 "visible":true,
                 "width":30,
                 "x":39,
                 "y":1041
                }, 
                {
                 "gid":150,
                 "height":20,
                 "id":2168,
                 "name":"Z1",
                 "rotation":0,
                 "type":"Z1",
                 "visible":true,
                 "width":30,
                 "x":97,
                 "y":1042
                }, 
                {
                 "gid":129,
                 "height":20,
                 "id":2169,
                 "name":"T1",
                 "properties":[
                        {
                         "name":"gem_id",
                         "type":"string",
                         "value":"10"
                        }, 
                        {
                         "name":"gem_position",
                         "type":"string",
                         "value":"0"
                        }],
                 "rotation":0,
                 "type":"T1",
                 "visible":true,
                 "width":30,
                 "x":-30,
                 "y":1109
                }, 
                {
                 "gid":119,
                 "height":20,
                 "id":2170,
                 "name":"polyplet-left-2",
                 "rotation":0,
                 "type":"polyplet-left-2",
                 "visible":true,
                 "width":20,
                 "x":42,
                 "y":1107
                }, 
                {
                 "gid":151,
                 "height":30,
                 "id":2171,
                 "name":"Z2",
                 "properties":[
                        {
                         "name":"gem_id",
                         "type":"string",
                         "value":"13"
                        }, 
                        {
                         "name":"gem_position",
                         "type":"string",
                         "value":"3"
                        }],
                 "rotation":0,
                 "type":"Z2",
                 "visible":true,
                 "width":20,
                 "x":103,
                 "y":1110
                }, 
                {
                 "gid":133,
                 "height":30,
                 "id":2172,
                 "name":"TT1",
                 "rotation":0,
                 "type":"TT1",
                 "visible":true,
                 "width":30,
                 "x":-28,
                 "y":1188
                }, 
                {
                 "gid":112,
                 "height":30,
                 "id":2173,
                 "name":"J3",
                 "rotation":0,
                 "type":"J3",
                 "visible":true,
                 "width":20,
                 "x":43,
                 "y":1190
                }, 
                {
                 "gid":128,
                 "height":30,
                 "id":2174,
                 "name":"S2",
                 "rotation":0,
                 "type":"S2",
                 "visible":true,
                 "width":20,
                 "x":105,
                 "y":1189
                }],
         "opacity":1,
         "type":"objectgroup",
         "visible":true,
         "x":0,
         "y":0
        }, 
        {
         "draworder":"topdown",
         "id":16,
         "name":"objectives (no effect on gameplay)",
         "objects":[
                {
                 "gid":11,
                 "height":10,
                 "id":2119,
                 "name":"11",
                 "properties":[
                        {
                         "name":"gem_id",
                         "type":"string",
                         "value":"10"
                        }, 
                        {
                         "name":"gem_position",
                         "type":"string",
                         "value":"0"
                        }],
                 "rotation":0,
                 "type":"diamond-10",
                 "visible":true,
                 "width":10,
                 "x":20,
                 "y":-50
                }, 
                {
                 "gid":14,
                 "height":10,
                 "id":2120,
                 "name":"11",
                 "properties":[
                        {
                         "name":"gem_id",
                         "type":"string",
                         "value":"13"
                        }, 
                        {
                         "name":"gem_position",
                         "type":"string",
                         "value":"0"
                        }],
                 "rotation":0,
                 "type":"diamond-13",
                 "visible":true,
                 "width":10,
                 "x":60,
                 "y":-50
                }],
         "opacity":1,
         "type":"objectgroup",
         "visible":true,
         "x":0,
         "y":0
        }, 
        {
         "draworder":"topdown",
         "id":17,
         "name":"tablePic",
         "objects":[
                {
                 "gid":152,
                 "height":90,
                 "id":2112,
                 "name":"",
                 "rotation":0,
                 "type":"",
                 "visible":true,
                 "width":90,
                 "x":0,
                 "y":90
                }],
         "opacity":0.5,
         "type":"objectgroup",
         "visible":true,
         "x":0,
         "y":0
        }],
 "nextlayerid":18,
 "nextobjectid":2175,
 "orientation":"orthogonal",
 "properties":[
        {
         "name":"target",
         "type":"string",
         "value":"{10: 2, 13: 2}"
        }, 
        {
         "name":"typeLevel",
         "type":"string",
         "value":"collect"
        }],
 "renderorder":"right-down",
 "tiledversion":"1.7.2",
 "tileheight":10,
 "tilesets":[
        {
         "columns":0,
         "firstgid":1,
         "grid":
            {
             "height":1,
             "orientation":"orthogonal",
             "width":1
            },
         "margin":0,
         "name":"Pieces",
         "spacing":0,
         "tilecount":58,
         "tileheight":529,
         "tiles":[
                {
                 "id":1,
                 "image":"assets\/pieces\/1.png",
                 "imageheight":10,
                 "imagewidth":10,
                 "type":"1"
                }, 
                {
                 "id":101,
                 "image":"assets\/pieces\/I2.png",
                 "imageheight":20,
                 "imagewidth":10,
                 "type":"I2"
                }, 
                {
                 "id":102,
                 "image":"assets\/pieces\/I3.png",
                 "imageheight":30,
                 "imagewidth":10,
                 "type":"I3"
                }, 
                {
                 "id":103,
                 "image":"assets\/pieces\/I4.png",
                 "imageheight":40,
                 "imagewidth":10,
                 "type":"I4"
                }, 
                {
                 "id":104,
                 "image":"assets\/pieces\/I5.png",
                 "imageheight":50,
                 "imagewidth":10,
                 "type":"I5"
                }, 
                {
                 "id":105,
                 "image":"assets\/pieces\/II2.png",
                 "imageheight":10,
                 "imagewidth":20,
                 "type":"II2"
                }, 
                {
                 "id":106,
                 "image":"assets\/pieces\/II3.png",
                 "imageheight":10,
                 "imagewidth":30,
                 "type":"II3"
                }, 
                {
                 "id":107,
                 "image":"assets\/pieces\/II4.png",
                 "imageheight":10,
                 "imagewidth":40,
                 "type":"II4"
                }, 
                {
                 "id":108,
                 "image":"assets\/pieces\/II5.png",
                 "imageheight":10,
                 "imagewidth":50,
                 "type":"II5"
                }, 
                {
                 "id":109,
                 "image":"assets\/pieces\/J1.png",
                 "imageheight":30,
                 "imagewidth":20,
                 "type":"J1"
                }, 
                {
                 "id":110,
                 "image":"assets\/pieces\/J2.png",
                 "imageheight":20,
                 "imagewidth":30,
                 "type":"J2"
                }, 
                {
                 "id":111,
                 "image":"assets\/pieces\/J3.png",
                 "imageheight":30,
                 "imagewidth":20,
                 "type":"J3"
                }, 
                {
                 "id":112,
                 "image":"assets\/pieces\/J4.png",
                 "imageheight":20,
                 "imagewidth":30,
                 "type":"J4"
                }, 
                {
                 "id":113,
                 "image":"assets\/pieces\/L1.png",
                 "imageheight":30,
                 "imagewidth":20,
                 "type":"L1"
                }, 
                {
                 "id":114,
                 "image":"assets\/pieces\/L2.png",
                 "imageheight":20,
                 "imagewidth":30,
                 "type":"L2"
                }, 
                {
                 "id":115,
                 "image":"assets\/pieces\/L3.png",
                 "imageheight":30,
                 "imagewidth":20,
                 "type":"L3"
                }, 
                {
                 "id":116,
                 "image":"assets\/pieces\/L4.png",
                 "imageheight":20,
                 "imagewidth":30,
                 "type":"L4"
                }, 
                {
                 "id":117,
                 "image":"assets\/pieces\/O.png",
                 "imageheight":20,
                 "imagewidth":20,
                 "type":"O"
                }, 
                {
                 "id":118,
                 "image":"assets\/pieces\/polyplet-left-2.png",
                 "imageheight":20,
                 "imagewidth":20,
                 "type":"polyplet-left-2"
                }, 
                {
                 "id":119,
                 "image":"assets\/pieces\/polyplet-left-3.png",
                 "imageheight":30,
                 "imagewidth":30,
                 "type":"polyplet-left-3"
                }, 
                {
                 "id":120,
                 "image":"assets\/pieces\/polyplet-left-4.png",
                 "imageheight":40,
                 "imagewidth":40,
                 "type":"polyplet-left-4"
                }, 
                {
                 "id":121,
                 "image":"assets\/pieces\/polyplet-left-5.png",
                 "imageheight":50,
                 "imagewidth":50,
                 "type":"polyplet-left-5"
                }, 
                {
                 "id":122,
                 "image":"assets\/pieces\/polyplet-right-2.png",
                 "imageheight":20,
                 "imagewidth":20,
                 "type":"polyplet-right-2"
                }, 
                {
                 "id":123,
                 "image":"assets\/pieces\/polyplet-right-3.png",
                 "imageheight":30,
                 "imagewidth":30,
                 "type":"polyplet-right-3"
                }, 
                {
                 "id":124,
                 "image":"assets\/pieces\/polyplet-right-4.png",
                 "imageheight":40,
                 "imagewidth":40,
                 "type":"polyplet-right-4"
                }, 
                {
                 "id":125,
                 "image":"assets\/pieces\/polyplet-right-5.png",
                 "imageheight":50,
                 "imagewidth":50,
                 "type":"polyplet-right-5"
                }, 
                {
                 "id":126,
                 "image":"assets\/pieces\/S1.png",
                 "imageheight":20,
                 "imagewidth":30,
                 "type":"S1"
                }, 
                {
                 "id":127,
                 "image":"assets\/pieces\/S2.png",
                 "imageheight":30,
                 "imagewidth":20,
                 "type":"S2"
                }, 
                {
                 "id":128,
                 "image":"assets\/pieces\/T1.png",
                 "imageheight":20,
                 "imagewidth":30,
                 "type":"T1"
                }, 
                {
                 "id":129,
                 "image":"assets\/pieces\/T2.png",
                 "imageheight":30,
                 "imagewidth":20,
                 "type":"T2"
                }, 
                {
                 "id":130,
                 "image":"assets\/pieces\/T3.png",
                 "imageheight":20,
                 "imagewidth":30,
                 "type":"T3"
                }, 
                {
                 "id":131,
                 "image":"assets\/pieces\/T4.png",
                 "imageheight":30,
                 "imagewidth":20,
                 "type":"T4"
                }, 
                {
                 "id":132,
                 "image":"assets\/pieces\/TT1.png",
                 "imageheight":30,
                 "imagewidth":30,
                 "type":"TT1"
                }, 
                {
                 "id":133,
                 "image":"assets\/pieces\/TT2.png",
                 "imageheight":30,
                 "imagewidth":30,
                 "type":"TT2"
                }, 
                {
                 "id":134,
                 "image":"assets\/pieces\/TT3.png",
                 "imageheight":30,
                 "imagewidth":30,
                 "type":"TT3"
                }, 
                {
                 "id":135,
                 "image":"assets\/pieces\/TT4.png",
                 "imageheight":30,
                 "imagewidth":30,
                 "type":"TT4"
                }, 
                {
                 "id":136,
                 "image":"assets\/pieces\/U1.png",
                 "imageheight":20,
                 "imagewidth":30,
                 "type":"U1"
                }, 
                {
                 "id":137,
                 "image":"assets\/pieces\/U2.png",
                 "imageheight":30,
                 "imagewidth":20,
                 "type":"U2"
                }, 
                {
                 "id":138,
                 "image":"assets\/pieces\/U3.png",
                 "imageheight":20,
                 "imagewidth":30,
                 "type":"U3"
                }, 
                {
                 "id":139,
                 "image":"assets\/pieces\/U4.png",
                 "imageheight":30,
                 "imagewidth":20,
                 "type":"U4"
                }, 
                {
                 "id":140,
                 "image":"assets\/pieces\/V1.png",
                 "imageheight":20,
                 "imagewidth":20,
                 "type":"V1"
                }, 
                {
                 "id":141,
                 "image":"assets\/pieces\/V2.png",
                 "imageheight":20,
                 "imagewidth":20,
                 "type":"V2"
                }, 
                {
                 "id":142,
                 "image":"assets\/pieces\/V3.png",
                 "imageheight":20,
                 "imagewidth":20,
                 "type":"V3"
                }, 
                {
                 "id":143,
                 "image":"assets\/pieces\/V4.png",
                 "imageheight":20,
                 "imagewidth":20,
                 "type":"V4"
                }, 
                {
                 "id":144,
                 "image":"assets\/pieces\/VV1.png",
                 "imageheight":30,
                 "imagewidth":30,
                 "type":"VV1"
                }, 
                {
                 "id":145,
                 "image":"assets\/pieces\/VV2.png",
                 "imageheight":30,
                 "imagewidth":30,
                 "type":"VV2"
                }, 
                {
                 "id":146,
                 "image":"assets\/pieces\/VV3.png",
                 "imageheight":30,
                 "imagewidth":30,
                 "type":"VV3"
                }, 
                {
                 "id":147,
                 "image":"assets\/pieces\/VV4.png",
                 "imageheight":30,
                 "imagewidth":30,
                 "type":"VV4"
                }, 
                {
                 "id":148,
                 "image":"assets\/pieces\/X.png",
                 "imageheight":30,
                 "imagewidth":30,
                 "type":"X"
                }, 
                {
                 "id":149,
                 "image":"assets\/pieces\/Z1.png",
                 "imageheight":20,
                 "imagewidth":30,
                 "type":"Z1"
                }, 
                {
                 "id":150,
                 "image":"assets\/pieces\/Z2.png",
                 "imageheight":30,
                 "imagewidth":20,
                 "type":"Z2"
                }, 
                {
                 "id":10,
                 "image":"assets\/pieces\/diamond-10.png",
                 "imageheight":10,
                 "imagewidth":10,
                 "type":"diamond-10"
                }, 
                {
                 "id":11,
                 "image":"assets\/pieces\/diamond-11.png",
                 "imageheight":10,
                 "imagewidth":10,
                 "type":"diamond-11"
                }, 
                {
                 "id":12,
                 "image":"assets\/pieces\/diamond-12.png",
                 "imageheight":10,
                 "imagewidth":10,
                 "type":"diamond-12"
                }, 
                {
                 "id":13,
                 "image":"assets\/pieces\/diamond-13.png",
                 "imageheight":10,
                 "imagewidth":10,
                 "type":"diamond-13"
                }, 
                {
                 "id":14,
                 "image":"assets\/pieces\/diamond-14.png",
                 "imageheight":10,
                 "imagewidth":10,
                 "type":"diamond-14"
                }, 
                {
                 "id":15,
                 "image":"assets\/pieces\/diamond-15.png",
                 "imageheight":10,
                 "imagewidth":10,
                 "type":"diamond-15"
                }, 
                {
                 "id":151,
                 "image":"assets\/pieces\/board.png",
                 "imageheight":529,
                 "imagewidth":530,
                 "type":"board"
                }],
         "tilewidth":530
        }],
 "tilewidth":10,
 "type":"map",
 "version":"1.6",
 "width":9
}