{ "compressionlevel":-1,
 "height":9,
 "infinite":false,
 "layers":[
        {
         "data":[0, 0, 0, 0, 0, 0, 12, 2, 2, 0, 0, 0, 0, 0, 0, 0, 12, 2, 0, 0, 0, 0, 0, 0, 0, 0, 12, 0, 0, 0, 0, 0, 0, 0, 0, 0, 0, 0, 0, 0, 2, 0, 0, 0, 0, 0, 0, 0, 0, 0, 0, 0, 0, 0, 11, 0, 0, 0, 0, 0, 0, 0, 0, 2, 11, 0, 0, 0, 0, 0, 0, 0, 2, 2, 11, 0, 0, 0, 0, 0, 0],
         "height":9,
         "id":1,
         "name":"map",
         "opacity":1,
         "type":"tilelayer",
         "visible":true,
         "width":9,
         "x":0,
         "y":0
        }, 
        {
         "draworder":"topdown",
         "id":2,
         "name":"spawnOrder",
         "objects":[
                {
                 "gid":142,
                 "height":20,
                 "id":2119,
                 "name":"V2",
                 "properties":[
                        {
                         "name":"gem_id",
                         "type":"string",
                         "value":"10,10,10"
                        }, 
                        {
                         "name":"gem_position",
                         "type":"string",
                         "value":"0,1,2"
                        }],
                 "rotation":0,
                 "type":"V2",
                 "visible":true,
                 "width":20,
                 "x":-15,
                 "y":130
                }, 
                {
                 "gid":143,
                 "height":20,
                 "id":2120,
                 "name":"V3",
                 "properties":[
                        {
                         "name":"gem_id",
                         "type":"string",
                         "value":"11,11,11"
                        }, 
                        {
                         "name":"gem_position",
                         "type":"string",
                         "value":"0,1,2"
                        }],
                 "rotation":0,
                 "type":"V3",
                 "visible":true,
                 "width":20,
                 "x":35,
                 "y":130
                }, 
                {
                 "gid":137,
                 "height":20,
                 "id":2121,
                 "name":"U1",
                 "properties":[
                        {
                         "name":"gem_id",
                         "type":"string",
                         "value":"10"
                        }, 
                        {
                         "name":"gem_position",
                         "type":"string",
                         "value":"3"
                        }],
                 "rotation":0,
                 "type":"U1",
                 "visible":true,
                 "width":30,
                 "x":80,
                 "y":130
                }, 
                {
                 "gid":137,
                 "height":20,
                 "id":2122,
                 "name":"U1",
                 "properties":[
                        {
                         "name":"gem_id",
                         "type":"string",
                         "value":"11"
                        }, 
                        {
                         "name":"gem_position",
                         "type":"string",
                         "value":"3"
                        }],
                 "rotation":0,
                 "type":"U1",
                 "visible":true,
                 "width":30,
                 "x":-20,
                 "y":170
                }, 
                {
                 "gid":149,
                 "height":30,
                 "id":2123,
                 "name":"X",
                 "rotation":0,
                 "type":"X",
                 "visible":true,
                 "width":30,
                 "x":31,
                 "y":173
                }, 
                {
                 "gid":108,
                 "height":10,
                 "id":2124,
                 "name":"II4",
                 "rotation":0,
                 "type":"II4",
                 "visible":true,
                 "width":40,
                 "x":80,
                 "y":165
                }, 
                {
                 "gid":118,
                 "height":20,
                 "id":2125,
                 "name":"O",
                 "properties":[
                        {
                         "name":"gem_id",
                         "type":"string",
                         "value":"11"
                        }, 
                        {
                         "name":"gem_position",
                         "type":"string",
                         "value":"1"
                        }],
                 "rotation":0,
                 "type":"O",
                 "visible":true,
                 "width":20,
                 "x":-14,
                 "y":221
                }, 
                {
                 "gid":105,
                 "height":50,
                 "id":2126,
                 "name":"I5",
                 "rotation":0,
                 "type":"I5",
                 "visible":true,
                 "width":10,
                 "x":40,
                 "y":236
                }, 
                {
                 "gid":118,
                 "height":20,
                 "id":2127,
                 "name":"O",
                 "properties":[
                        {
                         "name":"gem_id",
                         "type":"string",
                         "value":"10"
                        }, 
                        {
                         "name":"gem_position",
                         "type":"string",
                         "value":"3"
                        }],
                 "rotation":0,
                 "type":"O",
                 "visible":true,
                 "width":20,
                 "x":87,
                 "y":221
                }, 
                {
                 "gid":109,
                 "height":10,
                 "id":2128,
                 "name":"II5",
                 "rotation":0,
                 "type":"II5",
                 "visible":true,
                 "width":50,
                 "x":-27,
                 "y":269
                }, 
                {
                 "gid":108,
                 "height":10,
                 "id":2129,
                 "name":"II4",
                 "properties":[
                        {
                         "name":"gem_id",
                         "type":"string",
                         "value":"11"
                        }, 
                        {
                         "name":"gem_position",
                         "type":"string",
                         "value":"0"
                        }],
                 "rotation":0,
                 "type":"II4",
                 "visible":true,
                 "width":40,
                 "x":38,
                 "y":269
                }, 
                {
                 "gid":111,
                 "height":20,
                 "id":2130,
                 "name":"J2",
                 "properties":[
                        {
                         "name":"gem_id",
                         "type":"string",
                         "value":"10"
                        }, 
                        {
                         "name":"gem_position",
                         "type":"string",
                         "value":"0"
                        }],
                 "rotation":0,
                 "type":"J2",
                 "visible":true,
                 "width":30,
                 "x":94,
                 "y":268
                }, 
                {
                 "gid":127,
                 "height":20,
                 "id":2131,
                 "name":"S1",
                 "rotation":0,
                 "type":"S1",
                 "visible":true,
                 "width":30,
                 "x":-21,
                 "y":313
                }, 
                {
                 "gid":144,
                 "height":20,
                 "id":2132,
                 "name":"V4",
                 "rotation":0,
                 "type":"V4",
                 "visible":true,
                 "width":20,
                 "x":38,
                 "y":313
                }, 
                {
                 "gid":115,
                 "height":20,
                 "id":2133,
                 "name":"L2",
                 "rotation":0,
                 "type":"L2",
                 "visible":true,
                 "width":30,
                 "x":91,
                 "y":314
                }, 
                {
                 "gid":151,
                 "height":30,
                 "id":2134,
                 "name":"Z2",
                 "rotation":0,
                 "type":"Z2",
                 "visible":true,
                 "width":20,
                 "x":-17,
                 "y":364
                }, 
                {
                 "gid":130,
                 "height":30,
                 "id":2135,
                 "name":"T2",
                 "rotation":0,
                 "type":"T2",
                 "visible":true,
                 "width":20,
                 "x":38,
                 "y":362
                }, 
                {
                 "gid":110,
                 "height":30,
                 "id":2136,
                 "name":"J1",
                 "rotation":0,
                 "type":"J1",
                 "visible":true,
                 "width":20,
                 "x":90,
                 "y":363
                }, 
                {
                 "gid":129,
                 "height":20,
                 "id":2137,
                 "name":"T1",
                 "properties":[
                        {
                         "name":"gem_id",
                         "type":"string",
                         "value":"10"
                        }, 
                        {
                         "name":"gem_position",
                         "type":"string",
                         "value":"0"
                        }],
                 "rotation":0,
                 "type":"T1",
                 "visible":true,
                 "width":30,
                 "x":-22,
                 "y":407
                }, 
                {
                 "gid":130,
                 "height":30,
                 "id":2138,
                 "name":"T2",
                 "properties":[
                        {
                         "name":"gem_id",
                         "type":"string",
                         "value":"11"
                        }, 
                        {
                         "name":"gem_position",
                         "type":"string",
                         "value":"2"
                        }],
                 "rotation":0,
                 "type":"T2",
                 "visible":true,
                 "width":20,
                 "x":36,
                 "y":412
                }, 
                {
                 "gid":139,
                 "height":20,
                 "id":2139,
                 "name":"U3",
                 "rotation":0,
                 "type":"U3",
                 "visible":true,
                 "width":30,
                 "x":85,
                 "y":409
                }, 
                {
                 "gid":139,
                 "height":20,
                 "id":2140,
                 "name":"U3",
                 "rotation":0,
                 "type":"U3",
                 "visible":true,
                 "width":30,
                 "x":85,
                 "y":409
                }, 
                {
                 "gid":147,
                 "height":30,
                 "id":2141,
                 "name":"VV3",
                 "properties":[
                        {
                         "name":"gem_id",
                         "type":"string",
                         "value":"10"
                        }, 
                        {
                         "name":"gem_position",
                         "type":"string",
                         "value":"2"
                        }],
                 "rotation":0,
                 "type":"VV3",
                 "visible":true,
                 "width":30,
                 "x":-22,
                 "y":461
                }, 
                {
                 "gid":148,
                 "height":30,
                 "id":2142,
                 "name":"VV4",
                 "properties":[
                        {
                         "name":"gem_id",
                         "type":"string",
                         "value":"11"
                        }, 
                        {
                         "name":"gem_position",
                         "type":"string",
                         "value":"4"
                        }],
                 "rotation":0,
                 "type":"VV4",
                 "visible":true,
                 "width":30,
                 "x":31,
                 "y":460
                }, 
                {
                 "gid":118,
                 "height":20,
                 "id":2143,
                 "name":"O",
                 "rotation":0,
                 "type":"O",
                 "visible":true,
                 "width":20,
                 "x":93,
                 "y":457
                }, 
                {
                 "gid":118,
                 "height":20,
                 "id":2144,
                 "name":"O",
                 "rotation":0,
                 "type":"O",
                 "visible":true,
                 "width":20,
                 "x":-21,
                 "y":511
                }, 
                {
                 "gid":137,
                 "height":20,
                 "id":2145,
                 "name":"U1",
                 "properties":[
                        {
                         "name":"gem_id",
                         "type":"string",
                         "value":"10"
                        }, 
                        {
                         "name":"gem_position",
                         "type":"string",
                         "value":"3"
                        }],
                 "rotation":0,
                 "type":"U1",
                 "visible":true,
                 "width":30,
                 "x":32,
                 "y":511
                }, 
                {
                 "gid":131,
                 "height":20,
                 "id":2146,
                 "name":"T3",
                 "properties":[
                        {
                         "name":"gem_id",
                         "type":"string",
                         "value":"11"
                        }, 
                        {
                         "name":"gem_position",
                         "type":"string",
                         "value":"3"
                        }],
                 "rotation":0,
                 "type":"T3",
                 "visible":true,
                 "width":30,
                 "x":88,
                 "y":512
                }, 
                {
                 "gid":124,
                 "height":30,
                 "id":2147,
                 "name":"polyplet-right-3",
                 "properties":[
                        {
                         "name":"gem_id",
                         "type":"string",
                         "value":"10"
                        }, 
                        {
                         "name":"gem_position",
                         "type":"string",
                         "value":"1"
                        }],
                 "rotation":0,
                 "type":"polyplet-right-3",
                 "visible":true,
                 "width":30,
                 "x":-26,
                 "y":568
                }, 
                {
                 "gid":120,
                 "height":30,
                 "id":2148,
                 "name":"polyplet-left-3",
                 "properties":[
                        {
                         "name":"gem_id",
                         "type":"string",
                         "value":"11"
                        }, 
                        {
                         "name":"gem_position",
                         "type":"string",
                         "value":"1"
                        }],
                 "rotation":0,
                 "type":"polyplet-left-3",
                 "visible":true,
                 "width":30,
                 "x":32,
                 "y":568
                }, 
                {
                 "gid":119,
                 "height":20,
                 "id":2149,
                 "name":"polyplet-left-2",
                 "properties":[
                        {
                         "name":"gem_id",
                         "type":"string",
                         "value":"10,11"
                        }, 
                        {
                         "name":"gem_position",
                         "type":"string",
                         "value":"0,1"
                        }],
                 "rotation":0,
                 "type":"polyplet-left-2",
                 "visible":true,
                 "width":20,
                 "x":92,
                 "y":560
                }, 
                {
                 "gid":123,
                 "height":20,
                 "id":2150,
                 "name":"polyplet-right-2",
                 "properties":[
                        {
                         "name":"gem_id",
                         "type":"string",
                         "value":"10,11"
                        }, 
                        {
                         "name":"gem_position",
                         "type":"string",
                         "value":"0,1"
                        }],
                 "rotation":0,
                 "type":"polyplet-right-2",
                 "visible":true,
                 "width":20,
                 "x":-21,
                 "y":617
                }, 
                {
                 "gid":144,
                 "height":20,
                 "id":2151,
                 "name":"V4",
                 "properties":[
                        {
                         "name":"gem_id",
                         "type":"string",
                         "value":"10"
                        }, 
                        {
                         "name":"gem_position",
                         "type":"string",
                         "value":"2"
                        }],
                 "rotation":0,
                 "type":"V4",
                 "visible":true,
                 "width":20,
                 "x":33,
                 "y":617
                }, 
                {
                 "gid":143,
                 "height":20,
                 "id":2152,
                 "name":"V3",
                 "properties":[
                        {
                         "name":"gem_id",
                         "type":"string",
                         "value":"11"
                        }, 
                        {
                         "name":"gem_position",
                         "type":"string",
                         "value":"1"
                        }],
                 "rotation":0,
                 "type":"V3",
                 "visible":true,
                 "width":20,
                 "x":94,
                 "y":617
                }, 
                {
                 "gid":114,
                 "height":30,
                 "id":2153,
                 "name":"L1",
                 "rotation":0,
                 "type":"L1",
                 "visible":true,
                 "width":20,
                 "x":-20,
                 "y":675
                }, 
                {
                 "gid":142,
                 "height":20,
                 "id":2154,
                 "name":"V2",
                 "rotation":0,
                 "type":"V2",
                 "visible":true,
                 "width":20,
                 "x":36,
                 "y":673
                }, 
                {
                 "gid":144,
                 "height":20,
                 "id":2155,
                 "name":"V4",
                 "rotation":0,
                 "type":"V4",
                 "visible":true,
                 "width":20,
                 "x":93,
                 "y":671
                }, 
                {
                 "gid":141,
                 "height":20,
                 "id":2156,
                 "name":"V1",
                 "rotation":0,
                 "type":"V1",
                 "visible":true,
                 "width":20,
                 "x":-17,
                 "y":717
                }, 
                {
                 "gid":118,
                 "height":20,
                 "id":2157,
                 "name":"O",
                 "rotation":0,
                 "type":"O",
                 "visible":true,
                 "width":20,
                 "x":42,
                 "y":717
                }, 
                {
                 "gid":142,
                 "height":20,
                 "id":2158,
                 "name":"V2",
                 "rotation":0,
                 "type":"V2",
                 "visible":true,
                 "width":20,
                 "x":96,
                 "y":717
                }],
         "opacity":1,
         "type":"objectgroup",
         "visible":true,
         "x":0,
         "y":0
        }, 
        {
         "draworder":"topdown",
         "id":16,
         "name":"objectives (no effect on gameplay)",
         "objects":[
                {
                 "gid":11,
                 "height":10,
                 "id":2159,
                 "name":"11",
                 "properties":[
                        {
                         "name":"gem_id",
                         "type":"string",
                         "value":"10"
                        }, 
                        {
                         "name":"gem_position",
                         "type":"string",
                         "value":"0"
                        }],
                 "rotation":0,
                 "type":"diamond-10",
                 "visible":true,
                 "width":10,
                 "x":16,
                 "y":-74
                }, 
                {
                 "gid":12,
                 "height":10,
                 "id":2160,
                 "name":"11",
                 "properties":[
                        {
                         "name":"gem_id",
                         "type":"string",
                         "value":"11"
                        }, 
                        {
                         "name":"gem_position",
                         "type":"string",
                         "value":"0"
                        }],
                 "rotation":0,
                 "type":"diamond-11",
                 "visible":true,
                 "width":10,
                 "x":56,
                 "y":-74
                }],
         "opacity":1,
         "type":"objectgroup",
         "visible":true,
         "x":0,
         "y":0
        }, 
        {
         "draworder":"topdown",
         "id":17,
         "name":"tablePic",
         "objects":[
                {
                 "gid":152,
                 "height":90,
                 "id":2112,
                 "name":"",
                 "rotation":0,
                 "type":"",
                 "visible":true,
                 "width":90,
                 "x":0,
                 "y":90
                }],
         "opacity":0.5,
         "type":"objectgroup",
         "visible":true,
         "x":0,
         "y":0
        }],
 "nextlayerid":18,
 "nextobjectid":2161,
 "orientation":"orthogonal",
 "properties":[
        {
         "name":"target",
         "type":"string",
         "value":"{10: 3, 11: 3}"
        }, 
        {
         "name":"typeLevel",
         "type":"string",
         "value":"collect"
        }],
 "renderorder":"right-down",
 "tiledversion":"1.7.2",
 "tileheight":10,
 "tilesets":[
        {
         "columns":0,
         "firstgid":1,
         "grid":
            {
             "height":1,
             "orientation":"orthogonal",
             "width":1
            },
         "margin":0,
         "name":"Pieces",
         "spacing":0,
         "tilecount":58,
         "tileheight":529,
         "tiles":[
                {
                 "id":1,
                 "image":"assets\/pieces\/1.png",
                 "imageheight":10,
                 "imagewidth":10,
                 "type":"1"
                }, 
                {
                 "id":101,
                 "image":"assets\/pieces\/I2.png",
                 "imageheight":20,
                 "imagewidth":10,
                 "type":"I2"
                }, 
                {
                 "id":102,
                 "image":"assets\/pieces\/I3.png",
                 "imageheight":30,
                 "imagewidth":10,
                 "type":"I3"
                }, 
                {
                 "id":103,
                 "image":"assets\/pieces\/I4.png",
                 "imageheight":40,
                 "imagewidth":10,
                 "type":"I4"
                }, 
                {
                 "id":104,
                 "image":"assets\/pieces\/I5.png",
                 "imageheight":50,
                 "imagewidth":10,
                 "type":"I5"
                }, 
                {
                 "id":105,
                 "image":"assets\/pieces\/II2.png",
                 "imageheight":10,
                 "imagewidth":20,
                 "type":"II2"
                }, 
                {
                 "id":106,
                 "image":"assets\/pieces\/II3.png",
                 "imageheight":10,
                 "imagewidth":30,
                 "type":"II3"
                }, 
                {
                 "id":107,
                 "image":"assets\/pieces\/II4.png",
                 "imageheight":10,
                 "imagewidth":40,
                 "type":"II4"
                }, 
                {
                 "id":108,
                 "image":"assets\/pieces\/II5.png",
                 "imageheight":10,
                 "imagewidth":50,
                 "type":"II5"
                }, 
                {
                 "id":109,
                 "image":"assets\/pieces\/J1.png",
                 "imageheight":30,
                 "imagewidth":20,
                 "type":"J1"
                }, 
                {
                 "id":110,
                 "image":"assets\/pieces\/J2.png",
                 "imageheight":20,
                 "imagewidth":30,
                 "type":"J2"
                }, 
                {
                 "id":111,
                 "image":"assets\/pieces\/J3.png",
                 "imageheight":30,
                 "imagewidth":20,
                 "type":"J3"
                }, 
                {
                 "id":112,
                 "image":"assets\/pieces\/J4.png",
                 "imageheight":20,
                 "imagewidth":30,
                 "type":"J4"
                }, 
                {
                 "id":113,
                 "image":"assets\/pieces\/L1.png",
                 "imageheight":30,
                 "imagewidth":20,
                 "type":"L1"
                }, 
                {
                 "id":114,
                 "image":"assets\/pieces\/L2.png",
                 "imageheight":20,
                 "imagewidth":30,
                 "type":"L2"
                }, 
                {
                 "id":115,
                 "image":"assets\/pieces\/L3.png",
                 "imageheight":30,
                 "imagewidth":20,
                 "type":"L3"
                }, 
                {
                 "id":116,
                 "image":"assets\/pieces\/L4.png",
                 "imageheight":20,
                 "imagewidth":30,
                 "type":"L4"
                }, 
                {
                 "id":117,
                 "image":"assets\/pieces\/O.png",
                 "imageheight":20,
                 "imagewidth":20,
                 "type":"O"
                }, 
                {
                 "id":118,
                 "image":"assets\/pieces\/polyplet-left-2.png",
                 "imageheight":20,
                 "imagewidth":20,
                 "type":"polyplet-left-2"
                }, 
                {
                 "id":119,
                 "image":"assets\/pieces\/polyplet-left-3.png",
                 "imageheight":30,
                 "imagewidth":30,
                 "type":"polyplet-left-3"
                }, 
                {
                 "id":120,
                 "image":"assets\/pieces\/polyplet-left-4.png",
                 "imageheight":40,
                 "imagewidth":40,
                 "type":"polyplet-left-4"
                }, 
                {
                 "id":121,
                 "image":"assets\/pieces\/polyplet-left-5.png",
                 "imageheight":50,
                 "imagewidth":50,
                 "type":"polyplet-left-5"
                }, 
                {
                 "id":122,
                 "image":"assets\/pieces\/polyplet-right-2.png",
                 "imageheight":20,
                 "imagewidth":20,
                 "type":"polyplet-right-2"
                }, 
                {
                 "id":123,
                 "image":"assets\/pieces\/polyplet-right-3.png",
                 "imageheight":30,
                 "imagewidth":30,
                 "type":"polyplet-right-3"
                }, 
                {
                 "id":124,
                 "image":"assets\/pieces\/polyplet-right-4.png",
                 "imageheight":40,
                 "imagewidth":40,
                 "type":"polyplet-right-4"
                }, 
                {
                 "id":125,
                 "image":"assets\/pieces\/polyplet-right-5.png",
                 "imageheight":50,
                 "imagewidth":50,
                 "type":"polyplet-right-5"
                }, 
                {
                 "id":126,
                 "image":"assets\/pieces\/S1.png",
                 "imageheight":20,
                 "imagewidth":30,
                 "type":"S1"
                }, 
                {
                 "id":127,
                 "image":"assets\/pieces\/S2.png",
                 "imageheight":30,
                 "imagewidth":20,
                 "type":"S2"
                }, 
                {
                 "id":128,
                 "image":"assets\/pieces\/T1.png",
                 "imageheight":20,
                 "imagewidth":30,
                 "type":"T1"
                }, 
                {
                 "id":129,
                 "image":"assets\/pieces\/T2.png",
                 "imageheight":30,
                 "imagewidth":20,
                 "type":"T2"
                }, 
                {
                 "id":130,
                 "image":"assets\/pieces\/T3.png",
                 "imageheight":20,
                 "imagewidth":30,
                 "type":"T3"
                }, 
                {
                 "id":131,
                 "image":"assets\/pieces\/T4.png",
                 "imageheight":30,
                 "imagewidth":20,
                 "type":"T4"
                }, 
                {
                 "id":132,
                 "image":"assets\/pieces\/TT1.png",
                 "imageheight":30,
                 "imagewidth":30,
                 "type":"TT1"
                }, 
                {
                 "id":133,
                 "image":"assets\/pieces\/TT2.png",
                 "imageheight":30,
                 "imagewidth":30,
                 "type":"TT2"
                }, 
                {
                 "id":134,
                 "image":"assets\/pieces\/TT3.png",
                 "imageheight":30,
                 "imagewidth":30,
                 "type":"TT3"
                }, 
                {
                 "id":135,
                 "image":"assets\/pieces\/TT4.png",
                 "imageheight":30,
                 "imagewidth":30,
                 "type":"TT4"
                }, 
                {
                 "id":136,
                 "image":"assets\/pieces\/U1.png",
                 "imageheight":20,
                 "imagewidth":30,
                 "type":"U1"
                }, 
                {
                 "id":137,
                 "image":"assets\/pieces\/U2.png",
                 "imageheight":30,
                 "imagewidth":20,
                 "type":"U2"
                }, 
                {
                 "id":138,
                 "image":"assets\/pieces\/U3.png",
                 "imageheight":20,
                 "imagewidth":30,
                 "type":"U3"
                }, 
                {
                 "id":139,
                 "image":"assets\/pieces\/U4.png",
                 "imageheight":30,
                 "imagewidth":20,
                 "type":"U4"
                }, 
                {
                 "id":140,
                 "image":"assets\/pieces\/V1.png",
                 "imageheight":20,
                 "imagewidth":20,
                 "type":"V1"
                }, 
                {
                 "id":141,
                 "image":"assets\/pieces\/V2.png",
                 "imageheight":20,
                 "imagewidth":20,
                 "type":"V2"
                }, 
                {
                 "id":142,
                 "image":"assets\/pieces\/V3.png",
                 "imageheight":20,
                 "imagewidth":20,
                 "type":"V3"
                }, 
                {
                 "id":143,
                 "image":"assets\/pieces\/V4.png",
                 "imageheight":20,
                 "imagewidth":20,
                 "type":"V4"
                }, 
                {
                 "id":144,
                 "image":"assets\/pieces\/VV1.png",
                 "imageheight":30,
                 "imagewidth":30,
                 "type":"VV1"
                }, 
                {
                 "id":145,
                 "image":"assets\/pieces\/VV2.png",
                 "imageheight":30,
                 "imagewidth":30,
                 "type":"VV2"
                }, 
                {
                 "id":146,
                 "image":"assets\/pieces\/VV3.png",
                 "imageheight":30,
                 "imagewidth":30,
                 "type":"VV3"
                }, 
                {
                 "id":147,
                 "image":"assets\/pieces\/VV4.png",
                 "imageheight":30,
                 "imagewidth":30,
                 "type":"VV4"
                }, 
                {
                 "id":148,
                 "image":"assets\/pieces\/X.png",
                 "imageheight":30,
                 "imagewidth":30,
                 "type":"X"
                }, 
                {
                 "id":149,
                 "image":"assets\/pieces\/Z1.png",
                 "imageheight":20,
                 "imagewidth":30,
                 "type":"Z1"
                }, 
                {
                 "id":150,
                 "image":"assets\/pieces\/Z2.png",
                 "imageheight":30,
                 "imagewidth":20,
                 "type":"Z2"
                }, 
                {
                 "id":10,
                 "image":"assets\/pieces\/diamond-10.png",
                 "imageheight":10,
                 "imagewidth":10,
                 "type":"diamond-10"
                }, 
                {
                 "id":11,
                 "image":"assets\/pieces\/diamond-11.png",
                 "imageheight":10,
                 "imagewidth":10,
                 "type":"diamond-11"
                }, 
                {
                 "id":12,
                 "image":"assets\/pieces\/diamond-12.png",
                 "imageheight":10,
                 "imagewidth":10,
                 "type":"diamond-12"
                }, 
                {
                 "id":13,
                 "image":"assets\/pieces\/diamond-13.png",
                 "imageheight":10,
                 "imagewidth":10,
                 "type":"diamond-13"
                }, 
                {
                 "id":14,
                 "image":"assets\/pieces\/diamond-14.png",
                 "imageheight":10,
                 "imagewidth":10,
                 "type":"diamond-14"
                }, 
                {
                 "id":15,
                 "image":"assets\/pieces\/diamond-15.png",
                 "imageheight":10,
                 "imagewidth":10,
                 "type":"diamond-15"
                }, 
                {
                 "id":151,
                 "image":"assets\/pieces\/board.png",
                 "imageheight":529,
                 "imagewidth":530,
                 "type":"board"
                }],
         "tilewidth":530
        }],
 "tilewidth":10,
 "type":"map",
 "version":"1.6",
 "width":9
}