<?xml version="1.0" encoding="UTF-8"?><font><info face="SFUIDisplay-Bold" size="72" bold="0" italic="0" charset="" unicode="1" stretchH="100" smooth="1" aa="1" padding="1,1,1,1" spacing="1,1"/><common lineHeight="72" base="69" scaleW="888" scaleH="883" pages="1" packed="0"/><pages><page id="0" file="primary.png"/></pages><chars count="209"><char id="32" x="0" y="0" width="0" height="0" xoffset="0" yoffset="-13" xadvance="16" page="0" chnl="15"/><char id="33" x="785" y="641" width="15" height="58" xoffset="4" yoffset="4" xadvance="23" page="0" chnl="15"/><char id="34" x="811" y="818" width="29" height="26" xoffset="2" yoffset="4" xadvance="33" page="0" chnl="15"/><char id="35" x="256" y="701" width="47" height="57" xoffset="-1" yoffset="4" xadvance="45" page="0" chnl="15"/><char id="36" x="284" y="377" width="44" height="67" xoffset="1" yoffset="-1" xadvance="47" page="0" chnl="15"/><char id="37" x="830" y="578" width="57" height="59" xoffset="0" yoffset="3" xadvance="57" page="0" chnl="15"/><char id="38" x="643" y="641" width="53" height="58" xoffset="0" yoffset="4" xadvance="51" page="0" chnl="15"/><char id="39" x="759" y="818" width="14" height="27" xoffset="1" yoffset="4" xadvance="17" page="0" chnl="15"/><char id="40" x="236" y="377" width="23" height="67" xoffset="3" yoffset="4" xadvance="25" page="0" chnl="15"/><char id="41" x="260" y="377" width="23" height="67" xoffset="-1" yoffset="4" xadvance="25" page="0" chnl="15"/><char id="42" x="685" y="818" width="31" height="34" xoffset="2" yoffset="3" xadvance="35" page="0" chnl="15"/><char id="43" x="846" y="760" width="42" height="46" xoffset="2" yoffset="15" xadvance="47" page="0" chnl="15"/><char id="44" x="866" y="701" width="17" height="26" xoffset="1" yoffset="45" xadvance="21" page="0" chnl="15"/><char id="45" x="0" y="867" width="28" height="16" xoffset="2" yoffset="30" xadvance="32" page="0" chnl="15"/><char id="46" x="866" y="728" width="16" height="18" xoffset="2" yoffset="44" xadvance="21" page="0" chnl="15"/><char id="47" x="668" y="305" width="28" height="68" xoffset="-2" yoffset="4" xadvance="25" page="0" chnl="15"/><char id="48" x="603" y="578" width="45" height="59" xoffset="1" yoffset="3" xadvance="47" page="0" chnl="15"/><char id="49" x="139" y="701" width="28" height="57" xoffset="1" yoffset="4" xadvance="35" page="0" chnl="15"/><char id="50" x="557" y="641" width="41" height="58" xoffset="1" yoffset="3" xadvance="44" page="0" chnl="15"/><char id="51" x="649" y="578" width="43" height="59" xoffset="1" yoffset="3" xadvance="46" page="0" chnl="15"/><char id="52" x="168" y="701" width="45" height="57" xoffset="1" yoffset="4" xadvance="47" page="0" chnl="15"/><char id="53" x="599" y="641" width="43" height="58" xoffset="2" yoffset="4" xadvance="45" page="0" chnl="15"/><char id="54" x="693" y="578" width="45" height="59" xoffset="1" yoffset="3" xadvance="47" page="0" chnl="15"/><char id="55" x="214" y="701" width="41" height="57" xoffset="0" yoffset="4" xadvance="42" page="0" chnl="15"/><char id="56" x="739" y="578" width="45" height="59" xoffset="1" yoffset="3" xadvance="47" page="0" chnl="15"/><char id="57" x="785" y="578" width="44" height="59" xoffset="1" yoffset="3" xadvance="47" page="0" chnl="15"/><char id="58" x="866" y="329" width="16" height="42" xoffset="2" yoffset="19" xadvance="21" page="0" chnl="15"/><char id="61" x="717" y="818" width="41" height="31" xoffset="3" yoffset="22" xadvance="47" page="0" chnl="15"/><char id="63" x="801" y="641" width="38" height="58" xoffset="0" yoffset="4" xadvance="39" page="0" chnl="15"/><char id="64" x="137" y="446" width="62" height="65" xoffset="1" yoffset="4" xadvance="64" page="0" chnl="15"/><char id="65" x="304" y="701" width="52" height="57" xoffset="-1" yoffset="4" xadvance="50" page="0" chnl="15"/><char id="66" x="357" y="701" width="45" height="57" xoffset="2" yoffset="4" xadvance="47" page="0" chnl="15"/><char id="67" x="0" y="641" width="50" height="59" xoffset="1" yoffset="3" xadvance="52" page="0" chnl="15"/><char id="68" x="840" y="641" width="48" height="57" xoffset="2" yoffset="4" xadvance="51" page="0" chnl="15"/><char id="69" x="403" y="701" width="38" height="57" xoffset="2" yoffset="4" xadvance="42" page="0" chnl="15"/><char id="70" x="442" y="701" width="37" height="57" xoffset="2" yoffset="4" xadvance="40" page="0" chnl="15"/><char id="71" x="51" y="641" width="51" height="59" xoffset="1" yoffset="3" xadvance="53" page="0" chnl="15"/><char id="72" x="480" y="701" width="48" height="57" xoffset="2" yoffset="4" xadvance="53" page="0" chnl="15"/><char id="73" x="529" y="701" width="15" height="57" xoffset="2" yoffset="4" xadvance="20" page="0" chnl="15"/><char id="74" x="697" y="641" width="39" height="58" xoffset="-1" yoffset="4" xadvance="41" page="0" chnl="15"/><char id="75" x="545" y="701" width="47" height="57" xoffset="2" yoffset="4" xadvance="48" page="0" chnl="15"/><char id="76" x="593" y="701" width="37" height="57" xoffset="2" yoffset="4" xadvance="40" page="0" chnl="15"/><char id="77" x="830" y="513" width="58" height="57" xoffset="2" yoffset="4" xadvance="63" page="0" chnl="15"/><char id="78" x="631" y="701" width="47" height="57" xoffset="2" yoffset="4" xadvance="52" page="0" chnl="15"/><char id="79" x="103" y="641" width="53" height="59" xoffset="1" yoffset="3" xadvance="55" page="0" chnl="15"/><char id="80" x="679" y="701" width="43" height="57" xoffset="2" yoffset="4" xadvance="45" page="0" chnl="15"/><char id="81" x="485" y="513" width="53" height="63" xoffset="1" yoffset="3" xadvance="55" page="0" chnl="15"/><char id="82" x="723" y="701" width="45" height="57" xoffset="2" yoffset="4" xadvance="47" page="0" chnl="15"/><char id="83" x="157" y="641" width="45" height="59" xoffset="0" yoffset="3" xadvance="46" page="0" chnl="15"/><char id="84" x="769" y="701" width="44" height="57" xoffset="0" yoffset="4" xadvance="44" page="0" chnl="15"/><char id="85" x="737" y="641" width="47" height="58" xoffset="2" yoffset="4" xadvance="51" page="0" chnl="15"/><char id="86" x="814" y="701" width="51" height="57" xoffset="-1" yoffset="4" xadvance="49" page="0" chnl="15"/><char id="87" x="0" y="760" width="70" height="57" xoffset="0" yoffset="4" xadvance="70" page="0" chnl="15"/><char id="88" x="71" y="760" width="50" height="57" xoffset="0" yoffset="4" xadvance="50" page="0" chnl="15"/><char id="89" x="122" y="760" width="50" height="57" xoffset="-1" yoffset="4" xadvance="48" page="0" chnl="15"/><char id="90" x="173" y="760" width="43" height="57" xoffset="1" yoffset="4" xadvance="46" page="0" chnl="15"/><char id="92" x="713" y="305" width="28" height="68" xoffset="-2" yoffset="4" xadvance="25" page="0" chnl="15"/><char id="93" x="863" y="377" width="24" height="65" xoffset="-1" yoffset="4" xadvance="27" page="0" chnl="15"/><char id="94" x="774" y="818" width="36" height="27" xoffset="-1" yoffset="5" xadvance="35" page="0" chnl="15"/><char id="95" x="29" y="867" width="38" height="15" xoffset="-4" yoffset="58" xadvance="31" page="0" chnl="15"/><char id="97" x="329" y="818" width="39" height="45" xoffset="0" yoffset="16" xadvance="41" page="0" chnl="15"/><char id="98" x="203" y="641" width="42" height="59" xoffset="2" yoffset="2" xadvance="45" page="0" chnl="15"/><char id="99" x="64" y="818" width="40" height="46" xoffset="0" yoffset="16" xadvance="41" page="0" chnl="15"/><char id="100" x="246" y="641" width="42" height="59" xoffset="0" yoffset="2" xadvance="44" page="0" chnl="15"/><char id="101" x="105" y="818" width="41" height="46" xoffset="0" yoffset="16" xadvance="41" page="0" chnl="15"/><char id="102" x="289" y="641" width="27" height="59" xoffset="-1" yoffset="2" xadvance="26" page="0" chnl="15"/><char id="103" x="317" y="641" width="42" height="59" xoffset="0" yoffset="16" xadvance="44" page="0" chnl="15"/><char id="104" x="360" y="641" width="41" height="59" xoffset="2" yoffset="2" xadvance="44" page="0" chnl="15"/><char id="105" x="427" y="578" width="15" height="60" xoffset="1" yoffset="1" xadvance="18" page="0" chnl="15"/><char id="106" x="75" y="231" width="21" height="73" xoffset="-5" yoffset="1" xadvance="18" page="0" chnl="15"/><char id="107" x="402" y="641" width="40" height="59" xoffset="2" yoffset="2" xadvance="40" page="0" chnl="15"/><char id="108" x="443" y="578" width="15" height="60" xoffset="1" yoffset="1" xadvance="18" page="0" chnl="15"/><char id="109" x="369" y="818" width="61" height="45" xoffset="1" yoffset="16" xadvance="64" page="0" chnl="15"/><char id="110" x="431" y="818" width="41" height="45" xoffset="1" yoffset="16" xadvance="44" page="0" chnl="15"/><char id="111" x="147" y="818" width="42" height="46" xoffset="0" yoffset="16" xadvance="43" page="0" chnl="15"/><char id="112" x="217" y="760" width="43" height="57" xoffset="1" yoffset="16" xadvance="44" page="0" chnl="15"/><char id="113" x="261" y="760" width="42" height="57" xoffset="0" yoffset="16" xadvance="44" page="0" chnl="15"/><char id="114" x="473" y="818" width="27" height="45" xoffset="1" yoffset="16" xadvance="27" page="0" chnl="15"/><char id="115" x="190" y="818" width="38" height="46" xoffset="0" yoffset="16" xadvance="38" page="0" chnl="15"/><char id="116" x="818" y="760" width="27" height="53" xoffset="-1" yoffset="8" xadvance="27" page="0" chnl="15"/><char id="117" x="229" y="818" width="41" height="46" xoffset="1" yoffset="16" xadvance="44" page="0" chnl="15"/><char id="118" x="501" y="818" width="43" height="45" xoffset="-2" yoffset="16" xadvance="39" page="0" chnl="15"/><char id="119" x="545" y="818" width="60" height="45" xoffset="-1" yoffset="16" xadvance="59" page="0" chnl="15"/><char id="120" x="606" y="818" width="41" height="45" xoffset="-1" yoffset="16" xadvance="39" page="0" chnl="15"/><char id="121" x="443" y="641" width="44" height="59" xoffset="-2" yoffset="16" xadvance="40" page="0" chnl="15"/><char id="122" x="648" y="818" width="36" height="45" xoffset="1" yoffset="16" xadvance="38" page="0" chnl="15"/><char id="123" x="603" y="231" width="29" height="71" xoffset="2" yoffset="2" xadvance="30" page="0" chnl="15"/><char id="124" x="697" y="305" width="15" height="68" xoffset="3" yoffset="4" xadvance="22" page="0" chnl="15"/><char id="125" x="633" y="231" width="29" height="71" xoffset="-2" yoffset="2" xadvance="30" page="0" chnl="15"/><char id="12289" x="866" y="305" width="22" height="23" xoffset="2" yoffset="35" xadvance="72" page="0" chnl="15"/><char id="12290" x="841" y="818" width="23" height="25" xoffset="2" yoffset="33" xadvance="72" page="0" chnl="15"/><char id="12354" x="515" y="377" width="69" height="66" xoffset="2" yoffset="-14" xadvance="72" page="0" chnl="15"/><char id="12356" x="442" y="760" width="66" height="57" xoffset="4" yoffset="-7" xadvance="72" page="0" chnl="15"/><char id="12358" x="829" y="0" width="59" height="63" xoffset="6" yoffset="-11" xadvance="72" page="0" chnl="15"/><char id="12362" x="337" y="446" width="71" height="65" xoffset="1" yoffset="-13" xadvance="72" page="0" chnl="15"/><char id="12363" x="537" y="446" width="72" height="65" xoffset="1" yoffset="-14" xadvance="72" page="0" chnl="15"/><char id="12364" x="663" y="231" width="74" height="71" xoffset="0" yoffset="-19" xadvance="72" page="0" chnl="15"/><char id="12365" x="449" y="377" width="65" height="66" xoffset="4" yoffset="-14" xadvance="72" page="0" chnl="15"/><char id="12367" x="122" y="377" width="49" height="68" xoffset="11" yoffset="-15" xadvance="72" page="0" chnl="15"/><char id="12371" x="77" y="701" width="61" height="58" xoffset="7" yoffset="-8" xadvance="72" page="0" chnl="15"/><char id="12372" x="793" y="305" width="72" height="68" xoffset="2" yoffset="-18" xadvance="72" page="0" chnl="15"/><char id="12373" x="409" y="446" width="66" height="65" xoffset="5" yoffset="-14" xadvance="72" page="0" chnl="15"/><char id="12375" x="426" y="513" width="58" height="64" xoffset="11" yoffset="-12" xadvance="72" page="0" chnl="15"/><char id="12377" x="267" y="446" width="69" height="65" xoffset="3" yoffset="-14" xadvance="72" page="0" chnl="15"/><char id="12379" x="211" y="513" width="71" height="64" xoffset="1" yoffset="-13" xadvance="72" page="0" chnl="15"/><char id="12383" x="654" y="377" width="68" height="66" xoffset="2" yoffset="-14" xadvance="72" page="0" chnl="15"/><char id="12384" x="530" y="305" width="68" height="70" xoffset="2" yoffset="-18" xadvance="72" page="0" chnl="15"/><char id="12387" x="271" y="818" width="57" height="46" xoffset="5" yoffset="4" xadvance="72" page="0" chnl="15"/><char id="12390" x="821" y="446" width="67" height="59" xoffset="2" yoffset="-8" xadvance="72" page="0" chnl="15"/><char id="12391" x="488" y="641" width="68" height="59" xoffset="1" yoffset="-8" xadvance="72" page="0" chnl="15"/><char id="12392" x="476" y="446" width="60" height="65" xoffset="8" yoffset="-14" xadvance="72" page="0" chnl="15"/><char id="12393" x="172" y="377" width="63" height="68" xoffset="8" yoffset="-17" xadvance="72" page="0" chnl="15"/><char id="12394" x="723" y="377" width="71" height="66" xoffset="1" yoffset="-13" xadvance="72" page="0" chnl="15"/><char id="12395" x="668" y="513" width="62" height="63" xoffset="6" yoffset="-12" xadvance="72" page="0" chnl="15"/><char id="12398" x="459" y="578" width="71" height="60" xoffset="1" yoffset="-9" xadvance="72" page="0" chnl="15"/><char id="12399" x="142" y="513" width="68" height="64" xoffset="5" yoffset="-13" xadvance="72" page="0" chnl="15"/><char id="12413" x="458" y="305" width="71" height="70" xoffset="3" yoffset="-19" xadvance="72" page="0" chnl="15"/><char id="12414" x="200" y="446" width="66" height="65" xoffset="4" yoffset="-13" xadvance="72" page="0" chnl="15"/><char id="12415" x="146" y="578" width="73" height="62" xoffset="0" yoffset="-10" xadvance="72" page="0" chnl="15"/><char id="12417" x="749" y="446" width="71" height="65" xoffset="0" yoffset="-13" xadvance="72" page="0" chnl="15"/><char id="12418" x="610" y="446" width="66" height="65" xoffset="3" yoffset="-13" xadvance="72" page="0" chnl="15"/><char id="12420" x="0" y="446" width="73" height="66" xoffset="-1" yoffset="-14" xadvance="72" page="0" chnl="15"/><char id="12423" x="634" y="760" width="52" height="56" xoffset="8" yoffset="-4" xadvance="72" page="0" chnl="15"/><char id="12424" x="382" y="377" width="66" height="67" xoffset="4" yoffset="-15" xadvance="72" page="0" chnl="15"/><char id="12425" x="74" y="446" width="62" height="66" xoffset="6" yoffset="-14" xadvance="72" page="0" chnl="15"/><char id="12426" x="329" y="377" width="52" height="67" xoffset="11" yoffset="-14" xadvance="72" page="0" chnl="15"/><char id="12427" x="539" y="513" width="64" height="63" xoffset="3" yoffset="-11" xadvance="72" page="0" chnl="15"/><char id="12429" x="731" y="513" width="64" height="63" xoffset="3" yoffset="-11" xadvance="72" page="0" chnl="15"/><char id="12434" x="585" y="377" width="68" height="66" xoffset="2" yoffset="-14" xadvance="72" page="0" chnl="15"/><char id="12435" x="283" y="513" width="70" height="64" xoffset="2" yoffset="-13" xadvance="72" page="0" chnl="15"/><char id="12450" x="294" y="578" width="70" height="62" xoffset="3" yoffset="-10" xadvance="72" page="0" chnl="15"/><char id="12452" x="795" y="377" width="67" height="66" xoffset="1" yoffset="-14" xadvance="72" page="0" chnl="15"/><char id="12456" x="687" y="760" width="73" height="55" xoffset="-1" yoffset="-7" xadvance="72" page="0" chnl="15"/><char id="12461" x="815" y="231" width="73" height="68" xoffset="0" yoffset="-15" xadvance="72" page="0" chnl="15"/><char id="12463" x="52" y="377" width="69" height="68" xoffset="1" yoffset="-15" xadvance="72" page="0" chnl="15"/><char id="12467" x="509" y="760" width="61" height="57" xoffset="4" yoffset="-8" xadvance="72" page="0" chnl="15"/><char id="12473" x="220" y="578" width="73" height="62" xoffset="-1" yoffset="-10" xadvance="72" page="0" chnl="15"/><char id="12475" x="354" y="513" width="71" height="64" xoffset="0" yoffset="-14" xadvance="72" page="0" chnl="15"/><char id="12480" x="738" y="231" width="76" height="71" xoffset="-2" yoffset="-19" xadvance="72" page="0" chnl="15"/><char id="12481" x="677" y="446" width="71" height="65" xoffset="1" yoffset="-13" xadvance="72" page="0" chnl="15"/><char id="12483" x="761" y="760" width="56" height="54" xoffset="7" yoffset="-1" xadvance="72" page="0" chnl="15"/><char id="12487" x="306" y="305" width="74" height="71" xoffset="0" yoffset="-19" xadvance="72" page="0" chnl="15"/><char id="12488" x="0" y="377" width="51" height="68" xoffset="20" yoffset="-15" xadvance="72" page="0" chnl="15"/><char id="12489" x="742" y="305" width="50" height="68" xoffset="19" yoffset="-15" xadvance="72" page="0" chnl="15"/><char id="12501" x="365" y="578" width="61" height="62" xoffset="6" yoffset="-10" xadvance="72" page="0" chnl="15"/><char id="12502" x="382" y="231" width="71" height="72" xoffset="3" yoffset="-20" xadvance="72" page="0" chnl="15"/><char id="12503" x="531" y="231" width="71" height="72" xoffset="2" yoffset="-20" xadvance="72" page="0" chnl="15"/><char id="12505" x="304" y="760" width="76" height="57" xoffset="-2" yoffset="-10" xadvance="72" page="0" chnl="15"/><char id="12506" x="0" y="701" width="76" height="58" xoffset="-2" yoffset="-11" xadvance="72" page="0" chnl="15"/><char id="12508" x="0" y="305" width="76" height="71" xoffset="-2" yoffset="-19" xadvance="72" page="0" chnl="15"/><char id="12509" x="454" y="231" width="76" height="72" xoffset="-2" yoffset="-20" xadvance="72" page="0" chnl="15"/><char id="12510" x="531" y="578" width="71" height="60" xoffset="2" yoffset="-8" xadvance="72" page="0" chnl="15"/><char id="12515" x="381" y="760" width="60" height="57" xoffset="5" yoffset="-4" xadvance="72" page="0" chnl="15"/><char id="12517" x="0" y="818" width="63" height="48" xoffset="3" yoffset="3" xadvance="72" page="0" chnl="15"/><char id="12521" x="604" y="513" width="63" height="63" xoffset="5" yoffset="-11" xadvance="72" page="0" chnl="15"/><char id="12522" x="835" y="155" width="53" height="65" xoffset="10" yoffset="-13" xadvance="72" page="0" chnl="15"/><char id="12523" x="64" y="513" width="77" height="64" xoffset="-3" yoffset="-12" xadvance="72" page="0" chnl="15"/><char id="12524" x="0" y="513" width="63" height="64" xoffset="9" yoffset="-12" xadvance="72" page="0" chnl="15"/><char id="12525" x="571" y="760" width="62" height="57" xoffset="5" yoffset="-7" xadvance="72" page="0" chnl="15"/><char id="12527" x="67" y="578" width="63" height="62" xoffset="5" yoffset="-10" xadvance="72" page="0" chnl="15"/><char id="12531" x="0" y="578" width="66" height="62" xoffset="5" yoffset="-11" xadvance="72" page="0" chnl="15"/><char id="12540" x="145" y="867" width="64" height="11" xoffset="4" yoffset="15" xadvance="72" page="0" chnl="15"/><char id="19968" x="68" y="867" width="76" height="13" xoffset="-2" yoffset="12" xadvance="72" page="0" chnl="15"/><char id="20013" x="533" y="0" width="66" height="76" xoffset="3" yoffset="-17" xadvance="72" page="0" chnl="15"/><char id="20102" x="599" y="305" width="68" height="69" xoffset="1" yoffset="-12" xadvance="72" page="0" chnl="15"/><char id="20107" x="304" y="155" width="75" height="75" xoffset="-1" yoffset="-17" xadvance="72" page="0" chnl="15"/><char id="20154" x="760" y="155" width="74" height="74" xoffset="-1" yoffset="-16" xadvance="72" page="0" chnl="15"/><char id="20316" x="154" y="78" width="76" height="76" xoffset="-2" yoffset="-17" xadvance="72" page="0" chnl="15"/><char id="21021" x="528" y="78" width="72" height="76" xoffset="-2" yoffset="-18" xadvance="72" page="0" chnl="15"/><char id="21040" x="816" y="78" width="72" height="75" xoffset="-1" yoffset="-17" xadvance="72" page="0" chnl="15"/><char id="21578" x="0" y="155" width="74" height="75" xoffset="-1" yoffset="-17" xadvance="72" page="0" chnl="15"/><char id="22577" x="533" y="155" width="76" height="75" xoffset="-2" yoffset="-16" xadvance="72" page="0" chnl="15"/><char id="22987" x="740" y="78" width="75" height="76" xoffset="-1" yoffset="-17" xadvance="72" page="0" chnl="15"/><char id="23436" x="75" y="0" width="75" height="77" xoffset="-1" yoffset="-18" xadvance="72" page="0" chnl="15"/><char id="23450" x="227" y="0" width="76" height="77" xoffset="-2" yoffset="-18" xadvance="72" page="0" chnl="15"/><char id="24195" x="380" y="0" width="75" height="76" xoffset="-2" yoffset="-18" xadvance="72" page="0" chnl="15"/><char id="24230" x="304" y="0" width="75" height="77" xoffset="-2" yoffset="-18" xadvance="72" page="0" chnl="15"/><char id="24403" x="383" y="78" width="67" height="76" xoffset="1" yoffset="-17" xadvance="72" page="0" chnl="15"/><char id="24471" x="675" y="0" width="76" height="76" xoffset="-2" yoffset="-17" xadvance="72" page="0" chnl="15"/><char id="24565" x="683" y="155" width="76" height="74" xoffset="-2" yoffset="-17" xadvance="72" page="0" chnl="15"/><char id="26032" x="451" y="78" width="76" height="76" xoffset="-2" yoffset="-18" xadvance="72" page="0" chnl="15"/><char id="26368" x="173" y="231" width="75" height="73" xoffset="-2" yoffset="-14" xadvance="72" page="0" chnl="15"/><char id="26412" x="308" y="78" width="74" height="76" xoffset="-1" yoffset="-17" xadvance="72" page="0" chnl="15"/><char id="27161" x="752" y="0" width="76" height="76" xoffset="-2" yoffset="-17" xadvance="72" page="0" chnl="15"/><char id="27178" x="380" y="155" width="76" height="75" xoffset="-2" yoffset="-17" xadvance="72" page="0" chnl="15"/><char id="27425" x="0" y="78" width="76" height="76" xoffset="-2" yoffset="-17" xadvance="72" page="0" chnl="15"/><char id="27531" x="75" y="155" width="75" height="75" xoffset="-1" yoffset="-17" xadvance="72" page="0" chnl="15"/><char id="29554" x="600" y="0" width="74" height="76" xoffset="-1" yoffset="-17" xadvance="72" page="0" chnl="15"/><char id="29983" x="77" y="305" width="75" height="71" xoffset="-2" yoffset="-17" xadvance="72" page="0" chnl="15"/><char id="30003" x="601" y="78" width="62" height="76" xoffset="5" yoffset="-17" xadvance="72" page="0" chnl="15"/><char id="30446" x="325" y="231" width="56" height="72" xoffset="8" yoffset="-14" xadvance="72" page="0" chnl="15"/><char id="30452" x="249" y="231" width="75" height="73" xoffset="-1" yoffset="-17" xadvance="72" page="0" chnl="15"/><char id="30906" x="151" y="0" width="75" height="77" xoffset="-2" yoffset="-18" xadvance="72" page="0" chnl="15"/><char id="31034" x="381" y="305" width="76" height="70" xoffset="-2" yoffset="-13" xadvance="72" page="0" chnl="15"/><char id="31354" x="0" y="231" width="74" height="73" xoffset="-1" yoffset="-18" xadvance="72" page="0" chnl="15"/><char id="32154" x="231" y="78" width="76" height="76" xoffset="-2" yoffset="-17" xadvance="72" page="0" chnl="15"/><char id="32294" x="77" y="78" width="76" height="76" xoffset="-2" yoffset="-17" xadvance="72" page="0" chnl="15"/><char id="32622" x="229" y="305" width="76" height="71" xoffset="-2" yoffset="-14" xadvance="72" page="0" chnl="15"/><char id="34920" x="0" y="0" width="74" height="77" xoffset="-1" yoffset="-18" xadvance="72" page="0" chnl="15"/><char id="35211" x="97" y="231" width="75" height="73" xoffset="-1" yoffset="-14" xadvance="72" page="0" chnl="15"/><char id="35379" x="664" y="78" width="75" height="76" xoffset="-1" yoffset="-17" xadvance="72" page="0" chnl="15"/><char id="35501" x="456" y="0" width="76" height="76" xoffset="-2" yoffset="-17" xadvance="72" page="0" chnl="15"/><char id="36796" x="151" y="155" width="76" height="75" xoffset="-2" yoffset="-17" xadvance="72" page="0" chnl="15"/><char id="36899" x="457" y="155" width="75" height="75" xoffset="-2" yoffset="-17" xadvance="72" page="0" chnl="15"/><char id="36948" x="228" y="155" width="75" height="75" xoffset="-2" yoffset="-17" xadvance="72" page="0" chnl="15"/><char id="37197" x="153" y="305" width="75" height="71" xoffset="-1" yoffset="-13" xadvance="72" page="0" chnl="15"/><char id="37228" x="610" y="155" width="72" height="75" xoffset="-1" yoffset="-16" xadvance="72" page="0" chnl="15"/><char id="65281" x="131" y="578" width="14" height="62" xoffset="11" yoffset="-12" xadvance="72" page="0" chnl="15"/><char id="65311" x="796" y="513" width="33" height="63" xoffset="3" yoffset="-13" xadvance="72" page="0" chnl="15"/></chars><kernings count="1150"><kerning first="48" second="55" amount="-1"/><kerning first="48" second="65" amount="-1"/><kerning first="48" second="84" amount="-2"/><kerning first="48" second="86" amount="-2"/><kerning first="48" second="87" amount="-1"/><kerning first="48" second="88" amount="-2"/><kerning first="48" second="89" amount="-3"/><kerning first="48" second="44" amount="-2"/><kerning first="48" second="46" amount="-2"/><kerning first="49" second="42" amount="-1"/><kerning first="49" second="94" amount="-1"/><kerning first="49" second="65" amount="-1"/><kerning first="49" second="67" amount="-1"/><kerning first="49" second="71" amount="-1"/><kerning first="49" second="79" amount="-1"/><kerning first="49" second="81" amount="-1"/><kerning first="49" second="84" amount="-1"/><kerning first="49" second="86" amount="-1"/><kerning first="49" second="87" amount="-1"/><kerning first="49" second="88" amount="-1"/><kerning first="49" second="44" amount="-1"/><kerning first="49" second="46" amount="-1"/><kerning first="50" second="52" amount="-1"/><kerning first="50" second="67" amount="-1"/><kerning first="50" second="71" amount="-1"/><kerning first="50" second="79" amount="-1"/><kerning first="50" second="81" amount="-1"/><kerning first="50" second="86" amount="-1"/><kerning first="50" second="87" amount="-1"/><kerning first="50" second="89" amount="-1"/><kerning first="51" second="65" amount="-1"/><kerning first="51" second="84" amount="-1"/><kerning first="51" second="86" amount="-2"/><kerning first="51" second="87" amount="-1"/><kerning first="51" second="88" amount="-1"/><kerning first="51" second="89" amount="-1"/><kerning first="52" second="55" amount="-1"/><kerning first="52" second="38" amount="1"/><kerning first="52" second="67" amount="-1"/><kerning first="52" second="71" amount="-1"/><kerning first="52" second="79" amount="-1"/><kerning first="52" second="81" amount="-1"/><kerning first="52" second="84" amount="-1"/><kerning first="52" second="86" amount="-1"/><kerning first="52" second="87" amount="-1"/><kerning first="52" second="88" amount="-1"/><kerning first="52" second="89" amount="-1"/><kerning first="52" second="119" amount="-1"/><kerning first="52" second="120" amount="-1"/><kerning first="52" second="63" amount="-1"/><kerning first="53" second="65" amount="-1"/><kerning first="53" second="86" amount="-1"/><kerning first="53" second="87" amount="-1"/><kerning first="53" second="88" amount="-1"/><kerning first="54" second="65" amount="-1"/><kerning first="54" second="86" amount="-1"/><kerning first="54" second="87" amount="-1"/><kerning first="54" second="88" amount="-1"/><kerning first="54" second="89" amount="-1"/><kerning first="55" second="48" amount="-1"/><kerning first="55" second="52" amount="-4"/><kerning first="55" second="54" amount="-1"/><kerning first="55" second="38" amount="-1"/><kerning first="55" second="65" amount="-4"/><kerning first="55" second="74" amount="-1"/><kerning first="55" second="97" amount="-1"/><kerning first="55" second="99" amount="-1"/><kerning first="55" second="100" amount="-1"/><kerning first="55" second="101" amount="-1"/><kerning first="55" second="103" amount="-1"/><kerning first="55" second="111" amount="-1"/><kerning first="55" second="113" amount="-1"/><kerning first="55" second="115" amount="-2"/><kerning first="55" second="117" amount="-1"/><kerning first="55" second="44" amount="-7"/><kerning first="55" second="46" amount="-7"/><kerning first="56" second="65" amount="-1"/><kerning first="56" second="84" amount="-1"/><kerning first="56" second="86" amount="-2"/><kerning first="56" second="87" amount="-1"/><kerning first="56" second="88" amount="-1"/><kerning first="56" second="89" amount="-1"/><kerning first="57" second="55" amount="-1"/><kerning first="57" second="65" amount="-1"/><kerning first="57" second="84" amount="-2"/><kerning first="57" second="86" amount="-2"/><kerning first="57" second="87" amount="-1"/><kerning first="57" second="88" amount="-2"/><kerning first="57" second="89" amount="-3"/><kerning first="57" second="44" amount="-2"/><kerning first="57" second="46" amount="-2"/><kerning first="58" second="84" amount="-1"/><kerning first="58" second="86" amount="-1"/><kerning first="58" second="87" amount="-1"/><kerning first="58" second="89" amount="-1"/><kerning first="42" second="52" amount="-2"/><kerning first="42" second="42" amount="1"/><kerning first="42" second="34" amount="1"/><kerning first="42" second="39" amount="1"/><kerning first="42" second="94" amount="1"/><kerning first="42" second="38" amount="-2"/><kerning first="42" second="65" amount="-4"/><kerning first="42" second="67" amount="-1"/><kerning first="42" second="71" amount="-1"/><kerning first="42" second="74" amount="-5"/><kerning first="42" second="79" amount="-1"/><kerning first="42" second="81" amount="-1"/><kerning first="42" second="84" amount="-1"/><kerning first="42" second="86" amount="-1"/><kerning first="42" second="87" amount="-1"/><kerning first="42" second="88" amount="-2"/><kerning first="42" second="89" amount="-2"/><kerning first="42" second="90" amount="-2"/><kerning first="42" second="44" amount="-2"/><kerning first="42" second="46" amount="-2"/><kerning first="95" second="49" amount="-2"/><kerning first="95" second="67" amount="-1"/><kerning first="95" second="71" amount="-1"/><kerning first="95" second="79" amount="-1"/><kerning first="95" second="81" amount="-1"/><kerning first="95" second="84" amount="-3"/><kerning first="95" second="86" amount="-4"/><kerning first="95" second="87" amount="-2"/><kerning first="95" second="89" amount="-5"/><kerning first="43" second="49" amount="-2"/><kerning first="43" second="65" amount="-2"/><kerning first="43" second="84" amount="-4"/><kerning first="43" second="86" amount="-2"/><kerning first="43" second="87" amount="-2"/><kerning first="43" second="88" amount="-3"/><kerning first="43" second="89" amount="-4"/><kerning first="43" second="90" amount="-1"/><kerning first="43" second="118" amount="-1"/><kerning first="43" second="119" amount="-1"/><kerning first="43" second="120" amount="-1"/><kerning first="43" second="121" amount="-1"/><kerning first="43" second="122" amount="-1"/><kerning first="45" second="49" amount="-2"/><kerning first="45" second="65" amount="-2"/><kerning first="45" second="84" amount="-4"/><kerning first="45" second="86" amount="-2"/><kerning first="45" second="87" amount="-2"/><kerning first="45" second="88" amount="-3"/><kerning first="45" second="89" amount="-4"/><kerning first="45" second="90" amount="-1"/><kerning first="45" second="118" amount="-1"/><kerning first="45" second="119" amount="-1"/><kerning first="45" second="120" amount="-1"/><kerning first="45" second="121" amount="-1"/><kerning first="45" second="122" amount="-1"/><kerning first="61" second="38" amount="-1"/><kerning first="61" second="65" amount="-1"/><kerning first="61" second="67" amount="-1"/><kerning first="61" second="71" amount="-1"/><kerning first="61" second="79" amount="-1"/><kerning first="61" second="81" amount="-1"/><kerning first="61" second="84" amount="-3"/><kerning first="61" second="86" amount="-1"/><kerning first="61" second="87" amount="-3"/><kerning first="61" second="88" amount="-2"/><kerning first="61" second="89" amount="-4"/><kerning first="61" second="90" amount="-1"/><kerning first="61" second="97" amount="-1"/><kerning first="61" second="109" amount="-1"/><kerning first="61" second="110" amount="-1"/><kerning first="61" second="112" amount="-1"/><kerning first="61" second="114" amount="-1"/><kerning first="61" second="115" amount="-1"/><kerning first="61" second="118" amount="-1"/><kerning first="61" second="119" amount="-1"/><kerning first="61" second="120" amount="-1"/><kerning first="61" second="121" amount="-1"/><kerning first="61" second="122" amount="-1"/><kerning first="47" second="38" amount="-1"/><kerning first="47" second="65" amount="-3"/><kerning first="47" second="84" amount="1"/><kerning first="47" second="85" amount="1"/><kerning first="47" second="87" amount="1"/><kerning first="47" second="88" amount="1"/><kerning first="47" second="89" amount="1"/><kerning first="47" second="102" amount="1"/><kerning first="47" second="105" amount="2"/><kerning first="47" second="119" amount="1"/><kerning first="34" second="52" amount="-1"/><kerning first="34" second="42" amount="1"/><kerning first="34" second="34" amount="1"/><kerning first="34" second="39" amount="1"/><kerning first="34" second="94" amount="1"/><kerning first="34" second="38" amount="-1"/><kerning first="34" second="65" amount="-4"/><kerning first="34" second="74" amount="-6"/><kerning first="34" second="99" amount="-1"/><kerning first="34" second="100" amount="-1"/><kerning first="34" second="101" amount="-1"/><kerning first="34" second="103" amount="-1"/><kerning first="34" second="111" amount="-1"/><kerning first="34" second="113" amount="-1"/><kerning first="34" second="118" amount="1"/><kerning first="34" second="119" amount="1"/><kerning first="34" second="121" amount="1"/><kerning first="34" second="44" amount="-2"/><kerning first="34" second="46" amount="-2"/><kerning first="39" second="52" amount="-1"/><kerning first="39" second="42" amount="1"/><kerning first="39" second="34" amount="1"/><kerning first="39" second="39" amount="1"/><kerning first="39" second="94" amount="1"/><kerning first="39" second="38" amount="-1"/><kerning first="39" second="65" amount="-4"/><kerning first="39" second="74" amount="-6"/><kerning first="39" second="99" amount="-1"/><kerning first="39" second="100" amount="-1"/><kerning first="39" second="101" amount="-1"/><kerning first="39" second="103" amount="-1"/><kerning first="39" second="111" amount="-1"/><kerning first="39" second="113" amount="-1"/><kerning first="39" second="118" amount="1"/><kerning first="39" second="119" amount="1"/><kerning first="39" second="121" amount="1"/><kerning first="39" second="44" amount="-2"/><kerning first="39" second="46" amount="-2"/><kerning first="64" second="65" amount="-2"/><kerning first="64" second="84" amount="-3"/><kerning first="64" second="86" amount="-2"/><kerning first="64" second="87" amount="-2"/><kerning first="64" second="88" amount="-2"/><kerning first="64" second="89" amount="-3"/><kerning first="94" second="52" amount="-2"/><kerning first="94" second="42" amount="1"/><kerning first="94" second="34" amount="1"/><kerning first="94" second="39" amount="1"/><kerning first="94" second="94" amount="1"/><kerning first="94" second="38" amount="-2"/><kerning first="94" second="65" amount="-4"/><kerning first="94" second="67" amount="-1"/><kerning first="94" second="71" amount="-1"/><kerning first="94" second="74" amount="-5"/><kerning first="94" second="79" amount="-1"/><kerning first="94" second="81" amount="-1"/><kerning first="94" second="84" amount="-1"/><kerning first="94" second="86" amount="-1"/><kerning first="94" second="87" amount="-1"/><kerning first="94" second="88" amount="-2"/><kerning first="94" second="89" amount="-2"/><kerning first="94" second="90" amount="-2"/><kerning first="94" second="44" amount="-2"/><kerning first="94" second="46" amount="-2"/><kerning first="38" second="49" amount="-1"/><kerning first="38" second="51" amount="-1"/><kerning first="38" second="53" amount="-1"/><kerning first="38" second="56" amount="-1"/><kerning first="38" second="57" amount="-1"/><kerning first="38" second="42" amount="-1"/><kerning first="38" second="43" amount="-1"/><kerning first="38" second="45" amount="-1"/><kerning first="38" second="61" amount="-1"/><kerning first="38" second="34" amount="-2"/><kerning first="38" second="39" amount="-2"/><kerning first="38" second="94" amount="-1"/><kerning first="38" second="65" amount="1"/><kerning first="38" second="66" amount="1"/><kerning first="38" second="68" amount="1"/><kerning first="38" second="69" amount="1"/><kerning first="38" second="70" amount="1"/><kerning first="38" second="72" amount="1"/><kerning first="38" second="73" amount="1"/><kerning first="38" second="74" amount="1"/><kerning first="38" second="75" amount="1"/><kerning first="38" second="76" amount="1"/><kerning first="38" second="77" amount="1"/><kerning first="38" second="78" amount="1"/><kerning first="38" second="80" amount="1"/><kerning first="38" second="82" amount="1"/><kerning first="38" second="84" amount="-4"/><kerning first="38" second="86" amount="-2"/><kerning first="38" second="87" amount="-2"/><kerning first="38" second="89" amount="-3"/><kerning first="38" second="99" amount="-1"/><kerning first="38" second="100" amount="-1"/><kerning first="38" second="101" amount="-1"/><kerning first="38" second="103" amount="-1"/><kerning first="38" second="111" amount="-1"/><kerning first="38" second="113" amount="-1"/><kerning first="38" second="116" amount="-1"/><kerning first="38" second="117" amount="-1"/><kerning first="38" second="118" amount="-1"/><kerning first="38" second="119" amount="-1"/><kerning first="38" second="121" amount="-1"/><kerning first="38" second="92" amount="-1"/><kerning first="38" second="63" amount="-2"/><kerning first="125" second="120" amount="-1"/><kerning first="65" second="48" amount="-1"/><kerning first="65" second="49" amount="-3"/><kerning first="65" second="51" amount="-1"/><kerning first="65" second="53" amount="-1"/><kerning first="65" second="54" amount="-1"/><kerning first="65" second="55" amount="-1"/><kerning first="65" second="56" amount="-1"/><kerning first="65" second="57" amount="-1"/><kerning first="65" second="42" amount="-5"/><kerning first="65" second="43" amount="-2"/><kerning first="65" second="45" amount="-2"/><kerning first="65" second="61" amount="-1"/><kerning first="65" second="34" amount="-4"/><kerning first="65" second="39" amount="-4"/><kerning first="65" second="64" amount="-1"/><kerning first="65" second="94" amount="-5"/><kerning first="65" second="38" amount="-1"/><kerning first="65" second="67" amount="-2"/><kerning first="65" second="71" amount="-2"/><kerning first="65" second="74" amount="-1"/><kerning first="65" second="79" amount="-2"/><kerning first="65" second="81" amount="-2"/><kerning first="65" second="83" amount="-1"/><kerning first="65" second="84" amount="-7"/><kerning first="65" second="85" amount="-1"/><kerning first="65" second="86" amount="-5"/><kerning first="65" second="87" amount="-5"/><kerning first="65" second="88" amount="-1"/><kerning first="65" second="89" amount="-7"/><kerning first="65" second="97" amount="-1"/><kerning first="65" second="99" amount="-1"/><kerning first="65" second="100" amount="-1"/><kerning first="65" second="101" amount="-1"/><kerning first="65" second="102" amount="-1"/><kerning first="65" second="103" amount="-1"/><kerning first="65" second="111" amount="-1"/><kerning first="65" second="113" amount="-1"/><kerning first="65" second="116" amount="-2"/><kerning first="65" second="117" amount="-1"/><kerning first="65" second="118" amount="-3"/><kerning first="65" second="119" amount="-3"/><kerning first="65" second="121" amount="-3"/><kerning first="65" second="92" amount="-3"/><kerning first="65" second="63" amount="-3"/><kerning first="66" second="86" amount="-1"/><kerning first="66" second="87" amount="-1"/><kerning first="66" second="88" amount="-1"/><kerning first="66" second="89" amount="-1"/><kerning first="67" second="43" amount="-1"/><kerning first="67" second="45" amount="-1"/><kerning first="67" second="61" amount="-1"/><kerning first="67" second="65" amount="-2"/><kerning first="67" second="84" amount="-2"/><kerning first="67" second="86" amount="-1"/><kerning first="67" second="87" amount="-1"/><kerning first="67" second="88" amount="-2"/><kerning first="67" second="89" amount="-2"/><kerning first="67" second="118" amount="1"/><kerning first="67" second="119" amount="1"/><kerning first="67" second="121" amount="1"/><kerning first="67" second="44" amount="-1"/><kerning first="67" second="46" amount="-1"/><kerning first="68" second="95" amount="-1"/><kerning first="68" second="61" amount="-1"/><kerning first="68" second="47" amount="-2"/><kerning first="68" second="65" amount="-2"/><kerning first="68" second="84" amount="-3"/><kerning first="68" second="86" amount="-2"/><kerning first="68" second="87" amount="-2"/><kerning first="68" second="88" amount="-3"/><kerning first="68" second="89" amount="-3"/><kerning first="68" second="122" amount="-1"/><kerning first="68" second="44" amount="-4"/><kerning first="68" second="92" amount="-1"/><kerning first="68" second="46" amount="-4"/><kerning first="70" second="95" amount="-4"/><kerning first="70" second="61" amount="-1"/><kerning first="70" second="47" amount="-1"/><kerning first="70" second="65" amount="-4"/><kerning first="70" second="74" amount="-4"/><kerning first="70" second="97" amount="-1"/><kerning first="70" second="99" amount="-1"/><kerning first="70" second="100" amount="-1"/><kerning first="70" second="101" amount="-1"/><kerning first="70" second="103" amount="-1"/><kerning first="70" second="111" amount="-1"/><kerning first="70" second="113" amount="-1"/><kerning first="70" second="115" amount="-1"/><kerning first="70" second="118" amount="-1"/><kerning first="70" second="119" amount="-1"/><kerning first="70" second="120" amount="-1"/><kerning first="70" second="121" amount="-1"/><kerning first="70" second="122" amount="-1"/><kerning first="70" second="44" amount="-2"/><kerning first="70" second="46" amount="-2"/><kerning first="71" second="65" amount="-1"/><kerning first="71" second="88" amount="-1"/><kerning first="71" second="89" amount="-1"/><kerning first="74" second="47" amount="-2"/><kerning first="74" second="65" amount="-1"/><kerning first="74" second="44" amount="-1"/><kerning first="74" second="92" amount="1"/><kerning first="74" second="46" amount="-1"/><kerning first="75" second="48" amount="-3"/><kerning first="75" second="49" amount="-2"/><kerning first="75" second="51" amount="-2"/><kerning first="75" second="52" amount="-2"/><kerning first="75" second="53" amount="-2"/><kerning first="75" second="54" amount="-3"/><kerning first="75" second="56" amount="-2"/><kerning first="75" second="57" amount="-2"/><kerning first="75" second="42" amount="-2"/><kerning first="75" second="43" amount="-4"/><kerning first="75" second="45" amount="-4"/><kerning first="75" second="61" amount="-2"/><kerning first="75" second="64" amount="-1"/><kerning first="75" second="94" amount="-2"/><kerning first="75" second="38" amount="-1"/><kerning first="75" second="67" amount="-2"/><kerning first="75" second="71" amount="-2"/><kerning first="75" second="74" amount="-1"/><kerning first="75" second="79" amount="-2"/><kerning first="75" second="81" amount="-2"/><kerning first="75" second="97" amount="-1"/><kerning first="75" second="99" amount="-2"/><kerning first="75" second="100" amount="-2"/><kerning first="75" second="101" amount="-2"/><kerning first="75" second="103" amount="-2"/><kerning first="75" second="111" amount="-2"/><kerning first="75" second="113" amount="-2"/><kerning first="75" second="115" amount="-1"/><kerning first="75" second="116" amount="-1"/><kerning first="75" second="117" amount="-1"/><kerning first="75" second="118" amount="-2"/><kerning first="75" second="119" amount="-2"/><kerning first="75" second="121" amount="-2"/><kerning first="75" second="63" amount="-1"/><kerning first="76" second="48" amount="-1"/><kerning first="76" second="49" amount="-3"/><kerning first="76" second="53" amount="-1"/><kerning first="76" second="54" amount="-1"/><kerning first="76" second="55" amount="-1"/><kerning first="76" second="42" amount="-5"/><kerning first="76" second="43" amount="-2"/><kerning first="76" second="45" amount="-2"/><kerning first="76" second="61" amount="-1"/><kerning first="76" second="34" amount="-5"/><kerning first="76" second="39" amount="-5"/><kerning first="76" second="94" amount="-5"/><kerning first="76" second="67" amount="-2"/><kerning first="76" second="71" amount="-2"/><kerning first="76" second="79" amount="-2"/><kerning first="76" second="81" amount="-2"/><kerning first="76" second="84" amount="-7"/><kerning first="76" second="85" amount="-2"/><kerning first="76" second="86" amount="-4"/><kerning first="76" second="87" amount="-4"/><kerning first="76" second="89" amount="-8"/><kerning first="76" second="99" amount="-1"/><kerning first="76" second="100" amount="-1"/><kerning first="76" second="101" amount="-1"/><kerning first="76" second="103" amount="-1"/><kerning first="76" second="111" amount="-1"/><kerning first="76" second="113" amount="-1"/><kerning first="76" second="116" amount="-2"/><kerning first="76" second="118" amount="-4"/><kerning first="76" second="119" amount="-3"/><kerning first="76" second="121" amount="-4"/><kerning first="76" second="92" amount="-2"/><kerning first="76" second="63" amount="-2"/><kerning first="79" second="95" amount="-1"/><kerning first="79" second="61" amount="-1"/><kerning first="79" second="47" amount="-2"/><kerning first="79" second="65" amount="-2"/><kerning first="79" second="84" amount="-3"/><kerning first="79" second="86" amount="-2"/><kerning first="79" second="87" amount="-2"/><kerning first="79" second="88" amount="-3"/><kerning first="79" second="89" amount="-3"/><kerning first="79" second="122" amount="-1"/><kerning first="79" second="44" amount="-4"/><kerning first="79" second="92" amount="-1"/><kerning first="79" second="46" amount="-4"/><kerning first="80" second="52" amount="-1"/><kerning first="80" second="95" amount="-6"/><kerning first="80" second="43" amount="-1"/><kerning first="80" second="45" amount="-1"/><kerning first="80" second="61" amount="-1"/><kerning first="80" second="47" amount="-4"/><kerning first="80" second="38" amount="-1"/><kerning first="80" second="65" amount="-5"/><kerning first="80" second="74" amount="-5"/><kerning first="80" second="86" amount="-1"/><kerning first="80" second="87" amount="-1"/><kerning first="80" second="88" amount="-1"/><kerning first="80" second="89" amount="-2"/><kerning first="80" second="90" amount="-1"/><kerning first="80" second="97" amount="-2"/><kerning first="80" second="99" amount="-1"/><kerning first="80" second="100" amount="-1"/><kerning first="80" second="101" amount="-1"/><kerning first="80" second="103" amount="-1"/><kerning first="80" second="111" amount="-1"/><kerning first="80" second="113" amount="-1"/><kerning first="80" second="115" amount="-1"/><kerning first="80" second="44" amount="-4"/><kerning first="80" second="46" amount="-4"/><kerning first="81" second="95" amount="-1"/><kerning first="81" second="61" amount="-1"/><kerning first="81" second="47" amount="-2"/><kerning first="81" second="65" amount="-2"/><kerning first="81" second="84" amount="-3"/><kerning first="81" second="86" amount="-2"/><kerning first="81" second="87" amount="-2"/><kerning first="81" second="88" amount="-3"/><kerning first="81" second="89" amount="-3"/><kerning first="81" second="122" amount="-1"/><kerning first="81" second="44" amount="-4"/><kerning first="81" second="92" amount="-1"/><kerning first="81" second="46" amount="-4"/><kerning first="82" second="86" amount="-1"/><kerning first="82" second="87" amount="-1"/><kerning first="82" second="89" amount="-1"/><kerning first="83" second="65" amount="-1"/><kerning first="83" second="86" amount="-1"/><kerning first="83" second="87" amount="-1"/><kerning first="83" second="88" amount="-1"/><kerning first="83" second="89" amount="-1"/><kerning first="84" second="48" amount="-2"/><kerning first="84" second="52" amount="-3"/><kerning first="84" second="54" amount="-2"/><kerning first="84" second="56" amount="-1"/><kerning first="84" second="58" amount="-1"/><kerning first="84" second="42" amount="-1"/><kerning first="84" second="95" amount="-3"/><kerning first="84" second="43" amount="-4"/><kerning first="84" second="45" amount="-4"/><kerning first="84" second="61" amount="-3"/><kerning first="84" second="47" amount="-2"/><kerning first="84" second="64" amount="-3"/><kerning first="84" second="94" amount="-1"/><kerning first="84" second="38" amount="-2"/><kerning first="84" second="65" amount="-7"/><kerning first="84" second="67" amount="-3"/><kerning first="84" second="71" amount="-3"/><kerning first="84" second="74" amount="-4"/><kerning first="84" second="79" amount="-3"/><kerning first="84" second="81" amount="-3"/><kerning first="84" second="97" amount="-7"/><kerning first="84" second="99" amount="-7"/><kerning first="84" second="100" amount="-7"/><kerning first="84" second="101" amount="-7"/><kerning first="84" second="103" amount="-7"/><kerning first="84" second="105" amount="-1"/><kerning first="84" second="109" amount="-3"/><kerning first="84" second="110" amount="-3"/><kerning first="84" second="111" amount="-7"/><kerning first="84" second="112" amount="-3"/><kerning first="84" second="113" amount="-7"/><kerning first="84" second="114" amount="-3"/><kerning first="84" second="115" amount="-5"/><kerning first="84" second="117" amount="-3"/><kerning first="84" second="118" amount="-2"/><kerning first="84" second="119" amount="-2"/><kerning first="84" second="120" amount="-3"/><kerning first="84" second="121" amount="-2"/><kerning first="84" second="122" amount="-2"/><kerning first="84" second="44" amount="-5"/><kerning first="84" second="92" amount="1"/><kerning first="84" second="46" amount="-5"/><kerning first="85" second="47" amount="-2"/><kerning first="85" second="65" amount="-1"/><kerning first="85" second="44" amount="-1"/><kerning first="85" second="92" amount="1"/><kerning first="85" second="46" amount="-1"/><kerning first="86" second="48" amount="-2"/><kerning first="86" second="51" amount="-1"/><kerning first="86" second="52" amount="-3"/><kerning first="86" second="53" amount="-1"/><kerning first="86" second="54" amount="-2"/><kerning first="86" second="56" amount="-1"/><kerning first="86" second="57" amount="-1"/><kerning first="86" second="58" amount="-1"/><kerning first="86" second="42" amount="-1"/><kerning first="86" second="95" amount="-4"/><kerning first="86" second="43" amount="-2"/><kerning first="86" second="45" amount="-2"/><kerning first="86" second="61" amount="-1"/><kerning first="86" second="47" amount="-5"/><kerning first="86" second="64" amount="-2"/><kerning first="86" second="94" amount="-1"/><kerning first="86" second="38" amount="-2"/><kerning first="86" second="65" amount="-5"/><kerning first="86" second="67" amount="-1"/><kerning first="86" second="71" amount="-1"/><kerning first="86" second="74" amount="-4"/><kerning first="86" second="79" amount="-1"/><kerning first="86" second="81" amount="-1"/><kerning first="86" second="83" amount="-1"/><kerning first="86" second="97" amount="-4"/><kerning first="86" second="99" amount="-4"/><kerning first="86" second="100" amount="-4"/><kerning first="86" second="101" amount="-4"/><kerning first="86" second="103" amount="-4"/><kerning first="86" second="109" amount="-1"/><kerning first="86" second="110" amount="-1"/><kerning first="86" second="111" amount="-4"/><kerning first="86" second="112" amount="-1"/><kerning first="86" second="113" amount="-4"/><kerning first="86" second="114" amount="-1"/><kerning first="86" second="115" amount="-3"/><kerning first="86" second="116" amount="-1"/><kerning first="86" second="117" amount="-1"/><kerning first="86" second="118" amount="-1"/><kerning first="86" second="119" amount="-1"/><kerning first="86" second="120" amount="-1"/><kerning first="86" second="121" amount="-1"/><kerning first="86" second="122" amount="-1"/><kerning first="86" second="44" amount="-5"/><kerning first="86" second="92" amount="1"/><kerning first="86" second="46" amount="-5"/><kerning first="87" second="48" amount="-1"/><kerning first="87" second="51" amount="-1"/><kerning first="87" second="52" amount="-2"/><kerning first="87" second="53" amount="-1"/><kerning first="87" second="54" amount="-1"/><kerning first="87" second="56" amount="-1"/><kerning first="87" second="57" amount="-1"/><kerning first="87" second="58" amount="-1"/><kerning first="87" second="42" amount="-1"/><kerning first="87" second="95" amount="-2"/><kerning first="87" second="43" amount="-2"/><kerning first="87" second="45" amount="-2"/><kerning first="87" second="61" amount="-3"/><kerning first="87" second="47" amount="-4"/><kerning first="87" second="64" amount="-2"/><kerning first="87" second="94" amount="-1"/><kerning first="87" second="38" amount="-2"/><kerning first="87" second="65" amount="-5"/><kerning first="87" second="67" amount="-2"/><kerning first="87" second="71" amount="-2"/><kerning first="87" second="74" amount="-3"/><kerning first="87" second="79" amount="-2"/><kerning first="87" second="81" amount="-2"/><kerning first="87" second="83" amount="-1"/><kerning first="87" second="97" amount="-4"/><kerning first="87" second="99" amount="-3"/><kerning first="87" second="100" amount="-3"/><kerning first="87" second="101" amount="-3"/><kerning first="87" second="103" amount="-3"/><kerning first="87" second="109" amount="-1"/><kerning first="87" second="110" amount="-1"/><kerning first="87" second="111" amount="-3"/><kerning first="87" second="112" amount="-1"/><kerning first="87" second="113" amount="-3"/><kerning first="87" second="114" amount="-1"/><kerning first="87" second="115" amount="-3"/><kerning first="87" second="117" amount="-1"/><kerning first="87" second="118" amount="-1"/><kerning first="87" second="121" amount="-1"/><kerning first="87" second="44" amount="-4"/><kerning first="87" second="92" amount="1"/><kerning first="87" second="46" amount="-4"/><kerning first="87" second="63" amount="-1"/><kerning first="88" second="48" amount="-2"/><kerning first="88" second="49" amount="-1"/><kerning first="88" second="51" amount="-1"/><kerning first="88" second="52" amount="-1"/><kerning first="88" second="53" amount="-1"/><kerning first="88" second="54" amount="-2"/><kerning first="88" second="56" amount="-1"/><kerning first="88" second="57" amount="-1"/><kerning first="88" second="42" amount="-2"/><kerning first="88" second="43" amount="-3"/><kerning first="88" second="45" amount="-3"/><kerning first="88" second="61" amount="-2"/><kerning first="88" second="64" amount="-2"/><kerning first="88" second="94" amount="-2"/><kerning first="88" second="65" amount="-1"/><kerning first="88" second="67" amount="-3"/><kerning first="88" second="71" amount="-3"/><kerning first="88" second="74" amount="-1"/><kerning first="88" second="79" amount="-3"/><kerning first="88" second="81" amount="-3"/><kerning first="88" second="83" amount="-1"/><kerning first="88" second="97" amount="-1"/><kerning first="88" second="99" amount="-2"/><kerning first="88" second="100" amount="-2"/><kerning first="88" second="101" amount="-2"/><kerning first="88" second="103" amount="-2"/><kerning first="88" second="111" amount="-2"/><kerning first="88" second="113" amount="-2"/><kerning first="88" second="115" amount="-2"/><kerning first="88" second="116" amount="-1"/><kerning first="88" second="117" amount="-1"/><kerning first="88" second="118" amount="-2"/><kerning first="88" second="119" amount="-2"/><kerning first="88" second="121" amount="-2"/><kerning first="88" second="92" amount="1"/><kerning first="88" second="63" amount="-1"/><kerning first="89" second="48" amount="-3"/><kerning first="89" second="50" amount="-1"/><kerning first="89" second="51" amount="-1"/><kerning first="89" second="52" amount="-3"/><kerning first="89" second="54" amount="-3"/><kerning first="89" second="56" amount="-1"/><kerning first="89" second="57" amount="-1"/><kerning first="89" second="58" amount="-1"/><kerning first="89" second="42" amount="-2"/><kerning first="89" second="95" amount="-5"/><kerning first="89" second="43" amount="-4"/><kerning first="89" second="45" amount="-4"/><kerning first="89" second="61" amount="-4"/><kerning first="89" second="47" amount="-5"/><kerning first="89" second="64" amount="-3"/><kerning first="89" second="94" amount="-2"/><kerning first="89" second="38" amount="-3"/><kerning first="89" second="65" amount="-7"/><kerning first="89" second="67" amount="-3"/><kerning first="89" second="71" amount="-3"/><kerning first="89" second="74" amount="-4"/><kerning first="89" second="79" amount="-3"/><kerning first="89" second="81" amount="-3"/><kerning first="89" second="83" amount="-1"/><kerning first="89" second="97" amount="-8"/><kerning first="89" second="98" amount="-1"/><kerning first="89" second="99" amount="-7"/><kerning first="89" second="100" amount="-7"/><kerning first="89" second="101" amount="-7"/><kerning first="89" second="102" amount="-1"/><kerning first="89" second="103" amount="-7"/><kerning first="89" second="104" amount="-1"/><kerning first="89" second="105" amount="-1"/><kerning first="89" second="107" amount="-1"/><kerning first="89" second="108" amount="-1"/><kerning first="89" second="109" amount="-3"/><kerning first="89" second="110" amount="-3"/><kerning first="89" second="111" amount="-7"/><kerning first="89" second="112" amount="-3"/><kerning first="89" second="113" amount="-7"/><kerning first="89" second="114" amount="-3"/><kerning first="89" second="115" amount="-7"/><kerning first="89" second="116" amount="-1"/><kerning first="89" second="117" amount="-4"/><kerning first="89" second="118" amount="-3"/><kerning first="89" second="119" amount="-3"/><kerning first="89" second="120" amount="-2"/><kerning first="89" second="121" amount="-3"/><kerning first="89" second="122" amount="-2"/><kerning first="89" second="44" amount="-6"/><kerning first="89" second="92" amount="1"/><kerning first="89" second="46" amount="-6"/><kerning first="89" second="106" amount="-1"/><kerning first="89" second="63" amount="-1"/><kerning first="90" second="42" amount="-1"/><kerning first="90" second="43" amount="-2"/><kerning first="90" second="45" amount="-2"/><kerning first="90" second="61" amount="-1"/><kerning first="90" second="94" amount="-1"/><kerning first="90" second="99" amount="-1"/><kerning first="90" second="100" amount="-1"/><kerning first="90" second="101" amount="-1"/><kerning first="90" second="103" amount="-1"/><kerning first="90" second="111" amount="-1"/><kerning first="90" second="113" amount="-1"/><kerning first="90" second="117" amount="-1"/><kerning first="97" second="49" amount="-1"/><kerning first="97" second="61" amount="-1"/><kerning first="97" second="84" amount="-5"/><kerning first="97" second="86" amount="-3"/><kerning first="97" second="87" amount="-3"/><kerning first="97" second="89" amount="-6"/><kerning first="98" second="49" amount="-1"/><kerning first="98" second="50" amount="-1"/><kerning first="98" second="55" amount="-1"/><kerning first="98" second="47" amount="-1"/><kerning first="98" second="65" amount="-1"/><kerning first="98" second="84" amount="-7"/><kerning first="98" second="86" amount="-4"/><kerning first="98" second="87" amount="-3"/><kerning first="98" second="88" amount="-2"/><kerning first="98" second="89" amount="-6"/><kerning first="98" second="118" amount="-1"/><kerning first="98" second="120" amount="-1"/><kerning first="98" second="121" amount="-1"/><kerning first="98" second="122" amount="-1"/><kerning first="98" second="44" amount="-1"/><kerning first="98" second="46" amount="-1"/><kerning first="99" second="65" amount="-1"/><kerning first="99" second="84" amount="-4"/><kerning first="99" second="86" amount="-3"/><kerning first="99" second="87" amount="-3"/><kerning first="99" second="88" amount="-2"/><kerning first="99" second="89" amount="-5"/><kerning first="101" second="49" amount="-1"/><kerning first="101" second="65" amount="-1"/><kerning first="101" second="84" amount="-6"/><kerning first="101" second="86" amount="-3"/><kerning first="101" second="87" amount="-3"/><kerning first="101" second="88" amount="-2"/><kerning first="101" second="89" amount="-5"/><kerning first="101" second="118" amount="-1"/><kerning first="101" second="120" amount="-1"/><kerning first="101" second="121" amount="-1"/><kerning first="101" second="63" amount="-1"/><kerning first="102" second="52" amount="-2"/><kerning first="102" second="43" amount="-1"/><kerning first="102" second="45" amount="-1"/><kerning first="102" second="61" amount="-2"/><kerning first="102" second="47" amount="-1"/><kerning first="102" second="64" amount="-2"/><kerning first="102" second="38" amount="-1"/><kerning first="102" second="65" amount="-3"/><kerning first="102" second="74" amount="-2"/><kerning first="102" second="99" amount="-1"/><kerning first="102" second="100" amount="-1"/><kerning first="102" second="101" amount="-1"/><kerning first="102" second="103" amount="-1"/><kerning first="102" second="111" amount="-1"/><kerning first="102" second="113" amount="-1"/><kerning first="102" second="44" amount="-2"/><kerning first="102" second="92" amount="1"/><kerning first="102" second="46" amount="-2"/><kerning first="103" second="84" amount="-3"/><kerning first="103" second="86" amount="-2"/><kerning first="103" second="87" amount="-2"/><kerning first="103" second="89" amount="-3"/><kerning first="103" second="106" amount="1"/><kerning first="104" second="49" amount="-1"/><kerning first="104" second="61" amount="-1"/><kerning first="104" second="84" amount="-5"/><kerning first="104" second="86" amount="-3"/><kerning first="104" second="87" amount="-3"/><kerning first="104" second="89" amount="-6"/><kerning first="105" second="47" amount="2"/><kerning first="105" second="84" amount="-1"/><kerning first="105" second="92" amount="2"/><kerning first="107" second="49" amount="-1"/><kerning first="107" second="51" amount="-1"/><kerning first="107" second="52" amount="-1"/><kerning first="107" second="53" amount="-1"/><kerning first="107" second="40" amount="-1"/><kerning first="107" second="43" amount="-2"/><kerning first="107" second="45" amount="-2"/><kerning first="107" second="61" amount="-2"/><kerning first="107" second="67" amount="-1"/><kerning first="107" second="71" amount="-1"/><kerning first="107" second="74" amount="-1"/><kerning first="107" second="79" amount="-1"/><kerning first="107" second="81" amount="-1"/><kerning first="107" second="84" amount="-1"/><kerning first="107" second="89" amount="-2"/><kerning first="107" second="99" amount="-2"/><kerning first="107" second="100" amount="-2"/><kerning first="107" second="101" amount="-2"/><kerning first="107" second="103" amount="-2"/><kerning first="107" second="111" amount="-2"/><kerning first="107" second="113" amount="-2"/><kerning first="107" second="115" amount="-1"/><kerning first="109" second="49" amount="-1"/><kerning first="109" second="61" amount="-1"/><kerning first="109" second="84" amount="-5"/><kerning first="109" second="86" amount="-3"/><kerning first="109" second="87" amount="-3"/><kerning first="109" second="89" amount="-6"/><kerning first="110" second="49" amount="-1"/><kerning first="110" second="61" amount="-1"/><kerning first="110" second="84" amount="-5"/><kerning first="110" second="86" amount="-3"/><kerning first="110" second="87" amount="-3"/><kerning first="110" second="89" amount="-6"/><kerning first="111" second="49" amount="-1"/><kerning first="111" second="50" amount="-1"/><kerning first="111" second="55" amount="-1"/><kerning first="111" second="47" amount="-1"/><kerning first="111" second="65" amount="-1"/><kerning first="111" second="84" amount="-7"/><kerning first="111" second="86" amount="-4"/><kerning first="111" second="87" amount="-3"/><kerning first="111" second="88" amount="-2"/><kerning first="111" second="89" amount="-6"/><kerning first="111" second="118" amount="-1"/><kerning first="111" second="120" amount="-1"/><kerning first="111" second="121" amount="-1"/><kerning first="111" second="122" amount="-1"/><kerning first="111" second="44" amount="-1"/><kerning first="111" second="46" amount="-1"/><kerning first="112" second="49" amount="-1"/><kerning first="112" second="50" amount="-1"/><kerning first="112" second="55" amount="-1"/><kerning first="112" second="47" amount="-1"/><kerning first="112" second="65" amount="-1"/><kerning first="112" second="84" amount="-7"/><kerning first="112" second="86" amount="-4"/><kerning first="112" second="87" amount="-3"/><kerning first="112" second="88" amount="-2"/><kerning first="112" second="89" amount="-6"/><kerning first="112" second="118" amount="-1"/><kerning first="112" second="120" amount="-1"/><kerning first="112" second="121" amount="-1"/><kerning first="112" second="122" amount="-1"/><kerning first="112" second="44" amount="-1"/><kerning first="112" second="46" amount="-1"/><kerning first="113" second="84" amount="-3"/><kerning first="113" second="86" amount="-2"/><kerning first="113" second="87" amount="-2"/><kerning first="113" second="89" amount="-3"/><kerning first="113" second="106" amount="1"/><kerning first="114" second="52" amount="-1"/><kerning first="114" second="55" amount="-1"/><kerning first="114" second="43" amount="-1"/><kerning first="114" second="45" amount="-1"/><kerning first="114" second="61" amount="-1"/><kerning first="114" second="47" amount="-1"/><kerning first="114" second="65" amount="-1"/><kerning first="114" second="74" amount="-2"/><kerning first="114" second="84" amount="-2"/><kerning first="114" second="89" amount="-1"/><kerning first="114" second="97" amount="-1"/><kerning first="114" second="99" amount="-1"/><kerning first="114" second="100" amount="-1"/><kerning first="114" second="101" amount="-1"/><kerning first="114" second="103" amount="-1"/><kerning first="114" second="111" amount="-1"/><kerning first="114" second="113" amount="-1"/><kerning first="114" second="44" amount="-4"/><kerning first="114" second="46" amount="-4"/><kerning first="115" second="49" amount="-1"/><kerning first="115" second="55" amount="-1"/><kerning first="115" second="61" amount="-1"/><kerning first="115" second="84" amount="-5"/><kerning first="115" second="86" amount="-3"/><kerning first="115" second="87" amount="-3"/><kerning first="115" second="88" amount="-2"/><kerning first="115" second="89" amount="-7"/><kerning first="116" second="52" amount="-1"/><kerning first="116" second="43" amount="-1"/><kerning first="116" second="45" amount="-1"/><kerning first="116" second="84" amount="-1"/><kerning first="116" second="86" amount="-1"/><kerning first="116" second="89" amount="-2"/><kerning first="116" second="99" amount="-1"/><kerning first="116" second="100" amount="-1"/><kerning first="116" second="101" amount="-1"/><kerning first="116" second="103" amount="-1"/><kerning first="116" second="111" amount="-1"/><kerning first="116" second="113" amount="-1"/><kerning first="117" second="84" amount="-2"/><kerning first="117" second="86" amount="-1"/><kerning first="117" second="87" amount="-1"/><kerning first="117" second="89" amount="-2"/><kerning first="118" second="52" amount="-1"/><kerning first="118" second="43" amount="-1"/><kerning first="118" second="45" amount="-1"/><kerning first="118" second="61" amount="-1"/><kerning first="118" second="47" amount="-2"/><kerning first="118" second="34" amount="1"/><kerning first="118" second="39" amount="1"/><kerning first="118" second="65" amount="-3"/><kerning first="118" second="74" amount="-2"/><kerning first="118" second="84" amount="-2"/><kerning first="118" second="86" amount="-1"/><kerning first="118" second="87" amount="-1"/><kerning first="118" second="88" amount="-2"/><kerning first="118" second="89" amount="-3"/><kerning first="118" second="97" amount="-1"/><kerning first="118" second="99" amount="-1"/><kerning first="118" second="100" amount="-1"/><kerning first="118" second="101" amount="-1"/><kerning first="118" second="103" amount="-1"/><kerning first="118" second="111" amount="-1"/><kerning first="118" second="113" amount="-1"/><kerning first="118" second="118" amount="1"/><kerning first="118" second="119" amount="1"/><kerning first="118" second="120" amount="1"/><kerning first="118" second="121" amount="1"/><kerning first="118" second="44" amount="-5"/><kerning first="118" second="46" amount="-5"/><kerning first="119" second="43" amount="-1"/><kerning first="119" second="45" amount="-1"/><kerning first="119" second="61" amount="-1"/><kerning first="119" second="47" amount="-2"/><kerning first="119" second="34" amount="1"/><kerning first="119" second="39" amount="1"/><kerning first="119" second="65" amount="-3"/><kerning first="119" second="74" amount="-2"/><kerning first="119" second="84" amount="-2"/><kerning first="119" second="86" amount="-1"/><kerning first="119" second="88" amount="-2"/><kerning first="119" second="89" amount="-3"/><kerning first="119" second="97" amount="-1"/><kerning first="119" second="99" amount="-1"/><kerning first="119" second="100" amount="-1"/><kerning first="119" second="101" amount="-1"/><kerning first="119" second="103" amount="-1"/><kerning first="119" second="111" amount="-1"/><kerning first="119" second="113" amount="-1"/><kerning first="119" second="118" amount="1"/><kerning first="119" second="121" amount="1"/><kerning first="119" second="44" amount="-4"/><kerning first="119" second="92" amount="1"/><kerning first="119" second="46" amount="-4"/><kerning first="120" second="52" amount="-1"/><kerning first="120" second="43" amount="-1"/><kerning first="120" second="45" amount="-1"/><kerning first="120" second="61" amount="-1"/><kerning first="120" second="123" amount="-1"/><kerning first="120" second="67" amount="-1"/><kerning first="120" second="71" amount="-1"/><kerning first="120" second="74" amount="-1"/><kerning first="120" second="79" amount="-1"/><kerning first="120" second="81" amount="-1"/><kerning first="120" second="84" amount="-3"/><kerning first="120" second="86" amount="-1"/><kerning first="120" second="89" amount="-2"/><kerning first="120" second="97" amount="-1"/><kerning first="120" second="99" amount="-1"/><kerning first="120" second="100" amount="-1"/><kerning first="120" second="101" amount="-1"/><kerning first="120" second="103" amount="-1"/><kerning first="120" second="111" amount="-1"/><kerning first="120" second="113" amount="-1"/><kerning first="120" second="118" amount="1"/><kerning first="120" second="121" amount="1"/><kerning first="121" second="52" amount="-1"/><kerning first="121" second="43" amount="-1"/><kerning first="121" second="45" amount="-1"/><kerning first="121" second="61" amount="-1"/><kerning first="121" second="47" amount="-2"/><kerning first="121" second="34" amount="1"/><kerning first="121" second="39" amount="1"/><kerning first="121" second="65" amount="-3"/><kerning first="121" second="74" amount="-2"/><kerning first="121" second="84" amount="-2"/><kerning first="121" second="86" amount="-1"/><kerning first="121" second="87" amount="-1"/><kerning first="121" second="88" amount="-2"/><kerning first="121" second="89" amount="-3"/><kerning first="121" second="97" amount="-1"/><kerning first="121" second="99" amount="-1"/><kerning first="121" second="100" amount="-1"/><kerning first="121" second="101" amount="-1"/><kerning first="121" second="103" amount="-1"/><kerning first="121" second="111" amount="-1"/><kerning first="121" second="113" amount="-1"/><kerning first="121" second="118" amount="1"/><kerning first="121" second="119" amount="1"/><kerning first="121" second="120" amount="1"/><kerning first="121" second="121" amount="1"/><kerning first="121" second="44" amount="-5"/><kerning first="121" second="46" amount="-5"/><kerning first="122" second="52" amount="-1"/><kerning first="122" second="55" amount="-1"/><kerning first="122" second="43" amount="-1"/><kerning first="122" second="45" amount="-1"/><kerning first="122" second="61" amount="-1"/><kerning first="122" second="84" amount="-2"/><kerning first="122" second="86" amount="-1"/><kerning first="122" second="89" amount="-2"/><kerning first="122" second="99" amount="-1"/><kerning first="122" second="100" amount="-1"/><kerning first="122" second="101" amount="-1"/><kerning first="122" second="103" amount="-1"/><kerning first="122" second="111" amount="-1"/><kerning first="122" second="113" amount="-1"/><kerning first="44" second="48" amount="-2"/><kerning first="44" second="49" amount="-5"/><kerning first="44" second="53" amount="-1"/><kerning first="44" second="54" amount="-2"/><kerning first="44" second="42" amount="-1"/><kerning first="44" second="34" amount="-2"/><kerning first="44" second="39" amount="-2"/><kerning first="44" second="94" amount="-1"/><kerning first="44" second="67" amount="-4"/><kerning first="44" second="71" amount="-4"/><kerning first="44" second="79" amount="-4"/><kerning first="44" second="81" amount="-4"/><kerning first="44" second="84" amount="-5"/><kerning first="44" second="85" amount="-1"/><kerning first="44" second="86" amount="-5"/><kerning first="44" second="87" amount="-4"/><kerning first="44" second="89" amount="-6"/><kerning first="44" second="99" amount="-1"/><kerning first="44" second="100" amount="-1"/><kerning first="44" second="101" amount="-1"/><kerning first="44" second="102" amount="-1"/><kerning first="44" second="103" amount="-1"/><kerning first="44" second="111" amount="-1"/><kerning first="44" second="113" amount="-1"/><kerning first="44" second="116" amount="-3"/><kerning first="44" second="118" amount="-5"/><kerning first="44" second="119" amount="-4"/><kerning first="44" second="121" amount="-5"/><kerning first="92" second="67" amount="-1"/><kerning first="92" second="71" amount="-1"/><kerning first="92" second="79" amount="-1"/><kerning first="92" second="81" amount="-1"/><kerning first="92" second="84" amount="-4"/><kerning first="92" second="85" amount="-3"/><kerning first="92" second="86" amount="-5"/><kerning first="92" second="87" amount="-4"/><kerning first="92" second="88" amount="-1"/><kerning first="92" second="89" amount="-4"/><kerning first="92" second="99" amount="-1"/><kerning first="92" second="100" amount="-1"/><kerning first="92" second="101" amount="-1"/><kerning first="92" second="102" amount="-1"/><kerning first="92" second="103" amount="-1"/><kerning first="92" second="105" amount="2"/><kerning first="92" second="111" amount="-1"/><kerning first="92" second="113" amount="-1"/><kerning first="92" second="118" amount="-3"/><kerning first="92" second="119" amount="-2"/><kerning first="92" second="121" amount="-3"/><kerning first="46" second="48" amount="-2"/><kerning first="46" second="49" amount="-5"/><kerning first="46" second="53" amount="-1"/><kerning first="46" second="54" amount="-2"/><kerning first="46" second="42" amount="-1"/><kerning first="46" second="34" amount="-2"/><kerning first="46" second="39" amount="-2"/><kerning first="46" second="94" amount="-1"/><kerning first="46" second="67" amount="-4"/><kerning first="46" second="71" amount="-4"/><kerning first="46" second="79" amount="-4"/><kerning first="46" second="81" amount="-4"/><kerning first="46" second="84" amount="-5"/><kerning first="46" second="85" amount="-1"/><kerning first="46" second="86" amount="-5"/><kerning first="46" second="87" amount="-4"/><kerning first="46" second="89" amount="-6"/><kerning first="46" second="99" amount="-1"/><kerning first="46" second="100" amount="-1"/><kerning first="46" second="101" amount="-1"/><kerning first="46" second="102" amount="-1"/><kerning first="46" second="103" amount="-1"/><kerning first="46" second="111" amount="-1"/><kerning first="46" second="113" amount="-1"/><kerning first="46" second="116" amount="-3"/><kerning first="46" second="118" amount="-5"/><kerning first="46" second="119" amount="-4"/><kerning first="46" second="121" amount="-5"/><kerning first="106" second="47" amount="2"/><kerning first="106" second="84" amount="-1"/><kerning first="106" second="92" amount="2"/><kerning first="63" second="52" amount="-1"/><kerning first="63" second="38" amount="-1"/><kerning first="63" second="65" amount="-3"/><kerning first="63" second="74" amount="-2"/><kerning first="63" second="87" amount="-1"/><kerning first="63" second="88" amount="-1"/><kerning first="63" second="89" amount="-1"/><kerning first="63" second="97" amount="-1"/><kerning first="63" second="99" amount="-1"/><kerning first="63" second="100" amount="-1"/><kerning first="63" second="101" amount="-1"/><kerning first="63" second="103" amount="-1"/><kerning first="63" second="111" amount="-1"/><kerning first="63" second="113" amount="-1"/></kernings></font>