{"skeleton":{"hash":"uGQc9pGROMP2g2pb8EehwX6VQGM","spine":"3.8.99","x":-367.75,"y":-106.38,"width":696.74,"height":255.57,"images":"./images/","audio":"E:/tuan/MOUSE_FREELANCE/Tillte-khac-go/Tillte-khac-go"},"bones":[{"name":"root"},{"name":"All","parent":"root"},{"name":"wood_block_w","parent":"All","length":91.12,"rotation":-90,"x":-253.22,"y":101.79,"scaleX":1.12,"color":"aa0909ff"},{"name":"roof1_redraw","parent":"root","x":-258.68,"y":22.59,"scaleX":0.7908,"scaleY":0.7248},{"name":"roof1_redraw1_1","parent":"roof1_redraw","length":29.07,"rotation":-90,"x":-0.18,"y":0.85},{"name":"roof1_redraw1_1b","parent":"roof1_redraw1_1","length":22.23,"x":27.27},{"name":"roof1_redraw1_1c","parent":"roof1_redraw1_1b","length":25.08,"x":22.06},{"name":"roof1_redraw1_1c2","parent":"roof1_redraw1_1c","length":13.76,"x":24.58,"y":0.01},{"name":"roof1_redraw1_1c2b","parent":"roof1_redraw1_1c2","length":13.76,"x":13.76},{"name":"roof1_redraw1_1c2c","parent":"roof1_redraw1_1c2b","length":13.76,"x":13.76},{"name":"roof1_redraw1_1c2d","parent":"roof1_redraw1_1c2c","length":13.76,"x":13.76},{"name":"roof1_redraw1_1c2e","parent":"roof1_redraw1_1c2d","length":13.76,"x":13.76},{"name":"roof1_redraw1_1c2f","parent":"roof1_redraw1_1c2e","length":13.76,"x":13.76},{"name":"roof1_redraw1_1c2g","parent":"roof1_redraw1_1c2f","length":13.76,"x":13.76},{"name":"roof_2","parent":"All","x":-256.8,"y":22.53,"scaleX":0.9037,"scaleY":0.9037},{"name":"roof_2_1","parent":"roof_2","length":43.11,"rotation":-90,"x":-0.33,"y":-0.05,"scaleX":0.9579,"scaleY":0.9579},{"name":"roof_2_2","parent":"roof_2_1","length":33.78,"x":42.75},{"name":"roof_2_3","parent":"roof_2_2","length":29.64,"rotation":-0.46,"x":33.46,"y":-0.02},{"name":"roof_2_4","parent":"roof_2_3","length":28.2,"rotation":-0.02,"x":29.64},{"name":"roof_2_5","parent":"roof_2_4","length":25.34,"rotation":-0.05,"x":28.48,"y":0.24},{"name":"roof_2_6","parent":"roof_2_5","length":25.57,"rotation":1.08,"x":25.34},{"name":"roof_2_7","parent":"roof_2_6","length":25.57,"rotation":-0.54,"x":26.42,"y":-0.49},{"name":"roof_2_8","parent":"roof_2_7","length":29.16,"rotation":0.94,"x":25.57},{"name":"roof_2_9","parent":"roof_2_8","length":27.96,"rotation":-1.43,"x":29.16},{"name":"roof_2_10","parent":"roof_2_9","length":26.38,"rotation":1.46,"x":28.7,"y":-0.16},{"name":"roof_2_11","parent":"roof_2_10","length":27.56,"rotation":-0.97,"x":26.38},{"name":"roof_2_12","parent":"roof_2_11","length":26.56,"rotation":-0.72,"x":27.56},{"name":"roof_2_13","parent":"roof_2_12","length":30.21,"rotation":0.72,"x":25.11,"y":0.98},{"name":"roof_2_14","parent":"roof_2_13","length":29.49,"rotation":-0.91,"x":29.53,"y":0.25},{"name":"roof_2_15","parent":"roof_2_14","length":36.5,"rotation":0.91,"x":29.49},{"name":"roof_2_16","parent":"roof_2_15","length":34.63,"x":36.5},{"name":"roof_2_17","parent":"roof_2_16","length":25.74,"x":34.63},{"name":"roof_2_18","parent":"roof_2_17","length":21.83,"x":26,"y":-0.56},{"name":"roof_2_19","parent":"roof_2_18","length":24.14,"rotation":1.82,"x":21.83},{"name":"roof_2_20","parent":"roof_2_19","length":19.53,"rotation":-1.82,"x":24.14},{"name":"roof_2_21","parent":"roof_2_20","length":14.94,"x":19.53},{"name":"roof_2_22","parent":"roof_2_21","length":10.72,"x":14.94},{"name":"journey_upper","parent":"All","length":67.46,"rotation":-90,"x":-61.42,"y":-21.73,"scaleX":1.12,"color":"329812ff"},{"name":"wood_block_o","parent":"All","length":120.28,"rotation":-90,"x":-267.51,"y":145.92,"scaleX":1.12,"color":"aa0909ff"},{"name":"wood_block_d","parent":"All","length":88.91,"rotation":-90,"x":-66.78,"y":100.15,"scaleX":1.12,"color":"aa0909ff"},{"name":"wood_block_b","parent":"All","length":87.91,"rotation":-90,"x":19.63,"y":95.33,"scaleX":1.12,"color":"aa0909ff"},{"name":"wood_block_l","parent":"All","length":78.76,"rotation":-90,"x":106.58,"y":93.76,"scaleX":1.12,"color":"aa0909ff"},{"name":"wood_block_c","parent":"All","length":90.27,"rotation":-90,"x":285.7,"y":99.32,"scaleX":1.12,"color":"aa0909ff"},{"name":"wood_block_k","parent":"All","length":120.28,"rotation":-90,"x":471.48,"y":165.24,"scaleX":1.12,"color":"aa0909ff"},{"name":"wood_block_o2","parent":"All","length":72.76,"rotation":-90,"x":-160.73,"y":82.43,"scaleX":1.12,"color":"aa0909ff"},{"name":"wood_block_o3","parent":"All","length":76.74,"rotation":-90,"x":197.83,"y":83.82,"scaleX":1.12,"color":"aa0909ff"},{"name":"journey_j","parent":"All","length":88.12,"rotation":-90,"x":-146.1,"y":3.02,"scaleX":1.12,"color":"329812ff"},{"name":"journey_u","parent":"All","length":27.54,"rotation":-90,"x":26.69,"y":-31.25,"scaleX":1.12,"color":"329812ff"},{"name":"journey_r","parent":"All","length":77.32,"rotation":-90,"x":114.22,"y":-5.55,"scaleX":1.12,"color":"329812ff"},{"name":"journey_n","parent":"All","length":28.01,"rotation":-90,"x":203.78,"y":-32.3,"scaleX":1.12,"color":"329812ff"},{"name":"journey_e","parent":"All","length":110.67,"rotation":-90,"x":256.77,"y":5.01,"scaleX":1.12,"color":"329812ff"},{"name":"journey_y","parent":"All","length":110.67,"rotation":-90,"x":359.39,"y":-15.31,"scaleX":1.12,"color":"329812ff"},{"name":"roof_3","parent":"roof_2","length":150.22,"rotation":-5.6,"x":1.85,"y":-0.32,"scaleX":0.9579,"scaleY":0.9579},{"name":"roof_3b","parent":"roof_3","length":150.22,"x":150.22,"scaleX":0.9579,"scaleY":0.9579},{"name":"roof_3c","parent":"roof_3b","length":150.22,"x":150.22,"scaleX":0.9579,"scaleY":0.9579},{"name":"leaf1","parent":"All","x":-264.4,"y":68.79,"scaleX":0.6648,"scaleY":0.6648},{"name":"leaf1_1","parent":"leaf1","length":51.33,"rotation":176.35,"x":-0.05,"y":-0.27,"scaleX":0.9649,"scaleY":0.9649},{"name":"leaf1_2","parent":"leaf1_1","length":36.51,"rotation":3.65,"x":51.37,"y":-0.54},{"name":"leaf1_3","parent":"leaf1_2","length":35.29,"rotation":13.39,"x":36.51},{"name":"leaf1_4","parent":"leaf1_3","length":31.45,"rotation":14.5,"x":35.29},{"name":"leaf2","parent":"All","x":-276.99,"y":71.25,"scaleX":0.6648,"scaleY":0.6648},{"name":"leaf2_1","parent":"leaf2","length":49.3,"rotation":117.76,"x":0.44,"y":0.35,"scaleX":0.9649,"scaleY":0.9649},{"name":"leaf2_2","parent":"leaf2_1","length":43.79,"rotation":19.19,"x":49.47,"y":-0.27,"scaleX":0.9649,"scaleY":0.9649},{"name":"leaf2_3","parent":"leaf2_2","length":39.35,"rotation":15.66,"x":43.79,"scaleX":0.9649,"scaleY":0.9649},{"name":"leaf2_4","parent":"leaf2_3","length":31.82,"rotation":-0.19,"x":39.35,"scaleX":0.9649,"scaleY":0.9649},{"name":"leaf2_5","parent":"leaf2_4","length":24.08,"rotation":-8.89,"x":31.82,"scaleX":0.9649,"scaleY":0.9649},{"name":"leaf3","parent":"All","x":-272.97,"y":83.31,"scaleX":0.6648,"scaleY":0.6648},{"name":"leaf3_1","parent":"leaf3","length":35.31,"rotation":82.76,"x":-0.61,"y":1.01,"scaleX":0.9649,"scaleY":0.9649},{"name":"leaf3_2","parent":"leaf3_1","length":28.58,"rotation":-14.01,"x":33.34,"y":0.2},{"name":"leaf3_3","parent":"leaf3_2","length":23.46,"rotation":-16.7,"x":28.58},{"name":"leaf3_4","parent":"leaf3_3","length":23.12,"rotation":-12.24,"x":23.46},{"name":"leaf4","parent":"All","x":222.76,"y":-45.45,"scaleX":0.575,"scaleY":0.575},{"name":"leaf_5","parent":"All","x":221.03,"y":-46.07,"scaleX":0.575,"scaleY":0.575},{"name":"leaf4_1","parent":"leaf4","length":53.42,"rotation":40.36,"x":0.42,"y":-0.34},{"name":"leaf4_2","parent":"leaf4_1","length":48.99,"rotation":-6.54,"x":53.11,"y":0.26},{"name":"leaf4_3","parent":"leaf4_2","length":43.15,"rotation":-8.71,"x":48.99},{"name":"leaf4_4","parent":"leaf4_3","length":39.49,"rotation":-10.79,"x":43.15},{"name":"leaf_5_1","parent":"leaf_5","length":35.58,"rotation":-11.43,"x":28.36,"y":-2.67},{"name":"leaf_5_2","parent":"leaf_5_1","length":24.32,"rotation":-11.09,"x":34.6,"y":-0.77},{"name":"leaf_5_3","parent":"leaf_5_2","length":19.46,"rotation":-9.83,"x":24.32},{"name":"leaf_5_4","parent":"leaf_5_3","length":15.54,"rotation":-8.36,"x":19.46},{"name":"small_leaf1_1","parent":"roof_2_3","length":32.49,"rotation":-95.01,"x":18.83,"y":-7.14},{"name":"small_leaf1_2","parent":"small_leaf1_1","length":21.27,"rotation":-8.2,"x":32.98,"y":-0.41},{"name":"small_leaf1_3","parent":"small_leaf1_2","length":19.1,"rotation":-15.9,"x":20.53,"y":0.13},{"name":"small_leaf1_4","parent":"small_leaf1_3","length":14.99,"rotation":-7.98,"x":19.1},{"name":"small_leaf2_1","parent":"roof_2_16","length":21.99,"rotation":34.44,"x":28.12,"y":7.02},{"name":"small_leaf2_2","parent":"small_leaf2_1","length":15.96,"rotation":-14.8,"x":21.2,"y":-0.84},{"name":"small_leaf2_3","parent":"small_leaf2_2","length":11.91,"rotation":-15.64,"x":15.96},{"name":"small_leaf2_4","parent":"small_leaf2_3","length":11.88,"rotation":-12.37,"x":11.91},{"name":"small_leaf2_5","parent":"small_leaf2_4","length":9.82,"rotation":-3.44,"x":11.85,"y":-0.08}],"slots":[{"name":"background","bone":"root"},{"name":"ground_add","bone":"root","attachment":"ground_add"},{"name":"leaf4","bone":"leaf4","attachment":"leaf4"},{"name":"roof1_redraw","bone":"roof1_redraw","attachment":"roof1_redraw"},{"name":"roof1_redraw_path","bone":"roof1_redraw","attachment":"roof1_redraw_path"},{"name":"leaf5","bone":"leaf_5","attachment":"leaf5"},{"name":"journey_lower","bone":"root","attachment":"journey_lower"},{"name":"leaf3","bone":"leaf3","attachment":"leaf3"},{"name":"leaf2","bone":"leaf2","attachment":"leaf2"},{"name":"leaf1","bone":"leaf1","attachment":"leaf1"},{"name":"wood_block_lower","bone":"root","attachment":"wood_block_lower"},{"name":"journey_j","bone":"journey_j","attachment":"journey_j"},{"name":"journey_u","bone":"journey_u","attachment":"journey_u"},{"name":"wood_block_b","bone":"wood_block_b","attachment":"wood_block_b"},{"name":"journey_r","bone":"journey_r","attachment":"journey_r"},{"name":"roof1_redraw2","bone":"roof_2","attachment":"roof1_redraw"},{"name":"roof_2_path","bone":"roof_2","attachment":"roof_2_path"},{"name":"small_leaf2","bone":"small_leaf2_1","attachment":"small_leaf2"},{"name":"small_leaf1","bone":"small_leaf1_1","attachment":"small_leaf1"},{"name":"journey_O","bone":"journey_upper","attachment":"journey_o_upper"},{"name":"wood_block_c","bone":"wood_block_c","attachment":"wood_block_c"},{"name":"wood_block_d","bone":"wood_block_d","attachment":"wood_block_d"},{"name":"wood_block_k","bone":"wood_block_k"},{"name":"wood_block_l","bone":"wood_block_l","attachment":"wood_block_l"},{"name":"wood_block_o","bone":"wood_block_o"},{"name":"wood_block_o2","bone":"wood_block_o2","attachment":"wood_block_o"},{"name":"wood_block_o3","bone":"wood_block_o3","attachment":"wood_block_o"},{"name":"wood_block_w","bone":"wood_block_w","attachment":"wood_block_w"},{"name":"journey_e","bone":"journey_e"},{"name":"journey_n","bone":"journey_n","attachment":"journey_n"},{"name":"journey_y","bone":"journey_y"},{"name":"background_highlight","bone":"root","color":"ffffff00"},{"name":"leaf2_path","bone":"leaf2","attachment":"leaf2_path"},{"name":"leaf1_path","bone":"leaf1","attachment":"leaf1_path"},{"name":"leaf3_cst","bone":"leaf3","attachment":"leaf3_cst"},{"name":"leaf4_path","bone":"leaf4","attachment":"leaf4_path"},{"name":"leaf_5_path","bone":"leaf_5","attachment":"leaf_5_path"},{"name":"Tillte-Japanese","bone":"root","color":"ffffff69"}],"path":[{"name":"leaf1_path_cst","order":3,"bones":["leaf1_1","leaf1_2","leaf1_3","leaf1_4"],"target":"leaf1_path","rotateMode":"chainScale"},{"name":"leaf2_path_cst","order":2,"bones":["leaf2_1","leaf2_2","leaf2_3","leaf2_4","leaf2_5"],"target":"leaf2_path","rotateMode":"chainScale"},{"name":"leaf3_cst_cst","order":4,"bones":["leaf3_1","leaf3_2","leaf3_3","leaf3_4"],"target":"leaf3_cst","rotateMode":"chainScale"},{"name":"leaf4_path_cst","order":5,"bones":["leaf4_1","leaf4_2","leaf4_3","leaf4_4"],"target":"leaf4_path","rotateMode":"chainScale"},{"name":"leaf_5_path_cst","order":6,"bones":["leaf_5_1","leaf_5_2","leaf_5_3","leaf_5_4"],"target":"leaf_5_path","rotateMode":"chainScale"},{"name":"roof1_redraw_path_cst","bones":["roof1_redraw1_1","roof1_redraw1_1b","roof1_redraw1_1c","roof1_redraw1_1c2","roof1_redraw1_1c2b","roof1_redraw1_1c2c","roof1_redraw1_1c2d","roof1_redraw1_1c2e","roof1_redraw1_1c2f","roof1_redraw1_1c2g"],"target":"roof1_redraw_path","rotateMode":"chainScale"},{"name":"roof_2_path_cst","order":1,"bones":["roof_2_1","roof_2_2","roof_2_3","roof_2_4","roof_2_5","roof_2_6","roof_2_7","roof_2_8","roof_2_9","roof_2_10","roof_2_11","roof_2_12","roof_2_13","roof_2_14","roof_2_15","roof_2_16","roof_2_17","roof_2_18","roof_2_19","roof_2_20","roof_2_21","roof_2_22"],"target":"roof_2_path","rotateMode":"chainScale","spacing":5.1}],"skins":[{"name":"default","attachments":{"ground_add":{"ground_add":{"x":14.5,"y":2.12,"width":629,"height":217}},"journey_O":{"journey_o_upper":{"x":29.25,"y":-4.05,"rotation":90,"width":75,"height":73}},"journey_j":{"journey_j":{"x":41.1,"y":-5.5,"rotation":90,"width":86,"height":89}},"journey_lower":{"journey_lower":{"x":26.83,"y":-50.52,"width":444,"height":102}},"journey_n":{"journey_n":{"x":12.2,"y":-0.35,"rotation":90,"width":87,"height":24}},"journey_r":{"journey_r":{"x":38.31,"y":0.29,"rotation":90,"width":86,"height":71}},"journey_u":{"journey_u":{"x":14.31,"y":-2.14,"rotation":90,"width":87,"height":24}},"leaf1":{"leaf1":{"type":"mesh","uvs":[1,0.33185,0.86888,0.41508,0.76011,0.48161,0.65722,0.51087,0.56612,0.53679,0.42829,0.52401,0.33941,0.51577,0.25921,0.48307,0.12673,0.42906,0,0.42643,0,0.3082,0.06062,0.22304,0.17803,0.10605,0.30036,0.04637,0.42589,0,0.5168,0,0.61552,0,0.80171,0,1,0,0.6394,0.17829,0.65494,0.33747,0.43737,0.17635,0.44773,0.35494,0.22843,0.22682,0.26124,0.37435,0.11101,0.2967,0.13519,0.386,0.83452,0.18606,0.85351,0.32388,0.53752,0.17829,0.55133,0.34329,0.34067,0.20159,0.35794,0.3627],"triangles":[7,8,24,24,8,26,8,9,26,26,10,25,26,9,10,26,25,24,25,23,24,10,11,25,25,11,23,11,12,23,6,32,5,5,32,22,6,7,32,32,7,24,32,24,31,24,23,31,32,31,22,31,21,22,31,23,13,23,12,13,31,13,21,22,29,30,22,21,29,30,29,19,21,15,29,29,16,19,29,15,16,19,16,17,13,14,21,21,14,15,5,22,4,22,30,4,4,30,3,30,20,3,3,20,2,2,28,1,2,20,28,1,28,0,30,19,20,20,27,28,20,19,27,0,27,18,0,28,27,19,17,27,27,17,18],"vertices":[1,56,-12.84,19.16,1,2,56,8.86,33.3,0.99872,58,-66.25,53.28,0.00128,3,56,26.88,44.65,0.96392,57,-21.56,46.67,0.01202,58,-45.69,58.85,0.02406,3,56,44.25,50.25,0.82113,57,-3.87,51.14,0.08738,58,-27.44,59.11,0.09149,4,56,59.64,55.21,0.62215,57,11.8,55.11,0.1746,58,-11.27,59.33,0.20097,59,-30.22,69.11,0.00228,4,56,83.42,54.76,0.30308,57,35.51,53.15,0.20236,58,11.33,51.94,0.43761,59,-10.19,56.29,0.05695,4,56,98.76,54.48,0.15485,57,50.8,51.89,0.1349,58,25.91,47.17,0.53403,59,2.73,48.02,0.17621,4,56,112.84,50.37,0.06709,57,64.59,46.89,0.06249,58,38.18,39.11,0.46403,59,12.59,37.14,0.40639,4,56,136.11,43.57,0.00469,57,87.38,38.63,0.00268,58,58.43,25.8,0.06844,59,28.86,19.18,0.92419,1,59,47.93,8.62,1,1,59,39.47,-7.36,1,1,59,24.16,-14,1,2,58,38.4,-20.24,0.53557,59,-2.07,-20.37,0.46443,3,57,57.52,-19.93,0.04495,58,15.81,-24.25,0.94925,59,-24.93,-18.6,0.0058,2,57,35.92,-27.02,0.60817,58,-6.83,-26.15,0.39183,2,57,20.29,-27.02,0.93615,58,-22.04,-22.53,0.06385,2,56,56.39,-27.3,0.02251,57,3.31,-27.02,0.97749,2,56,24.43,-29.34,0.76526,57,-28.72,-27.02,0.23474,2,56,-9.61,-31.51,0.99806,57,-62.82,-27.02,0.00194,2,56,50.56,-0.34,0.65829,57,-0.8,0.26,0.34171,3,56,46.34,23.8,0.89186,57,-3.47,24.61,0.07325,58,-33.2,33.21,0.03489,1,57,33.95,-0.04,1,4,56,81.73,28.74,0.22437,57,32.17,27.29,0.34406,58,2.09,27.55,0.41682,59,-25.24,34.99,0.01475,2,58,34.24,-0.25,0.80018,59,-1.08,0.02,0.19982,4,56,113.56,33.74,0.03588,57,64.24,30.26,0.03715,58,33.98,23.01,0.49368,59,4.49,22.61,0.43329,4,56,140.1,23.53,0,57,90.08,18.38,0,58,56.37,5.47,3.0E-5,59,21.77,0.02,0.99997,4,56,135.08,36.9,0.00384,57,85.92,32.04,0.00203,58,55.49,19.72,0.05927,59,24.49,14.04,0.93487,2,56,16.99,-1.29,0.99762,57,-34.36,1.45,0.00238,2,56,12.38,19.55,0.99981,58,-66.91,39.09,1.9E-4,3,56,68.04,0.78,0.00136,57,16.72,0.26,0.99848,58,-19.19,4.84,1.6E-4,4,56,64.06,25.82,0.5122,57,14.35,25.5,0.3532,58,-15.66,29.95,0.13444,59,-41.83,41.75,1.6E-4,3,56,101.6,6.49,3.1E-4,57,50.58,3.82,8.9E-4,58,14.57,0.46,0.99881,4,56,97.07,30.91,0.09931,57,47.61,28.47,0.14682,58,17.39,25.13,0.65912,59,-11.04,28.81,0.09474],"hull":19,"edges":[18,16,0,36,18,20,32,38,38,40,4,6,6,8,40,6,28,42,42,44,8,10,10,12,44,10,24,46,46,48,12,14,14,16,48,14,20,22,22,50,50,52,52,16,32,34,34,36,34,54,54,56,2,4,56,2,0,2,28,30,30,32,30,58,58,60,60,8,26,28,26,62,62,64,64,12,24,26,22,24],"width":102,"height":88}},"leaf1_path":{"leaf1_path":{"type":"path","lengths":[106.2,213.15],"vertexCount":6,"vertices":[47.87,-2.74,1.06,-1.1,-29.54,-0.02,-88.29,19.98,-153.69,-21.6,-193.21,-46.72]}},"leaf2":{"leaf2":{"type":"mesh","uvs":[0.16272,0.04622,0.37486,0.06463,0.61183,0.14618,0.73821,0.29349,0.77572,0.42466,0.79237,0.48289,0.79689,0.66703,0.86233,0.81961,0.833,0.89589,0.5351,0.85643,0.31393,0.75647,0.18754,0.57233,0.09727,0.40398,0.03634,0.24351,0,0.10146,0,0,0.06567,0,0.26508,0.20077,0.45904,0.31381,0.63462,0.51262,0.71822,0.70557,0.10622,0.10137,0.04101,0.04874,0.0206,0.07498,0.07704,0.16071,0.17796,0.30627,0.30461,0.46086,0.45866,0.64641,0.62964,0.77855],"triangles":[22,15,16,23,15,22,21,16,0,22,16,21,14,15,23,21,23,22,24,23,21,14,23,24,13,14,24,17,24,21,13,24,25,17,0,1,21,0,17,25,24,17,12,13,25,25,17,26,18,1,2,17,1,18,26,17,18,12,25,26,11,12,26,27,26,18,11,26,10,3,18,2,19,3,4,19,18,3,27,18,19,10,26,27,19,4,5,19,5,6,20,19,6,28,27,19,20,28,19,9,27,28,10,27,9,7,20,6,8,20,7,28,20,8,9,28,8],"vertices":[3,63,68.71,-13.21,0.00698,64,29.4,-13.11,0.79241,65,-0.37,-13.33,0.20061,3,62,83.16,-18.56,0.00916,63,32.91,-28.5,0.85987,64,-6.35,-28.52,0.13097,2,62,42.74,-38.81,0.71931,63,-11.49,-37.08,0.28069,3,61,71.35,-32.57,0.0667,62,10.05,-37.7,0.92817,63,-42.66,-27.19,0.00514,2,61,49.93,-29.05,0.4892,62,-9.03,-27.33,0.5108,2,61,40.42,-27.49,0.75256,62,-17.5,-22.73,0.24744,1,61,14.45,-14.76,1,1,61,-12.32,-14.2,1,1,61,-20.42,-3.87,1,3,61,10.45,41.49,0.738,62,-23.13,52.26,0.21645,63,-50.32,68.39,0.04555,4,61,43.19,70,0.23278,62,17.16,68.42,0.4856,63,-7.16,73.07,0.28131,64,-46.76,72.91,3.1E-4,5,61,79.55,77,0.04021,62,53.8,63.09,0.30963,63,26.68,58.04,0.58146,64,-12.88,58,0.0649,65,-53.12,50.4,0.0038,5,61,110.63,79.31,9.4E-4,62,83.92,55.05,0.07372,63,53.5,42.17,0.46864,64,14.01,42.22,0.35569,65,-24.13,38.96,0.101,4,62,109.26,44.25,0.00367,63,74.99,24.93,0.07466,64,35.55,25.05,0.31925,65,-0.18,25.33,0.60243,2,63,91.16,8.19,5.0E-5,65,18.42,11.34,0.99995,1,65,27.89,-1.47,1,2,64,48.5,-11.32,0.02427,65,18.22,-8.61,0.97573,2,63,40.91,-0.28,0.09871,64,1.56,-0.28,0.90129,2,62,45.2,-0.49,0.18179,63,1.23,-0.85,0.81821,3,61,49.74,0.23,0.4246,62,0.42,0.38,0.57531,63,-41.66,12.08,9.0E-5,3,61,15.8,0.8,0.99892,62,-31.45,12.08,9.8E-4,63,-69.18,31.94,1.0E-4,1,65,2.79,-0.22,1,1,65,17.3,0.23,1,1,65,17.86,5.76,1,4,62,112.69,29.67,5.0E-5,63,74.36,9.96,0.01037,64,34.97,10.08,0.17038,65,1.55,10.45,0.81921,5,61,117.33,59.09,2.0E-5,62,83.6,33.76,0.03254,63,47.45,21.76,0.41132,64,8.02,21.78,0.48868,65,-26.88,17.85,0.06745,5,61,85.06,49.89,0.02238,62,50.09,35.67,0.31149,63,15.7,32.65,0.63842,64,-23.76,32.57,0.02707,65,-59.95,23.59,6.4E-4,3,61,46.15,38.51,0.32454,62,9.6,37.72,0.53216,63,-22.73,45.55,0.1433,3,61,13.22,20.48,0.90384,62,-27.42,31.52,0.0841,63,-60.05,49.57,0.01206],"hull":17,"edges":[28,30,28,26,26,24,24,22,22,20,20,18,18,16,16,14,14,12,12,10,6,4,4,2,2,0,30,32,0,32,34,2,36,4,6,8,8,10,38,8,40,12,42,0,44,32,28,46,46,44,26,48,48,42,46,48,24,50,50,34,48,50,22,52,52,36,50,52,20,54,54,38,52,54,18,56,56,40,54,56,56,16],"width":183,"height":157}},"leaf2_path":{"leaf2_path":{"type":"path","lengths":[125.57,250.99],"vertexCount":6,"vertices":[30.81,-47.39,1.35,-0.48,-27.56,74.71,-77.93,77.63,-137.35,121.43,-185.78,149.27]}},"leaf3":{"leaf3":{"type":"mesh","uvs":[1,0.08546,0.97201,0.14628,0.94463,0.20576,0.93168,0.29937,0.91939,0.38822,0.89576,0.49758,0.8689,0.62188,0.65703,0.80717,0.52637,0.9466,0.2487,1,0,1,0,0.74005,0,0.51738,0,0.37335,0.14157,0.25497,0.29557,0.1802,0.42843,0.11571,0.67958,0.06487,1,0,0.27486,0.5473,0.59547,0.59367,0.45608,0.30196,0.73765,0.33338,0.66517,0.14788,0.83523,0.18678,0.23126,0.74213,0.36702,0.42369,0.68896,0.45491,0.55708,0.22805,0.7898,0.2676,0.82859,0.10317],"triangles":[29,24,2,29,23,24,2,24,1,23,30,24,24,30,1,23,17,30,23,16,17,1,30,0,0,30,18,30,17,18,27,22,4,27,21,22,4,22,3,3,22,29,21,28,22,22,28,29,14,15,21,21,15,28,3,29,2,28,23,29,15,16,28,28,16,23,20,27,5,20,26,27,12,13,26,5,27,4,26,21,27,13,14,26,26,14,21,8,9,25,9,10,25,10,11,25,8,25,7,25,20,7,7,20,6,25,19,20,25,11,19,11,12,19,6,20,5,19,26,20,19,12,26],"vertices":[2,69,45.76,-11.76,0.00417,70,24.28,-6.77,0.99583,3,68,61.39,-25.41,0.00248,69,38.72,-14.91,0.07107,70,18.07,-11.33,0.92645,4,67,79.27,-38.45,1.0E-4,68,53.91,-26.38,0.02351,69,31.84,-17.98,0.28316,70,12,-15.8,0.69323,4,67,67.74,-39.05,0.00926,68,42.87,-29.75,0.13681,69,22.24,-24.39,0.59854,70,3.97,-24.1,0.25539,4,67,56.79,-39.62,0.05479,68,32.39,-32.96,0.32266,69,13.12,-30.47,0.55816,70,-3.65,-31.97,0.06438,4,67,43.25,-39.77,0.20898,68,19.29,-36.38,0.4655,69,1.56,-37.52,0.32121,70,-13.45,-41.31,0.00432,3,67,27.86,-39.94,0.47735,68,4.4,-40.27,0.38701,69,-11.59,-45.52,0.13564,3,67,3.49,-28.94,0.92647,68,-21.91,-35.5,0.06241,69,-38.16,-48.51,0.01112,3,67,-14.61,-22.54,0.99907,68,-41.02,-33.68,9.2E-4,69,-56.99,-52.26,2.0E-5,1,67,-23.43,-5.19,1,1,67,-25.5,11.09,1,2,67,6.22,15.12,0.97187,68,-29.93,7.91,0.02813,2,67,33.39,18.57,0.72109,68,-4.41,17.84,0.27891,3,67,50.96,20.8,0.54839,68,12.1,24.26,0.44031,69,-22.76,18.5,0.0113,3,67,66.59,13.37,0.16573,68,29.06,20.83,0.53347,69,-5.53,20.09,0.30079,4,67,76.99,4.44,0.02449,68,41.32,14.69,0.15167,69,7.97,17.73,0.82307,70,-18.89,14.04,7.7E-4,4,67,85.96,-3.26,5.8E-4,68,51.89,9.39,0.00436,69,19.62,15.69,0.87279,70,-7.08,14.52,0.12227,2,69,34.75,6.47,0.02604,70,9.66,8.71,0.97396,1,70,31.01,1.31,1,1,67,32.02,0.11,1,3,67,29.03,-21.6,0.54977,68,1.09,-22.19,0.37696,69,-19.95,-29.16,0.07327,2,67,63.47,-7.95,1.0E-4,69,2.68,0.16,0.9999,4,67,61.97,-26.87,0.01581,68,34.33,-19.33,0.22875,69,11.06,-16.87,0.6892,70,-8.54,-19.11,0.06625,1,70,2.39,1.48,1,3,68,53.47,-18.8,0.01232,69,29.24,-10.85,0.24578,70,7.95,-9.38,0.7419,1,67,7.89,-0.05,1,2,68,15.11,-0.56,0.99838,69,-12.74,-4.41,0.00162,4,67,46.74,-25.57,0.12556,68,19.23,-21.76,0.55524,69,-2.7,-23.53,0.31649,70,-20.58,-28.54,0.00271,2,67,73.32,-13.42,2.0E-5,69,13.95,0.5,0.99998,4,67,70.43,-29.27,0.00254,68,43.12,-19.61,0.08044,69,19.56,-14.6,0.66211,70,-0.72,-15.1,0.25491,3,68,62.9,-14.67,6.0E-5,69,37.08,-4.18,0.00448,70,14.2,-1.2,0.99546],"hull":19,"edges":[26,28,0,36,12,14,14,16,18,20,16,18,24,26,24,38,38,40,40,12,28,42,42,44,44,8,32,46,46,48,48,4,20,22,22,24,8,10,10,12,28,30,30,32,4,6,6,8,32,34,34,36,0,2,2,4],"width":66,"height":123}},"leaf3_cst":{"leaf3_cst":{"type":"path","lengths":[72.92,147.07],"vertexCount":6,"vertices":[0.45,-32.19,0.74,-0.51,1.08,35.91,8.71,64.58,45.88,94.95,70.42,115]}},"leaf4":{"leaf4":{"type":"mesh","uvs":[1,0.11176,1,0.17373,0.91265,0.23569,0.8342,0.39196,0.73134,0.66138,0.625,0.80956,0.47159,0.94966,0.36002,1,0,1,0,0.90116,0.08109,0.66677,0.17697,0.42429,0.26937,0.21683,0.39096,0.121,0.48255,0.06386,0.58491,0,0.71516,0,0.84292,0,0.31267,0.60053,0.40072,0.75846,0.54221,0.3454,0.63969,0.51063,0.73874,0.21663,0.81263,0.33326,0.43373,0.4596,0.52964,0.61997,0.63969,0.27008,0.72773,0.42316,0.82678,0.17775,0.86137,0.27008,0.19004,0.77061,0.28123,0.88967],"triangles":[27,23,3,27,22,23,3,29,2,3,23,29,23,28,29,23,22,28,29,28,2,1,2,0,22,16,28,17,0,2,28,16,17,2,28,17,5,21,4,21,27,4,4,27,3,25,20,21,21,26,27,21,20,26,27,26,22,13,14,20,20,14,26,14,15,26,26,15,22,15,16,22,6,25,5,5,25,21,19,24,25,25,24,20,24,18,12,18,11,12,12,13,24,24,13,20,7,8,31,8,30,31,6,7,19,8,9,30,7,31,19,6,19,25,9,10,30,19,31,18,31,30,18,18,30,11,19,18,24,30,10,11],"vertices":[1,76,50.79,-0.53,1,1,76,48.93,-7.79,1,2,75,71.78,-16.67,6.3E-4,76,31.25,-11.01,0.99937,4,73,143.23,-45.19,1.4E-4,74,94.71,-34.89,0.00519,75,50.48,-27.57,0.31724,76,12.36,-25.71,0.67743,4,73,107.46,-57.57,0.04596,74,60.59,-51.27,0.23822,75,19.22,-48.92,0.65073,76,-14.34,-52.53,0.06509,4,73,80.69,-58.35,0.20044,74,34.09,-55.09,0.44948,75,-6.39,-56.71,0.34657,76,-38.05,-64.99,0.00351,3,73,47.86,-52.69,0.62725,74,0.82,-53.21,0.30258,75,-39.56,-59.89,0.07017,3,73,28.01,-43.82,0.88639,74,-19.91,-46.66,0.10035,75,-61.04,-56.55,0.01326,1,73,-23.28,-0.22,1,1,73,-15.54,8.89,1,2,73,14.39,20.68,0.96696,74,-40.8,15.88,0.03304,2,73,47.05,31.43,0.25813,74,-9.57,30.27,0.74187,2,74,18.76,41.51,0.98936,75,-36.17,36.45,0.01064,3,74,44.1,38.48,0.77426,75,-10.66,37.3,0.22566,76,-59.84,26.57,8.0E-5,3,74,62.18,34.69,0.37577,75,7.79,36.29,0.60345,76,-41.54,29.03,0.02078,3,74,82.38,30.46,0.07201,75,28.4,35.16,0.75692,76,-21.08,31.78,0.17107,3,74,102.62,16.9,3.0E-4,75,50.45,24.83,0.28146,76,2.52,25.75,0.71824,1,76,25.67,19.84,1,2,73,52.57,-1.26,0.99993,75,-48.54,-9.02,7.0E-5,3,73,52.74,-26.48,0.62731,74,2.68,-26.61,0.33963,75,-41.74,-33.31,0.03306,1,75,3.43,0.71,1,4,73,106.21,-32.57,0.02368,74,56.5,-26.57,0.22152,75,11.45,-25.13,0.72038,76,-26.44,-30.62,0.03441,2,75,43.32,-0.78,0.43538,76,0.31,-0.73,0.56462,3,74,95.32,-26.74,0.00135,75,49.84,-19.42,0.23552,76,10.21,-17.83,0.76313,1,74,27.94,-0.01,1,4,73,81.96,-29.33,0.1267,74,32.04,-26.11,0.63679,75,-12.8,-28.37,0.23596,76,-49.65,-38.35,5.4E-4,3,74,72.7,-2.39,5.4E-4,75,23.8,1.23,0.99927,76,-19.24,-2.42,2.0E-4,4,73,125.61,-35.17,0.00315,74,76.07,-26.94,0.03567,75,30.85,-22.53,0.7383,76,-7.87,-24.44,0.22288,2,75,60.22,-3.51,7.0E-5,76,17.42,-0.25,0.99993,2,75,61.34,-16.37,0.03063,76,20.93,-12.67,0.96937,1,73,21.77,-2.09,1,3,73,25.43,-24.11,0.97765,74,-24.71,-27.36,0.02071,75,-68.71,-38.21,0.00164],"hull":18,"edges":[14,16,14,12,12,10,10,8,8,6,6,4,4,2,2,0,0,34,26,24,24,22,22,20,16,18,20,18,22,36,36,38,38,12,26,40,40,42,42,8,30,44,44,46,46,6,26,28,28,30,30,32,32,34],"width":187,"height":121}},"leaf4_path":{"leaf4_path":{"type":"path","lengths":[106.72,215.09],"vertexCount":6,"vertices":[-40.4,-37.51,-0.03,-0.39,49.73,45.35,98.82,80.17,159.63,88.64,213.95,96.2]}},"leaf5":{"leaf5":{"type":"mesh","uvs":[0.24028,0.3242,0.41511,0.33216,0.55463,0.39782,0.6723,0.47542,0.78998,0.58486,0.82783,0.63402,0.88862,0.71297,0.91101,0.74205,0.95226,0.81768,1,0.90522,1,1,0.89427,0.96067,0.81437,0.93095,0.74279,0.94815,0.66545,0.96674,0.57649,1,0.43024,1,0.26736,0.96742,0,0.89129,0,0.39583,0.52942,0.61471,0.50588,0.81767,0.72274,0.70425,0.68911,0.85149,0.86226,0.81966,0.83873,0.88333,0.40502,0.57491,0.34114,0.7918,0.64373,0.66644,0.61179,0.83558,0.80174,0.77588,0.76476,0.85945,0.9295,0.88532],"triangles":[10,11,9,11,32,9,12,25,11,11,25,32,32,8,9,25,24,32,32,24,8,24,25,30,24,7,8,24,6,7,14,23,13,13,31,12,13,23,31,12,31,25,25,31,30,30,31,22,31,23,22,23,29,22,24,30,6,30,5,6,30,22,5,22,4,5,16,21,15,15,29,14,15,21,29,17,27,16,16,27,21,14,29,23,29,28,22,29,21,28,21,20,28,21,26,20,22,28,4,28,3,4,28,20,3,17,18,27,26,27,19,27,18,19,27,26,21,26,19,0,20,2,3,20,26,2,26,1,2,26,0,1],"vertices":[1,77,-2.92,20.27,1,1,77,17.11,23.53,1,2,77,34.25,20.43,0.97742,78,-4.42,20.73,0.02258,3,77,49.14,15.68,0.51672,78,11.1,18.94,0.45331,79,-16.26,16.4,0.02997,3,77,64.64,7.87,0.04608,78,27.82,14.26,0.31995,79,1.01,14.65,0.63397,3,77,69.9,4.02,0.00853,78,33.72,11.49,0.08134,79,7.3,12.92,0.91013,2,79,17.4,10.16,0.80875,80,-3.52,9.75,0.19125,2,79,21.12,9.14,0.51505,80,0.31,9.29,0.48495,2,79,29.13,5.44,0.00858,80,8.77,6.79,0.99142,1,80,18.56,3.9,1,1,80,24.62,-3.14,1,3,78,53.1,-15.13,5.8E-4,79,30.94,-10,0.02438,80,12.81,-8.22,0.97505,3,78,43.43,-15.99,0.05089,79,21.55,-12.49,0.45089,80,3.89,-12.06,0.49822,3,78,36.4,-20.73,0.23741,79,15.44,-18.36,0.65179,80,-1.31,-18.75,0.1108,4,77,57.9,-31.68,4.0E-5,78,28.81,-25.85,0.51211,79,8.83,-24.7,0.47652,80,-6.92,-25.98,0.01133,3,77,48.43,-36.92,0.01362,78,20.53,-32.81,0.71866,79,1.86,-32.98,0.26772,3,77,31.8,-40.28,0.16013,78,4.86,-39.31,0.74954,79,-12.47,-42.05,0.09033,3,77,12.65,-40.89,0.51389,78,-13.82,-43.59,0.47185,79,-30.14,-49.46,0.01426,2,77,-19.23,-39.72,0.86311,78,-45.33,-48.58,0.13689,1,77,-28.85,7.87,1,3,77,35.6,-0.99,0.04566,78,1.02,-0.02,0.95433,79,-22.96,-4,2.0E-5,3,77,36.86,-21.02,0.0606,78,6.12,-19.44,0.85083,79,-14.62,-22.26,0.08857,3,77,59.32,-5.15,6.2E-4,78,25.1,0.46,0.22186,79,0.68,0.59,0.77752,3,78,27.02,-14.36,0.40828,79,5.11,-13.69,0.58131,80,-12.21,-15.63,0.01041,3,78,44.38,-3.79,1.2E-4,79,20.41,-0.31,0.12828,80,0.98,-0.17,0.8716,3,78,44.25,-10.6,0.01629,79,21.44,-7.04,0.34382,80,2.98,-6.68,0.63989,3,77,20.68,-0.02,0.99926,78,-13.8,-1.95,7.4E-4,79,-37.23,-8.42,0,3,77,17.63,-22.32,0.51284,78,-12.51,-24.42,0.47442,79,-32.12,-30.34,0.01274,2,77,49.6,-3.33,0.00287,78,15.21,0.37,0.99713,3,77,49.25,-20.31,6.0E-5,78,18.14,-16.36,0.73072,79,-3.3,-17.17,0.26922,3,78,36.25,-2.51,0.00122,79,12.18,-0.44,0.99762,80,-7.14,-1.49,0.00116,3,78,35.43,-11.72,0.11507,79,12.94,-9.65,0.7808,80,-5.05,-10.5,0.10413,1,80,11.09,0.04,1],"hull":20,"edges":[38,0,0,2,2,4,4,6,20,18,36,38,30,32,4,40,40,42,42,32,44,46,28,30,46,28,12,14,12,48,48,50,50,24,6,8,2,52,52,54,32,34,54,34,34,36,6,56,56,58,58,30,8,10,10,12,10,60,60,62,24,26,26,28,62,26,14,16,16,18,16,64,20,22,22,24,64,22],"width":116,"height":98}},"leaf_5_path":{"leaf_5_path":{"type":"path","lengths":[70.14,141.09],"vertexCount":6,"vertices":[-35.18,0.68,0.54,-0.13,49.36,-1.25,73.78,-7.71,112.91,-39.62,140.6,-62.21]}},"roof1_redraw":{"roof1_redraw":{"type":"mesh","uvs":[1,0.09881,1,0.16601,1,0.2298,1,0.29396,1,0.36509,1,0.43536,1,0.47505,1,0.51434,1,0.55171,1,0.59234,1,0.63175,1,0.67094,1,0.71109,1,0.75037,1,0.78744,1,0.82814,1,0.86499,1,0.90904,1,0.95504,1,1,0,1,0,0.95345,0,0.9101,0,0.86975,0,0.82762,0,0.78956,0,0.74931,0,0.71215,0,0.672,0,0.63228,0,0.59181,0,0.55382,0,0.5154,0,0.47347,0,0.43324,0,0.36615,0,0.29344,0,0.22927,0,0.16601,0,0.09564,0,0,1,0],"triangles":[21,22,17,21,17,18,20,21,18,20,18,19,24,15,16,23,24,16,23,16,17,22,23,17,26,13,14,25,26,14,15,24,25,15,25,14,28,11,12,27,28,12,13,26,27,13,27,12,29,30,9,10,29,9,29,10,11,28,29,11,32,7,8,31,32,8,9,30,31,9,31,8,33,34,5,33,5,6,32,33,6,7,32,6,36,3,4,35,36,4,34,35,4,34,4,5,37,38,1,37,1,2,36,37,2,36,2,3,39,40,41,39,41,0,38,39,0,38,0,1],"vertices":[2,4,15.75,3.6,0.85115,5,-11.52,3.6,0.14885,2,4,27.45,3.6,0.52772,5,0.17,3.6,0.47228,3,4,38.55,3.6,0.18448,5,11.27,3.6,0.61522,6,-10.79,3.6,0.2003,2,5,22.44,3.6,0.45716,6,0.37,3.6,0.54284,3,5,34.81,3.6,0.13303,6,12.75,3.6,0.63086,7,-11.83,3.59,0.23611,2,6,24.98,3.6,0.5219,7,0.39,3.59,0.4781,3,6,31.88,3.6,0.09724,7,7.3,3.59,0.70399,8,-6.46,3.59,0.19877,2,7,14.14,3.59,0.45366,8,0.38,3.59,0.54634,3,7,20.64,3.59,0.13456,8,6.88,3.59,0.68851,9,-6.88,3.59,0.17693,2,8,13.95,3.59,0.48364,9,0.19,3.59,0.51636,3,8,20.81,3.59,0.1564,9,7.05,3.59,0.66469,10,-6.7,3.59,0.1789,2,9,13.87,3.59,0.47636,10,0.11,3.59,0.52364,3,9,20.86,3.59,0.15443,10,7.1,3.59,0.66468,11,-6.66,3.59,0.18089,2,10,13.93,3.59,0.48838,11,0.18,3.59,0.51162,3,10,20.39,3.59,0.15245,11,6.63,3.59,0.6833,12,-7.13,3.59,0.16425,2,11,13.71,3.59,0.50288,12,-0.05,3.59,0.49712,3,11,20.12,3.59,0.16908,12,6.36,3.59,0.65496,13,-7.39,3.59,0.17596,2,12,14.03,3.59,0.46943,13,0.27,3.59,0.53057,2,12,22.03,3.59,0.15738,13,8.28,3.59,0.84262,1,13,16.1,3.59,1,1,13,16.1,-5.41,1,2,12,21.76,-5.41,0.13519,13,8,-5.41,0.86481,2,12,14.21,-5.41,0.46854,13,0.46,-5.41,0.53146,3,11,20.95,-5.41,0.1681,12,7.19,-5.41,0.63258,13,-6.56,-5.41,0.19932,2,11,13.62,-5.41,0.50296,12,-0.14,-5.41,0.49704,3,10,20.75,-5.41,0.1659,11,7,-5.41,0.66862,12,-6.76,-5.41,0.16547,2,10,13.75,-5.41,0.48803,11,-0.01,-5.41,0.51197,3,9,21.04,-5.41,0.14784,10,7.28,-5.41,0.68337,11,-6.47,-5.41,0.1688,2,9,14.06,-5.41,0.47685,10,0.3,-5.41,0.52315,3,8,20.9,-5.41,0.15534,9,7.14,-5.41,0.65861,10,-6.61,-5.41,0.18606,2,8,13.86,-5.41,0.48343,9,0.1,-5.41,0.51657,3,7,21.01,-5.41,0.13699,8,7.25,-5.41,0.68424,9,-6.51,-5.41,0.17877,2,7,14.32,-5.41,0.43831,8,0.56,-5.41,0.56169,3,6,31.61,-5.4,0.30219,7,7.03,-5.41,0.50147,8,-6.73,-5.41,0.19634,2,6,24.61,-5.4,0.54957,7,0.03,-5.41,0.45043,3,5,35,-5.4,0.14318,6,12.93,-5.4,0.7888,7,-11.65,-5.41,0.06802,2,5,22.34,-5.4,0.45716,6,0.28,-5.4,0.54284,3,4,38.45,-5.4,0.18581,5,11.18,-5.4,0.62403,6,-10.88,-5.4,0.19016,2,4,27.45,-5.4,0.52772,5,0.17,-5.4,0.47228,2,4,15.2,-5.4,0.85248,5,-12.07,-5.4,0.14752,1,4,-1.44,-5.4,1,1,4,-1.44,3.6,1],"hull":42,"edges":[38,40,80,82,76,2,72,6,68,10,64,14,60,18,56,22,52,26,48,30,44,34,40,42,42,44,34,36,36,38,44,46,46,48,30,32,32,34,48,50,50,52,26,28,28,30,52,54,54,56,22,24,24,26,56,58,58,60,18,20,20,22,60,62,62,64,14,16,16,18,64,66,66,68,10,12,12,14,68,70,70,72,6,8,8,10,72,74,74,76,2,4,4,6,76,78,78,80,2,0,0,82],"width":9,"height":174}},"roof1_redraw2":{"roof1_redraw":{"type":"mesh","uvs":[1,0.0525,1,0.08186,1,0.11188,1,0.13661,1,0.16107,1,0.18359,1,0.20968,1,0.23124,1,0.25329,1,0.27247,1,0.2915,1,0.31505,1,0.33747,1,0.3587,1,0.38489,1,0.40722,1,0.43038,1,0.45337,1,0.47684,1,0.49769,1,0.51875,1,0.54169,1,0.56148,1,0.58342,1,0.60675,1,0.63016,1,0.65588,1,0.67936,1,0.71448,1,0.74211,1,0.77152,1,0.7967,1,0.82036,1,0.83799,1,0.85755,1,0.8761,1,0.89529,1,0.91576,1,0.93132,1,0.94695,1,0.95907,1,0.96981,1,0.98506,1,1,0,1,0,0.9861,0,0.97051,0,0.95942,0,0.94695,0,0.92994,0,0.91611,0,0.8939,0,0.8761,0,0.85651,0,0.83765,0,0.81863,0,0.7967,0,0.77117,0,0.74142,0,0.71552,0,0.67971,0,0.65623,0,0.62947,0,0.60744,0,0.58342,0,0.56252,0,0.54204,0,0.52013,0,0.49769,0,0.47823,0,0.45268,0,0.42968,0,0.40687,0,0.3842,0,0.35836,0,0.33816,0,0.31505,0,0.29347,0,0.27317,0,0.25364,0,0.23124,0,0.21072,0,0.18429,0,0.16107,0,0.13591,0,0.11188,0,0.08221,0,0.05423,0,0,1,0],"triangles":[43,45,42,43,44,45,45,46,42,46,41,42,46,47,41,47,40,41,47,48,40,48,39,40,39,48,38,48,49,38,49,37,38,49,50,37,37,50,36,50,51,36,51,35,36,51,52,35,35,52,34,52,53,34,53,33,34,53,54,33,54,32,33,54,55,32,55,31,32,55,56,31,31,56,30,56,57,30,57,29,30,57,58,29,29,58,59,29,59,28,59,60,28,60,27,28,60,61,27,61,26,27,26,61,25,61,62,25,25,63,24,25,62,63,63,64,24,64,23,24,23,65,22,23,64,65,65,66,22,66,21,22,66,67,21,67,20,21,67,68,20,68,19,20,68,69,19,69,18,19,69,70,18,70,17,18,70,16,17,70,71,16,71,15,16,71,72,15,72,14,15,72,73,14,73,13,14,73,74,13,13,75,12,13,74,75,75,76,12,76,11,12,11,77,10,11,76,77,77,78,10,78,9,10,78,79,9,79,8,9,79,80,8,80,7,8,80,81,7,81,6,7,81,82,6,82,5,6,82,83,5,83,4,5,83,3,4,83,84,3,84,2,3,84,85,2,85,86,2,86,1,2,86,87,1,87,0,1,87,88,0,88,89,0],"vertices":[2,15,25.54,3.22,0.73114,16,-17.21,3.22,0.26886,3,15,43.43,3.22,0.46996,16,0.68,3.22,0.44617,17,-32.81,2.97,0.08386,3,15,61.7,3.22,0.23673,16,18.96,3.22,0.49915,17,-14.53,3.12,0.26412,4,15,76.77,3.22,0.06698,16,34.02,3.22,0.41044,17,0.53,3.24,0.45077,18,-29.11,3.22,0.07181,3,16,48.92,3.22,0.23018,17,15.43,3.36,0.5351,18,-14.21,3.35,0.23472,4,16,62.63,3.22,0.06898,17,29.15,3.47,0.44479,18,-0.49,3.47,0.40688,19,-28.97,3.2,0.07935,3,17,45.03,3.6,0.26149,18,15.39,3.6,0.48525,19,-13.09,3.35,0.25326,4,17,58.16,3.7,0.0811,18,28.53,3.71,0.40905,19,0.05,3.47,0.43223,20,-25.22,3.95,0.07762,3,18,41.95,3.83,0.23719,19,13.48,3.6,0.50362,20,-11.79,3.82,0.25918,4,18,53.63,3.93,0.07348,19,25.15,3.71,0.42158,20,-0.11,3.71,0.44119,21,-26.56,3.95,0.06375,3,19,36.74,3.82,0.24747,20,11.47,3.6,0.56766,21,-14.98,3.95,0.18487,4,19,51.08,3.95,0.07516,20,25.82,3.47,0.45137,21,-0.64,3.95,0.38979,22,-26.14,4.38,0.08368,3,20,39.47,3.34,0.30955,21,13.02,3.95,0.42629,22,-12.49,4.15,0.26417,4,20,52.4,3.22,0.09028,21,25.95,3.95,0.38745,22,0.44,3.94,0.43972,23,-28.81,3.23,0.08255,3,21,41.9,3.95,0.21806,22,16.39,3.68,0.51281,23,-12.86,3.36,0.26913,4,21,55.5,3.95,0.0691,22,29.98,3.46,0.41328,23,0.73,3.48,0.43921,24,-27.87,4.35,0.07841,3,22,44.08,3.23,0.23217,23,14.84,3.6,0.51893,24,-13.76,4.11,0.2489,4,22,58.09,3,0.07022,23,28.84,3.72,0.42307,24,0.24,3.87,0.42098,25,-26.2,3.43,0.08573,3,23,43.14,3.84,0.24581,24,14.53,3.63,0.48393,25,-11.91,3.43,0.27026,4,23,55.83,3.95,0.07451,24,27.23,3.42,0.39682,25,0.79,3.43,0.44976,26,-26.81,3.1,0.07891,3,24,40.05,3.2,0.22768,25,13.61,3.43,0.53157,26,-13.98,3.26,0.24074,4,24,54.02,2.96,0.06707,25,27.59,3.43,0.42393,26,-0.01,3.43,0.41873,27,-25.08,2.76,0.09028,3,25,39.64,3.43,0.24503,26,12.04,3.58,0.44473,27,-13.04,2.76,0.31025,4,25,53,3.43,0.07387,26,25.4,3.75,0.399,27,0.33,2.76,0.46202,28,-29.24,2.05,0.06511,3,26,39.6,3.93,0.18591,27,14.53,2.76,0.59192,28,-15.03,2.28,0.22217,4,26,53.86,4.1,0.06314,27,28.79,2.76,0.47251,28,-0.77,2.5,0.39219,29,-30.22,2.98,0.07216,3,27,44.45,2.76,0.28556,28,14.88,2.75,0.48452,29,-14.56,2.98,0.22992,4,27,58.76,2.76,0.08773,28,29.19,2.98,0.42528,29,-0.26,2.98,0.3943,30,-36.76,2.98,0.09269,3,28,50.57,3.32,0.25615,29,21.13,2.98,0.45386,30,-15.37,2.98,0.28999,4,28,67.39,3.59,0.08064,29,37.96,2.98,0.36973,30,1.45,2.98,0.47566,31,-33.18,2.98,0.07397,3,29,55.87,2.98,0.20448,30,19.36,2.98,0.54972,31,-15.27,2.98,0.24579,4,29,71.2,2.98,0.06009,30,34.7,2.98,0.44804,31,0.07,2.98,0.42627,32,-25.93,3.54,0.06559,3,30,49.11,2.98,0.25657,31,14.48,2.98,0.52664,32,-11.52,3.54,0.21679,4,30,59.85,2.98,0.07882,31,25.21,2.98,0.45478,32,-0.79,3.54,0.38295,33,-22.49,4.26,0.08345,4,31,37.12,2.98,0.27686,32,11.12,3.54,0.45991,33,-10.59,3.88,0.2632,36,-69.31,2.78,3.0E-5,4,31,48.42,2.98,0.09579,32,22.42,3.54,0.42576,33,0.7,3.52,0.47838,36,-58.01,2.78,7.0E-5,4,32,34.11,3.54,0.22768,33,12.38,3.15,0.50639,34,-11.85,2.78,0.26388,36,-46.32,2.78,0.00205,4,33,24.85,2.76,0.43956,34,0.62,2.78,0.47541,35,-18.92,2.78,0.0775,36,-33.85,2.78,0.00754,4,33,34.32,2.46,0.22823,34,10.09,2.78,0.52459,35,-9.44,2.78,0.22078,36,-24.38,2.78,0.0264,4,33,43.83,2.15,0.06958,34,19.61,2.78,0.45245,35,0.07,2.78,0.3932,36,-14.86,2.78,0.08477,3,34,26.99,2.78,0.28922,35,7.46,2.78,0.48251,36,-7.48,2.78,0.22827,3,34,33.53,2.78,0.10875,35,14,2.78,0.43445,36,-0.94,2.78,0.4568,2,35,23.28,2.78,0.29208,36,8.35,2.78,0.70792,2,35,32.38,2.78,0.13584,36,17.45,2.78,0.86416,2,35,32.38,-6.22,0.12907,36,17.45,-6.22,0.87093,2,35,23.92,-6.22,0.25871,36,8.98,-6.22,0.74129,3,34,33.95,-6.22,0.08407,35,14.42,-6.22,0.44501,36,-0.52,-6.22,0.47093,3,34,27.2,-6.22,0.23902,35,7.67,-6.22,0.50272,36,-7.27,-6.22,0.25827,4,33,43.54,-6.84,0.07086,34,19.61,-6.22,0.42624,35,0.07,-6.22,0.41672,36,-14.86,-6.22,0.08618,4,33,33.19,-6.51,0.23212,34,9.25,-6.22,0.49821,35,-10.29,-6.22,0.24399,36,-25.22,-6.22,0.02568,4,33,24.77,-6.25,0.44158,34,0.83,-6.22,0.46849,35,-18.71,-6.22,0.08581,36,-33.64,-6.22,0.00412,4,33,11.25,-5.82,0.64736,34,-12.7,-6.22,0.32975,35,-32.23,-6.22,0.0228,36,-47.17,-6.22,9.0E-5,4,31,48.42,-6.02,0.09365,32,22.42,-5.46,0.42775,33,0.42,-5.47,0.47856,36,-58.01,-6.22,4.0E-5,3,31,36.49,-6.02,0.2675,32,10.49,-5.46,0.46909,33,-11.51,-5.09,0.2634,4,30,59.64,-6.02,0.07986,31,25,-6.02,0.45021,32,-1,-5.46,0.38662,33,-22.99,-4.73,0.08331,3,30,48.05,-6.02,0.25949,31,13.42,-6.02,0.51516,32,-12.58,-5.46,0.22535,4,29,71.2,-6.02,0.06236,30,34.7,-6.02,0.4478,31,0.07,-6.02,0.42263,32,-25.93,-5.46,0.06722,3,29,55.66,-6.02,0.21527,30,19.15,-6.02,0.54494,31,-15.48,-6.02,0.23979,4,28,67.11,-5.42,0.08022,29,37.54,-6.02,0.37465,30,1.03,-6.02,0.47207,31,-33.6,-6.02,0.07306,3,28,51.35,-5.67,0.25359,29,21.77,-6.02,0.46562,30,-14.74,-6.02,0.28079,4,27,58.97,-6.24,0.08825,28,29.54,-6.02,0.42387,29,-0.04,-6.02,0.39746,30,-36.55,-6.02,0.09042,3,27,44.67,-6.24,0.26663,28,15.24,-6.24,0.49296,29,-14.35,-6.02,0.24041,4,26,53.55,-4.9,0.09204,27,28.37,-6.24,0.44499,28,-1.05,-6.5,0.39042,29,-30.64,-6.02,0.07255,3,26,40.14,-5.07,0.31301,27,14.96,-6.24,0.46845,28,-14.47,-6.71,0.21854,4,25,53,-5.57,0.07186,26,25.51,-5.25,0.45767,27,0.33,-6.24,0.406,28,-29.09,-6.95,0.06446,3,25,40.27,-5.57,0.23533,26,12.78,-5.41,0.57758,27,-12.4,-6.24,0.18709,4,24,54.08,-6.04,0.06793,25,27.8,-5.57,0.41905,26,0.31,-5.57,0.45078,27,-24.87,-6.24,0.06225,3,24,40.74,-5.81,0.22572,25,14.46,-5.57,0.50359,26,-13.03,-5.73,0.27069,4,23,55.91,-5.05,0.07382,24,27.07,-5.58,0.39927,25,0.79,-5.57,0.446,26,-26.69,-5.9,0.08091,3,23,44.06,-5.15,0.24039,24,15.22,-5.38,0.49391,25,-11.06,-5.57,0.2657,4,22,57.52,-5.99,0.07314,23,28.5,-5.29,0.41856,24,-0.34,-5.12,0.42344,25,-26.62,-5.57,0.08486,3,22,43.51,-5.76,0.24425,23,14.49,-5.4,0.50208,24,-14.34,-4.88,0.25367,4,21,55.28,-5.05,0.07001,22,29.62,-5.54,0.4182,23,0.6,-5.52,0.43253,24,-28.23,-4.65,0.07927,3,21,41.48,-5.05,0.24429,22,15.82,-5.31,0.50766,23,-13.21,-5.64,0.24805,4,20,52.11,-5.78,0.062,21,25.74,-5.05,0.41754,22,0.08,-5.05,0.44082,23,-28.94,-5.78,0.07964,3,20,39.81,-5.66,0.18506,21,13.44,-5.05,0.55313,22,-12.21,-4.85,0.26181,4,19,51.17,-5.05,0.07318,20,25.73,-5.53,0.39562,21,-0.64,-5.05,0.44843,22,-26.29,-4.62,0.08278,3,19,38.03,-5.17,0.23934,20,12.59,-5.41,0.44779,21,-13.78,-5.05,0.31287,4,18,54.13,-5.07,0.07237,19,25.66,-5.29,0.41874,20,0.23,-5.29,0.41519,21,-26.14,-5.05,0.0937,3,18,42.24,-5.17,0.24017,19,13.77,-5.4,0.51459,20,-11.66,-5.18,0.24524,4,17,58.24,-5.3,0.08018,18,28.6,-5.29,0.408,19,0.13,-5.53,0.4327,20,-25.3,-5.05,0.07912,3,17,45.74,-5.4,0.25637,18,16.1,-5.39,0.4865,19,-12.37,-5.65,0.25712,4,16,63.06,-5.78,0.0702,17,29.64,-5.53,0.44149,18,0.01,-5.53,0.40784,19,-28.46,-5.8,0.08048,3,16,48.92,-5.78,0.23664,17,15.5,-5.64,0.52489,18,-14.13,-5.65,0.23847,4,15,76.34,-5.78,0.06584,16,33.6,-5.78,0.41398,17,0.18,-5.77,0.44727,18,-29.45,-5.78,0.07291,3,15,61.7,-5.78,0.23201,16,18.96,-5.78,0.50992,17,-14.46,-5.88,0.25807,3,15,43.64,-5.78,0.46769,16,0.89,-5.78,0.44965,17,-32.52,-6.03,0.08266,2,15,26.6,-5.78,0.72487,16,-16.15,-5.78,0.27513,2,15,-6.43,-5.78,0.87317,16,-49.18,-5.78,0.12683,2,15,-6.43,3.22,0.87469,16,-49.18,3.22,0.12531],"hull":90,"edges":[86,88,176,178,172,2,168,6,164,10,160,14,156,18,152,22,148,26,144,30,140,34,136,38,132,42,128,46,124,50,120,54,116,58,112,62,108,66,104,70,100,74,96,78,92,82,82,84,84,86,88,90,90,92,78,80,80,82,92,94,94,96,74,76,76,78,96,98,98,100,70,72,72,74,100,102,102,104,66,68,68,70,104,106,106,108,62,64,64,66,108,110,110,112,58,60,60,62,112,114,114,116,54,56,56,58,116,118,118,120,50,52,52,54,120,122,122,124,46,48,48,50,124,126,126,128,42,44,44,46,128,130,130,132,38,40,40,42,132,134,134,136,34,36,36,38,136,138,138,140,30,32,32,34,140,142,142,144,26,28,28,30,144,146,146,148,22,24,24,26,148,150,150,152,18,20,20,22,152,154,154,156,14,16,16,18,156,158,158,160,10,12,12,14,160,162,162,164,6,8,8,10,164,166,166,168,2,4,4,6,168,170,170,172,2,0,0,178,172,174,174,176],"width":9,"height":174}},"roof1_redraw_path":{"roof1_redraw_path":{"type":"path","lengths":[79.88,128.15,192.84],"vertexCount":9,"vertices":[41.48,31.39,0.03,1.53,-34.11,-23.07,-42.94,-89.51,-4.58,-80.66,40.22,-70.32,-2.88,-32.87,-11.18,-56.16,-28.33,-104.28]}},"roof_2_path":{"roof_2_path":{"type":"path","lengths":[92.87,253.62,476.92,557.98,617.76,997.12],"vertexCount":18,"vertices":[1,52,-54.23,-18.34,1,1,52,-1.52,1.16,1,1,52,52.3,21.07,1,2,52,61.15,-4.26,0.88552,53,-92.99,-4.45,0.11448,2,52,49.82,-53.97,0.88552,53,-104.82,-56.34,0.11448,2,52,45.1,-74.63,0.88552,53,-109.74,-77.91,0.11448,2,52,93.55,-164.33,0.9,53,-51.26,-163.46,0.1,2,52,186.58,-44.52,0.7,53,38.32,-43.96,0.3,2,52,249.3,36.1,0.7,53,99.41,36.91,0.3,2,53,101.96,-238.08,0.5,54,-47.39,-236.84,0.5,2,53,245.98,-8.79,0.5,54,95.64,-9.53,0.5,2,53,283.04,48.98,0.5,54,131.77,49.17,0.5,1,54,183.8,2.4,1,1,54,172.27,-10.29,1,1,54,131.61,-55,1,1,54,121.87,10.78,1,1,54,154.83,-0.2,1,1,52,488.6,9.07,1],"color":"2e1a8fff"}},"small_leaf1":{"small_leaf1":{"x":45.37,"y":-4.8,"rotation":139.57,"width":87,"height":58}},"small_leaf2":{"small_leaf2":{"type":"mesh","uvs":[1,0.10965,0.88494,0.33093,0.71816,0.628,0.49694,0.84321,0.1702,1,0,1,0,0.50978,0.09873,0.27334,0.27571,0.08843,0.54118,0,1,0,0.38168,0.42571,0.59028,0.2111,0.2594,0.65313],"triangles":[9,10,0,12,9,0,8,9,12,1,12,0,11,8,12,7,8,11,6,7,11,2,12,1,11,12,2,13,6,11,13,11,2,3,13,2,5,6,13,4,5,13,3,4,13],"vertices":[59.65,-32.17,44.15,-30.36,23.12,-27.25,6.1,-19.56,-9.24,-5,-12.26,4.22,17.55,14,33.68,13.37,48.07,7.48,58.16,-5.14,66.32,-29.98,29.44,-4.99,46.2,-12.01,13.44,-2.91],"hull":11,"edges":[8,10,8,6,6,4,4,2,0,20,2,0,18,20,18,16,16,14,10,12,14,12,14,22,22,4,16,24,24,2,12,26,26,6],"width":57,"height":64}},"wood_block_b":{"wood_block_b":{"x":37.81,"y":1.19,"rotation":90,"width":90,"height":91}},"wood_block_c":{"wood_block_c":{"x":43.11,"y":-1.41,"rotation":90,"width":78,"height":90}},"wood_block_d":{"wood_block_d":{"x":43.32,"y":1.51,"rotation":90,"width":67,"height":87}},"wood_block_l":{"wood_block_l":{"x":38.66,"y":0.48,"rotation":90,"width":77,"height":77}},"wood_block_lower":{"wood_block_lower":{"x":15.89,"y":46.91,"width":616,"height":103}},"wood_block_o2":{"wood_block_o":{"x":35.35,"y":-1.26,"rotation":90,"width":71,"height":72}},"wood_block_o3":{"wood_block_o":{"x":36.16,"y":-1.81,"rotation":90,"width":71,"height":72}},"wood_block_w":{"wood_block_w":{"x":44.64,"y":0.49,"rotation":90,"width":80,"height":90}}}}],"animations":{"idle_grow":{"bones":{"roof1_redraw":{"rotate":[{"angle":5.04,"curve":0.37,"c2":0.48,"c3":0.753},{"time":1,"curve":0.25,"c3":0.75},{"time":2.8333,"angle":8.99,"curve":0.253,"c3":0.621,"c4":0.48},{"time":3.6667,"angle":5.04}]},"roof_3":{"rotate":[{"angle":0.21,"curve":0.382,"c2":0.56,"c3":0.739},{"time":0.6667,"curve":0.25,"c3":0.75},{"time":2.5,"angle":0.66,"curve":0.244,"c3":0.643,"c4":0.58},{"time":3.6667,"angle":0.21}]},"roof_3b":{"rotate":[{"angle":-0.82,"curve":0.316,"c2":0.28,"c3":0.669,"c4":0.67},{"time":0.6667,"angle":-1.13,"curve":0.382,"c2":0.56,"c3":0.739},{"time":1.3333,"angle":-1.34,"curve":0.382,"c2":0.58,"c3":0.734},{"time":3.1667,"angle":-0.68,"curve":0.273,"c3":0.619,"c4":0.41},{"time":3.6667,"angle":-0.82}]},"roof_3c":{"rotate":[{"angle":-2.77,"curve":0.35,"c2":0.65,"c3":0.684},{"time":0.1667,"angle":-2.75,"curve":0.273,"c3":0.619,"c4":0.41},{"time":0.6667,"angle":-2.89,"curve":0.339,"c2":0.35,"c3":0.758},{"time":2,"angle":-3.41,"curve":0.347,"c2":0.38,"c3":0.735,"c4":0.91},{"time":3.6667,"angle":-2.77}]},"leaf1_1":{"scale":[{"curve":0.25,"c3":0.75},{"time":1.8333,"y":0.885,"curve":0.25,"c3":0.75},{"time":3.6667}]},"leaf1_2":{"rotate":[{"angle":-0.96}],"scale":[{"y":0.924,"curve":0.382,"c2":0.56,"c3":0.739},{"time":0.6667,"y":0.959,"curve":0.351,"c2":0.4,"c3":0.757},{"time":2.5,"y":0.849,"curve":0.244,"c3":0.643,"c4":0.58},{"time":3.6667,"y":0.924}]},"leaf1_3":{"rotate":[{"angle":-2.84}],"scale":[{"y":0.916,"curve":0.365,"c2":0.46,"c3":0.754},{"time":1.0667,"y":0.849,"curve":0.25,"c3":0.75},{"time":2.9,"y":0.959,"curve":0.256,"c3":0.619,"c4":0.46},{"time":3.6667,"y":0.916}]},"leaf1_4":{"rotate":[{"angle":-5}],"scale":[{"y":0.881,"curve":0.304,"c2":0.23,"c3":0.756},{"time":1.5667,"y":0.986,"curve":0.371,"c2":0.62,"c3":0.71},{"time":3.4,"y":0.872,"curve":0.295,"c3":0.632,"c4":0.37},{"time":3.6667,"y":0.881}]},"leaf2_1":{"scale":[{"y":0.854,"curve":0.25,"c3":0.75},{"time":1.8333,"y":0.779,"curve":0.25,"c3":0.75},{"time":3.6667,"y":0.854}]},"leaf2_2":{"scale":[{"y":0.909,"curve":0.372,"c2":0.49,"c3":0.752},{"time":0.9667,"y":0.954,"curve":0.382,"c2":0.57,"c3":0.735},{"time":2.8,"y":0.87,"curve":0.252,"c3":0.623,"c4":0.49},{"time":3.6667,"y":0.909}]},"leaf2_3":{"scale":[{"y":0.831,"curve":0.373,"c2":0.62,"c3":0.713},{"time":0.3333,"y":0.839,"curve":0.243,"c3":0.689,"c4":0.75},{"time":2.1667,"y":0.765,"curve":0.243,"c3":0.685,"c4":0.73},{"time":3.6667,"y":0.831}]},"leaf2_4":{"scale":[{"y":0.913,"curve":0.304,"c2":0.23,"c3":0.756},{"time":1.5667,"y":0.839,"curve":0.25,"c3":0.75},{"time":3.4,"y":0.919,"curve":0.295,"c3":0.632,"c4":0.37},{"time":3.6667,"y":0.913}]},"leaf2_5":{"scale":[{"y":0.83,"curve":0.382,"c2":0.56,"c3":0.739},{"time":0.6667,"y":0.854,"curve":0.371,"c2":0.62,"c3":0.71},{"time":2.5,"y":0.779,"curve":0.244,"c3":0.643,"c4":0.58},{"time":3.6667,"y":0.83}]},"leaf3_1":{"scale":[{"y":0.899}]},"leaf3_2":{"scale":[{"y":0.98}]},"leaf3_3":{"scale":[{"y":0.797}]},"leaf3_4":{"scale":[{"y":0.811}]},"leaf4_1":{"scale":[{"curve":0.25,"c3":0.75},{"time":1.8333,"y":0.96,"curve":0.25,"c3":0.75},{"time":3.6667}]},"leaf4_2":{"scale":[{"y":0.89,"curve":0.372,"c2":0.49,"c3":0.752},{"time":0.9667,"y":0.909,"curve":0.351,"c2":0.4,"c3":0.757},{"time":2.8,"y":0.873,"curve":0.252,"c3":0.623,"c4":0.49},{"time":3.6667,"y":0.89}]},"leaf4_3":{"scale":[{"y":0.897,"curve":0.339,"c2":0.35,"c3":0.758},{"time":1.3333,"y":0.868,"curve":0.25,"c3":0.75},{"time":3.1667,"y":0.904,"curve":0.273,"c3":0.619,"c4":0.41},{"time":3.6667,"y":0.897}]},"leaf4_4":{"scale":[{"y":0.979,"curve":0.381,"c2":0.59,"c3":0.73},{"time":0.5333,"y":0.988,"curve":0.371,"c2":0.62,"c3":0.71},{"time":2.3667,"y":0.948,"curve":0.243,"c3":0.657,"c4":0.63},{"time":3.6667,"y":0.979}]},"leaf_5_2":{"scale":[{"y":0.939}]},"leaf_5_3":{"scale":[{"y":0.985}]},"leaf_5_4":{"scale":[{"y":0.92}]},"small_leaf2_1":{"scale":[{"curve":0.25,"c3":0.75},{"time":1.8333,"y":0.856,"curve":0.25,"c3":0.75},{"time":3.6667}]},"small_leaf1_1":{"rotate":[{"curve":0.25,"c3":0.75},{"time":1.8333,"angle":-12.6,"curve":0.25,"c3":0.75},{"time":3.6667}],"scale":[{"curve":0.25,"c3":0.75},{"time":1.8333,"y":0.88,"curve":0.25,"c3":0.75},{"time":3.6667}]},"small_leaf1_2":{"rotate":[{"angle":1.89,"curve":0.373,"c2":0.62,"c3":0.713},{"time":0.3333,"angle":2.63,"curve":0.25,"c3":0.75},{"time":2.1667,"angle":-4.09,"curve":0.243,"c3":0.685,"c4":0.73},{"time":3.6667,"angle":1.89}],"scale":[{"y":0.961,"curve":0.357,"c2":0.42,"c3":0.756},{"time":1.1667,"y":0.88,"curve":0.25,"c3":0.75},{"time":3,"curve":0.261,"c3":0.618,"c4":0.44},{"time":3.6667,"y":0.961}]},"small_leaf1_3":{"rotate":[{"angle":5.57,"curve":0.382,"c2":0.56,"c3":0.739},{"time":0.6667,"angle":7.73,"curve":0.25,"c3":0.75},{"time":2.5,"angle":1.01,"curve":0.244,"c3":0.643,"c4":0.58},{"time":3.6667,"angle":5.57}],"scale":[{"y":0.95,"curve":0.38,"c2":0.53,"c3":0.745},{"time":0.8,"curve":0.25,"c3":0.75},{"time":2.6333,"y":0.88,"curve":0.247,"c3":0.632,"c4":0.53},{"time":3.6667,"y":0.95}]},"small_leaf1_4":{"rotate":[{"angle":9.86,"curve":0.37,"c2":0.48,"c3":0.753},{"time":1,"angle":13.63,"curve":0.25,"c3":0.75},{"time":2.8333,"angle":6.9,"curve":0.253,"c3":0.621,"c4":0.48},{"time":3.6667,"angle":9.86}],"scale":[{"y":0.89,"curve":0.304,"c2":0.23,"c3":0.756},{"time":1.5667,"curve":0.25,"c3":0.75},{"time":3.4,"y":0.88,"curve":0.295,"c3":0.632,"c4":0.37},{"time":3.6667,"y":0.89}]},"small_leaf2_2":{"rotate":[{"angle":-2.04}],"scale":[{"y":0.954,"curve":0.382,"c2":0.56,"c3":0.739},{"time":0.6667,"curve":0.25,"c3":0.75},{"time":2.5,"y":0.856,"curve":0.244,"c3":0.643,"c4":0.58},{"time":3.6667,"y":0.954}]},"small_leaf2_3":{"rotate":[{"angle":-6}],"scale":[{"y":0.984,"curve":0.373,"c2":0.62,"c3":0.713},{"time":0.3333,"curve":0.25,"c3":0.75},{"time":2.1667,"y":0.856,"curve":0.243,"c3":0.685,"c4":0.73},{"time":3.6667,"y":0.984}]},"small_leaf2_4":{"rotate":[{"angle":-10.57}],"scale":[{"y":0.97,"curve":0.339,"c2":0.35,"c3":0.758},{"time":1.3333,"y":0.856,"curve":0.25,"c3":0.75},{"time":3.1667,"curve":0.273,"c3":0.619,"c4":0.41},{"time":3.6667,"y":0.97}]},"small_leaf2_5":{"rotate":[{"angle":-15.14}],"scale":[{"y":0.984,"curve":0.373,"c2":0.62,"c3":0.713},{"time":0.3333,"curve":0.25,"c3":0.75},{"time":2.1667,"y":0.856,"curve":0.243,"c3":0.685,"c4":0.73},{"time":3.6667,"y":0.984}]},"leaf2":{"rotate":[{"angle":5.89,"curve":0.25,"c3":0.75},{"time":1.8333,"angle":-6.19,"curve":0.25,"c3":0.75},{"time":3.6667,"angle":5.89}]},"leaf1":{"rotate":[{"curve":0.25,"c3":0.75},{"time":1.8333,"angle":-6.1,"curve":0.25,"c3":0.75},{"time":3.6667}]},"leaf3":{"rotate":[{"angle":5.21,"curve":0.25,"c3":0.75},{"time":1.8333,"angle":-3.96,"curve":0.25,"c3":0.75},{"time":3.6667,"angle":5.21}]},"leaf4":{"rotate":[{"angle":4.79,"curve":0.358,"c2":0.65,"c3":0.693},{"time":0.1667,"angle":5.24,"curve":0.25,"c3":0.75},{"time":2,"angle":-7.59,"curve":0.245,"c3":0.714,"c4":0.85},{"time":3.6667,"angle":4.79}]},"leaf_5":{"rotate":[{"angle":2.88,"curve":0.371,"c2":0.63,"c3":0.709},{"time":0.3,"angle":4.27,"curve":0.25,"c3":0.75},{"time":2.1333,"angle":-10.27,"curve":0.27,"c3":0.619,"c4":0.41},{"time":2.6667,"angle":-6.92,"curve":0.326,"c2":0.31,"c3":0.706,"c4":0.79},{"time":3.6667,"angle":2.88}]},"wood_block_o3":{"scale":[{"x":0.893}]},"journey_e":{"scale":[{"x":0.893}]},"journey_n":{"scale":[{"x":0.893}]},"journey_j":{"scale":[{"x":0.893}]},"journey_r":{"scale":[{"x":0.893}]},"journey_u":{"scale":[{"x":0.893}]},"journey_upper":{"scale":[{"x":0.893}]},"journey_y":{"scale":[{"x":0.893}]},"wood_block_b":{"scale":[{"x":0.893}]},"wood_block_c":{"scale":[{"x":0.893}]},"wood_block_d":{"scale":[{"x":0.893}]},"wood_block_k":{"scale":[{"x":0.893}]},"wood_block_l":{"scale":[{"x":0.893}]},"wood_block_o":{"scale":[{"x":0.893}]},"wood_block_o2":{"scale":[{"x":0.893}]},"wood_block_w":{"scale":[{"x":0.893}]}},"path":{"roof1_redraw_path_cst":{"spacing":[{"curve":0.25,"c3":0.75},{"time":1.8333,"spacing":-2,"curve":0.25,"c3":0.75},{"time":3.6667}]},"roof_2_path_cst":{"spacing":[{"spacing":8.5,"curve":0.25,"c3":0.75},{"time":1.8333,"spacing":7.5,"curve":0.25,"c3":0.75},{"time":3.6667,"spacing":8.5}]}},"deform":{"default":{"leaf1_path":{"leaf1_path":[{"offset":6,"vertices":[1.74222,-20.84437,0,0,-4.04122,12.4062],"curve":0.37,"c2":0.48,"c3":0.753},{"time":1,"curve":0.25,"c3":0.75},{"time":2.8333,"offset":6,"vertices":[3.11075,-37.21778,0,0,-7.21564,22.15136],"curve":0.253,"c3":0.621,"c4":0.48},{"time":3.6667,"offset":6,"vertices":[1.74222,-20.84437,0,0,-4.04122,12.4062]}]},"leaf2_path":{"leaf2_path":[{"offset":6,"vertices":[3.41824,9.1082,0,0,0.32705,-0.98049],"curve":0.357,"c2":0.42,"c3":0.756},{"time":1.1667,"offset":6,"vertices":[-8.4426,-3.78818,0,0,7.59607,10.27899],"curve":0.25,"c3":0.75},{"time":3,"offset":6,"vertices":[9.04099,15.22185,0,0,-3.1189,-6.31815],"curve":0.261,"c3":0.618,"c4":0.44},{"time":3.6667,"offset":6,"vertices":[3.41824,9.1082,0,0,0.32705,-0.98049]}]},"leaf3_cst":{"leaf3_cst":[{"offset":6,"vertices":[8.25253,-3.93877,0,0,-4.61162,3.98842],"curve":0.379,"c2":0.52,"c3":0.747},{"time":0.8333,"offset":6,"vertices":[14.73495,-7.0327,0,0,-8.23407,7.12135],"curve":0.25,"c3":0.75},{"time":2.6667,"curve":0.247,"c3":0.63,"c4":0.52},{"time":3.6667,"offset":6,"vertices":[8.25253,-3.93877,0,0,-4.61162,3.98842]}]},"leaf4_path":{"leaf4_path":[{"offset":6,"vertices":[6.52524,-7.79284,0,0,-3.74218,8.64359],"curve":0.357,"c2":0.42,"c3":0.756},{"time":1.1667,"offset":6,"vertices":[20.28986,-24.23138,0,0,-11.63608,26.87674],"curve":0.25,"c3":0.75},{"time":3,"curve":0.261,"c3":0.618,"c4":0.44},{"time":3.6667,"offset":6,"vertices":[6.52524,-7.79284,0,0,-3.74218,8.64359]}]},"leaf_5_path":{"leaf_5_path":[{"offset":6,"vertices":[-3.19103,-6.2546,0,0,2.2323,4.43234],"curve":0.382,"c2":0.56,"c3":0.739},{"time":0.6667,"curve":0.25,"c3":0.75},{"time":2.5,"offset":6,"vertices":[-9.9223,-19.4483,0,0,6.94119,13.78209],"curve":0.244,"c3":0.643,"c4":0.58},{"time":3.6667,"offset":6,"vertices":[-3.19103,-6.2546,0,0,2.2323,4.43234]}]},"roof_2_path":{"roof_2_path":[{"curve":0.25,"c3":0.75},{"time":1.8333,"offset":18,"vertices":[-5.4487,7.74604,-5.62827,7.61662,0,0,0,0,0.63913,-6.52082,0.79117,-6.50413,-4.03078,9.88162,-4.61183,9.62417,0,0,0,0,-20.19073,21.64256,-21.44318,20.40236,0.79336,-0.7696,0,0,-3.26676,2.25794,2.5942,1.42515,0,0,3.95401,-44.88233],"curve":0.25,"c3":0.75},{"time":3.6667}]}}}},"start_grow":{"slots":{"background_highlight":{"color":[{"time":4.1667,"color":"ffffff00","curve":0.25,"c3":0.75},{"time":4.2667,"color":"ffffffff","curve":0.25,"c3":0.75},{"time":4.3667,"color":"ffffff00"}]},"leaf1":{"color":[{"color":"ffffff00","curve":0.25,"c3":0.75},{"time":0.3333,"color":"ffffffff"}]},"leaf2":{"color":[{"color":"ffffff00","curve":"stepped"},{"time":0.3333,"color":"ffffff00","curve":0.25,"c3":0.75},{"time":1,"color":"ffffffff"}]},"leaf3":{"color":[{"color":"ffffff00","curve":"stepped"},{"time":0.6667,"color":"ffffff00","curve":0.25,"c3":0.75},{"time":1,"color":"ffffffff"}]},"leaf4":{"color":[{"color":"ffffff00","curve":"stepped"},{"time":0.6667,"color":"ffffff00","curve":0.25,"c3":0.75},{"time":1,"color":"ffffffff"}]},"leaf5":{"color":[{"color":"ffffff00","curve":"stepped"},{"time":1,"color":"ffffff00","curve":0.25,"c3":0.75},{"time":1.3333,"color":"ffffffff"}]},"roof1_redraw":{"color":[{"color":"ffffff00","curve":"stepped"},{"time":0.5,"color":"ffffff00","curve":0.25,"c3":0.75},{"time":0.8333,"color":"ffffffff"}]},"roof1_redraw2":{"color":[{"color":"ffffff00","curve":"stepped"},{"time":1.3333,"color":"ffffff00"},{"time":1.6667,"color":"ffffffff"}]},"small_leaf1":{"color":[{"color":"ffffff00","curve":"stepped"},{"time":1,"color":"ffffff00"},{"time":1.3333,"color":"ffffffff"}]},"small_leaf2":{"color":[{"color":"ffffff00","curve":"stepped"},{"time":1.3333,"color":"ffffff00"},{"time":1.6667,"color":"ffffffff"}]}},"bones":{"wood_block_w":{"scale":[{"time":1.4,"curve":0,"c2":0.79,"c3":0.75},{"time":1.6,"x":0.893}]},"roof1_redraw":{"rotate":[{"angle":5.04}]},"journey_upper":{"scale":[{"time":2.5333,"curve":0.25,"c3":0.75},{"time":2.7333,"x":0.893}]},"wood_block_o":{"scale":[{"time":1.5,"curve":0,"c2":0.79,"c3":0.75},{"time":1.7,"x":0.893}]},"wood_block_d":{"scale":[{"time":1.7,"curve":0,"c2":0.79,"c3":0.75},{"time":1.9,"x":0.893}]},"wood_block_b":{"scale":[{"time":1.8,"curve":0,"c2":0.79,"c3":0.75},{"time":2.0333,"x":0.893}]},"wood_block_l":{"scale":[{"time":1.9,"curve":0,"c2":0.79,"c3":0.75},{"time":2.1333,"x":0.893}]},"wood_block_c":{"scale":[{"time":2.1333,"curve":0,"c2":0.79,"c3":0.75},{"time":2.3333,"x":0.893}]},"wood_block_k":{"scale":[{"time":2.2333,"curve":0,"c2":0.79,"c3":0.75},{"time":2.4333,"x":0.893}]},"wood_block_o2":{"scale":[{"time":1.6,"curve":0,"c2":0.79,"c3":0.75},{"time":1.8,"x":0.893}]},"wood_block_o3":{"scale":[{"time":2.0333,"curve":0,"c2":0.79,"c3":0.75},{"time":2.2333,"x":0.893}]},"journey_j":{"scale":[{"time":2.4333,"curve":0.25,"c3":0.75},{"time":2.6333,"x":0.893}]},"journey_u":{"scale":[{"time":2.6333,"curve":0.25,"c3":0.75},{"time":2.8667,"x":0.893}]},"journey_r":{"scale":[{"time":2.7333,"curve":0.25,"c3":0.75},{"time":2.9667,"x":0.893}]},"journey_n":{"scale":[{"time":2.8667,"curve":0.25,"c3":0.75},{"time":3.0667,"x":0.893}]},"journey_e":{"scale":[{"time":2.9667,"curve":0.25,"c3":0.75},{"time":3.1667,"x":0.893}]},"journey_y":{"scale":[{"time":3.0667,"curve":0.25,"c3":0.75},{"time":3.2667,"x":0.893}]},"roof_3":{"rotate":[{"curve":0.25,"c3":0.75},{"time":2.1667,"angle":-4.95,"curve":0.25,"c3":0.75},{"time":4.3333,"angle":0.21}]},"roof_3b":{"rotate":[{"angle":-1.34,"curve":0.382,"c2":0.58,"c3":0.734},{"time":0.7,"curve":0.25,"c3":0.75},{"time":2.8667,"angle":-4.95,"curve":0.243,"c3":0.651,"c4":0.61},{"time":4.3333,"angle":-0.82}]},"roof_3c":{"rotate":[{"angle":-3.41,"curve":0.355,"c2":0.42,"c3":0.756},{"time":1.4,"curve":0.25,"c3":0.75},{"time":3.5667,"angle":-4.95,"curve":0.262,"c3":0.618,"c4":0.44},{"time":4.3333,"angle":-2.77}]},"leaf1_1":{"rotate":[{"curve":0.25,"c3":0.75},{"time":1.0667,"angle":-10,"curve":0.25,"c3":0.75},{"time":2.1333,"curve":0.25,"c3":0.75},{"time":3.2333,"angle":-10,"curve":0.25,"c3":0.75},{"time":4.3333}],"scale":[{"curve":0.25,"c3":0.75},{"time":1.0667,"y":0.856,"curve":0.25,"c3":0.75},{"time":2.1667,"curve":0.25,"c3":0.75},{"time":3.2333,"y":0.856,"curve":0.25,"c3":0.75},{"time":4.3333}]},"leaf1_2":{"rotate":[{"angle":-0.96,"curve":0.371,"c2":0.62,"c3":0.71},{"time":0.1667,"curve":0.25,"c3":0.75},{"time":1.2333,"angle":-10,"curve":0.243,"c3":0.689,"c4":0.75},{"time":2.1333,"angle":-0.96,"curve":0.371,"c2":0.62,"c3":0.71},{"time":2.3667,"curve":0.25,"c3":0.75},{"time":3.4333,"angle":-10,"curve":0.243,"c3":0.689,"c4":0.75},{"time":4.3333,"angle":-0.96}],"scale":[{"y":0.959,"curve":0.351,"c2":0.4,"c3":0.757},{"time":0.7333,"y":0.856,"curve":0.25,"c3":0.75},{"time":1.8,"curve":0.265,"c3":0.618,"c4":0.43},{"time":2.1667,"y":0.959,"curve":0.351,"c2":0.4,"c3":0.757},{"time":2.9,"y":0.856,"curve":0.25,"c3":0.75},{"time":3.9667,"curve":0.265,"c3":0.618,"c4":0.43},{"time":4.3333,"y":0.924}]},"leaf1_3":{"rotate":[{"angle":-2.84,"curve":0.382,"c2":0.57,"c3":0.735},{"time":0.3333,"curve":0.25,"c3":0.75},{"time":1.4667,"angle":-10,"curve":0.243,"c3":0.649,"c4":0.6},{"time":2.1333,"angle":-2.84,"curve":0.382,"c2":0.57,"c3":0.735},{"time":2.5333,"curve":0.25,"c3":0.75},{"time":3.6,"angle":-10,"curve":0.243,"c3":0.649,"c4":0.6},{"time":4.3333,"angle":-2.84}],"scale":[{"y":0.959,"curve":0.382,"c2":0.57,"c3":0.735},{"time":0.3333,"curve":0.25,"c3":0.75},{"time":1.4667,"y":0.856,"curve":0.243,"c3":0.649,"c4":0.6},{"time":2.1667,"y":0.959,"curve":0.382,"c2":0.57,"c3":0.735},{"time":2.5333,"curve":0.25,"c3":0.75},{"time":3.6333,"y":0.856,"curve":0.243,"c3":0.649,"c4":0.6},{"time":4.3333,"y":0.916}]},"leaf1_4":{"rotate":[{"angle":-5,"curve":0.375,"c2":0.5,"c3":0.75},{"time":0.5667,"curve":0.25,"c3":0.75},{"time":1.6333,"angle":-10,"curve":0.25,"c3":0.625,"c4":0.5},{"time":2.1333,"angle":-5,"curve":0.375,"c2":0.5,"c3":0.75},{"time":2.7,"curve":0.25,"c3":0.75},{"time":3.7667,"angle":-10,"curve":0.25,"c3":0.625,"c4":0.5},{"time":4.3333,"angle":-5}],"scale":[{"y":0.986,"curve":0.371,"c2":0.62,"c3":0.71},{"time":0.1667,"curve":0.25,"c3":0.75},{"time":1.2667,"y":0.856,"curve":0.243,"c3":0.689,"c4":0.75},{"time":2.1667,"y":0.986,"curve":0.371,"c2":0.62,"c3":0.71},{"time":2.3667,"curve":0.25,"c3":0.75},{"time":3.4333,"y":0.856,"curve":0.243,"c3":0.689,"c4":0.75},{"time":4.3333,"y":0.881}]},"leaf2_1":{"scale":[{"y":0.854,"curve":0.311,"c2":0.25,"c3":0.757},{"time":0.9,"curve":0.25,"c3":0.75},{"time":1.9667,"y":0.839,"curve":0.29,"c3":0.629,"c4":0.38},{"time":2.1667,"y":0.854,"curve":0.311,"c2":0.25,"c3":0.757},{"time":3.0667,"curve":0.25,"c3":0.75},{"time":4.1333,"y":0.839,"curve":0.29,"c3":0.629,"c4":0.38},{"time":4.3333,"y":0.854}]},"leaf2_2":{"scale":[{"y":0.954,"curve":0.382,"c2":0.57,"c3":0.735},{"time":0.3333,"curve":0.25,"c3":0.625,"c4":0.5},{"time":0.9,"y":0.919,"curve":0.375,"c2":0.5,"c3":0.75},{"time":1.4667,"y":0.839,"curve":0.243,"c3":0.649,"c4":0.6},{"time":2.1667,"y":0.954,"curve":0.382,"c2":0.57,"c3":0.735},{"time":2.5333,"curve":0.25,"c3":0.625,"c4":0.5},{"time":3.0667,"y":0.919,"curve":0.375,"c2":0.5,"c3":0.75},{"time":3.6333,"y":0.839,"curve":0.243,"c3":0.649,"c4":0.6},{"time":4.3333,"y":0.909}]},"leaf2_3":{"scale":[{"y":0.839,"curve":0.243,"c3":0.689,"c4":0.75},{"time":0.9,"y":0.984,"curve":0.371,"c2":0.62,"c3":0.71},{"time":1.0667,"curve":0.25,"c3":0.75},{"time":2.1667,"y":0.839,"curve":0.243,"c3":0.689,"c4":0.75},{"time":3.0667,"y":0.984,"curve":0.371,"c2":0.62,"c3":0.71},{"time":3.2333,"curve":0.25,"c3":0.75},{"time":4.3333,"y":0.831}]},"leaf2_4":{"scale":[{"y":0.919,"curve":0.375,"c2":0.5,"c3":0.75},{"time":0.5667,"y":0.839,"curve":0.265,"c3":0.618,"c4":0.43},{"time":0.9,"y":0.885,"curve":0.351,"c2":0.4,"c3":0.757},{"time":1.6333,"curve":0.25,"c3":0.625,"c4":0.5},{"time":2.1667,"y":0.919,"curve":0.375,"c2":0.5,"c3":0.75},{"time":2.7,"y":0.839,"curve":0.265,"c3":0.618,"c4":0.43},{"time":3.0667,"y":0.885,"curve":0.351,"c2":0.4,"c3":0.757},{"time":3.8,"curve":0.25,"c3":0.625,"c4":0.5},{"time":4.3333,"y":0.913}]},"leaf2_5":{"scale":[{"y":0.854,"curve":0.371,"c2":0.62,"c3":0.71},{"time":0.1667,"y":0.839,"curve":0.243,"c3":0.649,"c4":0.6},{"time":0.9,"y":0.954,"curve":0.382,"c2":0.57,"c3":0.735},{"time":1.2667,"curve":0.243,"c3":0.689,"c4":0.75},{"time":2.1667,"y":0.854,"curve":0.371,"c2":0.62,"c3":0.71},{"time":2.3667,"y":0.839,"curve":0.243,"c3":0.649,"c4":0.6},{"time":3.0667,"y":0.954,"curve":0.382,"c2":0.57,"c3":0.735},{"time":3.4333,"curve":0.243,"c3":0.689,"c4":0.75},{"time":4.3333,"y":0.83}]},"leaf3_1":{"rotate":[{"angle":-3.89,"curve":0.375,"c2":0.5,"c3":0.75},{"time":0.5333,"angle":-7.79,"curve":0.25,"c3":0.75},{"time":1.5667,"curve":0.25,"c3":0.625,"c4":0.5},{"time":2.0667,"angle":-3.89,"curve":0.375,"c2":0.5,"c3":0.75},{"time":2.6,"angle":-7.79,"curve":0.25,"c3":0.75},{"time":3.6333,"curve":0.25,"c3":0.625,"c4":0.5},{"time":4.1667,"angle":-3.89}],"scale":[{"y":0.899,"curve":0.375,"c2":0.5,"c3":0.75},{"time":0.5667,"y":0.797,"curve":0.25,"c3":0.75},{"time":1.6333,"curve":0.25,"c3":0.625,"c4":0.5},{"time":2.1667,"y":0.899,"curve":0.375,"c2":0.5,"c3":0.75},{"time":2.7,"y":0.797,"curve":0.25,"c3":0.75},{"time":3.8,"curve":0.25,"c3":0.625,"c4":0.5},{"time":4.3333,"y":0.899}]},"leaf3_2":{"rotate":[{"angle":-2.21,"curve":0.351,"c2":0.4,"c3":0.757},{"time":0.7,"angle":-7.79,"curve":0.243,"c3":0.689,"c4":0.75},{"time":1.5667,"angle":-0.75,"curve":0.371,"c2":0.62,"c3":0.71},{"time":1.7333,"curve":0.265,"c3":0.618,"c4":0.43},{"time":2.0667,"angle":-2.21,"curve":0.351,"c2":0.4,"c3":0.757},{"time":2.7667,"angle":-7.79,"curve":0.243,"c3":0.689,"c4":0.75},{"time":3.6333,"angle":-0.75,"curve":0.371,"c2":0.62,"c3":0.71},{"time":3.8,"curve":0.265,"c3":0.618,"c4":0.43},{"time":4.1667,"angle":-2.21}],"scale":[{"y":0.98,"curve":0.371,"c2":0.62,"c3":0.71},{"time":0.1667,"curve":0.25,"c3":0.75},{"time":1.2667,"y":0.797,"curve":0.265,"c3":0.618,"c4":0.43},{"time":1.6333,"y":0.855,"curve":0.333,"c2":0.33,"c3":0.705,"c4":0.79},{"time":2.1667,"y":0.98,"curve":0.371,"c2":0.62,"c3":0.71},{"time":2.3667,"curve":0.25,"c3":0.75},{"time":3.4333,"y":0.797,"curve":0.265,"c3":0.618,"c4":0.43},{"time":3.8,"y":0.855,"curve":0.333,"c2":0.33,"c3":0.705,"c4":0.79},{"time":4.3333,"y":0.98}]},"leaf3_3":{"rotate":[{"angle":-0.75,"curve":0.311,"c2":0.25,"c3":0.757},{"time":0.8667,"angle":-7.79,"curve":0.243,"c3":0.649,"c4":0.6},{"time":1.5667,"angle":-2.21,"curve":0.382,"c2":0.57,"c3":0.735},{"time":1.9,"curve":0.29,"c3":0.629,"c4":0.38},{"time":2.0667,"angle":-0.75,"curve":0.311,"c2":0.25,"c3":0.757},{"time":2.9333,"angle":-7.79,"curve":0.243,"c3":0.649,"c4":0.6},{"time":3.6333,"angle":-2.21,"curve":0.382,"c2":0.57,"c3":0.735},{"time":3.9667,"curve":0.29,"c3":0.629,"c4":0.38},{"time":4.1667,"angle":-0.75}],"scale":[{"y":0.797,"curve":0.25,"c3":0.75},{"time":1.0667,"curve":0.25,"c3":0.625,"c4":0.5},{"time":1.6333,"y":0.899,"curve":0.375,"c2":0.5,"c3":0.75},{"time":2.1667,"y":0.797,"curve":0.25,"c3":0.75},{"time":3.2333,"curve":0.25,"c3":0.625,"c4":0.5},{"time":3.8,"y":0.899,"curve":0.375,"c2":0.5,"c3":0.75},{"time":4.3333,"y":0.797}]},"leaf3_4":{"rotate":[{"curve":0.25,"c3":0.75},{"time":1.0333,"angle":-7.79,"curve":0.25,"c3":0.625,"c4":0.5},{"time":1.5667,"angle":-3.89,"curve":0.375,"c2":0.5,"c3":0.75},{"time":2.0667,"curve":0.25,"c3":0.75},{"time":3.1,"angle":-7.79,"curve":0.25,"c3":0.625,"c4":0.5},{"time":3.6333,"angle":-3.89,"curve":0.375,"c2":0.5,"c3":0.75},{"time":4.1667}],"scale":[{"y":0.811,"curve":0.366,"c2":0.63,"c3":0.703},{"time":0.1333,"y":0.797,"curve":0.25,"c3":0.75},{"time":1.2333,"curve":0.261,"c3":0.618,"c4":0.44},{"time":1.6333,"y":0.934,"curve":0.341,"c2":0.36,"c3":0.713,"c4":0.82},{"time":2.1667,"y":0.811,"curve":0.366,"c2":0.63,"c3":0.703},{"time":2.3,"y":0.797,"curve":0.25,"c3":0.75},{"time":3.4,"curve":0.261,"c3":0.618,"c4":0.44},{"time":3.8,"y":0.934,"curve":0.341,"c2":0.36,"c3":0.713,"c4":0.82},{"time":4.3333,"y":0.811}]},"leaf4_1":{"scale":[{"curve":0.25,"c3":0.75},{"time":1.0667,"y":0.874,"curve":0.25,"c3":0.75},{"time":2.1667,"curve":0.25,"c3":0.75},{"time":3.2333,"y":0.874,"curve":0.25,"c3":0.75},{"time":4.3333}]},"leaf4_2":{"scale":[{"y":0.909,"curve":0.351,"c2":0.4,"c3":0.757},{"time":0.7333,"curve":0.25,"c3":0.75},{"time":1.8,"y":0.874,"curve":0.265,"c3":0.618,"c4":0.43},{"time":2.1667,"y":0.909,"curve":0.351,"c2":0.4,"c3":0.757},{"time":2.9,"curve":0.25,"c3":0.75},{"time":3.9667,"y":0.874,"curve":0.265,"c3":0.618,"c4":0.43},{"time":4.3333,"y":0.89}]},"leaf4_3":{"scale":[{"y":0.904,"curve":0.382,"c2":0.58,"c3":0.731},{"time":0.3,"y":0.874,"curve":0.25,"c3":0.75},{"time":1.4333,"curve":0.243,"c3":0.655,"c4":0.63},{"time":2.1667,"y":0.904,"curve":0.382,"c2":0.58,"c3":0.731},{"time":2.5,"y":0.874,"curve":0.25,"c3":0.75},{"time":3.5667,"curve":0.243,"c3":0.655,"c4":0.63},{"time":4.3333,"y":0.897}]},"leaf4_4":{"scale":[{"y":0.988,"curve":0.371,"c2":0.62,"c3":0.71},{"time":0.1667,"curve":0.25,"c3":0.75},{"time":1.2667,"y":0.874,"curve":0.243,"c3":0.689,"c4":0.75},{"time":2.1667,"y":0.988,"curve":0.371,"c2":0.62,"c3":0.71},{"time":2.3667,"curve":0.25,"c3":0.75},{"time":3.4333,"y":0.874,"curve":0.243,"c3":0.689,"c4":0.75},{"time":4.3333,"y":0.979}]},"leaf_5_1":{"rotate":[{"curve":0.25,"c3":0.75},{"time":1.0333,"angle":9.24,"curve":0.25,"c3":0.75},{"time":2.0667,"curve":0.25,"c3":0.75},{"time":3.1,"angle":9.24,"curve":0.25,"c3":0.75},{"time":4.1667}],"scale":[{"curve":0.25,"c3":0.75},{"time":1.0667,"y":0.888,"curve":0.25,"c3":0.75},{"time":2.1667,"curve":0.25,"c3":0.75},{"time":3.2333,"y":0.888,"curve":0.25,"c3":0.75},{"time":4.3333}]},"leaf_5_2":{"rotate":[{"angle":0.89,"curve":0.371,"c2":0.62,"c3":0.71},{"time":0.1667,"curve":0.25,"c3":0.75},{"time":1.2,"angle":9.24,"curve":0.243,"c3":0.689,"c4":0.75},{"time":2.0667,"angle":0.89,"curve":0.371,"c2":0.62,"c3":0.71},{"time":2.2667,"curve":0.25,"c3":0.75},{"time":3.3,"angle":9.24,"curve":0.243,"c3":0.689,"c4":0.75},{"time":4.1667,"angle":0.89}],"scale":[{"y":0.939,"curve":0.378,"c2":0.52,"c3":0.748},{"time":0.5333,"y":0.888,"curve":0.25,"c3":0.75},{"time":1.6,"curve":0.248,"c3":0.628,"c4":0.52},{"time":2.1667,"y":0.939,"curve":0.378,"c2":0.52,"c3":0.748},{"time":2.6667,"y":0.888,"curve":0.25,"c3":0.75},{"time":3.7667,"curve":0.248,"c3":0.628,"c4":0.52},{"time":4.3333,"y":0.939}]},"leaf_5_3":{"rotate":[{"angle":2.62,"curve":0.382,"c2":0.57,"c3":0.735},{"time":0.3333,"curve":0.25,"c3":0.75},{"time":1.4,"angle":9.24,"curve":0.243,"c3":0.649,"c4":0.6},{"time":2.0667,"angle":2.62,"curve":0.382,"c2":0.57,"c3":0.735},{"time":2.4333,"curve":0.25,"c3":0.75},{"time":3.4667,"angle":9.24,"curve":0.243,"c3":0.649,"c4":0.6},{"time":4.1667,"angle":2.62}],"scale":[{"y":0.985,"curve":0.375,"c2":0.62,"c3":0.716},{"time":0.2,"curve":0.25,"c3":0.75},{"time":1.3,"y":0.888,"curve":0.243,"c3":0.68,"c4":0.71},{"time":2.1667,"y":0.985,"curve":0.375,"c2":0.62,"c3":0.716},{"time":2.4,"curve":0.25,"c3":0.75},{"time":3.4667,"y":0.888,"curve":0.243,"c3":0.68,"c4":0.71},{"time":4.3333,"y":0.985}]},"leaf_5_4":{"rotate":[{"angle":4.62,"curve":0.375,"c2":0.5,"c3":0.75},{"time":0.5333,"curve":0.25,"c3":0.75},{"time":1.5667,"angle":9.24,"curve":0.25,"c3":0.625,"c4":0.5},{"time":2.0667,"angle":4.62,"curve":0.375,"c2":0.5,"c3":0.75},{"time":2.6,"curve":0.25,"c3":0.75},{"time":3.6333,"angle":9.24,"curve":0.25,"c3":0.625,"c4":0.5},{"time":4.1667,"angle":4.62}],"scale":[{"y":0.92,"curve":0.351,"c2":0.4,"c3":0.757},{"time":0.7333,"curve":0.25,"c3":0.75},{"time":1.8,"y":0.888,"curve":0.265,"c3":0.618,"c4":0.43},{"time":2.1667,"y":0.92,"curve":0.351,"c2":0.4,"c3":0.757},{"time":2.9,"curve":0.25,"c3":0.75},{"time":3.9667,"y":0.888,"curve":0.265,"c3":0.618,"c4":0.43},{"time":4.3333,"y":0.92}]},"small_leaf2_1":{"rotate":[{"curve":0.25,"c3":0.75},{"time":1.1,"angle":-21.14,"curve":0.25,"c3":0.75},{"time":2.1333,"curve":0.25,"c3":0.75},{"time":3.2333,"angle":-21.14,"curve":0.25,"c3":0.75},{"time":4.3333}]},"small_leaf1_1":{"rotate":[{"curve":0.25,"c3":0.75},{"time":1.0667,"angle":27.25,"curve":0.25,"c3":0.75},{"time":2.1333,"curve":0.25,"c3":0.75},{"time":3.2667,"angle":27.25,"curve":0.25,"c3":0.75},{"time":4.3333}]},"small_leaf1_2":{"rotate":[{"angle":2.63,"curve":0.371,"c2":0.62,"c3":0.71},{"time":0.1667,"curve":0.25,"c3":0.75},{"time":1.2333,"angle":27.25,"curve":0.243,"c3":0.689,"c4":0.75},{"time":2.1333,"angle":2.63,"curve":0.371,"c2":0.62,"c3":0.71},{"time":2.3667,"curve":0.25,"c3":0.75},{"time":3.4333,"angle":27.25,"curve":0.243,"c3":0.689,"c4":0.75},{"time":4.3333,"angle":1.89}],"scale":[{"y":0.961}]},"small_leaf1_3":{"rotate":[{"angle":7.73,"curve":0.382,"c2":0.57,"c3":0.735},{"time":0.3333,"curve":0.25,"c3":0.75},{"time":1.4667,"angle":27.25,"curve":0.243,"c3":0.649,"c4":0.6},{"time":2.1333,"angle":7.73,"curve":0.382,"c2":0.57,"c3":0.735},{"time":2.5333,"curve":0.25,"c3":0.75},{"time":3.6,"angle":27.25,"curve":0.243,"c3":0.649,"c4":0.6},{"time":4.3333,"angle":5.57}],"scale":[{"y":0.95}]},"small_leaf1_4":{"rotate":[{"angle":13.63,"curve":0.375,"c2":0.5,"c3":0.75},{"time":0.5667,"curve":0.25,"c3":0.75},{"time":1.6333,"angle":27.25,"curve":0.25,"c3":0.625,"c4":0.5},{"time":2.1333,"angle":13.63,"curve":0.375,"c2":0.5,"c3":0.75},{"time":2.7,"curve":0.25,"c3":0.75},{"time":3.7667,"angle":27.25,"curve":0.25,"c3":0.625,"c4":0.5},{"time":4.3333,"angle":9.86}],"scale":[{"y":0.89}]},"small_leaf2_2":{"rotate":[{"angle":-2.04,"curve":0.371,"c2":0.62,"c3":0.71},{"time":0.1667,"curve":0.25,"c3":0.75},{"time":1.2333,"angle":-21.14,"curve":0.243,"c3":0.689,"c4":0.75},{"time":2.1333,"angle":-2.04,"curve":0.371,"c2":0.62,"c3":0.71},{"time":2.3667,"curve":0.25,"c3":0.75},{"time":3.4333,"angle":-21.14,"curve":0.243,"c3":0.689,"c4":0.75},{"time":4.3333,"angle":-2.04}],"scale":[{"y":0.954}]},"small_leaf2_3":{"rotate":[{"angle":-6,"curve":0.382,"c2":0.57,"c3":0.735},{"time":0.3333,"curve":0.25,"c3":0.75},{"time":1.4667,"angle":-21.14,"curve":0.243,"c3":0.649,"c4":0.6},{"time":2.1333,"angle":-6,"curve":0.382,"c2":0.57,"c3":0.735},{"time":2.5333,"curve":0.25,"c3":0.75},{"time":3.6,"angle":-21.14,"curve":0.243,"c3":0.649,"c4":0.6},{"time":4.3333,"angle":-6}],"scale":[{"y":0.984}]},"small_leaf2_4":{"rotate":[{"angle":-10.57,"curve":0.375,"c2":0.5,"c3":0.75},{"time":0.5667,"curve":0.25,"c3":0.75},{"time":1.6333,"angle":-21.14,"curve":0.25,"c3":0.625,"c4":0.5},{"time":2.1333,"angle":-10.57,"curve":0.375,"c2":0.5,"c3":0.75},{"time":2.7,"curve":0.25,"c3":0.75},{"time":3.7667,"angle":-21.14,"curve":0.25,"c3":0.625,"c4":0.5},{"time":4.3333,"angle":-10.57}],"scale":[{"y":0.97}]},"small_leaf2_5":{"rotate":[{"angle":-15.14,"curve":0.351,"c2":0.4,"c3":0.757},{"time":0.7333,"curve":0.25,"c3":0.75},{"time":1.8,"angle":-21.14,"curve":0.265,"c3":0.618,"c4":0.43},{"time":2.1333,"angle":-15.14,"curve":0.351,"c2":0.4,"c3":0.757},{"time":2.8667,"curve":0.25,"c3":0.75},{"time":3.9333,"angle":-21.14,"curve":0.265,"c3":0.618,"c4":0.43},{"time":4.3333,"angle":-15.14}],"scale":[{"y":0.984}]},"leaf2":{"rotate":[{"angle":0.96,"curve":0.382,"c2":0.58,"c3":0.732},{"time":0.6667,"curve":0.25,"c3":0.75},{"time":2.8333,"angle":3.83,"curve":0.243,"c3":0.654,"c4":0.62},{"time":4.3333,"angle":5.89}]},"leaf1":{"rotate":[{"curve":0.25,"c3":0.75},{"time":2.1667,"angle":3.4,"curve":0.25,"c3":0.75},{"time":4.3333}]},"leaf3":{"rotate":[{"angle":5.21,"curve":0.36,"c2":0.43,"c3":0.755},{"time":1.3333,"curve":0.25,"c3":0.75},{"time":3.5,"angle":7.98,"curve":0.259,"c3":0.618,"c4":0.45},{"time":4.3333,"angle":5.21}]},"leaf4":{"rotate":[{"curve":0.25,"c3":0.75},{"time":2.1667,"angle":-9.68,"curve":0.25,"c3":0.75},{"time":4.3333,"angle":4.79}]},"leaf_5":{"rotate":[{"angle":-3.47,"curve":0.382,"c2":0.58,"c3":0.734},{"time":0.7,"curve":0.25,"c3":0.75},{"time":2.8667,"angle":-12.82,"curve":0.243,"c3":0.651,"c4":0.61},{"time":4.3333,"angle":2.88}]}},"path":{"leaf1_path_cst":{"spacing":[{"spacing":-28,"curve":0.25,"c3":0.75},{"time":1.6667}]},"leaf2_path_cst":{"spacing":[{"spacing":-35,"curve":"stepped"},{"time":0.3333,"spacing":-35,"curve":0.25,"c3":0.75},{"time":2}]},"leaf3_cst_cst":{"spacing":[{"spacing":-21,"curve":"stepped"},{"time":0.6667,"spacing":-21,"curve":0.25,"c3":0.75},{"time":2.3333}]},"leaf4_path_cst":{"spacing":[{"spacing":-37,"curve":"stepped"},{"time":0.6667,"spacing":-37,"curve":0.25,"c3":0.75},{"time":3}]},"leaf_5_path_cst":{"spacing":[{"spacing":-17,"curve":"stepped"},{"time":1,"spacing":-17,"curve":0.25,"c3":0.75},{"time":3.6667}]},"roof1_redraw_path_cst":{"spacing":[{"spacing":-14,"curve":"stepped"},{"time":0.5,"spacing":-14,"curve":0.25,"c3":0.75},{"time":2}]},"roof_2_path_cst":{"spacing":[{"spacing":-33,"curve":"stepped"},{"time":1,"spacing":-33,"curve":0.244,"c3":0.7,"c4":0.79},{"time":3.1667,"spacing":5.6156}]}},"deform":{"default":{"leaf1_path":{"leaf1_path":[{"offset":6,"vertices":[1.74222,-20.84437,0,0,-4.04122,12.4062]}]},"leaf2_path":{"leaf2_path":[{"offset":6,"vertices":[3.41824,9.1082,0,0,0.32705,-0.98049]}]},"leaf3_cst":{"leaf3_cst":[{"offset":6,"vertices":[8.25253,-3.93877,0,0,-4.61162,3.98842]}]},"leaf4_path":{"leaf4_path":[{"time":4.3333,"offset":6,"vertices":[6.52524,-7.79284,0,0,-3.74218,8.64359]}]},"leaf_5_path":{"leaf_5_path":[{"time":4.3333,"offset":6,"vertices":[-3.19103,-6.2546,0,0,2.2323,4.43234]}]}}}}}}