{"value":[{"name":"pattern-0","data":[["*","*","*","*","","","","",""],["","*","","","","","","",""],["","","*","","","","","",""],["","","","*","","","","",""],["","","","","*","","","",""],["","","","","","*","","",""],["","","","","","","*","",""],["","","","","","","","*",""],["","","","","","","","","*"]]},{"name":"pattern-1","data":[["*","*","","","","","","*","*"],["*","*","","","","","","*","*"],["","","","","","","","",""],["","","","","","","","",""],["","","","","","","","",""],["","","","","","","","",""],["","","","","","","","",""],["*","*","","","","","","*","*"],["*","*","","","","","","*","*"]]},{"name":"pattern-2","data":[["","","","","*","","","",""],["","","","","*","","","",""],["","","","","*","","","",""],["","","","","*","","","",""],["","","","","*","","","",""],["","","","","*","","","",""],["","","","","*","","","",""],["","","","","*","","","",""],["","","","","*","","","",""]]},{"name":"pattern-3","data":[["","","","","*","","","",""],["*","","","","","","","",""],["","","*","","","","","",""],["","","","","*","","","*",""],["","","","*","","","*","",""],["","","","","*","","","",""],["","","","","","","","",""],["","","","","*","","","*",""],["","","","","","","","",""]]},{"name":"pattern-4","data":[["","","","","","","","",""],["","","","","","","","",""],["","","","","","","","",""],["","","","","","","","",""],["","","","","","","","",""],["","","","","","","","",""],["","","","","","","","",""],["","","","","","","","",""],["","","","","","","","",""]]}]}