{ "compressionlevel":-1,
 "height":9,
 "infinite":false,
 "layers":[
        {
         "data":[0, 0, 0, 0, 0, 0, 0, 0, 0,
            0, 0, 0, 0, 0, 0, 0, 0, 0,
            0, 0, 0, 0, 12, 0, 0, 0, 0,
            0, 0, 0, 12, 12, 12, 0, 0, 0,
            0, 0, 0, 14, 0, 14, 0, 0, 0,
            0, 0, 14, 0, 0, 0, 14, 0, 0,
            0, 13, 0, 0, 0, 0, 0, 13, 0,
            0, 13, 0, 0, 0, 0, 0, 13, 0,
            0, 0, 0, 0, 0, 0, 0, 0, 0],
         "height":9,
         "id":1,
         "name":"map",
         "opacity":1,
         "properties":[
                {
                 "name":"segment1",
                 "propertytype":"segment",
                 "type":"class",
                 "value":
                    {
                     "avgScore":3.1,
                     "piece1":"{min: 1, max: 10}",
                     "piece5":"{min: 1, max: 10}",
                     "pieceDistancePerGem":1,
                     "score":100
                    }
                }],
         "type":"tilelayer",
         "visible":true,
         "width":9,
         "x":0,
         "y":0
        }, 
        {
         "draworder":"topdown",
         "id":2,
         "name":"spawnOrder",
         "objects":[
                {
                 "gid":108,
                 "height":10,
                 "id":1316,
                 "name":"II4",
                 "rotation":0,
                 "type":"II4",
                 "visible":true,
                 "width":40,
                 "x":-28,
                 "y":125
                }, 
                {
                 "gid":108,
                 "height":10,
                 "id":2002,
                 "name":"II4",
                 "properties":[
                        {
                         "name":"gem_id",
                         "type":"string",
                         "value":"12, 11"
                        }, 
                        {
                         "name":"gem_position",
                         "type":"string",
                         "value":"2, 1"
                        }],
                 "rotation":0,
                 "type":"II4",
                 "visible":true,
                 "width":40,
                 "x":-28,
                 "y":125
                }, 
                {
                 "gid":127,
                 "height":20,
                 "id":1317,
                 "name":"S1",
                 "rotation":0,
                 "type":"S1",
                 "visible":true,
                 "width":30,
                 "x":34,
                 "y":130
                }, 
                {
                 "gid":127,
                 "height":20,
                 "id":2001,
                 "name":"S1",
                 "rotation":0,
                 "type":"S1",
                 "visible":true,
                 "width":30,
                 "x":34,
                 "y":130
                }, 
                {
                 "gid":148,
                 "height":30,
                 "id":1318,
                 "name":"VV4",
                 "rotation":0,
                 "type":"VV4",
                 "visible":true,
                 "width":30,
                 "x":92,
                 "y":135
                }, 
                {
                 "gid":148,
                 "height":30,
                 "id":2000,
                 "name":"VV4",
                 "rotation":0,
                 "type":"VV4",
                 "visible":true,
                 "width":30,
                 "x":92,
                 "y":135
                }, 
                {
                 "gid":113,
                 "height":20,
                 "id":1319,
                 "name":"J4",
                 "rotation":0,
                 "type":"J4",
                 "visible":true,
                 "width":30,
                 "x":-23,
                 "y":183
                }, 
                {
                 "gid":113,
                 "height":20,
                 "id":1999,
                 "name":"J4",
                 "rotation":0,
                 "type":"J4",
                 "visible":true,
                 "width":30,
                 "x":-23,
                 "y":183
                }, 
                {
                 "gid":133,
                 "height":30,
                 "id":1320,
                 "name":"TT1",
                 "rotation":0,
                 "type":"TT1",
                 "visible":true,
                 "width":30,
                 "x":34,
                 "y":188
                },
            
                {
                 "gid":133,
                 "height":30,
                 "id":1998,
                 "name":"TT1",
                 "rotation":0,
                 "type":"TT1",
                 "visible":true,
                 "width":30,
                 "x":34,
                 "y":188
                }, 
                {
                 "gid":144,
                 "height":20,
                 "id":1321,
                 "name":"V4",
                 "rotation":0,
                 "type":"V4",
                 "visible":true,
                 "width":20,
                 "x":97,
                 "y":183
                }, 
                {
                 "gid":144,
                 "height":20,
                 "id":1997,
                 "name":"V4",
                 "properties":[
                        {
                         "name":"gem_id",
                         "type":"string",
                         "value":"11"
                        }, 
                        {
                         "name":"gem_position",
                         "type":"string",
                         "value":"2"
                        }],
                 "rotation":0,
                 "type":"V4",
                 "visible":true,
                 "width":20,
                 "x":97,
                 "y":183
                }, 
                {
                 "gid":131,
                 "height":20,
                 "id":1322,
                 "name":"T3",
                 "rotation":0,
                 "type":"T3",
                 "visible":true,
                 "width":30,
                 "x":-23,
                 "y":236
                }, 
                {
                 "gid":131,
                 "height":20,
                 "id":1996,
                 "name":"T3",
                 "rotation":0,
                 "type":"T3",
                 "visible":true,
                 "width":30,
                 "x":-23,
                 "y":236
                }, 
                {
                 "gid":128,
                 "height":30,
                 "id":1323,
                 "name":"S2",
                 "rotation":0,
                 "type":"S2",
                 "visible":true,
                 "width":20,
                 "x":39,
                 "y":242
                }, 
                {
                 "gid":128,
                 "height":30,
                 "id":1995,
                 "name":"S2",
                 "rotation":0,
                 "type":"S2",
                 "visible":true,
                 "width":20,
                 "x":39,
                 "y":242
                }, 
                {
                 "gid":106,
                 "height":10,
                 "id":1324,
                 "name":"II2",
                 "rotation":0,
                 "type":"II2",
                 "visible":true,
                 "width":20,
                 "x":97,
                 "y":232
                }, 
                {
                 "gid":106,
                 "height":10,
                 "id":1994,
                 "name":"II2",
                 "properties":[
                        {
                         "name":"gem_id",
                         "type":"string",
                         "value":"11"
                        }, 
                        {
                         "name":"gem_position",
                         "type":"string",
                         "value":"1"
                        }],
                 "rotation":0,
                 "type":"II2",
                 "visible":true,
                 "width":20,
                 "x":97,
                 "y":232
                },
            
                {
                 "gid":106,
                 "height":10,
                 "id":1325,
                 "name":"II2",
                 "rotation":0,
                 "type":"II2",
                 "visible":true,
                 "width":20,
                 "x":-18,
                 "y":286
                }, 
                {
                 "gid":106,
                 "height":10,
                 "id":1993,
                 "name":"II2",
                 "rotation":0,
                 "type":"II2",
                 "visible":true,
                 "width":20,
                 "x":-18,
                 "y":286
                }, 
                {
                 "gid":103,
                 "height":30,
                 "id":1326,
                 "name":"I3",
                 "rotation":0,
                 "type":"I3",
                 "visible":true,
                 "width":10,
                 "x":44,
                 "y":296
                }, 
                {
                 "gid":103,
                 "height":30,
                 "id":1992,
                 "name":"I3",
                 "rotation":0,
                 "type":"I3",
                 "visible":true,
                 "width":10,
                 "x":44,
                 "y":296
                }, 
                {
                 "gid":142,
                 "height":20,
                 "id":1327,
                 "name":"V2",
                 "rotation":0,
                 "type":"V2",
                 "visible":true,
                 "width":20,
                 "x":97,
                 "y":291
                }, 
                {
                 "gid":142,
                 "height":20,
                 "id":1991,
                 "name":"V2",
                 "rotation":0,
                 "type":"V2",
                 "visible":true,
                 "width":20,
                 "x":97,
                 "y":291
                }, 
                {
                 "gid":149,
                 "height":30,
                 "id":1328,
                 "name":"X",
                 "rotation":0,
                 "type":"X",
                 "visible":true,
                 "width":30,
                 "x":-23,
                 "y":349
                }, 
                {
                 "gid":149,
                 "height":30,
                 "id":1990,
                 "name":"X",
                 "rotation":0,
                 "type":"X",
                 "visible":true,
                 "width":30,
                 "x":-23,
                 "y":349
                }, 
                {
                 "gid":118,
                 "height":20,
                 "id":1329,
                 "name":"O",
                 "rotation":0,
                 "type":"O",
                 "visible":true,
                 "width":20,
                 "x":40,
                 "y":345
                },
            
                {
                 "gid":118,
                 "height":20,
                 "id":1989,
                 "name":"O",
                 "rotation":0,
                 "type":"O",
                 "visible":true,
                 "width":20,
                 "x":40,
                 "y":345
                }, 
                {
                 "gid":130,
                 "height":30,
                 "id":1330,
                 "name":"T2",
                 "rotation":0,
                 "type":"T2",
                 "visible":true,
                 "width":20,
                 "x":97,
                 "y":350
                }, 
                {
                 "gid":130,
                 "height":30,
                 "id":1988,
                 "name":"T2",
                 "rotation":0,
                 "type":"T2",
                 "visible":true,
                 "width":20,
                 "x":97,
                 "y":350
                }, 
                {
                 "gid":128,
                 "height":30,
                 "id":1331,
                 "name":"S2",
                 "rotation":0,
                 "type":"S2",
                 "visible":true,
                 "width":20,
                 "x":-19,
                 "y":404
                }, 
                {
                 "gid":128,
                 "height":30,
                 "id":1987,
                 "name":"S2",
                 "properties":[
                        {
                         "name":"gem_id",
                         "type":"string",
                         "value":"12"
                        }, 
                        {
                         "name":"gem_position",
                         "type":"string",
                         "value":"0"
                        }],
                 "rotation":0,
                 "type":"S2",
                 "visible":true,
                 "width":20,
                 "x":-19,
                 "y":404
                }, 
                {
                 "gid":106,
                 "height":10,
                 "id":1332,
                 "name":"II2",
                 "rotation":0,
                 "type":"II2",
                 "visible":true,
                 "width":20,
                 "x":39,
                 "y":394
                }, 
                {
                 "gid":106,
                 "height":10,
                 "id":1986,
                 "name":"II2",
                 "rotation":0,
                 "type":"II2",
                 "visible":true,
                 "width":20,
                 "x":39,
                 "y":394
                }, 
                {
                 "gid":145,
                 "height":30,
                 "id":1333,
                 "name":"VV1",
                 "rotation":0,
                 "type":"VV1",
                 "visible":true,
                 "width":30,
                 "x":92,
                 "y":403
                }, 
                {
                 "gid":145,
                 "height":30,
                 "id":1985,
                 "name":"VV1",
                 "rotation":0,
                 "type":"VV1",
                 "visible":true,
                 "width":30,
                 "x":92,
                 "y":403
                },
            
                {
                 "gid":128,
                 "height":30,
                 "id":1334,
                 "name":"S2",
                 "rotation":0,
                 "type":"S2",
                 "visible":true,
                 "width":20,
                 "x":-18,
                 "y":456
                }, 
                {
                 "gid":128,
                 "height":30,
                 "id":1984,
                 "name":"S2",
                 "rotation":0,
                 "type":"S2",
                 "visible":true,
                 "width":20,
                 "x":-18,
                 "y":456
                }, 
                {
                 "gid":105,
                 "height":50,
                 "id":1335,
                 "name":"I5",
                 "rotation":0,
                 "type":"I5",
                 "visible":true,
                 "width":10,
                 "x":44,
                 "y":467
                }, 
                {
                 "gid":105,
                 "height":50,
                 "id":1983,
                 "name":"I5",
                 "rotation":0,
                 "type":"I5",
                 "visible":true,
                 "width":10,
                 "x":44,
                 "y":467
                }, 
                {
                 "gid":148,
                 "height":30,
                 "id":1336,
                 "name":"VV4",
                 "rotation":0,
                 "type":"VV4",
                 "visible":true,
                 "width":30,
                 "x":92,
                 "y":457
                }, 
                {
                 "gid":148,
                 "height":30,
                 "id":1982,
                 "name":"VV4",
                 "rotation":0,
                 "type":"VV4",
                 "visible":true,
                 "width":30,
                 "x":92,
                 "y":457
                }, 
                {
                 "gid":127,
                 "height":20,
                 "id":1337,
                 "name":"S1",
                 "rotation":0,
                 "type":"S1",
                 "visible":true,
                 "width":30,
                 "x":-23,
                 "y":506
                }, 
                {
                 "gid":127,
                 "height":20,
                 "id":1981,
                 "name":"S1",
                 "rotation":0,
                 "type":"S1",
                 "visible":true,
                 "width":30,
                 "x":-23,
                 "y":506
                }, 
                {
                 "gid":144,
                 "height":20,
                 "id":1338,
                 "name":"V4",
                 "rotation":0,
                 "type":"V4",
                 "visible":true,
                 "width":20,
                 "x":40,
                 "y":505
                },
            
                {
                 "gid":144,
                 "height":20,
                 "id":1980,
                 "name":"V4",
                 "rotation":0,
                 "type":"V4",
                 "visible":true,
                 "width":20,
                 "x":40,
                 "y":505
                }, 
                {
                 "gid":149,
                 "height":30,
                 "id":1339,
                 "name":"X",
                 "rotation":0,
                 "type":"X",
                 "visible":true,
                 "width":30,
                 "x":92,
                 "y":510
                }, 
                {
                 "gid":149,
                 "height":30,
                 "id":1979,
                 "name":"X",
                 "rotation":0,
                 "type":"X",
                 "visible":true,
                 "width":30,
                 "x":92,
                 "y":510
                }, 
                {
                 "gid":123,
                 "height":20,
                 "id":1340,
                 "name":"polyplet-right-2",
                 "rotation":0,
                 "type":"polyplet-right-2",
                 "visible":true,
                 "width":20,
                 "x":-18,
                 "y":559
                }, 
                {
                 "gid":123,
                 "height":20,
                 "id":1978,
                 "name":"polyplet-right-2",
                 "properties":[
                        {
                         "name":"gem_id",
                         "type":"string",
                         "value":"12"
                        }, 
                        {
                         "name":"gem_position",
                         "type":"string",
                         "value":"1"
                        }],
                 "rotation":0,
                 "type":"polyplet-right-2",
                 "visible":true,
                 "width":20,
                 "x":-18,
                 "y":559
                }, 
                {
                 "gid":131,
                 "height":20,
                 "id":1341,
                 "name":"T3",
                 "rotation":0,
                 "type":"T3",
                 "visible":true,
                 "width":30,
                 "x":35,
                 "y":559
                }, 
                {
                 "gid":131,
                 "height":20,
                 "id":1977,
                 "name":"T3",
                 "rotation":0,
                 "type":"T3",
                 "visible":true,
                 "width":30,
                 "x":35,
                 "y":559
                }, 
                {
                 "gid":106,
                 "height":10,
                 "id":1342,
                 "name":"II2",
                 "rotation":0,
                 "type":"II2",
                 "visible":true,
                 "width":20,
                 "x":97,
                 "y":553
                }, 
                {
                 "gid":106,
                 "height":10,
                 "id":1976,
                 "name":"II2",
                 "rotation":0,
                 "type":"II2",
                 "visible":true,
                 "width":20,
                 "x":97,
                 "y":553
                },
            
                {
                 "gid":132,
                 "height":30,
                 "id":1343,
                 "name":"T4",
                 "rotation":0,
                 "type":"T4",
                 "visible":true,
                 "width":20,
                 "x":-18,
                 "y":619
                }, 
                {
                 "gid":132,
                 "height":30,
                 "id":1975,
                 "name":"T4",
                 "rotation":0,
                 "type":"T4",
                 "visible":true,
                 "width":20,
                 "x":-18,
                 "y":619
                }, 
                {
                 "gid":146,
                 "height":30,
                 "id":1344,
                 "name":"VV2",
                 "rotation":0,
                 "type":"VV2",
                 "visible":true,
                 "width":30,
                 "x":35,
                 "y":619
                }, 
                {
                 "gid":146,
                 "height":30,
                 "id":1974,
                 "name":"VV2",
                 "rotation":0,
                 "type":"VV2",
                 "visible":true,
                 "width":30,
                 "x":35,
                 "y":619
                }, 
                {
                 "gid":144,
                 "height":20,
                 "id":1345,
                 "name":"V4",
                 "rotation":0,
                 "type":"V4",
                 "visible":true,
                 "width":20,
                 "x":97,
                 "y":613
                }, 
                {
                 "gid":144,
                 "height":20,
                 "id":1973,
                 "name":"V4",
                 "rotation":0,
                 "type":"V4",
                 "visible":true,
                 "width":20,
                 "x":97,
                 "y":613
                }, 
                {
                 "gid":141,
                 "height":20,
                 "id":1346,
                 "name":"V1",
                 "rotation":0,
                 "type":"V1",
                 "visible":true,
                 "width":20,
                 "x":-18,
                 "y":667
                }, 
                {
                 "gid":141,
                 "height":20,
                 "id":1972,
                 "name":"V1",
                 "rotation":0,
                 "type":"V1",
                 "visible":true,
                 "width":20,
                 "x":-18,
                 "y":667
                }, 
                {
                 "gid":133,
                 "height":30,
                 "id":1347,
                 "name":"TT1",
                 "rotation":0,
                 "type":"TT1",
                 "visible":true,
                 "width":30,
                 "x":34,
                 "y":672
                },
            
                {
                 "gid":133,
                 "height":30,
                 "id":1971,
                 "name":"TT1",
                 "rotation":0,
                 "type":"TT1",
                 "visible":true,
                 "width":30,
                 "x":34,
                 "y":672
                }, 
                {
                 "gid":128,
                 "height":30,
                 "id":1348,
                 "name":"S2",
                 "rotation":0,
                 "type":"S2",
                 "visible":true,
                 "width":20,
                 "x":97,
                 "y":672
                }, 
                {
                 "gid":128,
                 "height":30,
                 "id":1970,
                 "name":"S2",
                 "rotation":0,
                 "type":"S2",
                 "visible":true,
                 "width":20,
                 "x":97,
                 "y":672
                }, 
                {
                 "gid":119,
                 "height":20,
                 "id":1349,
                 "name":"polyplet-left-2",
                 "rotation":0,
                 "type":"polyplet-left-2",
                 "visible":true,
                 "width":20,
                 "x":-18,
                 "y":720
                }, 
                {
                 "gid":119,
                 "height":20,
                 "id":1969,
                 "name":"polyplet-left-2",
                 "rotation":0,
                 "type":"polyplet-left-2",
                 "visible":true,
                 "width":20,
                 "x":-18,
                 "y":720
                }, 
                {
                 "gid":120,
                 "height":30,
                 "id":1350,
                 "name":"polyplet-left-3",
                 "rotation":0,
                 "type":"polyplet-left-3",
                 "visible":true,
                 "width":30,
                 "x":35,
                 "y":725
                }, 
                {
                 "gid":120,
                 "height":30,
                 "id":1968,
                 "name":"polyplet-left-3",
                 "rotation":0,
                 "type":"polyplet-left-3",
                 "visible":true,
                 "width":30,
                 "x":35,
                 "y":725
                }, 
                {
                 "gid":147,
                 "height":30,
                 "id":1351,
                 "name":"VV3",
                 "rotation":0,
                 "type":"VV3",
                 "visible":true,
                 "width":30,
                 "x":92,
                 "y":725
                }, 
                {
                 "gid":147,
                 "height":30,
                 "id":1967,
                 "name":"VV3",
                 "rotation":0,
                 "type":"VV3",
                 "visible":true,
                 "width":30,
                 "x":92,
                 "y":725
                },
            
                {
                 "gid":137,
                 "height":20,
                 "id":1352,
                 "name":"U1",
                 "rotation":0,
                 "type":"U1",
                 "visible":true,
                 "width":30,
                 "x":-23,
                 "y":774
                }, 
                {
                 "gid":137,
                 "height":20,
                 "id":1966,
                 "name":"U1",
                 "rotation":0,
                 "type":"U1",
                 "visible":true,
                 "width":30,
                 "x":-23,
                 "y":774
                }, 
                {
                 "gid":142,
                 "height":20,
                 "id":1353,
                 "name":"V2",
                 "rotation":0,
                 "type":"V2",
                 "visible":true,
                 "width":20,
                 "x":40,
                 "y":774
                }, 
                {
                 "gid":142,
                 "height":20,
                 "id":1965,
                 "name":"V2",
                 "rotation":0,
                 "type":"V2",
                 "visible":true,
                 "width":20,
                 "x":40,
                 "y":774
                }, 
                {
                 "gid":148,
                 "height":30,
                 "id":1354,
                 "name":"VV4",
                 "rotation":0,
                 "type":"VV4",
                 "visible":true,
                 "width":30,
                 "x":92,
                 "y":779
                }, 
                {
                 "gid":148,
                 "height":30,
                 "id":1964,
                 "name":"VV4",
                 "properties":[
                        {
                         "name":"gem_id",
                         "type":"string",
                         "value":"12"
                        }, 
                        {
                         "name":"gem_position",
                         "type":"string",
                         "value":"4"
                        }],
                 "rotation":0,
                 "type":"VV4",
                 "visible":true,
                 "width":30,
                 "x":92,
                 "y":779
                }, 
                {
                 "gid":136,
                 "height":30,
                 "id":1355,
                 "name":"TT4",
                 "rotation":0,
                 "type":"TT4",
                 "visible":true,
                 "width":30,
                 "x":-23,
                 "y":832
                }, 
                {
                 "gid":136,
                 "height":30,
                 "id":1963,
                 "name":"TT4",
                 "properties":[
                        {
                         "name":"gem_id",
                         "type":"string",
                         "value":"11"
                        }, 
                        {
                         "name":"gem_position",
                         "type":"string",
                         "value":"1"
                        }],
                 "rotation":0,
                 "type":"TT4",
                 "visible":true,
                 "width":30,
                 "x":-23,
                 "y":832
                }, 
                {
                 "gid":151,
                 "height":30,
                 "id":1356,
                 "name":"Z2",
                 "rotation":0,
                 "type":"Z2",
                 "visible":true,
                 "width":20,
                 "x":39,
                 "y":833
                },
            
                {
                 "gid":151,
                 "height":30,
                 "id":1962,
                 "name":"Z2",
                 "rotation":0,
                 "type":"Z2",
                 "visible":true,
                 "width":20,
                 "x":39,
                 "y":833
                }, 
                {
                 "gid":109,
                 "height":10,
                 "id":1357,
                 "name":"II5",
                 "rotation":0,
                 "type":"II5",
                 "visible":true,
                 "width":50,
                 "x":82,
                 "y":823
                }, 
                {
                 "gid":109,
                 "height":10,
                 "id":1961,
                 "name":"II5",
                 "rotation":0,
                 "type":"II5",
                 "visible":true,
                 "width":50,
                 "x":82,
                 "y":823
                }, 
                {
                 "gid":115,
                 "height":20,
                 "id":1358,
                 "name":"L2",
                 "rotation":0,
                 "type":"L2",
                 "visible":true,
                 "width":30,
                 "x":-23,
                 "y":881
                }, 
                {
                 "gid":115,
                 "height":20,
                 "id":1960,
                 "name":"L2",
                 "rotation":0,
                 "type":"L2",
                 "visible":true,
                 "width":30,
                 "x":-23,
                 "y":881
                }, 
                {
                 "gid":109,
                 "height":10,
                 "id":1359,
                 "name":"II5",
                 "rotation":0,
                 "type":"II5",
                 "visible":true,
                 "width":50,
                 "x":24,
                 "y":877
                }, 
                {
                 "gid":109,
                 "height":10,
                 "id":1959,
                 "name":"II5",
                 "rotation":0,
                 "type":"II5",
                 "visible":true,
                 "width":50,
                 "x":24,
                 "y":877
                }, 
                {
                 "gid":144,
                 "height":20,
                 "id":1360,
                 "name":"V4",
                 "rotation":0,
                 "type":"V4",
                 "visible":true,
                 "width":20,
                 "x":97,
                 "y":881
                }, 
                {
                 "gid":144,
                 "height":20,
                 "id":1958,
                 "name":"V4",
                 "rotation":0,
                 "type":"V4",
                 "visible":true,
                 "width":20,
                 "x":97,
                 "y":881
                },
            
                {
                 "gid":120,
                 "height":30,
                 "id":1361,
                 "name":"polyplet-left-3",
                 "rotation":0,
                 "type":"polyplet-left-3",
                 "visible":true,
                 "width":30,
                 "x":-24,
                 "y":939
                }, 
                {
                 "gid":118,
                 "height":20,
                 "id":1362,
                 "name":"O",
                 "rotation":0,
                 "type":"O",
                 "visible":true,
                 "width":20,
                 "x":40,
                 "y":935
                }, 
                {
                 "gid":141,
                 "height":20,
                 "id":1363,
                 "name":"V1",
                 "rotation":0,
                 "type":"V1",
                 "visible":true,
                 "width":20,
                 "x":97,
                 "y":935
                }, 
                {
                 "gid":125,
                 "height":40,
                 "id":1364,
                 "name":"polyplet-right-4",
                 "rotation":0,
                 "type":"polyplet-right-4",
                 "visible":true,
                 "width":40,
                 "x":-28,
                 "y":999
                }, 
                {
                 "gid":149,
                 "height":30,
                 "id":1365,
                 "name":"X",
                 "properties":[
                        {
                         "name":"gem_id",
                         "type":"string",
                         "value":"11"
                        }, 
                        {
                         "name":"gem_position",
                         "type":"string",
                         "value":"2"
                        }],
                 "rotation":0,
                 "type":"X",
                 "visible":true,
                 "width":30,
                 "x":34,
                 "y":994
                }, 
                {
                 "gid":119,
                 "height":20,
                 "id":1366,
                 "name":"polyplet-left-2",
                 "rotation":0,
                 "type":"polyplet-left-2",
                 "visible":true,
                 "width":20,
                 "x":96,
                 "y":989
                }, 
                {
                 "gid":141,
                 "height":20,
                 "id":1367,
                 "name":"V1",
                 "rotation":0,
                 "type":"V1",
                 "visible":true,
                 "width":20,
                 "x":-18,
                 "y":1042
                }, 
                {
                 "gid":130,
                 "height":30,
                 "id":1368,
                 "name":"T2",
                 "rotation":0,
                 "type":"T2",
                 "visible":true,
                 "width":20,
                 "x":39,
                 "y":1049
                }, 
                {
                 "gid":127,
                 "height":20,
                 "id":1369,
                 "name":"S1",
                 "rotation":0,
                 "type":"S1",
                 "visible":true,
                 "width":30,
                 "x":92,
                 "y":1042
                },
            
                {
                 "gid":118,
                 "height":20,
                 "id":1370,
                 "name":"O",
                 "rotation":0,
                 "type":"O",
                 "visible":true,
                 "width":20,
                 "x":-18,
                 "y":1096
                }, 
                {
                 "gid":137,
                 "height":20,
                 "id":1371,
                 "name":"U1",
                 "rotation":0,
                 "type":"U1",
                 "visible":true,
                 "width":30,
                 "x":35,
                 "y":1096
                }, 
                {
                 "gid":110,
                 "height":30,
                 "id":1372,
                 "name":"J1",
                 "rotation":0,
                 "type":"J1",
                 "visible":true,
                 "width":20,
                 "x":97,
                 "y":1101
                }, 
                {
                 "gid":111,
                 "height":20,
                 "id":1373,
                 "name":"J2",
                 "rotation":0,
                 "type":"J2",
                 "visible":true,
                 "width":30,
                 "x":-24,
                 "y":1150
                }, 
                {
                 "gid":129,
                 "height":20,
                 "id":1374,
                 "name":"T1",
                 "rotation":0,
                 "type":"T1",
                 "visible":true,
                 "width":30,
                 "x":34,
                 "y":1151
                }, 
                {
                 "gid":127,
                 "height":20,
                 "id":1375,
                 "name":"S1",
                 "rotation":0,
                 "type":"S1",
                 "visible":true,
                 "width":30,
                 "x":92,
                 "y":1150
                }, 
                {
                 "gid":131,
                 "height":20,
                 "id":1376,
                 "name":"T3",
                 "rotation":0,
                 "type":"T3",
                 "visible":true,
                 "width":30,
                 "x":-23,
                 "y":1203
                }, 
                {
                 "gid":137,
                 "height":20,
                 "id":1377,
                 "name":"U1",
                 "rotation":0,
                 "type":"U1",
                 "visible":true,
                 "width":30,
                 "x":35,
                 "y":1205
                }, 
                {
                 "gid":115,
                 "height":20,
                 "id":1378,
                 "name":"L2",
                 "rotation":0,
                 "type":"L2",
                 "visible":true,
                 "width":30,
                 "x":92,
                 "y":1204
                },
            
                {
                 "gid":137,
                 "height":20,
                 "id":1379,
                 "name":"U1",
                 "rotation":0,
                 "type":"U1",
                 "visible":true,
                 "width":30,
                 "x":-23,
                 "y":1257
                }, 
                {
                 "gid":133,
                 "height":30,
                 "id":1380,
                 "name":"TT1",
                 "rotation":0,
                 "type":"TT1",
                 "visible":true,
                 "width":30,
                 "x":34,
                 "y":1262
                }, 
                {
                 "gid":147,
                 "height":30,
                 "id":1381,
                 "name":"VV3",
                 "rotation":0,
                 "type":"VV3",
                 "visible":true,
                 "width":30,
                 "x":92,
                 "y":1262
                }, 
                {
                 "gid":109,
                 "height":10,
                 "id":1382,
                 "name":"II5",
                 "rotation":0,
                 "type":"II5",
                 "visible":true,
                 "width":50,
                 "x":-33,
                 "y":1306
                }, 
                {
                 "gid":117,
                 "height":20,
                 "id":1383,
                 "name":"L4",
                 "rotation":0,
                 "type":"L4",
                 "visible":true,
                 "width":30,
                 "x":35,
                 "y":1312
                }, 
                {
                 "gid":124,
                 "height":30,
                 "id":1384,
                 "name":"polyplet-right-3",
                 "properties":[
                        {
                         "name":"gem_id",
                         "type":"string",
                         "value":"12"
                        }, 
                        {
                         "name":"gem_position",
                         "type":"string",
                         "value":"2"
                        }],
                 "rotation":0,
                 "type":"polyplet-right-3",
                 "visible":true,
                 "width":30,
                 "x":92,
                 "y":1316
                }],
         "opacity":1,
         "type":"objectgroup",
         "visible":true,
         "x":0,
         "y":0
        }],
 "nextlayerid":12,
 "nextobjectid":2003,
 "orientation":"orthogonal",
 "properties":[
        {
         "name":"target",
         "type":"string",
         "value":"{12: 5, 11: 5, 13: 5}"
        }, 
        {
         "name":"typeLevel",
         "type":"string",
         "value":"collect"
        }],
 "renderorder":"right-down",
 "tiledversion":"1.8.5",
 "tileheight":10,
 "tilesets":[
        {
         "columns":0,
         "firstgid":1,
         "grid":
            {
             "height":1,
             "orientation":"orthogonal",
             "width":1
            },
         "margin":0,
         "name":"Pieces",
         "spacing":0,
         "tilecount":57,
         "tileheight":50,
         "tiles":[
                {
                 "id":1,
                 "image":"assets\/pieces\/1.png",
                 "imageheight":10,
                 "imagewidth":10,
                 "type":"1"
                }, 
                {
                 "id":101,
                 "image":"assets\/pieces\/I2.png",
                 "imageheight":20,
                 "imagewidth":10,
                 "type":"I2"
                }, 
                {
                 "id":102,
                 "image":"assets\/pieces\/I3.png",
                 "imageheight":30,
                 "imagewidth":10,
                 "type":"I3"
                }, 
                {
                 "id":103,
                 "image":"assets\/pieces\/I4.png",
                 "imageheight":40,
                 "imagewidth":10,
                 "type":"I4"
                }, 
                {
                 "id":104,
                 "image":"assets\/pieces\/I5.png",
                 "imageheight":50,
                 "imagewidth":10,
                 "type":"I5"
                }, 
                {
                 "id":105,
                 "image":"assets\/pieces\/II2.png",
                 "imageheight":10,
                 "imagewidth":20,
                 "type":"II2"
                }, 
                {
                 "id":106,
                 "image":"assets\/pieces\/II3.png",
                 "imageheight":10,
                 "imagewidth":30,
                 "type":"II3"
                }, 
                {
                 "id":107,
                 "image":"assets\/pieces\/II4.png",
                 "imageheight":10,
                 "imagewidth":40,
                 "type":"II4"
                }, 
                {
                 "id":108,
                 "image":"assets\/pieces\/II5.png",
                 "imageheight":10,
                 "imagewidth":50,
                 "type":"II5"
                },
            
                {
                 "id":109,
                 "image":"assets\/pieces\/J1.png",
                 "imageheight":30,
                 "imagewidth":20,
                 "type":"J1"
                }, 
                {
                 "id":110,
                 "image":"assets\/pieces\/J2.png",
                 "imageheight":20,
                 "imagewidth":30,
                 "type":"J2"
                }, 
                {
                 "id":111,
                 "image":"assets\/pieces\/J3.png",
                 "imageheight":30,
                 "imagewidth":20,
                 "type":"J3"
                }, 
                {
                 "id":112,
                 "image":"assets\/pieces\/J4.png",
                 "imageheight":20,
                 "imagewidth":30,
                 "type":"J4"
                }, 
                {
                 "id":113,
                 "image":"assets\/pieces\/L1.png",
                 "imageheight":30,
                 "imagewidth":20,
                 "type":"L1"
                }, 
                {
                 "id":114,
                 "image":"assets\/pieces\/L2.png",
                 "imageheight":20,
                 "imagewidth":30,
                 "type":"L2"
                }, 
                {
                 "id":115,
                 "image":"assets\/pieces\/L3.png",
                 "imageheight":30,
                 "imagewidth":20,
                 "type":"L3"
                }, 
                {
                 "id":116,
                 "image":"assets\/pieces\/L4.png",
                 "imageheight":20,
                 "imagewidth":30,
                 "type":"L4"
                }, 
                {
                 "id":117,
                 "image":"assets\/pieces\/O.png",
                 "imageheight":20,
                 "imagewidth":20,
                 "type":"O"
                },
            
                {
                 "id":118,
                 "image":"assets\/pieces\/polyplet-left-2.png",
                 "imageheight":20,
                 "imagewidth":20,
                 "type":"polyplet-left-2"
                }, 
                {
                 "id":119,
                 "image":"assets\/pieces\/polyplet-left-3.png",
                 "imageheight":30,
                 "imagewidth":30,
                 "type":"polyplet-left-3"
                }, 
                {
                 "id":120,
                 "image":"assets\/pieces\/polyplet-left-4.png",
                 "imageheight":40,
                 "imagewidth":40,
                 "type":"polyplet-left-4"
                }, 
                {
                 "id":121,
                 "image":"assets\/pieces\/polyplet-left-5.png",
                 "imageheight":50,
                 "imagewidth":50,
                 "type":"polyplet-left-5"
                }, 
                {
                 "id":122,
                 "image":"assets\/pieces\/polyplet-right-2.png",
                 "imageheight":20,
                 "imagewidth":20,
                 "type":"polyplet-right-2"
                }, 
                {
                 "id":123,
                 "image":"assets\/pieces\/polyplet-right-3.png",
                 "imageheight":30,
                 "imagewidth":30,
                 "type":"polyplet-right-3"
                }, 
                {
                 "id":124,
                 "image":"assets\/pieces\/polyplet-right-4.png",
                 "imageheight":40,
                 "imagewidth":40,
                 "type":"polyplet-right-4"
                }, 
                {
                 "id":125,
                 "image":"assets\/pieces\/polyplet-right-5.png",
                 "imageheight":50,
                 "imagewidth":50,
                 "type":"polyplet-right-5"
                }, 
                {
                 "id":126,
                 "image":"assets\/pieces\/S1.png",
                 "imageheight":20,
                 "imagewidth":30,
                 "type":"S1"
                },
            
                {
                 "id":127,
                 "image":"assets\/pieces\/S2.png",
                 "imageheight":30,
                 "imagewidth":20,
                 "type":"S2"
                }, 
                {
                 "id":128,
                 "image":"assets\/pieces\/T1.png",
                 "imageheight":20,
                 "imagewidth":30,
                 "type":"T1"
                }, 
                {
                 "id":129,
                 "image":"assets\/pieces\/T2.png",
                 "imageheight":30,
                 "imagewidth":20,
                 "type":"T2"
                }, 
                {
                 "id":130,
                 "image":"assets\/pieces\/T3.png",
                 "imageheight":20,
                 "imagewidth":30,
                 "type":"T3"
                }, 
                {
                 "id":131,
                 "image":"assets\/pieces\/T4.png",
                 "imageheight":30,
                 "imagewidth":20,
                 "type":"T4"
                }, 
                {
                 "id":132,
                 "image":"assets\/pieces\/TT1.png",
                 "imageheight":30,
                 "imagewidth":30,
                 "type":"TT1"
                }, 
                {
                 "id":133,
                 "image":"assets\/pieces\/TT2.png",
                 "imageheight":30,
                 "imagewidth":30,
                 "type":"TT2"
                }, 
                {
                 "id":134,
                 "image":"assets\/pieces\/TT3.png",
                 "imageheight":30,
                 "imagewidth":30,
                 "type":"TT3"
                }, 
                {
                 "id":135,
                 "image":"assets\/pieces\/TT4.png",
                 "imageheight":30,
                 "imagewidth":30,
                 "type":"TT4"
                },
            
                {
                 "id":136,
                 "image":"assets\/pieces\/U1.png",
                 "imageheight":20,
                 "imagewidth":30,
                 "type":"U1"
                }, 
                {
                 "id":137,
                 "image":"assets\/pieces\/U2.png",
                 "imageheight":30,
                 "imagewidth":20,
                 "type":"U2"
                }, 
                {
                 "id":138,
                 "image":"assets\/pieces\/U3.png",
                 "imageheight":20,
                 "imagewidth":30,
                 "type":"U3"
                }, 
                {
                 "id":139,
                 "image":"assets\/pieces\/U4.png",
                 "imageheight":30,
                 "imagewidth":20,
                 "type":"U4"
                }, 
                {
                 "id":140,
                 "image":"assets\/pieces\/V1.png",
                 "imageheight":20,
                 "imagewidth":20,
                 "type":"V1"
                }, 
                {
                 "id":141,
                 "image":"assets\/pieces\/V2.png",
                 "imageheight":20,
                 "imagewidth":20,
                 "type":"V2"
                }, 
                {
                 "id":142,
                 "image":"assets\/pieces\/V3.png",
                 "imageheight":20,
                 "imagewidth":20,
                 "type":"V3"
                }, 
                {
                 "id":143,
                 "image":"assets\/pieces\/V4.png",
                 "imageheight":20,
                 "imagewidth":20,
                 "type":"V4"
                }, 
                {
                 "id":144,
                 "image":"assets\/pieces\/VV1.png",
                 "imageheight":30,
                 "imagewidth":30,
                 "type":"VV1"
                },
            
                {
                 "id":145,
                 "image":"assets\/pieces\/VV2.png",
                 "imageheight":30,
                 "imagewidth":30,
                 "type":"VV2"
                }, 
                {
                 "id":146,
                 "image":"assets\/pieces\/VV3.png",
                 "imageheight":30,
                 "imagewidth":30,
                 "type":"VV3"
                }, 
                {
                 "id":147,
                 "image":"assets\/pieces\/VV4.png",
                 "imageheight":30,
                 "imagewidth":30,
                 "type":"VV4"
                }, 
                {
                 "id":148,
                 "image":"assets\/pieces\/X.png",
                 "imageheight":30,
                 "imagewidth":30,
                 "type":"X"
                }, 
                {
                 "id":149,
                 "image":"assets\/pieces\/Z1.png",
                 "imageheight":20,
                 "imagewidth":30,
                 "type":"Z1"
                }, 
                {
                 "id":150,
                 "image":"assets\/pieces\/Z2.png",
                 "imageheight":30,
                 "imagewidth":20,
                 "type":"Z2"
                }, 
                {
                 "id":10,
                 "image":"assets\/pieces\/diamond-10.png",
                 "imageheight":10,
                 "imagewidth":10,
                 "type":"diamond-10"
                }, 
                {
                 "id":11,
                 "image":"assets\/pieces\/diamond-11.png",
                 "imageheight":10,
                 "imagewidth":10,
                 "type":"diamond-11"
                }, 
                {
                 "id":12,
                 "image":"assets\/pieces\/diamond-12.png",
                 "imageheight":10,
                 "imagewidth":10,
                 "type":"diamond-12"
                },
            
                {
                 "id":13,
                 "image":"assets\/pieces\/diamond-13.png",
                 "imageheight":10,
                 "imagewidth":10,
                 "type":"diamond-13"
                }, 
                {
                 "id":14,
                 "image":"assets\/pieces\/diamond-14.png",
                 "imageheight":10,
                 "imagewidth":10,
                 "type":"diamond-14"
                }, 
                {
                 "id":15,
                 "image":"assets\/pieces\/diamond-15.png",
                 "imageheight":10,
                 "imagewidth":10,
                 "type":"diamond-15"
                }],
         "tilewidth":50
        }],
 "tilewidth":10,
 "type":"map",
 "version":"1.8",
 "width":9
}