{ "compressionlevel":-1,
 "height":9,
 "infinite":false,
 "layers":[
        {
         "data":[0, 15, 15, 15, 15, 15, 15, 15, 15,
            0, 0, 15, 0, 0, 15, 0, 0, 15,
            0, 0, 2, 0, 0, 2, 0, 0, 2,
            0, 2, 0, 0, 2, 0, 0, 2, 0,
            0, 0, 0, 0, 0, 0, 0, 0, 0,
            0, 0, 0, 0, 0, 0, 0, 0, 0,
            0, 0, 2, 0, 0, 2, 0, 0, 2,
            0, 13, 2, 0, 13, 2, 0, 13, 2,
            13, 13, 13, 13, 13, 13, 13, 13, 0],
         "height":9,
         "id":1,
         "name":"map",
         "opacity":1,
         "properties":[
                {
                 "name":"segment1",
                 "propertytype":"segment",
                 "type":"class",
                 "value":
                    {
                     "avgScore":3.5,
                     "piece1":"{min: 1, max: 10}",
                     "piece5":"{min: 1, max: 10}",
                     "pieceDistancePerGem":1,
                     "score":100
                    }
                }],
         "type":"tilelayer",
         "visible":true,
         "width":9,
         "x":0,
         "y":0
        }, 
        {
         "draworder":"topdown",
         "id":2,
         "name":"spawnOrder",
         "objects":[
                {
                 "gid":108,
                 "height":10,
                 "id":1666,
                 "name":"II4",
                 "rotation":0,
                 "type":"II4",
                 "visible":true,
                 "width":40,
                 "x":-31,
                 "y":141
                }, 
                {
                 "gid":128,
                 "height":30,
                 "id":1667,
                 "name":"S2",
                 "rotation":0,
                 "type":"S2",
                 "visible":true,
                 "width":20,
                 "x":37,
                 "y":150
                }, 
                {
                 "gid":106,
                 "height":10,
                 "id":1668,
                 "name":"II2",
                 "rotation":0,
                 "type":"II2",
                 "visible":true,
                 "width":20,
                 "x":93,
                 "y":140
                }, 
                {
                 "gid":144,
                 "height":20,
                 "id":1669,
                 "name":"V4",
                 "rotation":0,
                 "type":"V4",
                 "visible":true,
                 "width":20,
                 "x":-20,
                 "y":199
                }, 
                {
                 "gid":146,
                 "height":30,
                 "id":1670,
                 "name":"VV2",
                 "rotation":0,
                 "type":"VV2",
                 "visible":true,
                 "width":30,
                 "x":32,
                 "y":204
                }, 
                {
                 "gid":148,
                 "height":30,
                 "id":1671,
                 "name":"VV4",
                 "rotation":0,
                 "type":"VV4",
                 "visible":true,
                 "width":30,
                 "x":88,
                 "y":205
                }, 
                {
                 "gid":141,
                 "height":20,
                 "id":1672,
                 "name":"V1",
                 "rotation":0,
                 "type":"V1",
                 "visible":true,
                 "width":20,
                 "x":-21,
                 "y":253
                }, 
                {
                 "gid":109,
                 "height":10,
                 "id":1673,
                 "name":"II5",
                 "rotation":0,
                 "type":"II5",
                 "visible":true,
                 "width":50,
                 "x":22,
                 "y":249
                }, 
                {
                 "gid":116,
                 "height":30,
                 "id":1674,
                 "name":"L3",
                 "rotation":0,
                 "type":"L3",
                 "visible":true,
                 "width":20,
                 "x":94,
                 "y":258
                },
            
                {
                 "gid":133,
                 "height":30,
                 "id":1675,
                 "name":"TT1",
                 "rotation":0,
                 "type":"TT1",
                 "visible":true,
                 "width":30,
                 "x":-25,
                 "y":314
                }, 
                {
                 "gid":2,
                 "height":10,
                 "id":1676,
                 "name":"1",
                 "rotation":0,
                 "type":"1",
                 "visible":true,
                 "width":10,
                 "x":42,
                 "y":302
                }, 
                {
                 "gid":107,
                 "height":10,
                 "id":1677,
                 "name":"II3",
                 "rotation":0,
                 "type":"II3",
                 "visible":true,
                 "width":30,
                 "x":89,
                 "y":302
                }, 
                {
                 "gid":2,
                 "height":10,
                 "id":1678,
                 "name":"1",
                 "rotation":0,
                 "type":"1",
                 "visible":true,
                 "width":10,
                 "x":-16,
                 "y":356
                }, 
                {
                 "gid":116,
                 "height":30,
                 "id":1679,
                 "name":"L3",
                 "rotation":0,
                 "type":"L3",
                 "visible":true,
                 "width":20,
                 "x":37,
                 "y":365
                }, 
                {
                 "gid":130,
                 "height":30,
                 "id":1680,
                 "name":"T2",
                 "rotation":0,
                 "type":"T2",
                 "visible":true,
                 "width":20,
                 "x":93,
                 "y":365
                }, 
                {
                 "gid":116,
                 "height":30,
                 "id":1681,
                 "name":"L3",
                 "rotation":0,
                 "type":"L3",
                 "visible":true,
                 "width":20,
                 "x":-21,
                 "y":419
                }, 
                {
                 "gid":132,
                 "height":30,
                 "id":1682,
                 "name":"T4",
                 "rotation":0,
                 "type":"T4",
                 "visible":true,
                 "width":20,
                 "x":37,
                 "y":418
                }, 
                {
                 "gid":128,
                 "height":30,
                 "id":1683,
                 "name":"S2",
                 "rotation":0,
                 "type":"S2",
                 "visible":true,
                 "width":20,
                 "x":95,
                 "y":420
                },
            
                {
                 "gid":128,
                 "height":30,
                 "id":1684,
                 "name":"S2",
                 "rotation":0,
                 "type":"S2",
                 "visible":true,
                 "width":20,
                 "x":-20,
                 "y":474
                }, 
                {
                 "gid":111,
                 "height":20,
                 "id":1685,
                 "name":"J2",
                 "rotation":0,
                 "type":"J2",
                 "visible":true,
                 "width":30,
                 "x":32,
                 "y":468
                }, 
                {
                 "gid":107,
                 "height":10,
                 "id":1686,
                 "name":"II3",
                 "rotation":0,
                 "type":"II3",
                 "visible":true,
                 "width":30,
                 "x":90,
                 "y":463
                }, 
                {
                 "gid":120,
                 "height":30,
                 "id":1687,
                 "name":"polyplet-left-3",
                 "rotation":0,
                 "type":"polyplet-left-3",
                 "visible":true,
                 "width":30,
                 "x":-25,
                 "y":526
                }, 
                {
                 "gid":127,
                 "height":20,
                 "id":1688,
                 "name":"S1",
                 "rotation":0,
                 "type":"S1",
                 "visible":true,
                 "width":30,
                 "x":33,
                 "y":521
                }, 
                {
                 "gid":109,
                 "height":10,
                 "id":1689,
                 "name":"II5",
                 "rotation":0,
                 "type":"II5",
                 "visible":true,
                 "width":50,
                 "x":80,
                 "y":516
                }, 
                {
                 "gid":109,
                 "height":10,
                 "id":1690,
                 "name":"II5",
                 "rotation":0,
                 "type":"II5",
                 "visible":true,
                 "width":50,
                 "x":-36,
                 "y":570
                }, 
                {
                 "gid":117,
                 "height":20,
                 "id":1691,
                 "name":"L4",
                 "rotation":0,
                 "type":"L4",
                 "visible":true,
                 "width":30,
                 "x":30,
                 "y":575
                }, 
                {
                 "gid":131,
                 "height":20,
                 "id":1692,
                 "name":"T3",
                 "rotation":0,
                 "type":"T3",
                 "visible":true,
                 "width":30,
                 "x":88,
                 "y":575
                },
            
                {
                 "gid":129,
                 "height":20,
                 "id":1693,
                 "name":"T1",
                 "rotation":0,
                 "type":"T1",
                 "visible":true,
                 "width":30,
                 "x":-27,
                 "y":629
                }, 
                {
                 "gid":115,
                 "height":20,
                 "id":1694,
                 "name":"L2",
                 "rotation":0,
                 "type":"L2",
                 "visible":true,
                 "width":30,
                 "x":31,
                 "y":629
                }, 
                {
                 "gid":102,
                 "height":20,
                 "id":1695,
                 "name":"I2",
                 "rotation":0,
                 "type":"I2",
                 "visible":true,
                 "width":10,
                 "x":99,
                 "y":629
                }, 
                {
                 "gid":149,
                 "height":30,
                 "id":1696,
                 "name":"X",
                 "rotation":0,
                 "type":"X",
                 "visible":true,
                 "width":30,
                 "x":-26,
                 "y":688
                }, 
                {
                 "gid":119,
                 "height":20,
                 "id":1697,
                 "name":"polyplet-left-2",
                 "rotation":0,
                 "type":"polyplet-left-2",
                 "visible":true,
                 "width":20,
                 "x":37,
                 "y":684
                }, 
                {
                 "gid":148,
                 "height":30,
                 "id":1698,
                 "name":"VV4",
                 "rotation":0,
                 "type":"VV4",
                 "visible":true,
                 "width":30,
                 "x":88,
                 "y":688
                }, 
                {
                 "gid":142,
                 "height":20,
                 "id":1699,
                 "name":"V2",
                 "rotation":0,
                 "type":"V2",
                 "visible":true,
                 "width":20,
                 "x":-20,
                 "y":736
                }, 
                {
                 "gid":134,
                 "height":30,
                 "id":1700,
                 "name":"TT2",
                 "rotation":0,
                 "type":"TT2",
                 "visible":true,
                 "width":30,
                 "x":32,
                 "y":742
                }, 
                {
                 "gid":123,
                 "height":20,
                 "id":1701,
                 "name":"polyplet-right-2",
                 "rotation":0,
                 "type":"polyplet-right-2",
                 "visible":true,
                 "width":20,
                 "x":95,
                 "y":737
                },
            
                {
                 "gid":105,
                 "height":50,
                 "id":1702,
                 "name":"I5",
                 "rotation":0,
                 "type":"I5",
                 "visible":true,
                 "width":10,
                 "x":-15,
                 "y":806
                }, 
                {
                 "gid":137,
                 "height":20,
                 "id":1703,
                 "name":"U1",
                 "rotation":0,
                 "type":"U1",
                 "visible":true,
                 "width":30,
                 "x":32,
                 "y":791
                }, 
                {
                 "gid":111,
                 "height":20,
                 "id":1704,
                 "name":"J2",
                 "rotation":0,
                 "type":"J2",
                 "visible":true,
                 "width":30,
                 "x":88,
                 "y":789
                }, 
                {
                 "gid":120,
                 "height":30,
                 "id":1705,
                 "name":"polyplet-left-3",
                 "rotation":0,
                 "type":"polyplet-left-3",
                 "visible":true,
                 "width":30,
                 "x":-26,
                 "y":849
                }, 
                {
                 "gid":118,
                 "height":20,
                 "id":1706,
                 "name":"O",
                 "rotation":0,
                 "type":"O",
                 "visible":true,
                 "width":20,
                 "x":36,
                 "y":843
                }, 
                {
                 "gid":145,
                 "height":30,
                 "id":1707,
                 "name":"VV1",
                 "rotation":0,
                 "type":"VV1",
                 "visible":true,
                 "width":30,
                 "x":88,
                 "y":848
                }, 
                {
                 "gid":142,
                 "height":20,
                 "id":1708,
                 "name":"V2",
                 "rotation":0,
                 "type":"V2",
                 "visible":true,
                 "width":20,
                 "x":-21,
                 "y":898
                }, 
                {
                 "gid":111,
                 "height":20,
                 "id":1709,
                 "name":"J2",
                 "rotation":0,
                 "type":"J2",
                 "visible":true,
                 "width":30,
                 "x":30,
                 "y":897
                }, 
                {
                 "gid":137,
                 "height":20,
                 "id":1710,
                 "name":"U1",
                 "rotation":0,
                 "type":"U1",
                 "visible":true,
                 "width":30,
                 "x":88,
                 "y":897
                },
            
                {
                 "gid":118,
                 "height":20,
                 "id":1711,
                 "name":"O",
                 "rotation":0,
                 "type":"O",
                 "visible":true,
                 "width":20,
                 "x":-21,
                 "y":951
                }, 
                {
                 "gid":132,
                 "height":30,
                 "id":1712,
                 "name":"T4",
                 "rotation":0,
                 "type":"T4",
                 "visible":true,
                 "width":20,
                 "x":37,
                 "y":957
                }, 
                {
                 "gid":144,
                 "height":20,
                 "id":1713,
                 "name":"V4",
                 "rotation":0,
                 "type":"V4",
                 "visible":true,
                 "width":20,
                 "x":95,
                 "y":949
                }, 
                {
                 "gid":136,
                 "height":30,
                 "id":1714,
                 "name":"TT4",
                 "rotation":0,
                 "type":"TT4",
                 "visible":true,
                 "width":30,
                 "x":-25,
                 "y":1010
                }, 
                {
                 "gid":105,
                 "height":50,
                 "id":1715,
                 "name":"I5",
                 "rotation":0,
                 "type":"I5",
                 "visible":true,
                 "width":10,
                 "x":42,
                 "y":1020
                }, 
                {
                 "gid":146,
                 "height":30,
                 "id":1716,
                 "name":"VV2",
                 "rotation":0,
                 "type":"VV2",
                 "visible":true,
                 "width":30,
                 "x":90,
                 "y":1009
                }, 
                {
                 "gid":130,
                 "height":30,
                 "id":1717,
                 "name":"T2",
                 "rotation":0,
                 "type":"T2",
                 "visible":true,
                 "width":20,
                 "x":-21,
                 "y":1063
                }, 
                {
                 "gid":107,
                 "height":10,
                 "id":1718,
                 "name":"II3",
                 "rotation":0,
                 "type":"II3",
                 "visible":true,
                 "width":30,
                 "x":32,
                 "y":1052
                }, 
                {
                 "gid":137,
                 "height":20,
                 "id":1719,
                 "name":"U1",
                 "rotation":0,
                 "type":"U1",
                 "visible":true,
                 "width":30,
                 "x":89,
                 "y":1057
                },
            
                {
                 "gid":137,
                 "height":20,
                 "id":1720,
                 "name":"U1",
                 "rotation":0,
                 "type":"U1",
                 "visible":true,
                 "width":30,
                 "x":-26,
                 "y":1113
                }, 
                {
                 "gid":149,
                 "height":30,
                 "id":1721,
                 "name":"X",
                 "rotation":0,
                 "type":"X",
                 "visible":true,
                 "width":30,
                 "x":32,
                 "y":1116
                }, 
                {
                 "gid":120,
                 "height":30,
                 "id":1722,
                 "name":"polyplet-left-3",
                 "rotation":0,
                 "type":"polyplet-left-3",
                 "visible":true,
                 "width":30,
                 "x":89,
                 "y":1116
                }, 
                {
                 "gid":108,
                 "height":10,
                 "id":1723,
                 "name":"II4",
                 "rotation":0,
                 "type":"II4",
                 "visible":true,
                 "width":40,
                 "x":-32,
                 "y":1160
                }, 
                {
                 "gid":130,
                 "height":30,
                 "id":1724,
                 "name":"T2",
                 "rotation":0,
                 "type":"T2",
                 "visible":true,
                 "width":20,
                 "x":35,
                 "y":1170
                }, 
                {
                 "gid":139,
                 "height":20,
                 "id":1725,
                 "name":"U3",
                 "rotation":0,
                 "type":"U3",
                 "visible":true,
                 "width":30,
                 "x":88,
                 "y":1165
                }, 
                {
                 "gid":105,
                 "height":50,
                 "id":1726,
                 "name":"I5",
                 "rotation":0,
                 "type":"I5",
                 "visible":true,
                 "width":10,
                 "x":-16,
                 "y":1233
                }, 
                {
                 "gid":124,
                 "height":30,
                 "id":1727,
                 "name":"polyplet-right-3",
                 "rotation":0,
                 "type":"polyplet-right-3",
                 "visible":true,
                 "width":30,
                 "x":31,
                 "y":1225
                }, 
                {
                 "gid":148,
                 "height":30,
                 "id":1728,
                 "name":"VV4",
                 "rotation":0,
                 "type":"VV4",
                 "visible":true,
                 "width":30,
                 "x":89,
                 "y":1224
                },
            
                {
                 "gid":113,
                 "height":20,
                 "id":1729,
                 "name":"J4",
                 "rotation":0,
                 "type":"J4",
                 "visible":true,
                 "width":30,
                 "x":-26,
                 "y":1273
                }, 
                {
                 "gid":107,
                 "height":10,
                 "id":1730,
                 "name":"II3",
                 "rotation":0,
                 "type":"II3",
                 "visible":true,
                 "width":30,
                 "x":31,
                 "y":1268
                }, 
                {
                 "gid":123,
                 "height":20,
                 "id":1731,
                 "name":"polyplet-right-2",
                 "rotation":0,
                 "type":"polyplet-right-2",
                 "visible":true,
                 "width":20,
                 "x":95,
                 "y":1273
                }, 
                {
                 "gid":130,
                 "height":30,
                 "id":1732,
                 "name":"T2",
                 "rotation":0,
                 "type":"T2",
                 "visible":true,
                 "width":20,
                 "x":-21,
                 "y":1332
                }, 
                {
                 "gid":123,
                 "height":20,
                 "id":1733,
                 "name":"polyplet-right-2",
                 "rotation":0,
                 "type":"polyplet-right-2",
                 "visible":true,
                 "width":20,
                 "x":37,
                 "y":1325
                }, 
                {
                 "gid":124,
                 "height":30,
                 "id":1734,
                 "name":"polyplet-right-3",
                 "rotation":0,
                 "type":"polyplet-right-3",
                 "visible":true,
                 "width":30,
                 "x":89,
                 "y":1331
                }, 
                {
                 "gid":119,
                 "height":20,
                 "id":1735,
                 "name":"polyplet-left-2",
                 "rotation":0,
                 "type":"polyplet-left-2",
                 "visible":true,
                 "width":20,
                 "x":-21,
                 "y":1380
                }, 
                {
                 "gid":118,
                 "height":20,
                 "id":1736,
                 "name":"O",
                 "rotation":0,
                 "type":"O",
                 "visible":true,
                 "width":20,
                 "x":36,
                 "y":1380
                }, 
                {
                 "gid":109,
                 "height":10,
                 "id":1737,
                 "name":"II5",
                 "rotation":0,
                 "type":"II5",
                 "visible":true,
                 "width":50,
                 "x":78,
                 "y":1375
                }],
         "opacity":1,
         "type":"objectgroup",
         "visible":true,
         "x":0,
         "y":0
        }],
 "nextlayerid":12,
 "nextobjectid":1958,
 "orientation":"orthogonal",
 "properties":[
        {
         "name":"target",
         "type":"string",
         "value":"{12: 8, 14: 8}"
        }, 
        {
         "name":"typeLevel",
         "type":"string",
         "value":"collect"
        }],
 "renderorder":"right-down",
 "tiledversion":"1.8.5",
 "tileheight":10,
 "tilesets":[
        {
         "columns":0,
         "firstgid":1,
         "grid":
            {
             "height":1,
             "orientation":"orthogonal",
             "width":1
            },
         "margin":0,
         "name":"Pieces",
         "spacing":0,
         "tilecount":57,
         "tileheight":50,
         "tiles":[
                {
                 "id":1,
                 "image":"assets\/pieces\/1.png",
                 "imageheight":10,
                 "imagewidth":10,
                 "type":"1"
                }, 
                {
                 "id":101,
                 "image":"assets\/pieces\/I2.png",
                 "imageheight":20,
                 "imagewidth":10,
                 "type":"I2"
                }, 
                {
                 "id":102,
                 "image":"assets\/pieces\/I3.png",
                 "imageheight":30,
                 "imagewidth":10,
                 "type":"I3"
                }, 
                {
                 "id":103,
                 "image":"assets\/pieces\/I4.png",
                 "imageheight":40,
                 "imagewidth":10,
                 "type":"I4"
                }, 
                {
                 "id":104,
                 "image":"assets\/pieces\/I5.png",
                 "imageheight":50,
                 "imagewidth":10,
                 "type":"I5"
                }, 
                {
                 "id":105,
                 "image":"assets\/pieces\/II2.png",
                 "imageheight":10,
                 "imagewidth":20,
                 "type":"II2"
                }, 
                {
                 "id":106,
                 "image":"assets\/pieces\/II3.png",
                 "imageheight":10,
                 "imagewidth":30,
                 "type":"II3"
                }, 
                {
                 "id":107,
                 "image":"assets\/pieces\/II4.png",
                 "imageheight":10,
                 "imagewidth":40,
                 "type":"II4"
                }, 
                {
                 "id":108,
                 "image":"assets\/pieces\/II5.png",
                 "imageheight":10,
                 "imagewidth":50,
                 "type":"II5"
                },
            
                {
                 "id":109,
                 "image":"assets\/pieces\/J1.png",
                 "imageheight":30,
                 "imagewidth":20,
                 "type":"J1"
                }, 
                {
                 "id":110,
                 "image":"assets\/pieces\/J2.png",
                 "imageheight":20,
                 "imagewidth":30,
                 "type":"J2"
                }, 
                {
                 "id":111,
                 "image":"assets\/pieces\/J3.png",
                 "imageheight":30,
                 "imagewidth":20,
                 "type":"J3"
                }, 
                {
                 "id":112,
                 "image":"assets\/pieces\/J4.png",
                 "imageheight":20,
                 "imagewidth":30,
                 "type":"J4"
                }, 
                {
                 "id":113,
                 "image":"assets\/pieces\/L1.png",
                 "imageheight":30,
                 "imagewidth":20,
                 "type":"L1"
                }, 
                {
                 "id":114,
                 "image":"assets\/pieces\/L2.png",
                 "imageheight":20,
                 "imagewidth":30,
                 "type":"L2"
                }, 
                {
                 "id":115,
                 "image":"assets\/pieces\/L3.png",
                 "imageheight":30,
                 "imagewidth":20,
                 "type":"L3"
                }, 
                {
                 "id":116,
                 "image":"assets\/pieces\/L4.png",
                 "imageheight":20,
                 "imagewidth":30,
                 "type":"L4"
                }, 
                {
                 "id":117,
                 "image":"assets\/pieces\/O.png",
                 "imageheight":20,
                 "imagewidth":20,
                 "type":"O"
                },
            
                {
                 "id":118,
                 "image":"assets\/pieces\/polyplet-left-2.png",
                 "imageheight":20,
                 "imagewidth":20,
                 "type":"polyplet-left-2"
                }, 
                {
                 "id":119,
                 "image":"assets\/pieces\/polyplet-left-3.png",
                 "imageheight":30,
                 "imagewidth":30,
                 "type":"polyplet-left-3"
                }, 
                {
                 "id":120,
                 "image":"assets\/pieces\/polyplet-left-4.png",
                 "imageheight":40,
                 "imagewidth":40,
                 "type":"polyplet-left-4"
                }, 
                {
                 "id":121,
                 "image":"assets\/pieces\/polyplet-left-5.png",
                 "imageheight":50,
                 "imagewidth":50,
                 "type":"polyplet-left-5"
                }, 
                {
                 "id":122,
                 "image":"assets\/pieces\/polyplet-right-2.png",
                 "imageheight":20,
                 "imagewidth":20,
                 "type":"polyplet-right-2"
                }, 
                {
                 "id":123,
                 "image":"assets\/pieces\/polyplet-right-3.png",
                 "imageheight":30,
                 "imagewidth":30,
                 "type":"polyplet-right-3"
                }, 
                {
                 "id":124,
                 "image":"assets\/pieces\/polyplet-right-4.png",
                 "imageheight":40,
                 "imagewidth":40,
                 "type":"polyplet-right-4"
                }, 
                {
                 "id":125,
                 "image":"assets\/pieces\/polyplet-right-5.png",
                 "imageheight":50,
                 "imagewidth":50,
                 "type":"polyplet-right-5"
                }, 
                {
                 "id":126,
                 "image":"assets\/pieces\/S1.png",
                 "imageheight":20,
                 "imagewidth":30,
                 "type":"S1"
                },
            
                {
                 "id":127,
                 "image":"assets\/pieces\/S2.png",
                 "imageheight":30,
                 "imagewidth":20,
                 "type":"S2"
                }, 
                {
                 "id":128,
                 "image":"assets\/pieces\/T1.png",
                 "imageheight":20,
                 "imagewidth":30,
                 "type":"T1"
                }, 
                {
                 "id":129,
                 "image":"assets\/pieces\/T2.png",
                 "imageheight":30,
                 "imagewidth":20,
                 "type":"T2"
                }, 
                {
                 "id":130,
                 "image":"assets\/pieces\/T3.png",
                 "imageheight":20,
                 "imagewidth":30,
                 "type":"T3"
                }, 
                {
                 "id":131,
                 "image":"assets\/pieces\/T4.png",
                 "imageheight":30,
                 "imagewidth":20,
                 "type":"T4"
                }, 
                {
                 "id":132,
                 "image":"assets\/pieces\/TT1.png",
                 "imageheight":30,
                 "imagewidth":30,
                 "type":"TT1"
                }, 
                {
                 "id":133,
                 "image":"assets\/pieces\/TT2.png",
                 "imageheight":30,
                 "imagewidth":30,
                 "type":"TT2"
                }, 
                {
                 "id":134,
                 "image":"assets\/pieces\/TT3.png",
                 "imageheight":30,
                 "imagewidth":30,
                 "type":"TT3"
                }, 
                {
                 "id":135,
                 "image":"assets\/pieces\/TT4.png",
                 "imageheight":30,
                 "imagewidth":30,
                 "type":"TT4"
                },
            
                {
                 "id":136,
                 "image":"assets\/pieces\/U1.png",
                 "imageheight":20,
                 "imagewidth":30,
                 "type":"U1"
                }, 
                {
                 "id":137,
                 "image":"assets\/pieces\/U2.png",
                 "imageheight":30,
                 "imagewidth":20,
                 "type":"U2"
                }, 
                {
                 "id":138,
                 "image":"assets\/pieces\/U3.png",
                 "imageheight":20,
                 "imagewidth":30,
                 "type":"U3"
                }, 
                {
                 "id":139,
                 "image":"assets\/pieces\/U4.png",
                 "imageheight":30,
                 "imagewidth":20,
                 "type":"U4"
                }, 
                {
                 "id":140,
                 "image":"assets\/pieces\/V1.png",
                 "imageheight":20,
                 "imagewidth":20,
                 "type":"V1"
                }, 
                {
                 "id":141,
                 "image":"assets\/pieces\/V2.png",
                 "imageheight":20,
                 "imagewidth":20,
                 "type":"V2"
                }, 
                {
                 "id":142,
                 "image":"assets\/pieces\/V3.png",
                 "imageheight":20,
                 "imagewidth":20,
                 "type":"V3"
                }, 
                {
                 "id":143,
                 "image":"assets\/pieces\/V4.png",
                 "imageheight":20,
                 "imagewidth":20,
                 "type":"V4"
                }, 
                {
                 "id":144,
                 "image":"assets\/pieces\/VV1.png",
                 "imageheight":30,
                 "imagewidth":30,
                 "type":"VV1"
                },
            
                {
                 "id":145,
                 "image":"assets\/pieces\/VV2.png",
                 "imageheight":30,
                 "imagewidth":30,
                 "type":"VV2"
                }, 
                {
                 "id":146,
                 "image":"assets\/pieces\/VV3.png",
                 "imageheight":30,
                 "imagewidth":30,
                 "type":"VV3"
                }, 
                {
                 "id":147,
                 "image":"assets\/pieces\/VV4.png",
                 "imageheight":30,
                 "imagewidth":30,
                 "type":"VV4"
                }, 
                {
                 "id":148,
                 "image":"assets\/pieces\/X.png",
                 "imageheight":30,
                 "imagewidth":30,
                 "type":"X"
                }, 
                {
                 "id":149,
                 "image":"assets\/pieces\/Z1.png",
                 "imageheight":20,
                 "imagewidth":30,
                 "type":"Z1"
                }, 
                {
                 "id":150,
                 "image":"assets\/pieces\/Z2.png",
                 "imageheight":30,
                 "imagewidth":20,
                 "type":"Z2"
                }, 
                {
                 "id":10,
                 "image":"assets\/pieces\/diamond-10.png",
                 "imageheight":10,
                 "imagewidth":10,
                 "type":"diamond-10"
                }, 
                {
                 "id":11,
                 "image":"assets\/pieces\/diamond-11.png",
                 "imageheight":10,
                 "imagewidth":10,
                 "type":"diamond-11"
                }, 
                {
                 "id":12,
                 "image":"assets\/pieces\/diamond-12.png",
                 "imageheight":10,
                 "imagewidth":10,
                 "type":"diamond-12"
                },
            
                {
                 "id":13,
                 "image":"assets\/pieces\/diamond-13.png",
                 "imageheight":10,
                 "imagewidth":10,
                 "type":"diamond-13"
                }, 
                {
                 "id":14,
                 "image":"assets\/pieces\/diamond-14.png",
                 "imageheight":10,
                 "imagewidth":10,
                 "type":"diamond-14"
                }, 
                {
                 "id":15,
                 "image":"assets\/pieces\/diamond-15.png",
                 "imageheight":10,
                 "imagewidth":10,
                 "type":"diamond-15"
                }],
         "tilewidth":50
        }],
 "tilewidth":10,
 "type":"map",
 "version":"1.8",
 "width":9
}