{ "compressionlevel":-1,
 "height":9,
 "infinite":false,
 "layers":[
        {
         "data":[0, 0, 0, 0, 0, 0, 2, 2, 0,
            0, 0, 0, 0, 0, 0, 2, 0, 0,
            0, 0, 0, 0, 0, 11, 2, 0, 0,
            0, 0, 0, 0, 0, 11, 0, 0, 0,
            0, 0, 0, 0, 13, 11, 0, 0, 0,
            0, 0, 0, 0, 13, 0, 0, 0, 0,
            0, 0, 0, 12, 13, 0, 0, 0, 0,
            0, 0, 0, 12, 0, 0, 0, 0, 0,
            0, 0, 2, 12, 0, 0, 0, 0, 0],
         "height":9,
         "id":1,
         "name":"map",
         "opacity":1,
         "properties":[
                {
                 "name":"segment1",
                 "propertytype":"segment",
                 "type":"class",
                 "value":
                    {
                     "avgScore":3.3,
                     "piece1":"{min: 1, max: 10}",
                     "piece5":"{min: 1, max: 10}",
                     "pieceDistancePerGem":1,
                     "score":100
                    }
                }],
         "type":"tilelayer",
         "visible":true,
         "width":9,
         "x":0,
         "y":0
        }, 
        {
         "draworder":"topdown",
         "id":2,
         "name":"spawnOrder",
         "objects":[
                {
                 "gid":142,
                 "height":20,
                 "id":1874,
                 "name":"V2",
                 "properties":[
                        {
                         "name":"gem_id",
                         "type":"string",
                         "value":"12"
                        }, 
                        {
                         "name":"gem_position",
                         "type":"string",
                         "value":"1"
                        }],
                 "rotation":0,
                 "type":"V2",
                 "visible":true,
                 "width":20,
                 "x":-40,
                 "y":144
                }, 
                {
                 "gid":116,
                 "height":30,
                 "id":1875,
                 "name":"L3",
                 "properties":[
                        {
                         "name":"gem_id",
                         "type":"string",
                         "value":"10"
                        }, 
                        {
                         "name":"gem_position",
                         "type":"string",
                         "value":"2"
                        }],
                 "rotation":0,
                 "type":"L3",
                 "visible":true,
                 "width":20,
                 "x":35,
                 "y":148
                }, 
                {
                 "gid":150,
                 "height":20,
                 "id":1876,
                 "name":"Z1",
                 "rotation":0,
                 "type":"Z1",
                 "visible":true,
                 "width":30,
                 "x":110,
                 "y":144
                }, 
                {
                 "gid":103,
                 "height":30,
                 "id":1877,
                 "name":"I3",
                 "rotation":0,
                 "type":"I3",
                 "visible":true,
                 "width":10,
                 "x":-40,
                 "y":203
                }, 
                {
                 "gid":131,
                 "height":20,
                 "id":1878,
                 "name":"T3",
                 "properties":[
                        {
                         "name":"gem_id",
                         "type":"string",
                         "value":"12"
                        }, 
                        {
                         "name":"gem_position",
                         "type":"string",
                         "value":"2"
                        }],
                 "rotation":0,
                 "type":"T3",
                 "visible":true,
                 "width":30,
                 "x":35,
                 "y":197
                }, 
                {
                 "gid":142,
                 "height":20,
                 "id":1879,
                 "name":"V2",
                 "rotation":0,
                 "type":"V2",
                 "visible":true,
                 "width":20,
                 "x":110,
                 "y":197
                }, 
                {
                 "gid":150,
                 "height":20,
                 "id":1880,
                 "name":"Z1",
                 "rotation":0,
                 "type":"Z1",
                 "visible":true,
                 "width":30,
                 "x":-40,
                 "y":251
                }, 
                {
                 "gid":107,
                 "height":10,
                 "id":1881,
                 "name":"II3",
                 "properties":[
                        {
                         "name":"gem_id",
                         "type":"string",
                         "value":"10"
                        }, 
                        {
                         "name":"gem_position",
                         "type":"string",
                         "value":"1"
                        }],
                 "rotation":0,
                 "type":"II3",
                 "visible":true,
                 "width":30,
                 "x":35,
                 "y":246
                }, 
                {
                 "gid":143,
                 "height":20,
                 "id":1882,
                 "name":"V3",
                 "rotation":0,
                 "type":"V3",
                 "visible":true,
                 "width":20,
                 "x":110,
                 "y":251
                },
            
                {
                 "gid":129,
                 "height":20,
                 "id":1883,
                 "name":"T1",
                 "properties":[
                        {
                         "name":"gem_id",
                         "type":"string",
                         "value":"10"
                        }, 
                        {
                         "name":"gem_position",
                         "type":"string",
                         "value":"1"
                        }],
                 "rotation":0,
                 "type":"T1",
                 "visible":true,
                 "width":30,
                 "x":-40,
                 "y":306
                }, 
                {
                 "gid":142,
                 "height":20,
                 "id":1884,
                 "name":"V2",
                 "properties":[
                        {
                         "name":"gem_id",
                         "type":"string",
                         "value":"11"
                        }, 
                        {
                         "name":"gem_position",
                         "type":"string",
                         "value":"0"
                        }],
                 "rotation":0,
                 "type":"V2",
                 "visible":true,
                 "width":20,
                 "x":35,
                 "y":304
                }, 
                {
                 "gid":127,
                 "height":20,
                 "id":1885,
                 "name":"S1",
                 "rotation":0,
                 "type":"S1",
                 "visible":true,
                 "width":30,
                 "x":110,
                 "y":304
                }, 
                {
                 "gid":142,
                 "height":20,
                 "id":1886,
                 "name":"V2",
                 "rotation":0,
                 "type":"V2",
                 "visible":true,
                 "width":20,
                 "x":-40,
                 "y":358
                }, 
                {
                 "gid":127,
                 "height":20,
                 "id":1887,
                 "name":"S1",
                 "properties":[
                        {
                         "name":"gem_id",
                         "type":"string",
                         "value":"12"
                        }, 
                        {
                         "name":"gem_position",
                         "type":"string",
                         "value":"1"
                        }],
                 "rotation":0,
                 "type":"S1",
                 "visible":true,
                 "width":30,
                 "x":35,
                 "y":358
                }, 
                {
                 "gid":113,
                 "height":20,
                 "id":1888,
                 "name":"J4",
                 "rotation":0,
                 "type":"J4",
                 "visible":true,
                 "width":30,
                 "x":110,
                 "y":358
                }, 
                {
                 "gid":146,
                 "height":30,
                 "id":1889,
                 "name":"VV2",
                 "rotation":0,
                 "type":"VV2",
                 "visible":true,
                 "width":30,
                 "x":-40,
                 "y":417
                }, 
                {
                 "gid":132,
                 "height":30,
                 "id":1890,
                 "name":"T4",
                 "properties":[
                        {
                         "name":"gem_id",
                         "type":"string",
                         "value":"11"
                        }, 
                        {
                         "name":"gem_position",
                         "type":"string",
                         "value":"0"
                        }],
                 "rotation":0,
                 "type":"T4",
                 "visible":true,
                 "width":20,
                 "x":35,
                 "y":418
                }, 
                {
                 "gid":110,
                 "height":30,
                 "id":1891,
                 "name":"J1",
                 "rotation":0,
                 "type":"J1",
                 "visible":true,
                 "width":20,
                 "x":110,
                 "y":418
                },
            
                {
                 "gid":141,
                 "height":20,
                 "id":1892,
                 "name":"V1",
                 "rotation":0,
                 "type":"V1",
                 "visible":true,
                 "width":20,
                 "x":-40,
                 "y":466
                }, 
                {
                 "gid":102,
                 "height":20,
                 "id":1893,
                 "name":"I2",
                 "properties":[
                        {
                         "name":"gem_id",
                         "type":"string",
                         "value":"11"
                        }, 
                        {
                         "name":"gem_position",
                         "type":"string",
                         "value":"0"
                        }],
                 "rotation":0,
                 "type":"I2",
                 "visible":true,
                 "width":10,
                 "x":35,
                 "y":466
                }, 
                {
                 "gid":111,
                 "height":20,
                 "id":1894,
                 "name":"J2",
                 "rotation":0,
                 "type":"J2",
                 "visible":true,
                 "width":30,
                 "x":110,
                 "y":466
                }, 
                {
                 "gid":148,
                 "height":30,
                 "id":1895,
                 "name":"VV4",
                 "properties":[
                        {
                         "name":"gem_id",
                         "type":"string",
                         "value":"11"
                        }, 
                        {
                         "name":"gem_position",
                         "type":"string",
                         "value":"1"
                        }],
                 "rotation":0,
                 "type":"VV4",
                 "visible":true,
                 "width":30,
                 "x":-40,
                 "y":525
                }, 
                {
                 "gid":134,
                 "height":30,
                 "id":1896,
                 "name":"TT2",
                 "properties":[
                        {
                         "name":"gem_id",
                         "type":"string",
                         "value":"12"
                        }, 
                        {
                         "name":"gem_position",
                         "type":"string",
                         "value":"3"
                        }],
                 "rotation":0,
                 "type":"TT2",
                 "visible":true,
                 "width":30,
                 "x":35,
                 "y":525
                }, 
                {
                 "gid":118,
                 "height":20,
                 "id":1897,
                 "name":"O",
                 "rotation":0,
                 "type":"O",
                 "visible":true,
                 "width":20,
                 "x":110,
                 "y":520
                }, 
                {
                 "gid":118,
                 "height":20,
                 "id":1898,
                 "name":"O",
                 "rotation":0,
                 "type":"O",
                 "visible":true,
                 "width":20,
                 "x":-40,
                 "y":573
                }, 
                {
                 "gid":132,
                 "height":30,
                 "id":1899,
                 "name":"T4",
                 "properties":[
                        {
                         "name":"gem_id",
                         "type":"string",
                         "value":"11"
                        }, 
                        {
                         "name":"gem_position",
                         "type":"string",
                         "value":"0"
                        }],
                 "rotation":0,
                 "type":"T4",
                 "visible":true,
                 "width":20,
                 "x":35,
                 "y":578
                }, 
                {
                 "gid":113,
                 "height":20,
                 "id":1900,
                 "name":"J4",
                 "rotation":0,
                 "type":"J4",
                 "visible":true,
                 "width":30,
                 "x":110,
                 "y":573
                },
            
                {
                 "gid":129,
                 "height":20,
                 "id":1901,
                 "name":"T1",
                 "properties":[
                        {
                         "name":"gem_id",
                         "type":"string",
                         "value":"11"
                        }, 
                        {
                         "name":"gem_position",
                         "type":"string",
                         "value":"1"
                        }],
                 "rotation":0,
                 "type":"T1",
                 "visible":true,
                 "width":30,
                 "x":-40,
                 "y":627
                }, 
                {
                 "gid":109,
                 "height":10,
                 "id":1902,
                 "name":"II5",
                 "properties":[
                        {
                         "name":"gem_id",
                         "type":"string",
                         "value":"11"
                        }, 
                        {
                         "name":"gem_position",
                         "type":"string",
                         "value":"3"
                        }],
                 "rotation":0,
                 "type":"II5",
                 "visible":true,
                 "width":50,
                 "x":35,
                 "y":622
                }, 
                {
                 "gid":144,
                 "height":20,
                 "id":1903,
                 "name":"V4",
                 "rotation":0,
                 "type":"V4",
                 "visible":true,
                 "width":20,
                 "x":110,
                 "y":626
                }, 
                {
                 "gid":141,
                 "height":20,
                 "id":1904,
                 "name":"V1",
                 "properties":[
                        {
                         "name":"gem_id",
                         "type":"string",
                         "value":"10"
                        }, 
                        {
                         "name":"gem_position",
                         "type":"string",
                         "value":"1"
                        }],
                 "rotation":0,
                 "type":"V1",
                 "visible":true,
                 "width":20,
                 "x":-40,
                 "y":680
                }, 
                {
                 "gid":117,
                 "height":20,
                 "id":1905,
                 "name":"L4",
                 "rotation":0,
                 "type":"L4",
                 "visible":true,
                 "width":30,
                 "x":35,
                 "y":680
                }, 
                {
                 "gid":151,
                 "height":30,
                 "id":1906,
                 "name":"Z2",
                 "rotation":0,
                 "type":"Z2",
                 "visible":true,
                 "width":20,
                 "x":110,
                 "y":686
                }, 
                {
                 "gid":116,
                 "height":30,
                 "id":1907,
                 "name":"L3",
                 "rotation":0,
                 "type":"L3",
                 "visible":true,
                 "width":20,
                 "x":-40,
                 "y":740
                }, 
                {
                 "gid":120,
                 "height":30,
                 "id":1908,
                 "name":"polyplet-left-3",
                 "properties":[
                        {
                         "name":"gem_id",
                         "type":"string",
                         "value":"12"
                        }, 
                        {
                         "name":"gem_position",
                         "type":"string",
                         "value":"0"
                        }],
                 "rotation":0,
                 "type":"polyplet-left-3",
                 "visible":true,
                 "width":30,
                 "x":35,
                 "y":740
                }, 
                {
                 "gid":118,
                 "height":20,
                 "id":1909,
                 "name":"O",
                 "rotation":0,
                 "type":"O",
                 "visible":true,
                 "width":20,
                 "x":110,
                 "y":734
                },
            
                {
                 "gid":118,
                 "height":20,
                 "id":1910,
                 "name":"O",
                 "rotation":0,
                 "type":"O",
                 "visible":true,
                 "width":20,
                 "x":-40,
                 "y":788
                }, 
                {
                 "gid":108,
                 "height":10,
                 "id":1911,
                 "name":"II4",
                 "properties":[
                        {
                         "name":"gem_id",
                         "type":"string",
                         "value":"10"
                        }, 
                        {
                         "name":"gem_position",
                         "type":"string",
                         "value":"2"
                        }],
                 "rotation":0,
                 "type":"II4",
                 "visible":true,
                 "width":40,
                 "x":35,
                 "y":783
                }, 
                {
                 "gid":142,
                 "height":20,
                 "id":1912,
                 "name":"V2",
                 "rotation":0,
                 "type":"V2",
                 "visible":true,
                 "width":20,
                 "x":110,
                 "y":787
                }, 
                {
                 "gid":123,
                 "height":20,
                 "id":1913,
                 "name":"polyplet-right-2",
                 "properties":[
                        {
                         "name":"gem_id",
                         "type":"string",
                         "value":"10"
                        }, 
                        {
                         "name":"gem_position",
                         "type":"string",
                         "value":"0"
                        }],
                 "rotation":0,
                 "type":"polyplet-right-2",
                 "visible":true,
                 "width":20,
                 "x":-40,
                 "y":842
                }, 
                {
                 "gid":137,
                 "height":20,
                 "id":1914,
                 "name":"U1",
                 "properties":[
                        {
                         "name":"gem_id",
                         "type":"string",
                         "value":"10"
                        }, 
                        {
                         "name":"gem_position",
                         "type":"string",
                         "value":"2"
                        }],
                 "rotation":0,
                 "type":"U1",
                 "visible":true,
                 "width":30,
                 "x":35,
                 "y":842
                }, 
                {
                 "gid":136,
                 "height":30,
                 "id":1915,
                 "name":"TT4",
                 "rotation":0,
                 "type":"TT4",
                 "visible":true,
                 "width":30,
                 "x":110,
                 "y":846
                }, 
                {
                 "gid":108,
                 "height":10,
                 "id":1916,
                 "name":"II4",
                 "rotation":0,
                 "type":"II4",
                 "visible":true,
                 "width":40,
                 "x":-40,
                 "y":890
                }, 
                {
                 "gid":118,
                 "height":20,
                 "id":1917,
                 "name":"O",
                 "properties":[
                        {
                         "name":"gem_id",
                         "type":"string",
                         "value":"12"
                        }, 
                        {
                         "name":"gem_position",
                         "type":"string",
                         "value":"2"
                        }],
                 "rotation":0,
                 "type":"O",
                 "visible":true,
                 "width":20,
                 "x":35,
                 "y":895
                }, 
                {
                 "gid":147,
                 "height":30,
                 "id":1918,
                 "name":"VV3",
                 "rotation":0,
                 "type":"VV3",
                 "visible":true,
                 "width":30,
                 "x":110,
                 "y":901
                },
            
                {
                 "gid":105,
                 "height":50,
                 "id":1919,
                 "name":"I5",
                 "properties":[
                        {
                         "name":"gem_id",
                         "type":"string",
                         "value":"12"
                        }, 
                        {
                         "name":"gem_position",
                         "type":"string",
                         "value":"3"
                        }],
                 "rotation":0,
                 "type":"I5",
                 "visible":true,
                 "width":10,
                 "x":-40,
                 "y":964
                }, 
                {
                 "gid":129,
                 "height":20,
                 "id":1920,
                 "name":"T1",
                 "properties":[
                        {
                         "name":"gem_id",
                         "type":"string",
                         "value":"11"
                        }, 
                        {
                         "name":"gem_position",
                         "type":"string",
                         "value":"2"
                        }],
                 "rotation":0,
                 "type":"T1",
                 "visible":true,
                 "width":30,
                 "x":35,
                 "y":949
                }, 
                {
                 "gid":111,
                 "height":20,
                 "id":1921,
                 "name":"J2",
                 "rotation":0,
                 "type":"J2",
                 "visible":true,
                 "width":30,
                 "x":110,
                 "y":950
                }, 
                {
                 "gid":131,
                 "height":20,
                 "id":1922,
                 "name":"T3",
                 "rotation":0,
                 "type":"T3",
                 "visible":true,
                 "width":30,
                 "x":-40,
                 "y":1003
                }, 
                {
                 "gid":135,
                 "height":30,
                 "id":1923,
                 "name":"TT3",
                 "properties":[
                        {
                         "name":"gem_id",
                         "type":"string",
                         "value":"11"
                        }, 
                        {
                         "name":"gem_position",
                         "type":"string",
                         "value":"3"
                        }],
                 "rotation":0,
                 "type":"TT3",
                 "visible":true,
                 "width":30,
                 "x":35,
                 "y":1008
                }, 
                {
                 "gid":125,
                 "height":40,
                 "id":1924,
                 "name":"polyplet-right-4",
                 "rotation":0,
                 "type":"polyplet-right-4",
                 "visible":true,
                 "width":40,
                 "x":110,
                 "y":1013
                }, 
                {
                 "gid":105,
                 "height":50,
                 "id":1925,
                 "name":"I5",
                 "properties":[
                        {
                         "name":"gem_id",
                         "type":"string",
                         "value":"12"
                        }, 
                        {
                         "name":"gem_position",
                         "type":"string",
                         "value":"0"
                        }],
                 "rotation":0,
                 "type":"I5",
                 "visible":true,
                 "width":10,
                 "x":-40,
                 "y":1072
                }, 
                {
                 "gid":137,
                 "height":20,
                 "id":1926,
                 "name":"U1",
                 "rotation":0,
                 "type":"U1",
                 "visible":true,
                 "width":30,
                 "x":35,
                 "y":1057
                }, 
                {
                 "gid":135,
                 "height":30,
                 "id":1927,
                 "name":"TT3",
                 "rotation":0,
                 "type":"TT3",
                 "visible":true,
                 "width":30,
                 "x":110,
                 "y":1061
                },
            
                {
                 "gid":118,
                 "height":20,
                 "id":1928,
                 "name":"O",
                 "properties":[
                        {
                         "name":"gem_id",
                         "type":"string",
                         "value":"12"
                        }, 
                        {
                         "name":"gem_position",
                         "type":"string",
                         "value":"1"
                        }],
                 "rotation":0,
                 "type":"O",
                 "visible":true,
                 "width":20,
                 "x":-40,
                 "y":1111
                }, 
                {
                 "gid":149,
                 "height":30,
                 "id":1929,
                 "name":"X",
                 "rotation":0,
                 "type":"X",
                 "visible":true,
                 "width":30,
                 "x":35,
                 "y":1116
                }, 
                {
                 "gid":117,
                 "height":20,
                 "id":1930,
                 "name":"L4",
                 "rotation":0,
                 "type":"L4",
                 "visible":true,
                 "width":30,
                 "x":110,
                 "y":1111
                }, 
                {
                 "gid":127,
                 "height":20,
                 "id":1931,
                 "name":"S1",
                 "rotation":0,
                 "type":"S1",
                 "visible":true,
                 "width":30,
                 "x":-40,
                 "y":1164
                }, 
                {
                 "gid":148,
                 "height":30,
                 "id":1932,
                 "name":"VV4",
                 "properties":[
                        {
                         "name":"gem_id",
                         "type":"string",
                         "value":"10"
                        }, 
                        {
                         "name":"gem_position",
                         "type":"string",
                         "value":"0"
                        }],
                 "rotation":0,
                 "type":"VV4",
                 "visible":true,
                 "width":30,
                 "x":35,
                 "y":1169
                }, 
                {
                 "gid":121,
                 "height":40,
                 "id":1933,
                 "name":"polyplet-left-4",
                 "rotation":0,
                 "type":"polyplet-left-4",
                 "visible":true,
                 "width":40,
                 "x":110,
                 "y":1174
                }, 
                {
                 "gid":136,
                 "height":30,
                 "id":1934,
                 "name":"TT4",
                 "properties":[
                        {
                         "name":"gem_id",
                         "type":"string",
                         "value":"11"
                        }, 
                        {
                         "name":"gem_position",
                         "type":"string",
                         "value":"1"
                        }],
                 "rotation":0,
                 "type":"TT4",
                 "visible":true,
                 "width":30,
                 "x":-40,
                 "y":1222
                }, 
                {
                 "gid":108,
                 "height":10,
                 "id":1935,
                 "name":"II4",
                 "properties":[
                        {
                         "name":"gem_id",
                         "type":"string",
                         "value":"11"
                        }, 
                        {
                         "name":"gem_position",
                         "type":"string",
                         "value":"1"
                        }],
                 "rotation":0,
                 "type":"II4",
                 "visible":true,
                 "width":40,
                 "x":35,
                 "y":1213
                }, 
                {
                 "gid":149,
                 "height":30,
                 "id":1936,
                 "name":"X",
                 "rotation":0,
                 "type":"X",
                 "visible":true,
                 "width":30,
                 "x":110,
                 "y":1223
                },
            
                {
                 "gid":105,
                 "height":50,
                 "id":1937,
                 "name":"I5",
                 "rotation":0,
                 "type":"I5",
                 "visible":true,
                 "width":10,
                 "x":-40,
                 "y":1286
                }, 
                {
                 "gid":146,
                 "height":30,
                 "id":1938,
                 "name":"VV2",
                 "properties":[
                        {
                         "name":"gem_id",
                         "type":"string",
                         "value":"11"
                        }, 
                        {
                         "name":"gem_position",
                         "type":"string",
                         "value":"0"
                        }],
                 "rotation":0,
                 "type":"VV2",
                 "visible":true,
                 "width":30,
                 "x":35,
                 "y":1276
                }, 
                {
                 "gid":149,
                 "height":30,
                 "id":1939,
                 "name":"X",
                 "rotation":0,
                 "type":"X",
                 "visible":true,
                 "width":30,
                 "x":110,
                 "y":1276
                }, 
                {
                 "gid":148,
                 "height":30,
                 "id":1940,
                 "name":"VV4",
                 "properties":[
                        {
                         "name":"gem_id",
                         "type":"string",
                         "value":"12"
                        }, 
                        {
                         "name":"gem_position",
                         "type":"string",
                         "value":"0"
                        }],
                 "rotation":0,
                 "type":"VV4",
                 "visible":true,
                 "width":30,
                 "x":-40,
                 "y":1330
                }, 
                {
                 "gid":117,
                 "height":20,
                 "id":1941,
                 "name":"L4",
                 "properties":[
                        {
                         "name":"gem_id",
                         "type":"string",
                         "value":"10"
                        }, 
                        {
                         "name":"gem_position",
                         "type":"string",
                         "value":"1"
                        }],
                 "rotation":0,
                 "type":"L4",
                 "visible":true,
                 "width":30,
                 "x":35,
                 "y":1325
                }, 
                {
                 "gid":108,
                 "height":10,
                 "id":1942,
                 "name":"II4",
                 "rotation":0,
                 "type":"II4",
                 "visible":true,
                 "width":40,
                 "x":110,
                 "y":1320
                }, 
                {
                 "gid":146,
                 "height":30,
                 "id":1943,
                 "name":"VV2",
                 "rotation":0,
                 "type":"VV2",
                 "visible":true,
                 "width":30,
                 "x":-40,
                 "y":1383
                }, 
                {
                 "gid":130,
                 "height":30,
                 "id":1944,
                 "name":"T2",
                 "properties":[
                        {
                         "name":"gem_id",
                         "type":"string",
                         "value":"10"
                        }, 
                        {
                         "name":"gem_position",
                         "type":"string",
                         "value":"1"
                        }],
                 "rotation":0,
                 "type":"T2",
                 "visible":true,
                 "width":20,
                 "x":35,
                 "y":1384
                }, 
                {
                 "gid":149,
                 "height":30,
                 "id":1945,
                 "name":"X",
                 "rotation":0,
                 "type":"X",
                 "visible":true,
                 "width":30,
                 "x":110,
                 "y":1382
                },
            
                {
                 "gid":145,
                 "height":30,
                 "id":1946,
                 "name":"VV1",
                 "properties":[
                        {
                         "name":"gem_id",
                         "type":"string",
                         "value":"10"
                        }, 
                        {
                         "name":"gem_position",
                         "type":"string",
                         "value":"1"
                        }],
                 "rotation":0,
                 "type":"VV1",
                 "visible":true,
                 "width":30,
                 "x":-40,
                 "y":1437
                }, 
                {
                 "gid":109,
                 "height":10,
                 "id":1947,
                 "name":"II5",
                 "properties":[
                        {
                         "name":"gem_id",
                         "type":"string",
                         "value":"10"
                        }, 
                        {
                         "name":"gem_position",
                         "type":"string",
                         "value":"2"
                        }],
                 "rotation":0,
                 "type":"II5",
                 "visible":true,
                 "width":50,
                 "x":35,
                 "y":1426
                }, 
                {
                 "gid":149,
                 "height":30,
                 "id":1948,
                 "name":"X",
                 "rotation":0,
                 "type":"X",
                 "visible":true,
                 "width":30,
                 "x":110,
                 "y":1437
                }, 
                {
                 "gid":111,
                 "height":20,
                 "id":1949,
                 "name":"J2",
                 "rotation":0,
                 "type":"J2",
                 "visible":true,
                 "width":30,
                 "x":-40,
                 "y":1487
                }, 
                {
                 "gid":123,
                 "height":20,
                 "id":1950,
                 "name":"polyplet-right-2",
                 "properties":[
                        {
                         "name":"gem_id",
                         "type":"string",
                         "value":"10"
                        }, 
                        {
                         "name":"gem_position",
                         "type":"string",
                         "value":"0"
                        }],
                 "rotation":0,
                 "type":"polyplet-right-2",
                 "visible":true,
                 "width":20,
                 "x":35,
                 "y":1487
                }, 
                {
                 "gid":137,
                 "height":20,
                 "id":1951,
                 "name":"U1",
                 "rotation":0,
                 "type":"U1",
                 "visible":true,
                 "width":30,
                 "x":110,
                 "y":1487
                }, 
                {
                 "gid":137,
                 "height":20,
                 "id":1952,
                 "name":"U1",
                 "properties":[
                        {
                         "name":"gem_id",
                         "type":"string",
                         "value":"12"
                        }, 
                        {
                         "name":"gem_position",
                         "type":"string",
                         "value":"3"
                        }],
                 "rotation":0,
                 "type":"U1",
                 "visible":true,
                 "width":30,
                 "x":-40,
                 "y":1540
                }, 
                {
                 "gid":135,
                 "height":30,
                 "id":1953,
                 "name":"TT3",
                 "properties":[
                        {
                         "name":"gem_id",
                         "type":"string",
                         "value":"11"
                        }, 
                        {
                         "name":"gem_position",
                         "type":"string",
                         "value":"0"
                        }],
                 "rotation":0,
                 "type":"TT3",
                 "visible":true,
                 "width":30,
                 "x":35,
                 "y":1544
                }, 
                {
                 "gid":127,
                 "height":20,
                 "id":1954,
                 "name":"S1",
                 "rotation":0,
                 "type":"S1",
                 "visible":true,
                 "width":30,
                 "x":110,
                 "y":1540
                },
            
                {
                 "gid":150,
                 "height":20,
                 "id":1955,
                 "name":"Z1",
                 "properties":[
                        {
                         "name":"gem_id",
                         "type":"string",
                         "value":"12"
                        }, 
                        {
                         "name":"gem_position",
                         "type":"string",
                         "value":"1"
                        }],
                 "rotation":0,
                 "type":"Z1",
                 "visible":true,
                 "width":30,
                 "x":-40,
                 "y":1593
                }, 
                {
                 "gid":124,
                 "height":30,
                 "id":1956,
                 "name":"polyplet-right-3",
                 "properties":[
                        {
                         "name":"gem_id",
                         "type":"string",
                         "value":"10"
                        }, 
                        {
                         "name":"gem_position",
                         "type":"string",
                         "value":"1"
                        }],
                 "rotation":0,
                 "type":"polyplet-right-3",
                 "visible":true,
                 "width":30,
                 "x":35,
                 "y":1598
                }, 
                {
                 "gid":116,
                 "height":30,
                 "id":1957,
                 "name":"L3",
                 "rotation":0,
                 "type":"L3",
                 "visible":true,
                 "width":20,
                 "x":110,
                 "y":1599
                }, 
                {
                 "gid":2,
                 "height":10,
                 "id":1958,
                 "name":"1",
                 "rotation":0,
                 "type":"1",
                 "visible":true,
                 "width":10,
                 "x":-40,
                 "y":1647
                }, 
                {
                 "gid":102,
                 "height":20,
                 "id":1959,
                 "name":"I2",
                 "rotation":0,
                 "type":"I2",
                 "visible":true,
                 "width":10,
                 "x":35,
                 "y":1651
                }, 
                {
                 "gid":103,
                 "height":30,
                 "id":1960,
                 "name":"I3",
                 "rotation":0,
                 "type":"I3",
                 "visible":true,
                 "width":10,
                 "x":110,
                 "y":1655
                }, 
                {
                 "gid":104,
                 "height":40,
                 "id":1961,
                 "name":"I4",
                 "rotation":0,
                 "type":"I4",
                 "visible":true,
                 "width":10,
                 "x":-40,
                 "y":1726
                }, 
                {
                 "gid":105,
                 "height":50,
                 "id":1962,
                 "name":"I5",
                 "rotation":0,
                 "type":"I5",
                 "visible":true,
                 "width":10,
                 "x":35,
                 "y":1729
                }, 
                {
                 "gid":106,
                 "height":10,
                 "id":1963,
                 "name":"II2",
                 "rotation":0,
                 "type":"II2",
                 "visible":true,
                 "width":20,
                 "x":110,
                 "y":1711
                },
            
                {
                 "gid":107,
                 "height":10,
                 "id":1964,
                 "name":"II3",
                 "rotation":0,
                 "type":"II3",
                 "visible":true,
                 "width":30,
                 "x":-40,
                 "y":1788
                }, 
                {
                 "gid":108,
                 "height":10,
                 "id":1965,
                 "name":"II4",
                 "rotation":0,
                 "type":"II4",
                 "visible":true,
                 "width":40,
                 "x":35,
                 "y":1788
                }, 
                {
                 "gid":109,
                 "height":10,
                 "id":1966,
                 "name":"II5",
                 "rotation":0,
                 "type":"II5",
                 "visible":true,
                 "width":50,
                 "x":110,
                 "y":1788
                }, 
                {
                 "gid":110,
                 "height":30,
                 "id":1967,
                 "name":"J1",
                 "rotation":0,
                 "type":"J1",
                 "visible":true,
                 "width":20,
                 "x":-40,
                 "y":1850
                }, 
                {
                 "gid":111,
                 "height":20,
                 "id":1968,
                 "name":"J2",
                 "rotation":0,
                 "type":"J2",
                 "visible":true,
                 "width":30,
                 "x":35,
                 "y":1845
                }, 
                {
                 "gid":112,
                 "height":30,
                 "id":1969,
                 "name":"J3",
                 "rotation":0,
                 "type":"J3",
                 "visible":true,
                 "width":20,
                 "x":110,
                 "y":1851
                }, 
                {
                 "gid":113,
                 "height":20,
                 "id":1970,
                 "name":"J4",
                 "rotation":0,
                 "type":"J4",
                 "visible":true,
                 "width":30,
                 "x":-40,
                 "y":1928
                }, 
                {
                 "gid":114,
                 "height":30,
                 "id":1971,
                 "name":"L1",
                 "rotation":0,
                 "type":"L1",
                 "visible":true,
                 "width":20,
                 "x":35,
                 "y":1934
                }, 
                {
                 "gid":115,
                 "height":20,
                 "id":1972,
                 "name":"L2",
                 "rotation":0,
                 "type":"L2",
                 "visible":true,
                 "width":30,
                 "x":110,
                 "y":1928
                },
            
                {
                 "gid":116,
                 "height":30,
                 "id":1973,
                 "name":"L3",
                 "rotation":0,
                 "type":"L3",
                 "visible":true,
                 "width":20,
                 "x":-40,
                 "y":1996
                }, 
                {
                 "gid":117,
                 "height":20,
                 "id":1974,
                 "name":"L4",
                 "rotation":0,
                 "type":"L4",
                 "visible":true,
                 "width":30,
                 "x":35,
                 "y":1987
                }, 
                {
                 "gid":118,
                 "height":20,
                 "id":1975,
                 "name":"O",
                 "rotation":0,
                 "type":"O",
                 "visible":true,
                 "width":20,
                 "x":110,
                 "y":1990
                }, 
                {
                 "gid":119,
                 "height":20,
                 "id":1976,
                 "name":"polyplet-left-2",
                 "rotation":0,
                 "type":"polyplet-left-2",
                 "visible":true,
                 "width":20,
                 "x":-40,
                 "y":2051
                }, 
                {
                 "gid":120,
                 "height":30,
                 "id":1977,
                 "name":"polyplet-left-3",
                 "rotation":0,
                 "type":"polyplet-left-3",
                 "visible":true,
                 "width":30,
                 "x":35,
                 "y":2054
                }, 
                {
                 "gid":121,
                 "height":40,
                 "id":1978,
                 "name":"polyplet-left-4",
                 "rotation":0,
                 "type":"polyplet-left-4",
                 "visible":true,
                 "width":40,
                 "x":110,
                 "y":2059
                }, 
                {
                 "gid":123,
                 "height":20,
                 "id":1979,
                 "name":"polyplet-right-2",
                 "rotation":0,
                 "type":"polyplet-right-2",
                 "visible":true,
                 "width":20,
                 "x":-40,
                 "y":2118
                }, 
                {
                 "gid":124,
                 "height":30,
                 "id":1980,
                 "name":"polyplet-right-3",
                 "rotation":0,
                 "type":"polyplet-right-3",
                 "visible":true,
                 "width":30,
                 "x":35,
                 "y":2129
                }, 
                {
                 "gid":125,
                 "height":40,
                 "id":1981,
                 "name":"polyplet-right-4",
                 "rotation":0,
                 "type":"polyplet-right-4",
                 "visible":true,
                 "width":40,
                 "x":110,
                 "y":2129
                },
            
                {
                 "gid":127,
                 "height":20,
                 "id":1982,
                 "name":"S1",
                 "rotation":0,
                 "type":"S1",
                 "visible":true,
                 "width":30,
                 "x":-40,
                 "y":2188
                }, 
                {
                 "gid":128,
                 "height":30,
                 "id":1983,
                 "name":"S2",
                 "rotation":0,
                 "type":"S2",
                 "visible":true,
                 "width":20,
                 "x":35,
                 "y":2190
                }, 
                {
                 "gid":150,
                 "height":20,
                 "id":1984,
                 "name":"Z1",
                 "rotation":0,
                 "type":"Z1",
                 "visible":true,
                 "width":30,
                 "x":110,
                 "y":2188
                }, 
                {
                 "gid":151,
                 "height":30,
                 "id":1985,
                 "name":"Z2",
                 "rotation":0,
                 "type":"Z2",
                 "visible":true,
                 "width":20,
                 "x":-40,
                 "y":2253
                }, 
                {
                 "gid":129,
                 "height":20,
                 "id":1986,
                 "name":"T1",
                 "rotation":0,
                 "type":"T1",
                 "visible":true,
                 "width":30,
                 "x":35,
                 "y":2249
                }, 
                {
                 "gid":130,
                 "height":30,
                 "id":1987,
                 "name":"T2",
                 "rotation":0,
                 "type":"T2",
                 "visible":true,
                 "width":20,
                 "x":110,
                 "y":2255
                }, 
                {
                 "gid":131,
                 "height":20,
                 "id":1988,
                 "name":"T3",
                 "rotation":0,
                 "type":"T3",
                 "visible":true,
                 "width":30,
                 "x":-40,
                 "y":2313
                }, 
                {
                 "gid":132,
                 "height":30,
                 "id":1989,
                 "name":"T4",
                 "rotation":0,
                 "type":"T4",
                 "visible":true,
                 "width":20,
                 "x":35,
                 "y":2317
                }, 
                {
                 "gid":133,
                 "height":30,
                 "id":1990,
                 "name":"TT1",
                 "rotation":0,
                 "type":"TT1",
                 "visible":true,
                 "width":30,
                 "x":110,
                 "y":2317
                },
            
                {
                 "gid":134,
                 "height":30,
                 "id":1991,
                 "name":"TT2",
                 "rotation":0,
                 "type":"TT2",
                 "visible":true,
                 "width":30,
                 "x":-40,
                 "y":2380
                }, 
                {
                 "gid":135,
                 "height":30,
                 "id":1992,
                 "name":"TT3",
                 "rotation":0,
                 "type":"TT3",
                 "visible":true,
                 "width":30,
                 "x":35,
                 "y":2379
                }, 
                {
                 "gid":136,
                 "height":30,
                 "id":1993,
                 "name":"TT4",
                 "rotation":0,
                 "type":"TT4",
                 "visible":true,
                 "width":30,
                 "x":110,
                 "y":2379
                }, 
                {
                 "gid":137,
                 "height":20,
                 "id":1994,
                 "name":"U1",
                 "rotation":0,
                 "type":"U1",
                 "visible":true,
                 "width":30,
                 "x":-40,
                 "y":2436
                }, 
                {
                 "gid":138,
                 "height":30,
                 "id":1995,
                 "name":"U2",
                 "rotation":0,
                 "type":"U2",
                 "visible":true,
                 "width":20,
                 "x":35,
                 "y":2441
                }, 
                {
                 "gid":139,
                 "height":20,
                 "id":1996,
                 "name":"U3",
                 "rotation":0,
                 "type":"U3",
                 "visible":true,
                 "width":30,
                 "x":110,
                 "y":2436
                }, 
                {
                 "gid":140,
                 "height":30,
                 "id":1997,
                 "name":"U4",
                 "rotation":0,
                 "type":"U4",
                 "visible":true,
                 "width":20,
                 "x":-40,
                 "y":2498
                }, 
                {
                 "gid":141,
                 "height":20,
                 "id":1998,
                 "name":"V1",
                 "rotation":0,
                 "type":"V1",
                 "visible":true,
                 "width":20,
                 "x":35,
                 "y":2492
                }, 
                {
                 "gid":142,
                 "height":20,
                 "id":1999,
                 "name":"V2",
                 "rotation":0,
                 "type":"V2",
                 "visible":true,
                 "width":20,
                 "x":110,
                 "y":2491
                },
            
                {
                 "gid":143,
                 "height":20,
                 "id":2000,
                 "name":"V3",
                 "rotation":0,
                 "type":"V3",
                 "visible":true,
                 "width":20,
                 "x":-40,
                 "y":2546
                }, 
                {
                 "gid":144,
                 "height":20,
                 "id":2001,
                 "name":"V4",
                 "rotation":0,
                 "type":"V4",
                 "visible":true,
                 "width":20,
                 "x":35,
                 "y":2546
                }, 
                {
                 "gid":145,
                 "height":30,
                 "id":2002,
                 "name":"VV1",
                 "rotation":0,
                 "type":"VV1",
                 "visible":true,
                 "width":30,
                 "x":110,
                 "y":2549
                }, 
                {
                 "gid":146,
                 "height":30,
                 "id":2003,
                 "name":"VV2",
                 "rotation":0,
                 "type":"VV2",
                 "visible":true,
                 "width":30,
                 "x":-40,
                 "y":2609
                }, 
                {
                 "gid":147,
                 "height":30,
                 "id":2004,
                 "name":"VV3",
                 "rotation":0,
                 "type":"VV3",
                 "visible":true,
                 "width":30,
                 "x":35,
                 "y":2609
                }, 
                {
                 "gid":148,
                 "height":30,
                 "id":2005,
                 "name":"VV4",
                 "rotation":0,
                 "type":"VV4",
                 "visible":true,
                 "width":30,
                 "x":110,
                 "y":2611
                }, 
                {
                 "gid":149,
                 "height":30,
                 "id":2006,
                 "name":"X",
                 "rotation":0,
                 "type":"X",
                 "visible":true,
                 "width":30,
                 "x":-40,
                 "y":2671
                }],
         "opacity":1,
         "type":"objectgroup",
         "visible":true,
         "x":0,
         "y":0
        }],
 "nextlayerid":12,
 "nextobjectid":2007,
 "orientation":"orthogonal",
 "properties":[
        {
         "name":"target",
         "type":"string",
         "value":"{12: 6, 11: 6, 10: 6}"
        }, 
        {
         "name":"typeLevel",
         "type":"string",
         "value":"collect"
        }],
 "renderorder":"right-down",
 "tiledversion":"1.8.5",
 "tileheight":10,
 "tilesets":[
        {
         "columns":0,
         "firstgid":1,
         "grid":
            {
             "height":1,
             "orientation":"orthogonal",
             "width":1
            },
         "margin":0,
         "name":"Pieces",
         "spacing":0,
         "tilecount":57,
         "tileheight":50,
         "tiles":[
                {
                 "id":1,
                 "image":"assets\/pieces\/1.png",
                 "imageheight":10,
                 "imagewidth":10,
                 "type":"1"
                }, 
                {
                 "id":101,
                 "image":"assets\/pieces\/I2.png",
                 "imageheight":20,
                 "imagewidth":10,
                 "type":"I2"
                }, 
                {
                 "id":102,
                 "image":"assets\/pieces\/I3.png",
                 "imageheight":30,
                 "imagewidth":10,
                 "type":"I3"
                }, 
                {
                 "id":103,
                 "image":"assets\/pieces\/I4.png",
                 "imageheight":40,
                 "imagewidth":10,
                 "type":"I4"
                }, 
                {
                 "id":104,
                 "image":"assets\/pieces\/I5.png",
                 "imageheight":50,
                 "imagewidth":10,
                 "type":"I5"
                }, 
                {
                 "id":105,
                 "image":"assets\/pieces\/II2.png",
                 "imageheight":10,
                 "imagewidth":20,
                 "type":"II2"
                }, 
                {
                 "id":106,
                 "image":"assets\/pieces\/II3.png",
                 "imageheight":10,
                 "imagewidth":30,
                 "type":"II3"
                }, 
                {
                 "id":107,
                 "image":"assets\/pieces\/II4.png",
                 "imageheight":10,
                 "imagewidth":40,
                 "type":"II4"
                }, 
                {
                 "id":108,
                 "image":"assets\/pieces\/II5.png",
                 "imageheight":10,
                 "imagewidth":50,
                 "type":"II5"
                },
            
                {
                 "id":109,
                 "image":"assets\/pieces\/J1.png",
                 "imageheight":30,
                 "imagewidth":20,
                 "type":"J1"
                }, 
                {
                 "id":110,
                 "image":"assets\/pieces\/J2.png",
                 "imageheight":20,
                 "imagewidth":30,
                 "type":"J2"
                }, 
                {
                 "id":111,
                 "image":"assets\/pieces\/J3.png",
                 "imageheight":30,
                 "imagewidth":20,
                 "type":"J3"
                }, 
                {
                 "id":112,
                 "image":"assets\/pieces\/J4.png",
                 "imageheight":20,
                 "imagewidth":30,
                 "type":"J4"
                }, 
                {
                 "id":113,
                 "image":"assets\/pieces\/L1.png",
                 "imageheight":30,
                 "imagewidth":20,
                 "type":"L1"
                }, 
                {
                 "id":114,
                 "image":"assets\/pieces\/L2.png",
                 "imageheight":20,
                 "imagewidth":30,
                 "type":"L2"
                }, 
                {
                 "id":115,
                 "image":"assets\/pieces\/L3.png",
                 "imageheight":30,
                 "imagewidth":20,
                 "type":"L3"
                }, 
                {
                 "id":116,
                 "image":"assets\/pieces\/L4.png",
                 "imageheight":20,
                 "imagewidth":30,
                 "type":"L4"
                }, 
                {
                 "id":117,
                 "image":"assets\/pieces\/O.png",
                 "imageheight":20,
                 "imagewidth":20,
                 "type":"O"
                },
            
                {
                 "id":118,
                 "image":"assets\/pieces\/polyplet-left-2.png",
                 "imageheight":20,
                 "imagewidth":20,
                 "type":"polyplet-left-2"
                }, 
                {
                 "id":119,
                 "image":"assets\/pieces\/polyplet-left-3.png",
                 "imageheight":30,
                 "imagewidth":30,
                 "type":"polyplet-left-3"
                }, 
                {
                 "id":120,
                 "image":"assets\/pieces\/polyplet-left-4.png",
                 "imageheight":40,
                 "imagewidth":40,
                 "type":"polyplet-left-4"
                }, 
                {
                 "id":121,
                 "image":"assets\/pieces\/polyplet-left-5.png",
                 "imageheight":50,
                 "imagewidth":50,
                 "type":"polyplet-left-5"
                }, 
                {
                 "id":122,
                 "image":"assets\/pieces\/polyplet-right-2.png",
                 "imageheight":20,
                 "imagewidth":20,
                 "type":"polyplet-right-2"
                }, 
                {
                 "id":123,
                 "image":"assets\/pieces\/polyplet-right-3.png",
                 "imageheight":30,
                 "imagewidth":30,
                 "type":"polyplet-right-3"
                }, 
                {
                 "id":124,
                 "image":"assets\/pieces\/polyplet-right-4.png",
                 "imageheight":40,
                 "imagewidth":40,
                 "type":"polyplet-right-4"
                }, 
                {
                 "id":125,
                 "image":"assets\/pieces\/polyplet-right-5.png",
                 "imageheight":50,
                 "imagewidth":50,
                 "type":"polyplet-right-5"
                }, 
                {
                 "id":126,
                 "image":"assets\/pieces\/S1.png",
                 "imageheight":20,
                 "imagewidth":30,
                 "type":"S1"
                },
            
                {
                 "id":127,
                 "image":"assets\/pieces\/S2.png",
                 "imageheight":30,
                 "imagewidth":20,
                 "type":"S2"
                }, 
                {
                 "id":128,
                 "image":"assets\/pieces\/T1.png",
                 "imageheight":20,
                 "imagewidth":30,
                 "type":"T1"
                }, 
                {
                 "id":129,
                 "image":"assets\/pieces\/T2.png",
                 "imageheight":30,
                 "imagewidth":20,
                 "type":"T2"
                }, 
                {
                 "id":130,
                 "image":"assets\/pieces\/T3.png",
                 "imageheight":20,
                 "imagewidth":30,
                 "type":"T3"
                }, 
                {
                 "id":131,
                 "image":"assets\/pieces\/T4.png",
                 "imageheight":30,
                 "imagewidth":20,
                 "type":"T4"
                }, 
                {
                 "id":132,
                 "image":"assets\/pieces\/TT1.png",
                 "imageheight":30,
                 "imagewidth":30,
                 "type":"TT1"
                }, 
                {
                 "id":133,
                 "image":"assets\/pieces\/TT2.png",
                 "imageheight":30,
                 "imagewidth":30,
                 "type":"TT2"
                }, 
                {
                 "id":134,
                 "image":"assets\/pieces\/TT3.png",
                 "imageheight":30,
                 "imagewidth":30,
                 "type":"TT3"
                }, 
                {
                 "id":135,
                 "image":"assets\/pieces\/TT4.png",
                 "imageheight":30,
                 "imagewidth":30,
                 "type":"TT4"
                },
            
                {
                 "id":136,
                 "image":"assets\/pieces\/U1.png",
                 "imageheight":20,
                 "imagewidth":30,
                 "type":"U1"
                }, 
                {
                 "id":137,
                 "image":"assets\/pieces\/U2.png",
                 "imageheight":30,
                 "imagewidth":20,
                 "type":"U2"
                }, 
                {
                 "id":138,
                 "image":"assets\/pieces\/U3.png",
                 "imageheight":20,
                 "imagewidth":30,
                 "type":"U3"
                }, 
                {
                 "id":139,
                 "image":"assets\/pieces\/U4.png",
                 "imageheight":30,
                 "imagewidth":20,
                 "type":"U4"
                }, 
                {
                 "id":140,
                 "image":"assets\/pieces\/V1.png",
                 "imageheight":20,
                 "imagewidth":20,
                 "type":"V1"
                }, 
                {
                 "id":141,
                 "image":"assets\/pieces\/V2.png",
                 "imageheight":20,
                 "imagewidth":20,
                 "type":"V2"
                }, 
                {
                 "id":142,
                 "image":"assets\/pieces\/V3.png",
                 "imageheight":20,
                 "imagewidth":20,
                 "type":"V3"
                }, 
                {
                 "id":143,
                 "image":"assets\/pieces\/V4.png",
                 "imageheight":20,
                 "imagewidth":20,
                 "type":"V4"
                }, 
                {
                 "id":144,
                 "image":"assets\/pieces\/VV1.png",
                 "imageheight":30,
                 "imagewidth":30,
                 "type":"VV1"
                },
            
                {
                 "id":145,
                 "image":"assets\/pieces\/VV2.png",
                 "imageheight":30,
                 "imagewidth":30,
                 "type":"VV2"
                }, 
                {
                 "id":146,
                 "image":"assets\/pieces\/VV3.png",
                 "imageheight":30,
                 "imagewidth":30,
                 "type":"VV3"
                }, 
                {
                 "id":147,
                 "image":"assets\/pieces\/VV4.png",
                 "imageheight":30,
                 "imagewidth":30,
                 "type":"VV4"
                }, 
                {
                 "id":148,
                 "image":"assets\/pieces\/X.png",
                 "imageheight":30,
                 "imagewidth":30,
                 "type":"X"
                }, 
                {
                 "id":149,
                 "image":"assets\/pieces\/Z1.png",
                 "imageheight":20,
                 "imagewidth":30,
                 "type":"Z1"
                }, 
                {
                 "id":150,
                 "image":"assets\/pieces\/Z2.png",
                 "imageheight":30,
                 "imagewidth":20,
                 "type":"Z2"
                }, 
                {
                 "id":10,
                 "image":"assets\/pieces\/diamond-10.png",
                 "imageheight":10,
                 "imagewidth":10,
                 "type":"diamond-10"
                }, 
                {
                 "id":11,
                 "image":"assets\/pieces\/diamond-11.png",
                 "imageheight":10,
                 "imagewidth":10,
                 "type":"diamond-11"
                }, 
                {
                 "id":12,
                 "image":"assets\/pieces\/diamond-12.png",
                 "imageheight":10,
                 "imagewidth":10,
                 "type":"diamond-12"
                },
            
                {
                 "id":13,
                 "image":"assets\/pieces\/diamond-13.png",
                 "imageheight":10,
                 "imagewidth":10,
                 "type":"diamond-13"
                }, 
                {
                 "id":14,
                 "image":"assets\/pieces\/diamond-14.png",
                 "imageheight":10,
                 "imagewidth":10,
                 "type":"diamond-14"
                }, 
                {
                 "id":15,
                 "image":"assets\/pieces\/diamond-15.png",
                 "imageheight":10,
                 "imagewidth":10,
                 "type":"diamond-15"
                }],
         "tilewidth":50
        }],
 "tilewidth":10,
 "type":"map",
 "version":"1.8",
 "width":9
}