{"textures":[{"image":"default-resources-0.png","format":"RGBA8888","size":{"w":1024,"h":1024},"scale":1,"frames":[{"filename":"bg/bg-middle","rotated":false,"trimmed":false,"sourceSize":{"w":719,"h":849},"spriteSourceSize":{"x":0,"y":0,"w":719,"h":849},"frame":{"x":2,"y":2,"w":719,"h":849}},{"filename":"leaderboards/bg-top","rotated":false,"trimmed":false,"sourceSize":{"w":949,"h":168},"spriteSourceSize":{"x":0,"y":0,"w":949,"h":168},"frame":{"x":2,"y":854,"w":949,"h":168}},{"filename":"icons/dot","rotated":false,"trimmed":false,"sourceSize":{"w":68,"h":70},"spriteSourceSize":{"x":0,"y":0,"w":68,"h":70},"frame":{"x":954,"y":2,"w":68,"h":70}},{"filename":"icons/vibrate","rotated":false,"trimmed":false,"sourceSize":{"w":62,"h":73},"spriteSourceSize":{"x":0,"y":0,"w":62,"h":73},"frame":{"x":954,"y":75,"w":62,"h":73}},{"filename":"icons/icon-daily","rotated":false,"trimmed":false,"sourceSize":{"w":67,"h":67},"spriteSourceSize":{"x":0,"y":0,"w":67,"h":67},"frame":{"x":954,"y":151,"w":67,"h":67}},{"filename":"icons/music","rotated":false,"trimmed":false,"sourceSize":{"w":56,"h":61},"spriteSourceSize":{"x":0,"y":0,"w":56,"h":61},"frame":{"x":954,"y":221,"w":56,"h":61}},{"filename":"icons/sound","rotated":false,"trimmed":false,"sourceSize":{"w":62,"h":54},"spriteSourceSize":{"x":0,"y":0,"w":62,"h":54},"frame":{"x":954,"y":285,"w":62,"h":54}},{"filename":"buttons/dot-blue","rotated":false,"trimmed":false,"sourceSize":{"w":56,"h":54},"spriteSourceSize":{"x":0,"y":0,"w":56,"h":54},"frame":{"x":954,"y":342,"w":56,"h":54}},{"filename":"buttons/dot-green","rotated":false,"trimmed":false,"sourceSize":{"w":56,"h":54},"spriteSourceSize":{"x":0,"y":0,"w":56,"h":54},"frame":{"x":954,"y":399,"w":56,"h":54}},{"filename":"buttons/close","rotated":false,"trimmed":false,"sourceSize":{"w":52,"h":52},"spriteSourceSize":{"x":0,"y":0,"w":52,"h":52},"frame":{"x":954,"y":456,"w":52,"h":52}},{"filename":"bg/bg-dark","rotated":false,"trimmed":false,"sourceSize":{"w":243,"h":303},"spriteSourceSize":{"x":0,"y":0,"w":243,"h":303},"frame":{"x":724,"y":511,"w":243,"h":303}},{"filename":"texts/your-score","rotated":false,"trimmed":false,"sourceSize":{"w":274,"h":33},"spriteSourceSize":{"x":0,"y":0,"w":274,"h":33},"frame":{"x":724,"y":817,"w":274,"h":33}},{"filename":"icons/retry","rotated":false,"trimmed":false,"sourceSize":{"w":50,"h":53},"spriteSourceSize":{"x":0,"y":0,"w":50,"h":53},"frame":{"x":954,"y":853,"w":50,"h":53}},{"filename":"icons/rank","rotated":false,"trimmed":false,"sourceSize":{"w":51,"h":49},"spriteSourceSize":{"x":0,"y":0,"w":51,"h":49},"frame":{"x":954,"y":909,"w":51,"h":49}},{"filename":"icons/play-green","rotated":false,"trimmed":false,"sourceSize":{"w":47,"h":47},"spriteSourceSize":{"x":0,"y":0,"w":47,"h":47},"frame":{"x":954,"y":961,"w":47,"h":47}},{"filename":"icons/play","rotated":false,"trimmed":false,"sourceSize":{"w":47,"h":47},"spriteSourceSize":{"x":0,"y":0,"w":47,"h":47},"frame":{"x":970,"y":511,"w":47,"h":47}},{"filename":"icons/home","rotated":false,"trimmed":false,"sourceSize":{"w":47,"h":43},"spriteSourceSize":{"x":0,"y":0,"w":47,"h":43},"frame":{"x":970,"y":561,"w":47,"h":43}},{"filename":"icons/flat-ad","rotated":false,"trimmed":false,"sourceSize":{"w":47,"h":41},"spriteSourceSize":{"x":0,"y":0,"w":47,"h":41},"frame":{"x":970,"y":607,"w":47,"h":41}},{"filename":"icons/back","rotated":false,"trimmed":false,"sourceSize":{"w":50,"h":38},"spriteSourceSize":{"x":0,"y":0,"w":50,"h":38},"frame":{"x":970,"y":651,"w":50,"h":38}},{"filename":"icons/brown-journey","rotated":false,"trimmed":false,"sourceSize":{"w":45,"h":42},"spriteSourceSize":{"x":0,"y":0,"w":45,"h":42},"frame":{"x":970,"y":692,"w":45,"h":42}},{"filename":"icons/replay","rotated":false,"trimmed":false,"sourceSize":{"w":40,"h":47},"spriteSourceSize":{"x":0,"y":0,"w":40,"h":47},"frame":{"x":970,"y":737,"w":40,"h":47}},{"filename":"texts/no","rotated":false,"trimmed":false,"sourceSize":{"w":46,"h":26},"spriteSourceSize":{"x":0,"y":0,"w":46,"h":26},"frame":{"x":970,"y":787,"w":46,"h":26}},{"filename":"ui-ngang/khung-mission","rotated":false,"trimmed":false,"sourceSize":{"w":95,"h":464},"spriteSourceSize":{"x":0,"y":0,"w":95,"h":464},"frame":{"x":724,"y":2,"w":95,"h":464}},{"filename":"texts/continue","rotated":false,"trimmed":false,"sourceSize":{"w":219,"h":35},"spriteSourceSize":{"x":0,"y":0,"w":219,"h":35},"frame":{"x":724,"y":469,"w":219,"h":35}},{"filename":"ui-ngang/khung-best-score","rotated":false,"trimmed":false,"sourceSize":{"w":111,"h":169},"spriteSourceSize":{"x":0,"y":0,"w":111,"h":169},"frame":{"x":822,"y":2,"w":111,"h":169}},{"filename":"best-score-frame","rotated":false,"trimmed":false,"sourceSize":{"w":111,"h":152},"spriteSourceSize":{"x":0,"y":0,"w":111,"h":152},"frame":{"x":822,"y":174,"w":111,"h":152}},{"filename":"avatar/border-challenge","rotated":false,"trimmed":false,"sourceSize":{"w":119,"h":118},"spriteSourceSize":{"x":0,"y":0,"w":119,"h":118},"frame":{"x":822,"y":329,"w":119,"h":118}}]},{"image":"default-resources-1.png","format":"RGBA8888","size":{"w":1024,"h":1024},"scale":1,"frames":[{"filename":"ui-ngang/bg-middle","rotated":false,"trimmed":false,"sourceSize":{"w":719,"h":568},"spriteSourceSize":{"x":0,"y":0,"w":719,"h":568},"frame":{"x":2,"y":2,"w":719,"h":568}},{"filename":"ui-ngang/khung-next-block","rotated":false,"trimmed":false,"sourceSize":{"w":200,"h":600},"spriteSourceSize":{"x":0,"y":0,"w":200,"h":600},"frame":{"x":724,"y":2,"w":200,"h":600}},{"filename":"buttons/minor","rotated":false,"trimmed":false,"sourceSize":{"w":82,"h":71},"spriteSourceSize":{"x":0,"y":0,"w":82,"h":71},"frame":{"x":927,"y":2,"w":82,"h":71}},{"filename":"buttons/challenge_light","rotated":false,"trimmed":false,"sourceSize":{"w":88,"h":65},"spriteSourceSize":{"x":0,"y":0,"w":88,"h":65},"frame":{"x":927,"y":76,"w":88,"h":65}},{"filename":"buttons/play","rotated":false,"trimmed":false,"sourceSize":{"w":86,"h":65},"spriteSourceSize":{"x":0,"y":0,"w":86,"h":65},"frame":{"x":927,"y":144,"w":86,"h":65}},{"filename":"buttons/random","rotated":false,"trimmed":false,"sourceSize":{"w":86,"h":65},"spriteSourceSize":{"x":0,"y":0,"w":86,"h":65},"frame":{"x":927,"y":212,"w":86,"h":65}},{"filename":"icons/crown-big","rotated":false,"trimmed":false,"sourceSize":{"w":74,"h":70},"spriteSourceSize":{"x":0,"y":0,"w":74,"h":70},"frame":{"x":927,"y":280,"w":74,"h":70}},{"filename":"buttons/share","rotated":false,"trimmed":false,"sourceSize":{"w":79,"h":58},"spriteSourceSize":{"x":0,"y":0,"w":79,"h":58},"frame":{"x":927,"y":353,"w":79,"h":58}},{"filename":"icons/icon-journey","rotated":false,"trimmed":false,"sourceSize":{"w":73,"h":62},"spriteSourceSize":{"x":0,"y":0,"w":73,"h":62},"frame":{"x":927,"y":414,"w":73,"h":62}},{"filename":"ui-ngang/text-score","rotated":false,"trimmed":false,"sourceSize":{"w":89,"h":36},"spriteSourceSize":{"x":0,"y":0,"w":89,"h":36},"frame":{"x":927,"y":479,"w":89,"h":36}},{"filename":"texts/world-disable","rotated":false,"trimmed":false,"sourceSize":{"w":90,"h":21},"spriteSourceSize":{"x":0,"y":0,"w":90,"h":21},"frame":{"x":927,"y":518,"w":90,"h":21}},{"filename":"texts/world","rotated":false,"trimmed":false,"sourceSize":{"w":90,"h":21},"spriteSourceSize":{"x":0,"y":0,"w":90,"h":21},"frame":{"x":927,"y":542,"w":90,"h":21}},{"filename":"icons/plus","rotated":false,"trimmed":false,"sourceSize":{"w":42,"h":44},"spriteSourceSize":{"x":0,"y":0,"w":42,"h":44},"frame":{"x":927,"y":566,"w":42,"h":44}},{"filename":"icons/battle","rotated":false,"trimmed":false,"sourceSize":{"w":44,"h":41},"spriteSourceSize":{"x":0,"y":0,"w":44,"h":41},"frame":{"x":972,"y":566,"w":44,"h":41}},{"filename":"icons/sword","rotated":false,"trimmed":false,"sourceSize":{"w":46,"h":38},"spriteSourceSize":{"x":0,"y":0,"w":46,"h":38},"frame":{"x":972,"y":610,"w":46,"h":38}},{"filename":"daily-challenge/bg","rotated":false,"trimmed":false,"sourceSize":{"w":520,"h":285},"spriteSourceSize":{"x":0,"y":0,"w":520,"h":285},"frame":{"x":2,"y":573,"w":520,"h":285}},{"filename":"footer","rotated":false,"trimmed":false,"sourceSize":{"w":750,"h":153},"spriteSourceSize":{"x":0,"y":0,"w":750,"h":153},"frame":{"x":2,"y":861,"w":750,"h":153}},{"filename":"popup/middle","rotated":false,"trimmed":false,"sourceSize":{"w":431,"h":227},"spriteSourceSize":{"x":0,"y":0,"w":431,"h":227},"frame":{"x":525,"y":613,"w":431,"h":227}},{"filename":"texts/text-journey","rotated":false,"trimmed":false,"sourceSize":{"w":194,"h":33},"spriteSourceSize":{"x":0,"y":0,"w":194,"h":33},"frame":{"x":525,"y":573,"w":194,"h":33}},{"filename":"avatar/border-big","rotated":false,"trimmed":false,"sourceSize":{"w":175,"h":175},"spriteSourceSize":{"x":0,"y":0,"w":175,"h":175},"frame":{"x":755,"y":843,"w":175,"h":175}},{"filename":"texts/text-share","rotated":false,"trimmed":false,"sourceSize":{"w":84,"h":20},"spriteSourceSize":{"x":0,"y":0,"w":84,"h":20},"frame":{"x":933,"y":843,"w":84,"h":20}},{"filename":"icons/setting","rotated":false,"trimmed":false,"sourceSize":{"w":42,"h":41},"spriteSourceSize":{"x":0,"y":0,"w":42,"h":41},"frame":{"x":959,"y":651,"w":42,"h":41}},{"filename":"icons/share","rotated":false,"trimmed":false,"sourceSize":{"w":36,"h":47},"spriteSourceSize":{"x":0,"y":0,"w":36,"h":47},"frame":{"x":959,"y":695,"w":36,"h":47}},{"filename":"buttons/circle-button","rotated":false,"trimmed":false,"sourceSize":{"w":41,"h":41},"spriteSourceSize":{"x":0,"y":0,"w":41,"h":41},"frame":{"x":959,"y":745,"w":41,"h":41}},{"filename":"icons/white-journey","rotated":false,"trimmed":false,"sourceSize":{"w":42,"h":40},"spriteSourceSize":{"x":0,"y":0,"w":42,"h":40},"frame":{"x":959,"y":789,"w":42,"h":40}},{"filename":"texts/yes","rotated":false,"trimmed":false,"sourceSize":{"w":64,"h":26},"spriteSourceSize":{"x":0,"y":0,"w":64,"h":26},"frame":{"x":933,"y":866,"w":64,"h":26}},{"filename":"icons/cup-bronze","rotated":false,"trimmed":false,"sourceSize":{"w":43,"h":36},"spriteSourceSize":{"x":0,"y":0,"w":43,"h":36},"frame":{"x":933,"y":895,"w":43,"h":36}},{"filename":"icons/cup-gold","rotated":false,"trimmed":false,"sourceSize":{"w":43,"h":36},"spriteSourceSize":{"x":0,"y":0,"w":43,"h":36},"frame":{"x":979,"y":895,"w":43,"h":36}},{"filename":"icons/cup-silver","rotated":false,"trimmed":false,"sourceSize":{"w":43,"h":36},"spriteSourceSize":{"x":0,"y":0,"w":43,"h":36},"frame":{"x":933,"y":934,"w":43,"h":36}},{"filename":"icons/share-blue","rotated":false,"trimmed":false,"sourceSize":{"w":32,"h":43},"spriteSourceSize":{"x":0,"y":0,"w":32,"h":43},"frame":{"x":979,"y":934,"w":32,"h":43}},{"filename":"icons/i-play","rotated":false,"trimmed":false,"sourceSize":{"w":31,"h":39},"spriteSourceSize":{"x":0,"y":0,"w":31,"h":39},"frame":{"x":933,"y":973,"w":31,"h":39}},{"filename":"icons/check","rotated":false,"trimmed":false,"sourceSize":{"w":44,"h":35},"spriteSourceSize":{"x":0,"y":0,"w":44,"h":35},"frame":{"x":967,"y":980,"w":44,"h":35}}]},{"image":"default-resources-2.png","format":"RGBA8888","size":{"w":1018,"h":1018},"scale":1,"frames":[{"filename":"ui-ngang/bg-top","rotated":false,"trimmed":false,"sourceSize":{"w":719,"h":178},"spriteSourceSize":{"x":0,"y":0,"w":719,"h":178},"frame":{"x":2,"y":2,"w":719,"h":178}},{"filename":"bg-progress-circle","rotated":false,"trimmed":false,"sourceSize":{"w":232,"h":231},"spriteSourceSize":{"x":0,"y":0,"w":232,"h":231},"frame":{"x":724,"y":2,"w":232,"h":231}},{"filename":"texts/vs","rotated":false,"trimmed":false,"sourceSize":{"w":47,"h":28},"spriteSourceSize":{"x":0,"y":0,"w":47,"h":28},"frame":{"x":959,"y":2,"w":47,"h":28}},{"filename":"icons/clock","rotated":false,"trimmed":false,"sourceSize":{"w":34,"h":35},"spriteSourceSize":{"x":0,"y":0,"w":34,"h":35},"frame":{"x":959,"y":33,"w":34,"h":35}},{"filename":"texts/off","rotated":false,"trimmed":false,"sourceSize":{"w":44,"h":26},"spriteSourceSize":{"x":0,"y":0,"w":44,"h":26},"frame":{"x":959,"y":71,"w":44,"h":26}},{"filename":"icons/sword-blue","rotated":false,"trimmed":false,"sourceSize":{"w":35,"h":31},"spriteSourceSize":{"x":0,"y":0,"w":35,"h":31},"frame":{"x":959,"y":100,"w":35,"h":31}},{"filename":"texts/on","rotated":false,"trimmed":false,"sourceSize":{"w":41,"h":26},"spriteSourceSize":{"x":0,"y":0,"w":41,"h":26},"frame":{"x":959,"y":134,"w":41,"h":26}},{"filename":"icons/crown","rotated":false,"trimmed":false,"sourceSize":{"w":31,"h":27},"spriteSourceSize":{"x":0,"y":0,"w":31,"h":27},"frame":{"x":959,"y":163,"w":31,"h":27}},{"filename":"ui-ngang/bg-bottom","rotated":false,"trimmed":false,"sourceSize":{"w":719,"h":175},"spriteSourceSize":{"x":0,"y":0,"w":719,"h":175},"frame":{"x":2,"y":183,"w":719,"h":175}},{"filename":"bottom-panel","rotated":false,"trimmed":false,"sourceSize":{"w":281,"h":171},"spriteSourceSize":{"x":0,"y":0,"w":281,"h":171},"frame":{"x":724,"y":236,"w":281,"h":171}},{"filename":"lives/heart","rotated":false,"trimmed":false,"sourceSize":{"w":339,"h":279},"spriteSourceSize":{"x":0,"y":0,"w":339,"h":279},"frame":{"x":2,"y":361,"w":339,"h":279}},{"filename":"lives/time-block-2","rotated":false,"trimmed":false,"sourceSize":{"w":363,"h":108},"spriteSourceSize":{"x":0,"y":0,"w":363,"h":108},"frame":{"x":344,"y":361,"w":363,"h":108}},{"filename":"popup/score-panel","rotated":false,"trimmed":false,"sourceSize":{"w":299,"h":92},"spriteSourceSize":{"x":0,"y":0,"w":299,"h":92},"frame":{"x":710,"y":410,"w":299,"h":92}},{"filename":"buttons/green-large","rotated":false,"trimmed":false,"sourceSize":{"w":330,"h":107},"spriteSourceSize":{"x":0,"y":0,"w":330,"h":107},"frame":{"x":344,"y":472,"w":330,"h":107}},{"filename":"buttons/brown","rotated":false,"trimmed":false,"sourceSize":{"w":329,"h":81},"spriteSourceSize":{"x":0,"y":0,"w":329,"h":81},"frame":{"x":677,"y":505,"w":329,"h":81}},{"filename":"preloader/dual-ring","rotated":false,"trimmed":true,"sourceSize":{"w":200,"h":200},"spriteSourceSize":{"x":27,"y":26,"w":146,"h":148},"frame":{"x":344,"y":582,"w":146,"h":148}},{"filename":"avatar/border","rotated":false,"trimmed":true,"sourceSize":{"w":138,"h":144},"spriteSourceSize":{"x":0,"y":4,"w":138,"h":140},"frame":{"x":493,"y":582,"w":138,"h":140}},{"filename":"popup/background","rotated":false,"trimmed":false,"sourceSize":{"w":395,"h":221},"spriteSourceSize":{"x":0,"y":0,"w":395,"h":221},"frame":{"x":493,"y":725,"w":395,"h":221}},{"filename":"leaderboards/bg-bottom","rotated":false,"trimmed":false,"sourceSize":{"w":949,"h":67},"spriteSourceSize":{"x":0,"y":0,"w":949,"h":67},"frame":{"x":2,"y":949,"w":949,"h":67}},{"filename":"buttons/dark-blue","rotated":false,"trimmed":false,"sourceSize":{"w":365,"h":107},"spriteSourceSize":{"x":0,"y":0,"w":365,"h":107},"frame":{"x":634,"y":589,"w":365,"h":107}},{"filename":"texts/collect","rotated":false,"trimmed":false,"sourceSize":{"w":132,"h":22},"spriteSourceSize":{"x":0,"y":0,"w":132,"h":22},"frame":{"x":634,"y":699,"w":132,"h":22}},{"filename":"texts/replay","rotated":false,"trimmed":false,"sourceSize":{"w":112,"h":23},"spriteSourceSize":{"x":0,"y":0,"w":112,"h":23},"frame":{"x":769,"y":699,"w":112,"h":23}},{"filename":"texts/friends-disable","rotated":false,"trimmed":false,"sourceSize":{"w":104,"h":21},"spriteSourceSize":{"x":0,"y":0,"w":104,"h":21},"frame":{"x":884,"y":699,"w":104,"h":21}},{"filename":"avatar/background","rotated":false,"trimmed":false,"sourceSize":{"w":105,"h":107},"spriteSourceSize":{"x":0,"y":0,"w":105,"h":107},"frame":{"x":891,"y":723,"w":105,"h":107}},{"filename":"bg/level-playing","rotated":false,"trimmed":false,"sourceSize":{"w":113,"h":94},"spriteSourceSize":{"x":0,"y":0,"w":113,"h":94},"frame":{"x":891,"y":833,"w":113,"h":94}},{"filename":"best-score-frame-long","rotated":false,"trimmed":false,"sourceSize":{"w":386,"h":154},"spriteSourceSize":{"x":0,"y":0,"w":386,"h":154},"frame":{"x":2,"y":733,"w":386,"h":154}},{"filename":"texts/keep-playing","rotated":false,"trimmed":false,"sourceSize":{"w":453,"h":50},"spriteSourceSize":{"x":0,"y":0,"w":453,"h":50},"frame":{"x":2,"y":890,"w":453,"h":50}},{"filename":"daily-challenge/title-panel","rotated":false,"trimmed":false,"sourceSize":{"w":282,"h":69},"spriteSourceSize":{"x":0,"y":0,"w":282,"h":69},"frame":{"x":2,"y":643,"w":282,"h":69}},{"filename":"text-target-panel","rotated":false,"trimmed":false,"sourceSize":{"w":98,"h":46},"spriteSourceSize":{"x":0,"y":0,"w":98,"h":46},"frame":{"x":391,"y":733,"w":98,"h":46}}]},{"image":"default-resources-3.png","format":"RGBA8888","size":{"w":1022,"h":1022},"scale":1,"frames":[{"filename":"bg/bg-bottom","rotated":false,"trimmed":false,"sourceSize":{"w":719,"h":111},"spriteSourceSize":{"x":0,"y":0,"w":719,"h":111},"frame":{"x":2,"y":2,"w":719,"h":111}},{"filename":"buttons/green","rotated":false,"trimmed":false,"sourceSize":{"w":238,"h":82},"spriteSourceSize":{"x":0,"y":0,"w":238,"h":82},"frame":{"x":724,"y":2,"w":238,"h":82}},{"filename":"icon-journey","rotated":false,"trimmed":false,"sourceSize":{"w":150,"h":122},"spriteSourceSize":{"x":0,"y":0,"w":150,"h":122},"frame":{"x":724,"y":87,"w":150,"h":122}},{"filename":"blank","rotated":false,"trimmed":false,"sourceSize":{"w":100,"h":100},"spriteSourceSize":{"x":0,"y":0,"w":100,"h":100},"frame":{"x":877,"y":87,"w":100,"h":100}},{"filename":"buttons/skip","rotated":false,"trimmed":false,"sourceSize":{"w":120,"h":71},"spriteSourceSize":{"x":0,"y":0,"w":120,"h":71},"frame":{"x":877,"y":190,"w":120,"h":71}},{"filename":"bg/bg-top","rotated":false,"trimmed":false,"sourceSize":{"w":719,"h":111},"spriteSourceSize":{"x":0,"y":0,"w":719,"h":111},"frame":{"x":2,"y":116,"w":719,"h":111}},{"filename":"bg/level-locked","rotated":false,"trimmed":false,"sourceSize":{"w":101,"h":83},"spriteSourceSize":{"x":0,"y":0,"w":101,"h":83},"frame":{"x":724,"y":212,"w":101,"h":83}},{"filename":"ui-ngang/khung-score","rotated":false,"trimmed":false,"sourceSize":{"w":173,"h":99},"spriteSourceSize":{"x":0,"y":0,"w":173,"h":99},"frame":{"x":828,"y":264,"w":173,"h":99}},{"filename":"score-panel","rotated":false,"trimmed":false,"sourceSize":{"w":526,"h":152},"spriteSourceSize":{"x":0,"y":0,"w":526,"h":152},"frame":{"x":2,"y":230,"w":526,"h":152}},{"filename":"buttons/dark-blue-big","rotated":false,"trimmed":false,"sourceSize":{"w":179,"h":82},"spriteSourceSize":{"x":0,"y":0,"w":179,"h":82},"frame":{"x":531,"y":230,"w":179,"h":82}},{"filename":"bg/level-played","rotated":false,"trimmed":false,"sourceSize":{"w":100,"h":82},"spriteSourceSize":{"x":0,"y":0,"w":100,"h":82},"frame":{"x":713,"y":298,"w":100,"h":82}},{"filename":"buttons/green-big","rotated":false,"trimmed":false,"sourceSize":{"w":179,"h":82},"spriteSourceSize":{"x":0,"y":0,"w":179,"h":82},"frame":{"x":531,"y":315,"w":179,"h":82}},{"filename":"buttons/dark-blue-small","rotated":false,"trimmed":false,"sourceSize":{"w":178,"h":74},"spriteSourceSize":{"x":0,"y":0,"w":178,"h":74},"frame":{"x":816,"y":366,"w":178,"h":74}},{"filename":"daily-challenge/bg-item-dark","rotated":false,"trimmed":false,"sourceSize":{"w":508,"h":81},"spriteSourceSize":{"x":0,"y":0,"w":508,"h":81},"frame":{"x":2,"y":385,"w":508,"h":81}},{"filename":"bg-combo","rotated":false,"trimmed":true,"sourceSize":{"w":212,"h":87},"spriteSourceSize":{"x":0,"y":9,"w":212,"h":78},"frame":{"x":513,"y":400,"w":212,"h":78}},{"filename":"bg-streak","rotated":false,"trimmed":true,"sourceSize":{"w":212,"h":87},"spriteSourceSize":{"x":0,"y":9,"w":212,"h":78},"frame":{"x":728,"y":443,"w":212,"h":78}},{"filename":"daily-challenge/bg-item-light","rotated":false,"trimmed":false,"sourceSize":{"w":508,"h":81},"spriteSourceSize":{"x":0,"y":0,"w":508,"h":81},"frame":{"x":2,"y":469,"w":508,"h":81}},{"filename":"score-panel-dark","rotated":false,"trimmed":false,"sourceSize":{"w":187,"h":51},"spriteSourceSize":{"x":0,"y":0,"w":187,"h":51},"frame":{"x":513,"y":481,"w":187,"h":51}},{"filename":"leaderboards/bg-item","rotated":false,"trimmed":false,"sourceSize":{"w":317,"h":61},"spriteSourceSize":{"x":0,"y":0,"w":317,"h":61},"frame":{"x":703,"y":524,"w":317,"h":61}},{"filename":"daily-challenge/time-panel","rotated":false,"trimmed":false,"sourceSize":{"w":170,"h":48},"spriteSourceSize":{"x":0,"y":0,"w":170,"h":48},"frame":{"x":513,"y":535,"w":170,"h":48}},{"filename":"popup/top-dark","rotated":false,"trimmed":false,"sourceSize":{"w":431,"h":89},"spriteSourceSize":{"x":0,"y":0,"w":431,"h":89},"frame":{"x":2,"y":553,"w":431,"h":89}},{"filename":"texts/win","rotated":false,"trimmed":false,"sourceSize":{"w":263,"h":49},"spriteSourceSize":{"x":0,"y":0,"w":263,"h":49},"frame":{"x":436,"y":586,"w":263,"h":49}},{"filename":"wood-panel","rotated":false,"trimmed":false,"sourceSize":{"w":301,"h":56},"spriteSourceSize":{"x":0,"y":0,"w":301,"h":56},"frame":{"x":702,"y":588,"w":301,"h":56}},{"filename":"leaderboards/bg-item-0","rotated":false,"trimmed":false,"sourceSize":{"w":232,"h":46},"spriteSourceSize":{"x":0,"y":0,"w":232,"h":46},"frame":{"x":436,"y":638,"w":232,"h":46}},{"filename":"lives/time-block","rotated":false,"trimmed":false,"sourceSize":{"w":346,"h":87},"spriteSourceSize":{"x":0,"y":0,"w":346,"h":87},"frame":{"x":671,"y":647,"w":346,"h":87}},{"filename":"popup/top","rotated":false,"trimmed":false,"sourceSize":{"w":431,"h":89},"spriteSourceSize":{"x":0,"y":0,"w":431,"h":89},"frame":{"x":2,"y":645,"w":431,"h":89}},{"filename":"leaderboards/bg-item-1","rotated":false,"trimmed":false,"sourceSize":{"w":232,"h":46},"spriteSourceSize":{"x":0,"y":0,"w":232,"h":46},"frame":{"x":436,"y":687,"w":232,"h":46}},{"filename":"texts/result","rotated":false,"trimmed":false,"sourceSize":{"w":216,"h":45},"spriteSourceSize":{"x":0,"y":0,"w":216,"h":45},"frame":{"x":436,"y":736,"w":216,"h":45}},{"filename":"texts/refill-lives","rotated":false,"trimmed":false,"sourceSize":{"w":320,"h":40},"spriteSourceSize":{"x":0,"y":0,"w":320,"h":40},"frame":{"x":655,"y":737,"w":320,"h":40}},{"filename":"texts/leader-board","rotated":false,"trimmed":false,"sourceSize":{"w":344,"h":34},"spriteSourceSize":{"x":0,"y":0,"w":344,"h":34},"frame":{"x":655,"y":780,"w":344,"h":34}},{"filename":"leaf","rotated":false,"trimmed":false,"sourceSize":{"w":563,"h":132},"spriteSourceSize":{"x":0,"y":0,"w":563,"h":132},"frame":{"x":2,"y":784,"w":563,"h":132}},{"filename":"texts/out-of-live","rotated":false,"trimmed":false,"sourceSize":{"w":372,"h":44},"spriteSourceSize":{"x":0,"y":0,"w":372,"h":44},"frame":{"x":2,"y":737,"w":372,"h":44}},{"filename":"leaderboards/bg-middle","rotated":false,"trimmed":false,"sourceSize":{"w":949,"h":47},"spriteSourceSize":{"x":0,"y":0,"w":949,"h":47},"frame":{"x":2,"y":919,"w":949,"h":47}},{"filename":"border-bottom-panel","rotated":false,"trimmed":false,"sourceSize":{"w":750,"h":36},"spriteSourceSize":{"x":0,"y":0,"w":750,"h":36},"frame":{"x":2,"y":969,"w":750,"h":36}},{"filename":"texts/lose","rotated":false,"trimmed":false,"sourceSize":{"w":243,"h":40},"spriteSourceSize":{"x":0,"y":0,"w":243,"h":40},"frame":{"x":755,"y":969,"w":243,"h":40}},{"filename":"popup/bottom","rotated":false,"trimmed":false,"sourceSize":{"w":431,"h":27},"spriteSourceSize":{"x":0,"y":0,"w":431,"h":27},"frame":{"x":568,"y":817,"w":431,"h":27}},{"filename":"texts/waiting-for-opponent","rotated":false,"trimmed":false,"sourceSize":{"w":357,"h":24},"spriteSourceSize":{"x":0,"y":0,"w":357,"h":24},"frame":{"x":568,"y":847,"w":357,"h":24}},{"filename":"texts/start-over","rotated":false,"trimmed":false,"sourceSize":{"w":259,"h":34},"spriteSourceSize":{"x":0,"y":0,"w":259,"h":34},"frame":{"x":568,"y":874,"w":259,"h":34}},{"filename":"texts/text-tutorial","rotated":false,"trimmed":false,"sourceSize":{"w":189,"h":32},"spriteSourceSize":{"x":0,"y":0,"w":189,"h":32},"frame":{"x":830,"y":874,"w":189,"h":32}}]},{"image":"default-resources-4.png","format":"RGBA8888","size":{"w":613,"h":613},"scale":1,"frames":[{"filename":"daily-challenge/bottom-panel","rotated":false,"trimmed":false,"sourceSize":{"w":521,"h":30},"spriteSourceSize":{"x":0,"y":0,"w":521,"h":30},"frame":{"x":2,"y":2,"w":521,"h":30}},{"filename":"daily-challenge/top-panel","rotated":false,"trimmed":false,"sourceSize":{"w":521,"h":30},"spriteSourceSize":{"x":0,"y":0,"w":521,"h":30},"frame":{"x":2,"y":35,"w":521,"h":30}},{"filename":"daily-challenge/middle-panel","rotated":false,"trimmed":false,"sourceSize":{"w":521,"h":26},"spriteSourceSize":{"x":0,"y":0,"w":521,"h":26},"frame":{"x":2,"y":68,"w":521,"h":26}},{"filename":"border-daily","rotated":false,"trimmed":false,"sourceSize":{"w":518,"h":51},"spriteSourceSize":{"x":0,"y":0,"w":518,"h":51},"frame":{"x":2,"y":97,"w":518,"h":51}},{"filename":"texts/first-milestone","rotated":false,"trimmed":false,"sourceSize":{"w":496,"h":45},"spriteSourceSize":{"x":0,"y":0,"w":496,"h":45},"frame":{"x":2,"y":151,"w":496,"h":45}},{"filename":"texts/friends","rotated":false,"trimmed":false,"sourceSize":{"w":104,"h":21},"spriteSourceSize":{"x":0,"y":0,"w":104,"h":21},"frame":{"x":501,"y":151,"w":104,"h":21}},{"filename":"texts/invite-friends","rotated":false,"trimmed":false,"sourceSize":{"w":492,"h":51},"spriteSourceSize":{"x":0,"y":0,"w":492,"h":51},"frame":{"x":2,"y":199,"w":492,"h":51}},{"filename":"ui-ngang/text-mission","rotated":false,"trimmed":false,"sourceSize":{"w":114,"h":36},"spriteSourceSize":{"x":0,"y":0,"w":114,"h":36},"frame":{"x":497,"y":199,"w":114,"h":36}},{"filename":"leaderboards/tab-off","rotated":false,"trimmed":false,"sourceSize":{"w":113,"h":36},"spriteSourceSize":{"x":0,"y":0,"w":113,"h":36},"frame":{"x":497,"y":238,"w":113,"h":36}},{"filename":"texts/daily-challenge","rotated":false,"trimmed":false,"sourceSize":{"w":484,"h":42},"spriteSourceSize":{"x":0,"y":0,"w":484,"h":42},"frame":{"x":2,"y":253,"w":484,"h":42}},{"filename":"texts/text-close","rotated":false,"trimmed":false,"sourceSize":{"w":115,"h":28},"spriteSourceSize":{"x":0,"y":0,"w":115,"h":28},"frame":{"x":489,"y":277,"w":115,"h":28}},{"filename":"texts/next-milestone","rotated":false,"trimmed":false,"sourceSize":{"w":481,"h":45},"spriteSourceSize":{"x":0,"y":0,"w":481,"h":45},"frame":{"x":2,"y":298,"w":481,"h":45}},{"filename":"texts/play","rotated":false,"trimmed":false,"sourceSize":{"w":125,"h":38},"spriteSourceSize":{"x":0,"y":0,"w":125,"h":38},"frame":{"x":486,"y":308,"w":125,"h":38}},{"filename":"texts/congratulations","rotated":false,"trimmed":false,"sourceSize":{"w":472,"h":40},"spriteSourceSize":{"x":0,"y":0,"w":472,"h":40},"frame":{"x":2,"y":346,"w":472,"h":40}},{"filename":"texts/start","rotated":false,"trimmed":false,"sourceSize":{"w":134,"h":34},"spriteSourceSize":{"x":0,"y":0,"w":134,"h":34},"frame":{"x":477,"y":349,"w":134,"h":34}},{"filename":"buttons/toggle-off","rotated":false,"trimmed":false,"sourceSize":{"w":133,"h":46},"spriteSourceSize":{"x":0,"y":0,"w":133,"h":46},"frame":{"x":477,"y":386,"w":133,"h":46}},{"filename":"texts/second-chance","rotated":false,"trimmed":false,"sourceSize":{"w":456,"h":39},"spriteSourceSize":{"x":0,"y":0,"w":456,"h":39},"frame":{"x":2,"y":389,"w":456,"h":39}},{"filename":"buttons/toggle-on","rotated":false,"trimmed":false,"sourceSize":{"w":133,"h":46},"spriteSourceSize":{"x":0,"y":0,"w":133,"h":46},"frame":{"x":2,"y":435,"w":133,"h":46}},{"filename":"texts/play-single","rotated":false,"trimmed":false,"sourceSize":{"w":266,"h":33},"spriteSourceSize":{"x":0,"y":0,"w":266,"h":33},"frame":{"x":138,"y":431,"w":266,"h":33}},{"filename":"texts/no-thank","rotated":false,"trimmed":false,"sourceSize":{"w":197,"h":34},"spriteSourceSize":{"x":0,"y":0,"w":197,"h":34},"frame":{"x":407,"y":435,"w":197,"h":34}},{"filename":"texts/text-next-level","rotated":false,"trimmed":false,"sourceSize":{"w":256,"h":33},"spriteSourceSize":{"x":0,"y":0,"w":256,"h":33},"frame":{"x":138,"y":467,"w":256,"h":33}},{"filename":"texts/draw","rotated":false,"trimmed":false,"sourceSize":{"w":128,"h":33},"spriteSourceSize":{"x":0,"y":0,"w":128,"h":33},"frame":{"x":2,"y":484,"w":128,"h":33}},{"filename":"texts/setting","rotated":false,"trimmed":false,"sourceSize":{"w":207,"h":34},"spriteSourceSize":{"x":0,"y":0,"w":207,"h":34},"frame":{"x":397,"y":472,"w":207,"h":34}},{"filename":"texts/text-ranking","rotated":false,"trimmed":false,"sourceSize":{"w":242,"h":27},"spriteSourceSize":{"x":0,"y":0,"w":242,"h":27},"frame":{"x":133,"y":503,"w":242,"h":27}},{"filename":"texts/text-retry","rotated":false,"trimmed":false,"sourceSize":{"w":126,"h":31},"spriteSourceSize":{"x":0,"y":0,"w":126,"h":31},"frame":{"x":2,"y":520,"w":126,"h":31}},{"filename":"texts/level-failed","rotated":false,"trimmed":false,"sourceSize":{"w":224,"h":32},"spriteSourceSize":{"x":0,"y":0,"w":224,"h":32},"frame":{"x":378,"y":509,"w":224,"h":32}},{"filename":"ui-ngang/text-next-block","rotated":false,"trimmed":false,"sourceSize":{"w":163,"h":36},"spriteSourceSize":{"x":0,"y":0,"w":163,"h":36},"frame":{"x":2,"y":554,"w":163,"h":36}},{"filename":"texts/play-with-blue","rotated":false,"trimmed":false,"sourceSize":{"w":115,"h":18},"spriteSourceSize":{"x":0,"y":0,"w":115,"h":18},"frame":{"x":131,"y":533,"w":115,"h":18}},{"filename":"leaderboards/tab-on","rotated":false,"trimmed":false,"sourceSize":{"w":113,"h":36},"spriteSourceSize":{"x":0,"y":0,"w":113,"h":36},"frame":{"x":249,"y":533,"w":113,"h":36}},{"filename":"texts/target-score","rotated":false,"trimmed":false,"sourceSize":{"w":219,"h":34},"spriteSourceSize":{"x":0,"y":0,"w":219,"h":34},"frame":{"x":168,"y":572,"w":219,"h":34}},{"filename":"texts/play-with","rotated":false,"trimmed":false,"sourceSize":{"w":167,"h":25},"spriteSourceSize":{"x":0,"y":0,"w":167,"h":25},"frame":{"x":365,"y":544,"w":167,"h":25}},{"filename":"texts/mission","rotated":false,"trimmed":false,"sourceSize":{"w":170,"h":34},"spriteSourceSize":{"x":0,"y":0,"w":170,"h":34},"frame":{"x":390,"y":572,"w":170,"h":34}}]}],"meta":{"app":"https://www.codeandweb.com/texturepacker","version":"3.0","smartupdate":"$TexturePacker:SmartUpdate:0486e509df700ad53cc1755a7eecaaab:f064239116dc7ad071837ade082aa2a9:38a69b481ce127014b0b7fd232b2e3f4$"}}