{"textures":[{"image":"editor.png","format":"RGBA8888","size":{"w":459,"h":659},"scale":0.5,"frames":[{"filename":"Background","rotated":false,"trimmed":false,"sourceSize":{"w":384,"h":512},"spriteSourceSize":{"x":0,"y":0,"w":384,"h":512},"frame":{"x":2,"y":2,"w":384,"h":512}},{"filename":"add_row_button","rotated":false,"trimmed":false,"sourceSize":{"w":350,"h":47},"spriteSourceSize":{"x":0,"y":0,"w":350,"h":47},"frame":{"x":2,"y":517,"w":350,"h":47}},{"filename":"items_popover_back","rotated":false,"trimmed":false,"sourceSize":{"w":210,"h":90},"spriteSourceSize":{"x":0,"y":0,"w":210,"h":90},"frame":{"x":2,"y":567,"w":210,"h":90}},{"filename":"top gui/level_label_back","rotated":false,"trimmed":false,"sourceSize":{"w":118,"h":48},"spriteSourceSize":{"x":0,"y":0,"w":118,"h":48},"frame":{"x":215,"y":567,"w":118,"h":48}},{"filename":"levels_list/levels_list_active","rotated":false,"trimmed":false,"sourceSize":{"w":125,"h":16},"spriteSourceSize":{"x":0,"y":0,"w":125,"h":16},"frame":{"x":215,"y":618,"w":125,"h":16}},{"filename":"icons/logout","rotated":false,"trimmed":false,"sourceSize":{"w":64,"h":64},"spriteSourceSize":{"x":0,"y":0,"w":64,"h":64},"frame":{"x":389,"y":2,"w":64,"h":64}},{"filename":"icons/save","rotated":false,"trimmed":false,"sourceSize":{"w":64,"h":64},"spriteSourceSize":{"x":0,"y":0,"w":64,"h":64},"frame":{"x":389,"y":69,"w":64,"h":64}},{"filename":"levels_list/levels_list_back","rotated":false,"trimmed":false,"sourceSize":{"w":32,"h":87},"spriteSourceSize":{"x":0,"y":0,"w":32,"h":87},"frame":{"x":389,"y":136,"w":32,"h":87}},{"filename":"levels_list/levels_list_button_back","rotated":false,"trimmed":false,"sourceSize":{"w":86,"h":19},"spriteSourceSize":{"x":0,"y":0,"w":86,"h":19},"frame":{"x":215,"y":637,"w":86,"h":19}},{"filename":"bubble-hover","rotated":false,"trimmed":false,"sourceSize":{"w":33,"h":33},"spriteSourceSize":{"x":0,"y":0,"w":33,"h":33},"frame":{"x":424,"y":136,"w":33,"h":33}},{"filename":"icons/delete","rotated":false,"trimmed":true,"sourceSize":{"w":64,"h":64},"spriteSourceSize":{"x":10,"y":0,"w":44,"h":64},"frame":{"x":389,"y":226,"w":44,"h":64}},{"filename":"blank","rotated":false,"trimmed":false,"sourceSize":{"w":50,"h":50},"spriteSourceSize":{"x":0,"y":0,"w":50,"h":50},"frame":{"x":389,"y":293,"w":50,"h":50}},{"filename":"top gui/next_level_button","rotated":false,"trimmed":false,"sourceSize":{"w":44,"h":48},"spriteSourceSize":{"x":0,"y":0,"w":44,"h":48},"frame":{"x":389,"y":346,"w":44,"h":48}},{"filename":"top gui/prev_level_button","rotated":false,"trimmed":false,"sourceSize":{"w":44,"h":48},"spriteSourceSize":{"x":0,"y":0,"w":44,"h":48},"frame":{"x":389,"y":397,"w":44,"h":48}},{"filename":"icons/pen","rotated":false,"trimmed":false,"sourceSize":{"w":41,"h":41},"spriteSourceSize":{"x":0,"y":0,"w":41,"h":41},"frame":{"x":389,"y":448,"w":41,"h":41}},{"filename":"item_mod_bomb","rotated":false,"trimmed":false,"sourceSize":{"w":37,"h":37},"spriteSourceSize":{"x":0,"y":0,"w":37,"h":37},"frame":{"x":355,"y":517,"w":37,"h":37}},{"filename":"item_mod_clear","rotated":false,"trimmed":false,"sourceSize":{"w":37,"h":37},"spriteSourceSize":{"x":0,"y":0,"w":37,"h":37},"frame":{"x":336,"y":567,"w":37,"h":37}},{"filename":"item_mod_horizontal_stripes","rotated":false,"trimmed":false,"sourceSize":{"w":37,"h":37},"spriteSourceSize":{"x":0,"y":0,"w":37,"h":37},"frame":{"x":395,"y":492,"w":37,"h":37}},{"filename":"item_mod_super","rotated":false,"trimmed":false,"sourceSize":{"w":37,"h":37},"spriteSourceSize":{"x":0,"y":0,"w":37,"h":37},"frame":{"x":395,"y":532,"w":37,"h":37}},{"filename":"item_mod_vertical_stripes","rotated":false,"trimmed":false,"sourceSize":{"w":37,"h":37},"spriteSourceSize":{"x":0,"y":0,"w":37,"h":37},"frame":{"x":376,"y":572,"w":37,"h":37}},{"filename":"bubble-selected","rotated":false,"trimmed":false,"sourceSize":{"w":36,"h":36},"spriteSourceSize":{"x":0,"y":0,"w":36,"h":36},"frame":{"x":416,"y":572,"w":36,"h":36}},{"filename":"icons/fun","rotated":false,"trimmed":true,"sourceSize":{"w":27,"h":27},"spriteSourceSize":{"x":0,"y":4,"w":27,"h":19},"frame":{"x":304,"y":637,"w":27,"h":19}},{"filename":"levels_list/tutorial_icon","rotated":false,"trimmed":false,"sourceSize":{"w":23,"h":23},"spriteSourceSize":{"x":0,"y":0,"w":23,"h":23},"frame":{"x":424,"y":172,"w":23,"h":23}},{"filename":"remove_row_button","rotated":false,"trimmed":false,"sourceSize":{"w":23,"h":23},"spriteSourceSize":{"x":0,"y":0,"w":23,"h":23},"frame":{"x":424,"y":198,"w":23,"h":23}},{"filename":"icons/Paomedia-Small-N-Flat-Gamepad","rotated":false,"trimmed":true,"sourceSize":{"w":12,"h":12},"spriteSourceSize":{"x":0,"y":2,"w":12,"h":7},"frame":{"x":355,"y":557,"w":12,"h":7}},{"filename":"item_mod_firefly","rotated":false,"trimmed":false,"sourceSize":{"w":35,"h":35},"spriteSourceSize":{"x":0,"y":0,"w":35,"h":35},"frame":{"x":416,"y":611,"w":35,"h":35}},{"filename":"main_panel/skull_icon","rotated":false,"trimmed":false,"sourceSize":{"w":18,"h":21},"spriteSourceSize":{"x":0,"y":0,"w":18,"h":21},"frame":{"x":436,"y":224,"w":18,"h":21}},{"filename":"small_button_add","rotated":false,"trimmed":false,"sourceSize":{"w":19,"h":19},"spriteSourceSize":{"x":0,"y":0,"w":19,"h":19},"frame":{"x":436,"y":248,"w":19,"h":19}},{"filename":"small_button_edit","rotated":false,"trimmed":false,"sourceSize":{"w":19,"h":19},"spriteSourceSize":{"x":0,"y":0,"w":19,"h":19},"frame":{"x":436,"y":270,"w":19,"h":19}},{"filename":"main_panel/unlock_button","rotated":false,"trimmed":true,"sourceSize":{"w":30,"h":30},"spriteSourceSize":{"x":9,"y":4,"w":12,"h":19},"frame":{"x":442,"y":292,"w":12,"h":19}},{"filename":"main_panel/create_icon_2","rotated":false,"trimmed":true,"sourceSize":{"w":30,"h":30},"spriteSourceSize":{"x":9,"y":9,"w":12,"h":12},"frame":{"x":376,"y":557,"w":12,"h":12}},{"filename":"items_popover_tip","rotated":false,"trimmed":false,"sourceSize":{"w":13,"h":8},"spriteSourceSize":{"x":0,"y":0,"w":13,"h":8},"frame":{"x":336,"y":607,"w":13,"h":8}},{"filename":"main_panel/lock_button","rotated":false,"trimmed":true,"sourceSize":{"w":30,"h":30},"spriteSourceSize":{"x":9,"y":7,"w":12,"h":16},"frame":{"x":442,"y":314,"w":12,"h":16}},{"filename":"small_button_fill","rotated":false,"trimmed":false,"sourceSize":{"w":19,"h":19},"spriteSourceSize":{"x":0,"y":0,"w":19,"h":19},"frame":{"x":352,"y":607,"w":19,"h":19}},{"filename":"bubble-transparent","rotated":false,"trimmed":false,"sourceSize":{"w":34,"h":34},"spriteSourceSize":{"x":0,"y":0,"w":34,"h":34},"frame":{"x":374,"y":612,"w":34,"h":34}},{"filename":"levels_list/levels_list_scrollbar","rotated":false,"trimmed":false,"sourceSize":{"w":2,"h":20},"spriteSourceSize":{"x":0,"y":0,"w":2,"h":20},"frame":{"x":411,"y":612,"w":2,"h":20}},{"filename":"main_panel/panel_separator","rotated":false,"trimmed":false,"sourceSize":{"w":2,"h":19},"spriteSourceSize":{"x":0,"y":0,"w":2,"h":19},"frame":{"x":411,"y":635,"w":2,"h":19}},{"filename":"small_button_lock","rotated":false,"trimmed":false,"sourceSize":{"w":19,"h":19},"spriteSourceSize":{"x":0,"y":0,"w":19,"h":19},"frame":{"x":334,"y":637,"w":19,"h":19}},{"filename":"icons/Paomedia-Small-N-Flat-Window-system","rotated":false,"trimmed":true,"sourceSize":{"w":12,"h":12},"spriteSourceSize":{"x":0,"y":1,"w":12,"h":11},"frame":{"x":442,"y":333,"w":12,"h":11}},{"filename":"small_button_remove","rotated":false,"trimmed":false,"sourceSize":{"w":19,"h":19},"spriteSourceSize":{"x":0,"y":0,"w":19,"h":19},"frame":{"x":436,"y":347,"w":19,"h":19}},{"filename":"small_button_tutorial","rotated":false,"trimmed":false,"sourceSize":{"w":18,"h":18},"spriteSourceSize":{"x":0,"y":0,"w":18,"h":18},"frame":{"x":436,"y":369,"w":18,"h":18}},{"filename":"main_panel/generate_button","rotated":false,"trimmed":true,"sourceSize":{"w":30,"h":30},"spriteSourceSize":{"x":7,"y":6,"w":16,"h":18},"frame":{"x":436,"y":390,"w":16,"h":18}},{"filename":"main_panel/clear_button","rotated":false,"trimmed":true,"sourceSize":{"w":30,"h":30},"spriteSourceSize":{"x":7,"y":7,"w":16,"h":16},"frame":{"x":436,"y":411,"w":16,"h":16}},{"filename":"main_panel/swap_button","rotated":false,"trimmed":true,"sourceSize":{"w":30,"h":30},"spriteSourceSize":{"x":7,"y":7,"w":16,"h":16},"frame":{"x":436,"y":430,"w":16,"h":16}},{"filename":"main_panel/play_icon","rotated":false,"trimmed":true,"sourceSize":{"w":30,"h":30},"spriteSourceSize":{"x":6,"y":9,"w":18,"h":12},"frame":{"x":433,"y":449,"w":18,"h":12}},{"filename":"main_panel/exit_icon","rotated":false,"trimmed":true,"sourceSize":{"w":30,"h":30},"spriteSourceSize":{"x":8,"y":8,"w":14,"h":14},"frame":{"x":433,"y":464,"w":14,"h":14}},{"filename":"main_panel/save_icon","rotated":false,"trimmed":true,"sourceSize":{"w":30,"h":30},"spriteSourceSize":{"x":9,"y":8,"w":13,"h":13},"frame":{"x":356,"y":629,"w":13,"h":13}},{"filename":"icons/Paomedia-Small-N-Flat-Flag-alt","rotated":false,"trimmed":true,"sourceSize":{"w":12,"h":12},"spriteSourceSize":{"x":1,"y":0,"w":10,"h":12},"frame":{"x":356,"y":645,"w":10,"h":12}},{"filename":"main_panel/remove_icon","rotated":false,"trimmed":true,"sourceSize":{"w":30,"h":30},"spriteSourceSize":{"x":10,"y":7,"w":10,"h":15},"frame":{"x":435,"y":481,"w":10,"h":15}},{"filename":"lock_icon","rotated":false,"trimmed":false,"sourceSize":{"w":9,"h":11},"spriteSourceSize":{"x":0,"y":0,"w":9,"h":11},"frame":{"x":448,"y":481,"w":9,"h":11}},{"filename":"main_panel/button_next_level","rotated":false,"trimmed":true,"sourceSize":{"w":23,"h":29},"spriteSourceSize":{"x":6,"y":8,"w":11,"h":13},"frame":{"x":435,"y":499,"w":11,"h":13}},{"filename":"main_panel/next_level_button","rotated":false,"trimmed":true,"sourceSize":{"w":30,"h":30},"spriteSourceSize":{"x":11,"y":9,"w":8,"h":12},"frame":{"x":449,"y":495,"w":8,"h":12}},{"filename":"main_panel/prev_level_button","rotated":false,"trimmed":true,"sourceSize":{"w":30,"h":30},"spriteSourceSize":{"x":11,"y":9,"w":8,"h":12},"frame":{"x":449,"y":510,"w":8,"h":12}},{"filename":"main_panel/button_prev_level","rotated":false,"trimmed":true,"sourceSize":{"w":23,"h":29},"spriteSourceSize":{"x":6,"y":8,"w":11,"h":13},"frame":{"x":435,"y":515,"w":11,"h":13}},{"filename":"icons/Paomedia-Small-N-Flat-Trashcan","rotated":false,"trimmed":true,"sourceSize":{"w":12,"h":12},"spriteSourceSize":{"x":1,"y":0,"w":10,"h":12},"frame":{"x":435,"y":531,"w":10,"h":12}},{"filename":"icons/Paomedia-Small-N-Flat-Floppy","rotated":false,"trimmed":true,"sourceSize":{"w":12,"h":12},"spriteSourceSize":{"x":1,"y":1,"w":10,"h":10},"frame":{"x":435,"y":546,"w":10,"h":10}}]}],"meta":{"app":"https://www.codeandweb.com/texturepacker","version":"3.0","smartupdate":"$TexturePacker:SmartUpdate:f7f2408230b31368c4f3d18ecd69d1c7:5a6dd338c10b048d723b24f00ba5defd:34723e8577f3f03f67f85e881cc7b636$"}}