{"textures":[{"image":"gameplay-textures.png","format":"RGBA8888","size":{"w":251,"h":278},"scale":0.5,"frames":[{"filename":"blank","rotated":false,"trimmed":false,"sourceSize":{"w":50,"h":50},"spriteSourceSize":{"x":0,"y":0,"w":50,"h":50},"frame":{"x":2,"y":2,"w":50,"h":50}},{"filename":"bullet-items/item_bomb","rotated":false,"trimmed":false,"sourceSize":{"w":35,"h":36},"spriteSourceSize":{"x":0,"y":0,"w":35,"h":36},"frame":{"x":55,"y":2,"w":35,"h":36}},{"filename":"bullet-items/item_bomb_disable","rotated":false,"trimmed":false,"sourceSize":{"w":35,"h":36},"spriteSourceSize":{"x":0,"y":0,"w":35,"h":36},"frame":{"x":93,"y":2,"w":35,"h":36}},{"filename":"bullet-items/item_electric","rotated":false,"trimmed":false,"sourceSize":{"w":31,"h":32},"spriteSourceSize":{"x":0,"y":0,"w":31,"h":32},"frame":{"x":131,"y":2,"w":31,"h":32}},{"filename":"bullet-items/item_electric_disable","rotated":false,"trimmed":false,"sourceSize":{"w":31,"h":32},"spriteSourceSize":{"x":0,"y":0,"w":31,"h":32},"frame":{"x":165,"y":2,"w":31,"h":32}},{"filename":"bullet-items/item_rainbow","rotated":false,"trimmed":false,"sourceSize":{"w":31,"h":32},"spriteSourceSize":{"x":0,"y":0,"w":31,"h":32},"frame":{"x":199,"y":2,"w":31,"h":32}},{"filename":"bullet-items/item_rainbow_disable","rotated":false,"trimmed":false,"sourceSize":{"w":31,"h":32},"spriteSourceSize":{"x":0,"y":0,"w":31,"h":32},"frame":{"x":2,"y":55,"w":31,"h":32}},{"filename":"bullet-items/item_rocket","rotated":false,"trimmed":false,"sourceSize":{"w":31,"h":33},"spriteSourceSize":{"x":0,"y":0,"w":31,"h":33},"frame":{"x":36,"y":55,"w":31,"h":33}},{"filename":"bullet-items/item_rocket_disable","rotated":false,"trimmed":false,"sourceSize":{"w":31,"h":33},"spriteSourceSize":{"x":0,"y":0,"w":31,"h":33},"frame":{"x":70,"y":55,"w":31,"h":33}},{"filename":"bullet-items/unlimited","rotated":false,"trimmed":false,"sourceSize":{"w":16,"h":9},"spriteSourceSize":{"x":0,"y":0,"w":16,"h":9},"frame":{"x":104,"y":55,"w":16,"h":9}},{"filename":"glow03","rotated":false,"trimmed":false,"sourceSize":{"w":61,"h":61},"spriteSourceSize":{"x":0,"y":0,"w":61,"h":61},"frame":{"x":123,"y":55,"w":61,"h":61}},{"filename":"icons/icon_count","rotated":false,"trimmed":false,"sourceSize":{"w":21,"h":21},"spriteSourceSize":{"x":0,"y":0,"w":21,"h":21},"frame":{"x":187,"y":55,"w":21,"h":21}},{"filename":"icons/mission-balls-icon","rotated":false,"trimmed":false,"sourceSize":{"w":26,"h":23},"spriteSourceSize":{"x":0,"y":0,"w":26,"h":23},"frame":{"x":211,"y":55,"w":26,"h":23}},{"filename":"icons/mission-gems-icon","rotated":false,"trimmed":false,"sourceSize":{"w":28,"h":25},"spriteSourceSize":{"x":0,"y":0,"w":28,"h":25},"frame":{"x":2,"y":119,"w":28,"h":25}},{"filename":"numbers-symbols/numbers-symbols","rotated":false,"trimmed":false,"sourceSize":{"w":149,"h":157},"spriteSourceSize":{"x":0,"y":0,"w":149,"h":157},"frame":{"x":33,"y":119,"w":149,"h":157}},{"filename":"ring","rotated":false,"trimmed":false,"sourceSize":{"w":64,"h":64},"spriteSourceSize":{"x":0,"y":0,"w":64,"h":64},"frame":{"x":185,"y":119,"w":64,"h":64}}]}],"meta":{"app":"https://www.codeandweb.com/texturepacker","version":"3.0","smartupdate":"$TexturePacker:SmartUpdate:18ee819b62769585591b0587717e97e3:88af12be55b55e23430c7223ca550e0f:689ca48b44c81a8027c04d775e52c8ea$"}}