{"textures":[{"image":"gameplay-main-objects.png","format":"RGBA8888","size":{"w":253,"h":636},"scale":0.5,"frames":[{"filename":"black-hole/circle-2","rotated":false,"trimmed":false,"sourceSize":{"w":5,"h":5},"spriteSourceSize":{"x":0,"y":0,"w":5,"h":5},"frame":{"x":2,"y":2,"w":5,"h":5}},{"filename":"star","rotated":false,"trimmed":false,"sourceSize":{"w":10,"h":10},"spriteSourceSize":{"x":0,"y":0,"w":10,"h":10},"frame":{"x":10,"y":2,"w":10,"h":10}},{"filename":"bat-ball/bat-head","rotated":false,"trimmed":false,"sourceSize":{"w":29,"h":15},"spriteSourceSize":{"x":0,"y":0,"w":29,"h":15},"frame":{"x":23,"y":2,"w":29,"h":15}},{"filename":"sub-grid-objects/ladybird","rotated":false,"trimmed":false,"sourceSize":{"w":15,"h":16},"spriteSourceSize":{"x":0,"y":0,"w":15,"h":16},"frame":{"x":55,"y":2,"w":15,"h":16}},{"filename":"sub-grid-objects/spider","rotated":false,"trimmed":false,"sourceSize":{"w":18,"h":18},"spriteSourceSize":{"x":0,"y":0,"w":18,"h":18},"frame":{"x":73,"y":2,"w":18,"h":18}},{"filename":"electric-ball/electric_D/electric_D_01","rotated":false,"trimmed":false,"sourceSize":{"w":29,"h":19},"spriteSourceSize":{"x":0,"y":0,"w":29,"h":19},"frame":{"x":94,"y":2,"w":29,"h":19}},{"filename":"electric-ball/electric_D/electric_D_02","rotated":false,"trimmed":false,"sourceSize":{"w":29,"h":19},"spriteSourceSize":{"x":0,"y":0,"w":29,"h":19},"frame":{"x":126,"y":2,"w":29,"h":19}},{"filename":"electric-ball/electric_D/electric_D_03","rotated":false,"trimmed":false,"sourceSize":{"w":29,"h":19},"spriteSourceSize":{"x":0,"y":0,"w":29,"h":19},"frame":{"x":158,"y":2,"w":29,"h":19}},{"filename":"electric-ball/electric_D/electric_D_04","rotated":false,"trimmed":false,"sourceSize":{"w":29,"h":19},"spriteSourceSize":{"x":0,"y":0,"w":29,"h":19},"frame":{"x":190,"y":2,"w":29,"h":19}},{"filename":"electric-ball/electric_D/electric_D_05","rotated":false,"trimmed":false,"sourceSize":{"w":29,"h":19},"spriteSourceSize":{"x":0,"y":0,"w":29,"h":19},"frame":{"x":222,"y":2,"w":29,"h":19}},{"filename":"electric-ball/electric_D/electric_D_06","rotated":false,"trimmed":false,"sourceSize":{"w":29,"h":19},"spriteSourceSize":{"x":0,"y":0,"w":29,"h":19},"frame":{"x":2,"y":24,"w":29,"h":19}},{"filename":"electric-ball/electric_D/electric_D_07","rotated":false,"trimmed":false,"sourceSize":{"w":29,"h":19},"spriteSourceSize":{"x":0,"y":0,"w":29,"h":19},"frame":{"x":34,"y":24,"w":29,"h":19}},{"filename":"electric-ball/electric_D/electric_D_08","rotated":false,"trimmed":false,"sourceSize":{"w":29,"h":19},"spriteSourceSize":{"x":0,"y":0,"w":29,"h":19},"frame":{"x":66,"y":24,"w":29,"h":19}},{"filename":"electric-ball/electric_E/electric_E_01","rotated":false,"trimmed":false,"sourceSize":{"w":28,"h":19},"spriteSourceSize":{"x":0,"y":0,"w":28,"h":19},"frame":{"x":98,"y":24,"w":28,"h":19}},{"filename":"electric-ball/electric_E/electric_E_02","rotated":false,"trimmed":false,"sourceSize":{"w":28,"h":19},"spriteSourceSize":{"x":0,"y":0,"w":28,"h":19},"frame":{"x":129,"y":24,"w":28,"h":19}},{"filename":"electric-ball/electric_E/electric_E_03","rotated":false,"trimmed":false,"sourceSize":{"w":28,"h":19},"spriteSourceSize":{"x":0,"y":0,"w":28,"h":19},"frame":{"x":160,"y":24,"w":28,"h":19}},{"filename":"electric-ball/electric_E/electric_E_04","rotated":false,"trimmed":false,"sourceSize":{"w":28,"h":19},"spriteSourceSize":{"x":0,"y":0,"w":28,"h":19},"frame":{"x":191,"y":24,"w":28,"h":19}},{"filename":"electric-ball/electric_E/electric_E_05","rotated":false,"trimmed":false,"sourceSize":{"w":28,"h":19},"spriteSourceSize":{"x":0,"y":0,"w":28,"h":19},"frame":{"x":222,"y":24,"w":28,"h":19}},{"filename":"electric-ball/electric_E/electric_E_06","rotated":false,"trimmed":false,"sourceSize":{"w":28,"h":19},"spriteSourceSize":{"x":0,"y":0,"w":28,"h":19},"frame":{"x":2,"y":46,"w":28,"h":19}},{"filename":"electric-ball/electric_E/electric_E_07","rotated":false,"trimmed":false,"sourceSize":{"w":28,"h":19},"spriteSourceSize":{"x":0,"y":0,"w":28,"h":19},"frame":{"x":33,"y":46,"w":28,"h":19}},{"filename":"electric-ball/electric_E/electric_E_08","rotated":false,"trimmed":false,"sourceSize":{"w":28,"h":19},"spriteSourceSize":{"x":0,"y":0,"w":28,"h":19},"frame":{"x":64,"y":46,"w":28,"h":19}},{"filename":"electric-ball/electric_E/electric_E_09","rotated":false,"trimmed":false,"sourceSize":{"w":28,"h":19},"spriteSourceSize":{"x":0,"y":0,"w":28,"h":19},"frame":{"x":95,"y":46,"w":28,"h":19}},{"filename":"lava-ball/lava/firefly_10","rotated":false,"trimmed":false,"sourceSize":{"w":21,"h":20},"spriteSourceSize":{"x":0,"y":0,"w":21,"h":20},"frame":{"x":126,"y":46,"w":21,"h":20}},{"filename":"lava-ball/lava/firefly_22","rotated":false,"trimmed":false,"sourceSize":{"w":21,"h":20},"spriteSourceSize":{"x":0,"y":0,"w":21,"h":20},"frame":{"x":150,"y":46,"w":21,"h":20}},{"filename":"plus-minus-ball/minus-ball-explosion","rotated":false,"trimmed":false,"sourceSize":{"w":21,"h":20},"spriteSourceSize":{"x":0,"y":0,"w":21,"h":20},"frame":{"x":174,"y":46,"w":21,"h":20}},{"filename":"plus-minus-ball/plus-ball-explosion","rotated":false,"trimmed":false,"sourceSize":{"w":24,"h":20},"spriteSourceSize":{"x":0,"y":0,"w":24,"h":20},"frame":{"x":198,"y":46,"w":24,"h":20}},{"filename":"lava-ball/lava/firefly_2","rotated":false,"trimmed":false,"sourceSize":{"w":22,"h":21},"spriteSourceSize":{"x":0,"y":0,"w":22,"h":21},"frame":{"x":225,"y":46,"w":22,"h":21}},{"filename":"lava-ball/lava/firefly_6","rotated":false,"trimmed":false,"sourceSize":{"w":22,"h":21},"spriteSourceSize":{"x":0,"y":0,"w":22,"h":21},"frame":{"x":2,"y":70,"w":22,"h":21}},{"filename":"lava-ball/lava/firefly_14","rotated":false,"trimmed":false,"sourceSize":{"w":22,"h":21},"spriteSourceSize":{"x":0,"y":0,"w":22,"h":21},"frame":{"x":27,"y":70,"w":22,"h":21}},{"filename":"lava-ball/lava/firefly_18","rotated":false,"trimmed":false,"sourceSize":{"w":22,"h":21},"spriteSourceSize":{"x":0,"y":0,"w":22,"h":21},"frame":{"x":52,"y":70,"w":22,"h":21}},{"filename":"lava-ball/lava/firefly_1","rotated":false,"trimmed":false,"sourceSize":{"w":23,"h":22},"spriteSourceSize":{"x":0,"y":0,"w":23,"h":22},"frame":{"x":77,"y":70,"w":23,"h":22}},{"filename":"lava-ball/lava/firefly_3","rotated":false,"trimmed":false,"sourceSize":{"w":23,"h":22},"spriteSourceSize":{"x":0,"y":0,"w":23,"h":22},"frame":{"x":103,"y":70,"w":23,"h":22}},{"filename":"lava-ball/lava/firefly_5","rotated":false,"trimmed":false,"sourceSize":{"w":23,"h":22},"spriteSourceSize":{"x":0,"y":0,"w":23,"h":22},"frame":{"x":129,"y":70,"w":23,"h":22}},{"filename":"lava-ball/lava/firefly_7","rotated":false,"trimmed":false,"sourceSize":{"w":23,"h":22},"spriteSourceSize":{"x":0,"y":0,"w":23,"h":22},"frame":{"x":155,"y":70,"w":23,"h":22}},{"filename":"lava-ball/lava/firefly_9","rotated":false,"trimmed":false,"sourceSize":{"w":23,"h":22},"spriteSourceSize":{"x":0,"y":0,"w":23,"h":22},"frame":{"x":181,"y":70,"w":23,"h":22}},{"filename":"lava-ball/lava/firefly_11","rotated":false,"trimmed":false,"sourceSize":{"w":23,"h":22},"spriteSourceSize":{"x":0,"y":0,"w":23,"h":22},"frame":{"x":207,"y":70,"w":23,"h":22}},{"filename":"lava-ball/lava/firefly_13","rotated":false,"trimmed":false,"sourceSize":{"w":23,"h":22},"spriteSourceSize":{"x":0,"y":0,"w":23,"h":22},"frame":{"x":2,"y":95,"w":23,"h":22}},{"filename":"lava-ball/lava/firefly_15","rotated":false,"trimmed":false,"sourceSize":{"w":23,"h":22},"spriteSourceSize":{"x":0,"y":0,"w":23,"h":22},"frame":{"x":28,"y":95,"w":23,"h":22}},{"filename":"lava-ball/lava/firefly_17","rotated":false,"trimmed":false,"sourceSize":{"w":23,"h":22},"spriteSourceSize":{"x":0,"y":0,"w":23,"h":22},"frame":{"x":54,"y":95,"w":23,"h":22}},{"filename":"lava-ball/lava/firefly_19","rotated":false,"trimmed":false,"sourceSize":{"w":23,"h":22},"spriteSourceSize":{"x":0,"y":0,"w":23,"h":22},"frame":{"x":80,"y":95,"w":23,"h":22}},{"filename":"lava-ball/lava/firefly_21","rotated":false,"trimmed":false,"sourceSize":{"w":23,"h":22},"spriteSourceSize":{"x":0,"y":0,"w":23,"h":22},"frame":{"x":106,"y":95,"w":23,"h":22}},{"filename":"lava-ball/lava/firefly_23","rotated":false,"trimmed":false,"sourceSize":{"w":23,"h":22},"spriteSourceSize":{"x":0,"y":0,"w":23,"h":22},"frame":{"x":132,"y":95,"w":23,"h":22}},{"filename":"lava-ball/lava/firefly_0","rotated":false,"trimmed":false,"sourceSize":{"w":25,"h":23},"spriteSourceSize":{"x":0,"y":0,"w":25,"h":23},"frame":{"x":158,"y":95,"w":25,"h":23}},{"filename":"lava-ball/lava/firefly_4","rotated":false,"trimmed":false,"sourceSize":{"w":24,"h":23},"spriteSourceSize":{"x":0,"y":0,"w":24,"h":23},"frame":{"x":186,"y":95,"w":24,"h":23}},{"filename":"lava-ball/lava/firefly_8","rotated":false,"trimmed":false,"sourceSize":{"w":25,"h":23},"spriteSourceSize":{"x":0,"y":0,"w":25,"h":23},"frame":{"x":213,"y":95,"w":25,"h":23}},{"filename":"lava-ball/lava/firefly_12","rotated":false,"trimmed":false,"sourceSize":{"w":25,"h":23},"spriteSourceSize":{"x":0,"y":0,"w":25,"h":23},"frame":{"x":2,"y":121,"w":25,"h":23}},{"filename":"lava-ball/lava/firefly_16","rotated":false,"trimmed":false,"sourceSize":{"w":24,"h":23},"spriteSourceSize":{"x":0,"y":0,"w":24,"h":23},"frame":{"x":30,"y":121,"w":24,"h":23}},{"filename":"lava-ball/lava/firefly_20","rotated":false,"trimmed":false,"sourceSize":{"w":25,"h":23},"spriteSourceSize":{"x":0,"y":0,"w":25,"h":23},"frame":{"x":57,"y":121,"w":25,"h":23}},{"filename":"bat-ball/bat-wing-close-left","rotated":false,"trimmed":false,"sourceSize":{"w":15,"h":24},"spriteSourceSize":{"x":0,"y":0,"w":15,"h":24},"frame":{"x":85,"y":121,"w":15,"h":24}},{"filename":"bat-ball/bat-wing-close-right","rotated":false,"trimmed":false,"sourceSize":{"w":15,"h":24},"spriteSourceSize":{"x":0,"y":0,"w":15,"h":24},"frame":{"x":103,"y":121,"w":15,"h":24}},{"filename":"2-colors-ball/2_colors_random","rotated":false,"trimmed":false,"sourceSize":{"w":27,"h":26},"spriteSourceSize":{"x":0,"y":0,"w":27,"h":26},"frame":{"x":121,"y":121,"w":27,"h":26}},{"filename":"2-colors-ball/duo_color_blue","rotated":false,"trimmed":false,"sourceSize":{"w":29,"h":30},"spriteSourceSize":{"x":0,"y":0,"w":29,"h":30},"frame":{"x":151,"y":121,"w":29,"h":30}},{"filename":"2-colors-ball/duo_color_cyan","rotated":false,"trimmed":false,"sourceSize":{"w":29,"h":30},"spriteSourceSize":{"x":0,"y":0,"w":29,"h":30},"frame":{"x":183,"y":121,"w":29,"h":30}},{"filename":"2-colors-ball/duo_color_green","rotated":false,"trimmed":false,"sourceSize":{"w":29,"h":30},"spriteSourceSize":{"x":0,"y":0,"w":29,"h":30},"frame":{"x":215,"y":121,"w":29,"h":30}},{"filename":"2-colors-ball/duo_color_orange","rotated":false,"trimmed":false,"sourceSize":{"w":29,"h":30},"spriteSourceSize":{"x":0,"y":0,"w":29,"h":30},"frame":{"x":2,"y":154,"w":29,"h":30}},{"filename":"2-colors-ball/duo_color_pink","rotated":false,"trimmed":false,"sourceSize":{"w":29,"h":30},"spriteSourceSize":{"x":0,"y":0,"w":29,"h":30},"frame":{"x":34,"y":154,"w":29,"h":30}},{"filename":"2-colors-ball/duo_color_purple","rotated":false,"trimmed":false,"sourceSize":{"w":29,"h":30},"spriteSourceSize":{"x":0,"y":0,"w":29,"h":30},"frame":{"x":66,"y":154,"w":29,"h":30}},{"filename":"2-colors-ball/duo_color_red","rotated":false,"trimmed":false,"sourceSize":{"w":29,"h":30},"spriteSourceSize":{"x":0,"y":0,"w":29,"h":30},"frame":{"x":98,"y":154,"w":29,"h":30}},{"filename":"2-colors-ball/duo_color_yellow","rotated":false,"trimmed":false,"sourceSize":{"w":29,"h":30},"spriteSourceSize":{"x":0,"y":0,"w":29,"h":30},"frame":{"x":130,"y":154,"w":29,"h":30}},{"filename":"electric-ball/electric_A/electric_A_01","rotated":false,"trimmed":false,"sourceSize":{"w":35,"h":32},"spriteSourceSize":{"x":0,"y":0,"w":35,"h":32},"frame":{"x":162,"y":154,"w":35,"h":32}},{"filename":"electric-ball/electric_A/electric_A_02","rotated":false,"trimmed":false,"sourceSize":{"w":35,"h":32},"spriteSourceSize":{"x":0,"y":0,"w":35,"h":32},"frame":{"x":200,"y":154,"w":35,"h":32}},{"filename":"electric-ball/electric_A/electric_A_03","rotated":false,"trimmed":false,"sourceSize":{"w":35,"h":32},"spriteSourceSize":{"x":0,"y":0,"w":35,"h":32},"frame":{"x":2,"y":189,"w":35,"h":32}},{"filename":"electric-ball/electric_A/electric_A_04","rotated":false,"trimmed":false,"sourceSize":{"w":35,"h":32},"spriteSourceSize":{"x":0,"y":0,"w":35,"h":32},"frame":{"x":40,"y":189,"w":35,"h":32}},{"filename":"electric-ball/electric_A/electric_A_05","rotated":false,"trimmed":false,"sourceSize":{"w":35,"h":32},"spriteSourceSize":{"x":0,"y":0,"w":35,"h":32},"frame":{"x":78,"y":189,"w":35,"h":32}},{"filename":"electric-ball/electric_A/electric_A_06","rotated":false,"trimmed":false,"sourceSize":{"w":35,"h":32},"spriteSourceSize":{"x":0,"y":0,"w":35,"h":32},"frame":{"x":116,"y":189,"w":35,"h":32}},{"filename":"electric-ball/electric_A/electric_A_07","rotated":false,"trimmed":false,"sourceSize":{"w":35,"h":32},"spriteSourceSize":{"x":0,"y":0,"w":35,"h":32},"frame":{"x":154,"y":189,"w":35,"h":32}},{"filename":"electric-ball/electric_A/electric_A_08","rotated":false,"trimmed":false,"sourceSize":{"w":35,"h":32},"spriteSourceSize":{"x":0,"y":0,"w":35,"h":32},"frame":{"x":192,"y":189,"w":35,"h":32}},{"filename":"earthen-pot/earthen-pot","rotated":false,"trimmed":false,"sourceSize":{"w":31,"h":33},"spriteSourceSize":{"x":0,"y":0,"w":31,"h":33},"frame":{"x":2,"y":224,"w":31,"h":33}},{"filename":"mummy/stone-crack","rotated":false,"trimmed":false,"sourceSize":{"w":34,"h":33},"spriteSourceSize":{"x":0,"y":0,"w":34,"h":33},"frame":{"x":36,"y":224,"w":34,"h":33}},{"filename":"mummy/stone-normal","rotated":false,"trimmed":false,"sourceSize":{"w":34,"h":33},"spriteSourceSize":{"x":0,"y":0,"w":34,"h":33},"frame":{"x":73,"y":224,"w":34,"h":33}},{"filename":"sub-grid-objects/cover_ball_5","rotated":false,"trimmed":false,"sourceSize":{"w":34,"h":33},"spriteSourceSize":{"x":0,"y":0,"w":34,"h":33},"frame":{"x":110,"y":224,"w":34,"h":33}},{"filename":"black-hole/black-hole","rotated":false,"trimmed":false,"sourceSize":{"w":34,"h":34},"spriteSourceSize":{"x":0,"y":0,"w":34,"h":34},"frame":{"x":147,"y":224,"w":34,"h":34}},{"filename":"black-hole/switch-black-hole","rotated":false,"trimmed":false,"sourceSize":{"w":34,"h":34},"spriteSourceSize":{"x":0,"y":0,"w":34,"h":34},"frame":{"x":184,"y":224,"w":34,"h":34}},{"filename":"bubbles/ball_copy","rotated":false,"trimmed":false,"sourceSize":{"w":34,"h":34},"spriteSourceSize":{"x":0,"y":0,"w":34,"h":34},"frame":{"x":2,"y":261,"w":34,"h":34}},{"filename":"color-bomb/color_bomb","rotated":false,"trimmed":false,"sourceSize":{"w":34,"h":34},"spriteSourceSize":{"x":0,"y":0,"w":34,"h":34},"frame":{"x":39,"y":261,"w":34,"h":34}},{"filename":"electric-ball/electric-ball","rotated":false,"trimmed":false,"sourceSize":{"w":34,"h":34},"spriteSourceSize":{"x":0,"y":0,"w":34,"h":34},"frame":{"x":76,"y":261,"w":34,"h":34}},{"filename":"empty-ball/empty-ball","rotated":false,"trimmed":false,"sourceSize":{"w":34,"h":34},"spriteSourceSize":{"x":0,"y":0,"w":34,"h":34},"frame":{"x":113,"y":261,"w":34,"h":34}},{"filename":"lava-ball/firefly_cap","rotated":false,"trimmed":false,"sourceSize":{"w":34,"h":34},"spriteSourceSize":{"x":0,"y":0,"w":34,"h":34},"frame":{"x":150,"y":261,"w":34,"h":34}},{"filename":"lava-ball/firefly_empty_bottle","rotated":false,"trimmed":false,"sourceSize":{"w":34,"h":34},"spriteSourceSize":{"x":0,"y":0,"w":34,"h":34},"frame":{"x":187,"y":261,"w":34,"h":34}},{"filename":"mirror-ball/mirror","rotated":false,"trimmed":false,"sourceSize":{"w":34,"h":34},"spriteSourceSize":{"x":0,"y":0,"w":34,"h":34},"frame":{"x":2,"y":298,"w":34,"h":34}},{"filename":"mirror-ball/mirror_layer","rotated":false,"trimmed":false,"sourceSize":{"w":34,"h":34},"spriteSourceSize":{"x":0,"y":0,"w":34,"h":34},"frame":{"x":39,"y":298,"w":34,"h":34}},{"filename":"plus-minus-ball/+1-ball","rotated":false,"trimmed":false,"sourceSize":{"w":34,"h":34},"spriteSourceSize":{"x":0,"y":0,"w":34,"h":34},"frame":{"x":76,"y":298,"w":34,"h":34}},{"filename":"plus-minus-ball/-1-ball","rotated":false,"trimmed":false,"sourceSize":{"w":34,"h":34},"spriteSourceSize":{"x":0,"y":0,"w":34,"h":34},"frame":{"x":113,"y":298,"w":34,"h":34}},{"filename":"question-mark-ball/question_mark_ball","rotated":false,"trimmed":false,"sourceSize":{"w":34,"h":34},"spriteSourceSize":{"x":0,"y":0,"w":34,"h":34},"frame":{"x":150,"y":298,"w":34,"h":34}},{"filename":"random-direction-electric-ball/compass","rotated":false,"trimmed":false,"sourceSize":{"w":34,"h":34},"spriteSourceSize":{"x":0,"y":0,"w":34,"h":34},"frame":{"x":187,"y":298,"w":34,"h":34}},{"filename":"random-direction-electric-ball/compass_highlight","rotated":false,"trimmed":false,"sourceSize":{"w":34,"h":34},"spriteSourceSize":{"x":0,"y":0,"w":34,"h":34},"frame":{"x":2,"y":335,"w":34,"h":34}},{"filename":"random-direction-electric-ball/compass_needle","rotated":false,"trimmed":false,"sourceSize":{"w":34,"h":34},"spriteSourceSize":{"x":0,"y":0,"w":34,"h":34},"frame":{"x":39,"y":335,"w":34,"h":34}},{"filename":"stone/metal-ball","rotated":false,"trimmed":false,"sourceSize":{"w":34,"h":34},"spriteSourceSize":{"x":0,"y":0,"w":34,"h":34},"frame":{"x":76,"y":335,"w":34,"h":34}},{"filename":"bat-ball/bat","rotated":false,"trimmed":false,"sourceSize":{"w":40,"h":35},"spriteSourceSize":{"x":0,"y":0,"w":40,"h":35},"frame":{"x":113,"y":335,"w":40,"h":35}},{"filename":"sub-grid-objects/spider_web","rotated":false,"trimmed":false,"sourceSize":{"w":33,"h":35},"spriteSourceSize":{"x":0,"y":0,"w":33,"h":35},"frame":{"x":156,"y":335,"w":33,"h":35}},{"filename":"sub-grid-objects/cover_ball_4","rotated":false,"trimmed":false,"sourceSize":{"w":34,"h":36},"spriteSourceSize":{"x":0,"y":0,"w":34,"h":36},"frame":{"x":192,"y":335,"w":34,"h":36}},{"filename":"sub-grid-objects/ironboard","rotated":false,"trimmed":false,"sourceSize":{"w":33,"h":36},"spriteSourceSize":{"x":0,"y":0,"w":33,"h":36},"frame":{"x":2,"y":374,"w":33,"h":36}},{"filename":"sub-grid-objects/ironboard_lock","rotated":false,"trimmed":false,"sourceSize":{"w":33,"h":36},"spriteSourceSize":{"x":0,"y":0,"w":33,"h":36},"frame":{"x":38,"y":374,"w":33,"h":36}},{"filename":"sub-grid-objects/cover_ball_2","rotated":false,"trimmed":false,"sourceSize":{"w":34,"h":37},"spriteSourceSize":{"x":0,"y":0,"w":34,"h":37},"frame":{"x":74,"y":374,"w":34,"h":37}},{"filename":"sub-grid-objects/cover_ball_3","rotated":false,"trimmed":false,"sourceSize":{"w":34,"h":37},"spriteSourceSize":{"x":0,"y":0,"w":34,"h":37},"frame":{"x":111,"y":374,"w":34,"h":37}},{"filename":"sub-grid-objects/leaves","rotated":false,"trimmed":false,"sourceSize":{"w":37,"h":37},"spriteSourceSize":{"x":0,"y":0,"w":37,"h":37},"frame":{"x":148,"y":374,"w":37,"h":37}},{"filename":"sub-grid-objects/cover_ball_0","rotated":false,"trimmed":false,"sourceSize":{"w":34,"h":38},"spriteSourceSize":{"x":0,"y":0,"w":34,"h":38},"frame":{"x":188,"y":374,"w":34,"h":38}},{"filename":"sub-grid-objects/cover_ball_1","rotated":false,"trimmed":false,"sourceSize":{"w":34,"h":38},"spriteSourceSize":{"x":0,"y":0,"w":34,"h":38},"frame":{"x":2,"y":415,"w":34,"h":38}},{"filename":"electric-ball/electric_C/electric_C_01","rotated":false,"trimmed":false,"sourceSize":{"w":50,"h":44},"spriteSourceSize":{"x":0,"y":0,"w":50,"h":44},"frame":{"x":39,"y":415,"w":50,"h":44}},{"filename":"electric-ball/electric_C/electric_C_02","rotated":false,"trimmed":false,"sourceSize":{"w":50,"h":44},"spriteSourceSize":{"x":0,"y":0,"w":50,"h":44},"frame":{"x":92,"y":415,"w":50,"h":44}},{"filename":"electric-ball/electric_C/electric_C_03","rotated":false,"trimmed":false,"sourceSize":{"w":50,"h":44},"spriteSourceSize":{"x":0,"y":0,"w":50,"h":44},"frame":{"x":145,"y":415,"w":50,"h":44}},{"filename":"electric-ball/electric_C/electric_C_04","rotated":false,"trimmed":false,"sourceSize":{"w":50,"h":44},"spriteSourceSize":{"x":0,"y":0,"w":50,"h":44},"frame":{"x":198,"y":415,"w":50,"h":44}},{"filename":"electric-ball/electric_C/electric_C_05","rotated":false,"trimmed":false,"sourceSize":{"w":50,"h":44},"spriteSourceSize":{"x":0,"y":0,"w":50,"h":44},"frame":{"x":2,"y":462,"w":50,"h":44}},{"filename":"electric-ball/electric_C/electric_C_06","rotated":false,"trimmed":false,"sourceSize":{"w":50,"h":44},"spriteSourceSize":{"x":0,"y":0,"w":50,"h":44},"frame":{"x":55,"y":462,"w":50,"h":44}},{"filename":"electric-ball/electric_C/electric_C_07","rotated":false,"trimmed":false,"sourceSize":{"w":50,"h":44},"spriteSourceSize":{"x":0,"y":0,"w":50,"h":44},"frame":{"x":108,"y":462,"w":50,"h":44}},{"filename":"electric-ball/electric_C/electric_C_08","rotated":false,"trimmed":false,"sourceSize":{"w":50,"h":44},"spriteSourceSize":{"x":0,"y":0,"w":50,"h":44},"frame":{"x":161,"y":462,"w":50,"h":44}},{"filename":"electric-ball/electric_B/electric_B_01","rotated":false,"trimmed":false,"sourceSize":{"w":41,"h":45},"spriteSourceSize":{"x":0,"y":0,"w":41,"h":45},"frame":{"x":2,"y":509,"w":41,"h":45}},{"filename":"electric-ball/electric_B/electric_B_02","rotated":false,"trimmed":false,"sourceSize":{"w":41,"h":45},"spriteSourceSize":{"x":0,"y":0,"w":41,"h":45},"frame":{"x":46,"y":509,"w":41,"h":45}},{"filename":"electric-ball/electric_B/electric_B_03","rotated":false,"trimmed":false,"sourceSize":{"w":41,"h":45},"spriteSourceSize":{"x":0,"y":0,"w":41,"h":45},"frame":{"x":90,"y":509,"w":41,"h":45}},{"filename":"electric-ball/electric_B/electric_B_04","rotated":false,"trimmed":false,"sourceSize":{"w":41,"h":45},"spriteSourceSize":{"x":0,"y":0,"w":41,"h":45},"frame":{"x":134,"y":509,"w":41,"h":45}},{"filename":"electric-ball/electric_B/electric_B_05","rotated":false,"trimmed":false,"sourceSize":{"w":41,"h":45},"spriteSourceSize":{"x":0,"y":0,"w":41,"h":45},"frame":{"x":178,"y":509,"w":41,"h":45}},{"filename":"electric-ball/electric_B/electric_B_06","rotated":false,"trimmed":false,"sourceSize":{"w":41,"h":45},"spriteSourceSize":{"x":0,"y":0,"w":41,"h":45},"frame":{"x":2,"y":557,"w":41,"h":45}},{"filename":"electric-ball/electric_B/electric_B_07","rotated":false,"trimmed":false,"sourceSize":{"w":41,"h":45},"spriteSourceSize":{"x":0,"y":0,"w":41,"h":45},"frame":{"x":46,"y":557,"w":41,"h":45}},{"filename":"blank","rotated":false,"trimmed":false,"sourceSize":{"w":50,"h":50},"spriteSourceSize":{"x":0,"y":0,"w":50,"h":50},"frame":{"x":90,"y":557,"w":50,"h":50}},{"filename":"sub-grid-objects/hexagon-wire","rotated":false,"trimmed":false,"sourceSize":{"w":69,"h":77},"spriteSourceSize":{"x":0,"y":0,"w":69,"h":77},"frame":{"x":143,"y":557,"w":69,"h":77}}]}],"meta":{"app":"https://www.codeandweb.com/texturepacker","version":"3.0","smartupdate":"$TexturePacker:SmartUpdate:5056247a3015b061f7d37f4735271e0a:4465cc8b3ce8999a1f76c27e08173a70:fe669df86ff0d368c5af8d75dcf4ef2e$"}}