{"textures":[{"image":"theme-hard-resources.png","format":"RGBA8888","size":{"w":256,"h":473},"scale":0.5,"frames":[{"filename":"progress/progress_bg","rotated":false,"trimmed":false,"sourceSize":{"w":228,"h":21},"spriteSourceSize":{"x":0,"y":0,"w":228,"h":21},"frame":{"x":2,"y":2,"w":228,"h":21},"anchor":{"x":0.5,"y":0.5}},{"filename":"progress/progress_bar","rotated":false,"trimmed":false,"sourceSize":{"w":224,"h":17},"spriteSourceSize":{"x":0,"y":0,"w":224,"h":17},"frame":{"x":2,"y":26,"w":224,"h":17},"anchor":{"x":0.5,"y":0.5}},{"filename":"buttons/btn_play","rotated":false,"trimmed":false,"sourceSize":{"w":177,"h":80},"spriteSourceSize":{"x":0,"y":0,"w":177,"h":80},"frame":{"x":2,"y":46,"w":177,"h":80},"anchor":{"x":0.5,"y":0.5}},{"filename":"popup/middle-middle","rotated":false,"trimmed":false,"sourceSize":{"w":72,"h":107},"spriteSourceSize":{"x":0,"y":0,"w":72,"h":107},"frame":{"x":182,"y":46,"w":72,"h":107},"anchor":{"x":0.5,"y":0.5}},{"filename":"background/popup_mission","rotated":false,"trimmed":false,"sourceSize":{"w":147,"h":46},"spriteSourceSize":{"x":0,"y":0,"w":147,"h":46},"frame":{"x":2,"y":129,"w":147,"h":46},"anchor":{"x":0.5,"y":0.5}},{"filename":"background/popup_header","rotated":false,"trimmed":false,"sourceSize":{"w":97,"h":29},"spriteSourceSize":{"x":0,"y":0,"w":97,"h":29},"frame":{"x":152,"y":156,"w":97,"h":29},"anchor":{"x":0.5,"y":0.5}},{"filename":"popup/popup_setting_box","rotated":false,"trimmed":false,"sourceSize":{"w":122,"h":82},"spriteSourceSize":{"x":0,"y":0,"w":122,"h":82},"frame":{"x":2,"y":178,"w":122,"h":82},"anchor":{"x":0.5,"y":0.5}},{"filename":"background/heart_box","rotated":false,"trimmed":false,"sourceSize":{"w":122,"h":49},"spriteSourceSize":{"x":0,"y":0,"w":122,"h":49},"frame":{"x":127,"y":188,"w":122,"h":49},"anchor":{"x":0.5,"y":0.5}},{"filename":"icons/star_empty_large","rotated":false,"trimmed":false,"sourceSize":{"w":79,"h":75},"spriteSourceSize":{"x":0,"y":0,"w":79,"h":75},"frame":{"x":127,"y":240,"w":79,"h":75},"anchor":{"x":0.5,"y":0.5}},{"filename":"popup/middle-left","rotated":false,"trimmed":false,"sourceSize":{"w":38,"h":107},"spriteSourceSize":{"x":0,"y":0,"w":38,"h":107},"frame":{"x":209,"y":240,"w":38,"h":107},"anchor":{"x":0.5,"y":0.5}},{"filename":"popup/middle-right","rotated":false,"trimmed":false,"sourceSize":{"w":38,"h":107},"spriteSourceSize":{"x":0,"y":0,"w":38,"h":107},"frame":{"x":2,"y":350,"w":38,"h":107},"anchor":{"x":0.5,"y":0.5}},{"filename":"progress/chest_progress_bg","rotated":false,"trimmed":false,"sourceSize":{"w":64,"h":24},"spriteSourceSize":{"x":0,"y":0,"w":64,"h":24},"frame":{"x":2,"y":318,"w":64,"h":24},"anchor":{"x":0.5,"y":0.5}},{"filename":"icons/icon_header","rotated":false,"trimmed":false,"sourceSize":{"w":54,"h":59},"spriteSourceSize":{"x":0,"y":0,"w":54,"h":59},"frame":{"x":69,"y":263,"w":54,"h":59},"anchor":{"x":0.5,"y":0.5}},{"filename":"blank","rotated":false,"trimmed":false,"sourceSize":{"w":50,"h":50},"spriteSourceSize":{"x":0,"y":0,"w":50,"h":50},"frame":{"x":2,"y":263,"w":50,"h":50},"anchor":{"x":0.5,"y":0.5}},{"filename":"icons/star_large","rotated":false,"trimmed":false,"sourceSize":{"w":75,"h":73},"spriteSourceSize":{"x":0,"y":0,"w":75,"h":73},"frame":{"x":126,"y":318,"w":75,"h":73},"anchor":{"x":0.5,"y":0.5}},{"filename":"progress/chest_progress_bar","rotated":false,"trimmed":false,"sourceSize":{"w":54,"h":14},"spriteSourceSize":{"x":0,"y":0,"w":54,"h":14},"frame":{"x":69,"y":325,"w":54,"h":14},"anchor":{"x":0.5,"y":0.5}},{"filename":"popup/bottom-middle","rotated":false,"trimmed":false,"sourceSize":{"w":72,"h":38},"spriteSourceSize":{"x":0,"y":0,"w":72,"h":38},"frame":{"x":43,"y":345,"w":72,"h":38},"anchor":{"x":0.5,"y":0.5}},{"filename":"popup/top-middle","rotated":false,"trimmed":false,"sourceSize":{"w":72,"h":38},"spriteSourceSize":{"x":0,"y":0,"w":72,"h":38},"frame":{"x":43,"y":386,"w":72,"h":38},"anchor":{"x":0.5,"y":0.5}},{"filename":"buttons/btn_blue_circle","rotated":false,"trimmed":false,"sourceSize":{"w":38,"h":39},"spriteSourceSize":{"x":0,"y":0,"w":38,"h":39},"frame":{"x":43,"y":427,"w":38,"h":39},"anchor":{"x":0.5,"y":0.5}},{"filename":"buttons/btn_close","rotated":false,"trimmed":false,"sourceSize":{"w":38,"h":39},"spriteSourceSize":{"x":0,"y":0,"w":38,"h":39},"frame":{"x":84,"y":427,"w":38,"h":39},"anchor":{"x":0.5,"y":0.5}},{"filename":"buttons/btn_red_circle","rotated":false,"trimmed":false,"sourceSize":{"w":38,"h":39},"spriteSourceSize":{"x":0,"y":0,"w":38,"h":39},"frame":{"x":204,"y":350,"w":38,"h":39},"anchor":{"x":0.5,"y":0.5}},{"filename":"popup/bottom-left","rotated":false,"trimmed":false,"sourceSize":{"w":38,"h":38},"spriteSourceSize":{"x":0,"y":0,"w":38,"h":38},"frame":{"x":204,"y":392,"w":38,"h":38},"anchor":{"x":0.5,"y":0.5}},{"filename":"popup/bottom-right","rotated":false,"trimmed":false,"sourceSize":{"w":38,"h":38},"spriteSourceSize":{"x":0,"y":0,"w":38,"h":38},"frame":{"x":125,"y":433,"w":38,"h":38},"anchor":{"x":0.5,"y":0.5}},{"filename":"popup/top-left","rotated":false,"trimmed":false,"sourceSize":{"w":38,"h":38},"spriteSourceSize":{"x":0,"y":0,"w":38,"h":38},"frame":{"x":166,"y":433,"w":38,"h":38},"anchor":{"x":0.5,"y":0.5}},{"filename":"popup/top-right","rotated":false,"trimmed":false,"sourceSize":{"w":38,"h":38},"spriteSourceSize":{"x":0,"y":0,"w":38,"h":38},"frame":{"x":207,"y":433,"w":38,"h":38},"anchor":{"x":0.5,"y":0.5}}]}],"meta":{"app":"https://www.codeandweb.com/texturepacker","version":"3.0","smartupdate":"$TexturePacker:SmartUpdate:15427703c670b5d573ddaa90ca73678c:68b02e009dbd73b6e9741abbb9f081af:cafdd95a6218b486e47b3ffccee7a98b$"}}