{"textures":[{"image":"default-resources.png","format":"RGBA8888","size":{"w":1964,"h":1734},"scale":1,"frames":[{"filename":"reward-chests/level_chest_open","rotated":false,"trimmed":false,"sourceSize":{"w":733,"h":554},"spriteSourceSize":{"x":0,"y":0,"w":733,"h":554},"frame":{"x":2,"y":2,"w":733,"h":554},"anchor":{"x":0.5,"y":0.5}},{"filename":"reward-chests/star_chest_open","rotated":false,"trimmed":false,"sourceSize":{"w":725,"h":556},"spriteSourceSize":{"x":0,"y":0,"w":725,"h":556},"frame":{"x":2,"y":559,"w":725,"h":556},"anchor":{"x":0.5,"y":0.5}},{"filename":"background/popup_store","rotated":false,"trimmed":false,"sourceSize":{"w":699,"h":149},"spriteSourceSize":{"x":0,"y":0,"w":699,"h":149},"frame":{"x":738,"y":2,"w":699,"h":149},"anchor":{"x":0.5,"y":0.5}},{"filename":"treasure/treasure_open","rotated":false,"trimmed":true,"sourceSize":{"w":457,"h":363},"spriteSourceSize":{"x":2,"y":0,"w":450,"h":363},"frame":{"x":2,"y":1118,"w":450,"h":363},"anchor":{"x":0.5,"y":0.5}},{"filename":"treasure/treasure_close","rotated":false,"trimmed":false,"sourceSize":{"w":297,"h":248},"spriteSourceSize":{"x":0,"y":0,"w":297,"h":248},"frame":{"x":2,"y":1484,"w":297,"h":248},"anchor":{"x":0.5,"y":0.5}},{"filename":"reward-chests/level_chest_close","rotated":false,"trimmed":false,"sourceSize":{"w":412,"h":336},"spriteSourceSize":{"x":0,"y":0,"w":412,"h":336},"frame":{"x":738,"y":154,"w":412,"h":336},"anchor":{"x":0.5,"y":0.5}},{"filename":"daily-rewards/bg_box_long","rotated":false,"trimmed":false,"sourceSize":{"w":516,"h":140},"spriteSourceSize":{"x":0,"y":0,"w":516,"h":140},"frame":{"x":1440,"y":2,"w":516,"h":140},"anchor":{"x":0.5,"y":0.5}},{"filename":"screens/special-event/popup","rotated":false,"trimmed":false,"sourceSize":{"w":290,"h":360},"spriteSourceSize":{"x":0,"y":0,"w":290,"h":360},"frame":{"x":455,"y":1118,"w":290,"h":360},"anchor":{"x":0.5,"y":0.5}},{"filename":"reward-chests/star_chest_close","rotated":false,"trimmed":false,"sourceSize":{"w":412,"h":336},"spriteSourceSize":{"x":0,"y":0,"w":412,"h":336},"frame":{"x":1153,"y":154,"w":412,"h":336},"anchor":{"x":0.5,"y":0.5}},{"filename":"daily-spin/wheel_base","rotated":false,"trimmed":false,"sourceSize":{"w":318,"h":318},"spriteSourceSize":{"x":0,"y":0,"w":318,"h":318},"frame":{"x":1568,"y":145,"w":318,"h":318},"anchor":{"x":0.5,"y":0.5}},{"filename":"daily-rewards/day_box_long","rotated":false,"trimmed":false,"sourceSize":{"w":530,"h":69},"spriteSourceSize":{"x":0,"y":0,"w":530,"h":69},"frame":{"x":738,"y":493,"w":530,"h":69},"anchor":{"x":0.5,"y":0.5}},{"filename":"daily-rewards/day_claim_box_long","rotated":false,"trimmed":false,"sourceSize":{"w":530,"h":69},"spriteSourceSize":{"x":0,"y":0,"w":530,"h":69},"frame":{"x":730,"y":565,"w":530,"h":69},"anchor":{"x":0.5,"y":0.5}},{"filename":"screens/buy-item/item_glow","rotated":false,"trimmed":false,"sourceSize":{"w":267,"h":265},"spriteSourceSize":{"x":0,"y":0,"w":267,"h":265},"frame":{"x":730,"y":637,"w":267,"h":265},"anchor":{"x":0.5,"y":0.5}},{"filename":"screens/remove-ads/fx_ads_glow_small","rotated":false,"trimmed":false,"sourceSize":{"w":261,"h":258},"spriteSourceSize":{"x":0,"y":0,"w":261,"h":258},"frame":{"x":1000,"y":637,"w":261,"h":258},"anchor":{"x":0.5,"y":0.5}},{"filename":"background/popup_store_box","rotated":false,"trimmed":false,"sourceSize":{"w":272,"h":191},"spriteSourceSize":{"x":0,"y":0,"w":272,"h":191},"frame":{"x":730,"y":905,"w":272,"h":191},"anchor":{"x":0.5,"y":0.5}},{"filename":"daily-spin/wheel_spin","rotated":false,"trimmed":false,"sourceSize":{"w":254,"h":254},"spriteSourceSize":{"x":0,"y":0,"w":254,"h":254},"frame":{"x":748,"y":1099,"w":254,"h":254},"anchor":{"x":0.5,"y":0.5}},{"filename":"screens/special-event/speaker","rotated":false,"trimmed":false,"sourceSize":{"w":241,"h":220},"spriteSourceSize":{"x":0,"y":0,"w":241,"h":220},"frame":{"x":1005,"y":898,"w":241,"h":220},"anchor":{"x":0.5,"y":0.5}},{"filename":"icons/store_bundle","rotated":false,"trimmed":false,"sourceSize":{"w":301,"h":159},"spriteSourceSize":{"x":0,"y":0,"w":301,"h":159},"frame":{"x":1005,"y":1121,"w":301,"h":159},"anchor":{"x":0.5,"y":0.5}},{"filename":"background/popup_store_special","rotated":false,"trimmed":false,"sourceSize":{"w":350,"h":157},"spriteSourceSize":{"x":0,"y":0,"w":350,"h":157},"frame":{"x":748,"y":1356,"w":350,"h":157},"anchor":{"x":0.5,"y":0.5}},{"filename":"buttons/btn_blue","rotated":false,"trimmed":false,"sourceSize":{"w":307,"h":117},"spriteSourceSize":{"x":0,"y":0,"w":307,"h":117},"frame":{"x":1271,"y":493,"w":307,"h":117},"anchor":{"x":0.5,"y":0.5}},{"filename":"screens/special-event/header","rotated":false,"trimmed":false,"sourceSize":{"w":386,"h":116},"spriteSourceSize":{"x":0,"y":0,"w":386,"h":116},"frame":{"x":1264,"y":613,"w":386,"h":116},"anchor":{"x":0.5,"y":0.5}},{"filename":"buttons/btn_green_long","rotated":false,"trimmed":false,"sourceSize":{"w":364,"h":114},"spriteSourceSize":{"x":0,"y":0,"w":364,"h":114},"frame":{"x":1264,"y":732,"w":364,"h":114},"anchor":{"x":0.5,"y":0.5}},{"filename":"buttons/btn_blue_long","rotated":false,"trimmed":false,"sourceSize":{"w":363,"h":114},"spriteSourceSize":{"x":0,"y":0,"w":363,"h":114},"frame":{"x":1264,"y":849,"w":363,"h":114},"anchor":{"x":0.5,"y":0.5}},{"filename":"buttons/btn_green","rotated":false,"trimmed":false,"sourceSize":{"w":307,"h":117},"spriteSourceSize":{"x":0,"y":0,"w":307,"h":117},"frame":{"x":1249,"y":966,"w":307,"h":117},"anchor":{"x":0.5,"y":0.5}},{"filename":"buttons/btn_green_spin","rotated":false,"trimmed":false,"sourceSize":{"w":303,"h":114},"spriteSourceSize":{"x":0,"y":0,"w":303,"h":114},"frame":{"x":1581,"y":466,"w":303,"h":114},"anchor":{"x":0.5,"y":0.5}},{"filename":"maps/bg_UI","rotated":false,"trimmed":false,"sourceSize":{"w":192,"h":192},"spriteSourceSize":{"x":0,"y":0,"w":192,"h":192},"frame":{"x":1309,"y":1086,"w":192,"h":192},"anchor":{"x":0.5,"y":0.5}},{"filename":"icons/bonus_bubbles","rotated":false,"trimmed":false,"sourceSize":{"w":178,"h":185},"spriteSourceSize":{"x":0,"y":0,"w":178,"h":185},"frame":{"x":302,"y":1484,"w":178,"h":185},"anchor":{"x":0.5,"y":0.5}},{"filename":"background/popup_box","rotated":false,"trimmed":false,"sourceSize":{"w":244,"h":132},"spriteSourceSize":{"x":0,"y":0,"w":244,"h":132},"frame":{"x":483,"y":1481,"w":244,"h":132},"anchor":{"x":0.5,"y":0.5}},{"filename":"buttons/black_friday","rotated":false,"trimmed":false,"sourceSize":{"w":164,"h":144},"spriteSourceSize":{"x":0,"y":0,"w":164,"h":144},"frame":{"x":1653,"y":583,"w":164,"h":144},"anchor":{"x":0.5,"y":0.5}},{"filename":"buttons/btn_green_short","rotated":false,"trimmed":false,"sourceSize":{"w":201,"h":77},"spriteSourceSize":{"x":0,"y":0,"w":201,"h":77},"frame":{"x":730,"y":1516,"w":201,"h":77},"anchor":{"x":0.5,"y":0.5}},{"filename":"buttons/btn_green_small","rotated":false,"trimmed":false,"sourceSize":{"w":201,"h":77},"spriteSourceSize":{"x":0,"y":0,"w":201,"h":77},"frame":{"x":483,"y":1616,"w":201,"h":77},"anchor":{"x":0.5,"y":0.5}},{"filename":"daily-rewards/day_box","rotated":false,"trimmed":false,"sourceSize":{"w":173,"h":69},"spriteSourceSize":{"x":0,"y":0,"w":173,"h":69},"frame":{"x":1005,"y":1283,"w":173,"h":69},"anchor":{"x":0.5,"y":0.5}},{"filename":"icons/store_coin_big","rotated":false,"trimmed":false,"sourceSize":{"w":175,"h":113},"spriteSourceSize":{"x":0,"y":0,"w":175,"h":113},"frame":{"x":934,"y":1516,"w":175,"h":113},"anchor":{"x":0.5,"y":0.5}},{"filename":"icons/hand","rotated":false,"trimmed":false,"sourceSize":{"w":115,"h":147},"spriteSourceSize":{"x":0,"y":0,"w":115,"h":147},"frame":{"x":1101,"y":1355,"w":115,"h":147},"anchor":{"x":0.5,"y":0.5}},{"filename":"daily-rewards/day_claim_box","rotated":false,"trimmed":false,"sourceSize":{"w":173,"h":69},"spriteSourceSize":{"x":0,"y":0,"w":173,"h":69},"frame":{"x":1181,"y":1283,"w":173,"h":69},"anchor":{"x":0.5,"y":0.5}},{"filename":"preloader/dual-ring","rotated":false,"trimmed":true,"sourceSize":{"w":200,"h":200},"spriteSourceSize":{"x":28,"y":27,"w":144,"h":146},"frame":{"x":1219,"y":1355,"w":144,"h":146},"anchor":{"x":0.5,"y":0.5}},{"filename":"background/bg_store_title","rotated":false,"trimmed":false,"sourceSize":{"w":137,"h":137},"spriteSourceSize":{"x":0,"y":0,"w":137,"h":137},"frame":{"x":1112,"y":1505,"w":137,"h":137},"anchor":{"x":0.5,"y":0.5}},{"filename":"daily-rewards/bg_box","rotated":false,"trimmed":false,"sourceSize":{"w":159,"h":140},"spriteSourceSize":{"x":0,"y":0,"w":159,"h":140},"frame":{"x":1252,"y":1504,"w":159,"h":140},"anchor":{"x":0.5,"y":0.5}},{"filename":"avatar/bg_level_mask","rotated":false,"trimmed":false,"sourceSize":{"w":73,"h":73},"spriteSourceSize":{"x":0,"y":0,"w":73,"h":73},"frame":{"x":1889,"y":145,"w":73,"h":73},"anchor":{"x":0.5,"y":0.5}},{"filename":"screens/remove-ads/icon_ADS","rotated":false,"trimmed":false,"sourceSize":{"w":139,"h":145},"spriteSourceSize":{"x":0,"y":0,"w":139,"h":145},"frame":{"x":1820,"y":583,"w":139,"h":145},"anchor":{"x":0.5,"y":0.5}},{"filename":"switch/panel_off","rotated":false,"trimmed":false,"sourceSize":{"w":179,"h":63},"spriteSourceSize":{"x":0,"y":0,"w":179,"h":63},"frame":{"x":1357,"y":1281,"w":179,"h":63},"anchor":{"x":0.5,"y":0.5}},{"filename":"maps/level_fx_round_2","rotated":false,"trimmed":false,"sourceSize":{"w":153,"h":131},"spriteSourceSize":{"x":0,"y":0,"w":153,"h":131},"frame":{"x":1366,"y":1347,"w":153,"h":131},"anchor":{"x":0.5,"y":0.5}},{"filename":"buttons/wheel","rotated":false,"trimmed":false,"sourceSize":{"w":128,"h":135},"spriteSourceSize":{"x":0,"y":0,"w":128,"h":135},"frame":{"x":1414,"y":1481,"w":128,"h":135},"anchor":{"x":0.5,"y":0.5}},{"filename":"switch/panel_on","rotated":false,"trimmed":false,"sourceSize":{"w":179,"h":63},"spriteSourceSize":{"x":0,"y":0,"w":179,"h":63},"frame":{"x":730,"y":1596,"w":179,"h":63},"anchor":{"x":0.5,"y":0.5}},{"filename":"blank","rotated":false,"trimmed":false,"sourceSize":{"w":100,"h":100},"spriteSourceSize":{"x":0,"y":0,"w":100,"h":100},"frame":{"x":912,"y":1632,"w":100,"h":100},"anchor":{"x":0.5,"y":0.5}},{"filename":"daily-spin/wheel_point","rotated":false,"trimmed":false,"sourceSize":{"w":62,"h":60},"spriteSourceSize":{"x":0,"y":0,"w":62,"h":60},"frame":{"x":302,"y":1672,"w":62,"h":60},"anchor":{"x":0.5,"y":0.5}},{"filename":"buttons/daily_reward","rotated":false,"trimmed":false,"sourceSize":{"w":129,"h":131},"spriteSourceSize":{"x":0,"y":0,"w":129,"h":131},"frame":{"x":1559,"y":966,"w":129,"h":131},"anchor":{"x":0.5,"y":0.5}},{"filename":"buttons/shop","rotated":false,"trimmed":false,"sourceSize":{"w":134,"h":131},"spriteSourceSize":{"x":0,"y":0,"w":134,"h":131},"frame":{"x":1504,"y":1100,"w":134,"h":131},"anchor":{"x":0.5,"y":0.5}},{"filename":"buttons/invite_friend","rotated":false,"trimmed":false,"sourceSize":{"w":129,"h":131},"spriteSourceSize":{"x":0,"y":0,"w":129,"h":131},"frame":{"x":1641,"y":1100,"w":129,"h":131},"anchor":{"x":0.5,"y":0.5}},{"filename":"buttons/level_box","rotated":false,"trimmed":false,"sourceSize":{"w":151,"h":102},"spriteSourceSize":{"x":0,"y":0,"w":151,"h":102},"frame":{"x":1539,"y":1234,"w":151,"h":102},"anchor":{"x":0.5,"y":0.5}},{"filename":"avatar/bg_level","rotated":false,"trimmed":false,"sourceSize":{"w":90,"h":106},"spriteSourceSize":{"x":0,"y":0,"w":90,"h":106},"frame":{"x":1693,"y":1234,"w":90,"h":106},"anchor":{"x":0.5,"y":0.5}},{"filename":"icons/wheel_coin_25","rotated":false,"trimmed":false,"sourceSize":{"w":85,"h":88},"spriteSourceSize":{"x":0,"y":0,"w":85,"h":88},"frame":{"x":1015,"y":1632,"w":85,"h":88},"anchor":{"x":0.5,"y":0.5}},{"filename":"icons/check_2","rotated":false,"trimmed":false,"sourceSize":{"w":83,"h":87},"spriteSourceSize":{"x":0,"y":0,"w":83,"h":87},"frame":{"x":1103,"y":1645,"w":83,"h":87},"anchor":{"x":0.5,"y":0.5}},{"filename":"screens/buy-item/item_bomb_big","rotated":false,"trimmed":false,"sourceSize":{"w":129,"h":131},"spriteSourceSize":{"x":0,"y":0,"w":129,"h":131},"frame":{"x":1522,"y":1347,"w":129,"h":131},"anchor":{"x":0.5,"y":0.5}},{"filename":"screens/special-event/badge","rotated":false,"trimmed":false,"sourceSize":{"w":130,"h":131},"spriteSourceSize":{"x":0,"y":0,"w":130,"h":131},"frame":{"x":1545,"y":1481,"w":130,"h":131},"anchor":{"x":0.5,"y":0.5}},{"filename":"icons/icon_hard_level","rotated":false,"trimmed":false,"sourceSize":{"w":107,"h":117},"spriteSourceSize":{"x":0,"y":0,"w":107,"h":117},"frame":{"x":1545,"y":1615,"w":107,"h":117},"anchor":{"x":0.5,"y":0.5}},{"filename":"icons/wheel_coin_100","rotated":false,"trimmed":false,"sourceSize":{"w":119,"h":126},"spriteSourceSize":{"x":0,"y":0,"w":119,"h":126},"frame":{"x":1654,"y":1343,"w":119,"h":126},"anchor":{"x":0.5,"y":0.5}},{"filename":"daily-spin/wheel_claim","rotated":false,"trimmed":false,"sourceSize":{"w":92,"h":122},"spriteSourceSize":{"x":0,"y":0,"w":92,"h":122},"frame":{"x":1678,"y":1472,"w":92,"h":122},"anchor":{"x":0.5,"y":0.5}},{"filename":"switch/button_off","rotated":false,"trimmed":false,"sourceSize":{"w":75,"h":78},"spriteSourceSize":{"x":0,"y":0,"w":75,"h":78},"frame":{"x":1887,"y":466,"w":75,"h":78},"anchor":{"x":0.5,"y":0.5}},{"filename":"icons/green-arrow","rotated":false,"trimmed":false,"sourceSize":{"w":68,"h":88},"spriteSourceSize":{"x":0,"y":0,"w":68,"h":88},"frame":{"x":1889,"y":221,"w":68,"h":88},"anchor":{"x":0.5,"y":0.5}},{"filename":"maps/level_fx_round_1","rotated":false,"trimmed":false,"sourceSize":{"w":123,"h":105},"spriteSourceSize":{"x":0,"y":0,"w":123,"h":105},"frame":{"x":1414,"y":1619,"w":123,"h":105},"anchor":{"x":0.5,"y":0.5}},{"filename":"icons/wheel_coin_10","rotated":false,"trimmed":false,"sourceSize":{"w":76,"h":57},"spriteSourceSize":{"x":0,"y":0,"w":76,"h":57},"frame":{"x":367,"y":1672,"w":76,"h":57},"anchor":{"x":0.5,"y":0.5}},{"filename":"screens/buy-item/item_electric_big","rotated":false,"trimmed":false,"sourceSize":{"w":118,"h":118},"spriteSourceSize":{"x":0,"y":0,"w":118,"h":118},"frame":{"x":1631,"y":732,"w":118,"h":118},"anchor":{"x":0.5,"y":0.5}},{"filename":"icons/jackpot","rotated":false,"trimmed":false,"sourceSize":{"w":101,"h":106},"spriteSourceSize":{"x":0,"y":0,"w":101,"h":106},"frame":{"x":1630,"y":853,"w":101,"h":106},"anchor":{"x":0.5,"y":0.5}},{"filename":"screens/buy-item/item_rainbow_big","rotated":false,"trimmed":false,"sourceSize":{"w":118,"h":118},"spriteSourceSize":{"x":0,"y":0,"w":118,"h":118},"frame":{"x":1752,"y":731,"w":118,"h":118},"anchor":{"x":0.5,"y":0.5}},{"filename":"switch/button_on","rotated":false,"trimmed":false,"sourceSize":{"w":75,"h":78},"spriteSourceSize":{"x":0,"y":0,"w":75,"h":78},"frame":{"x":1873,"y":731,"w":75,"h":78},"anchor":{"x":0.5,"y":0.5}},{"filename":"screens/buy-item/item_rocket_big","rotated":false,"trimmed":false,"sourceSize":{"w":112,"h":112},"spriteSourceSize":{"x":0,"y":0,"w":112,"h":112},"frame":{"x":1691,"y":962,"w":112,"h":112},"anchor":{"x":0.5,"y":0.5}},{"filename":"daily-spin/wheel_center","rotated":false,"trimmed":false,"sourceSize":{"w":63,"h":66},"spriteSourceSize":{"x":0,"y":0,"w":63,"h":66},"frame":{"x":1889,"y":312,"w":63,"h":66},"anchor":{"x":0.5,"y":0.5}},{"filename":"buttons/btn_green_circle","rotated":false,"trimmed":false,"sourceSize":{"w":102,"h":102},"spriteSourceSize":{"x":0,"y":0,"w":102,"h":102},"frame":{"x":1655,"y":1615,"w":102,"h":102},"anchor":{"x":0.5,"y":0.5}},{"filename":"icons/skullcap","rotated":false,"trimmed":false,"sourceSize":{"w":57,"h":63},"spriteSourceSize":{"x":0,"y":0,"w":57,"h":63},"frame":{"x":1189,"y":1645,"w":57,"h":63},"anchor":{"x":0.5,"y":0.5}},{"filename":"background/time_box_small","rotated":false,"trimmed":false,"sourceSize":{"w":130,"h":52},"spriteSourceSize":{"x":0,"y":0,"w":130,"h":52},"frame":{"x":1249,"y":1647,"w":130,"h":52},"anchor":{"x":0.5,"y":0.5}},{"filename":"icons/icon_sound_off","rotated":false,"trimmed":false,"sourceSize":{"w":40,"h":36},"spriteSourceSize":{"x":0,"y":0,"w":40,"h":36},"frame":{"x":687,"y":1616,"w":40,"h":36},"anchor":{"x":0.5,"y":0.5}},{"filename":"buttons/level_blue","rotated":false,"trimmed":false,"sourceSize":{"w":75,"h":65},"spriteSourceSize":{"x":0,"y":0,"w":75,"h":65},"frame":{"x":1873,"y":812,"w":75,"h":65},"anchor":{"x":0.5,"y":0.5}},{"filename":"icons/wheel_coin_50","rotated":false,"trimmed":false,"sourceSize":{"w":109,"h":97},"spriteSourceSize":{"x":0,"y":0,"w":109,"h":97},"frame":{"x":1734,"y":853,"w":109,"h":97},"anchor":{"x":0.5,"y":0.5}},{"filename":"icons/mission_gems_icon_big","rotated":false,"trimmed":false,"sourceSize":{"w":103,"h":89},"spriteSourceSize":{"x":0,"y":0,"w":103,"h":89},"frame":{"x":1846,"y":880,"w":103,"h":89},"anchor":{"x":0.5,"y":0.5}},{"filename":"icons/store_coin_small","rotated":false,"trimmed":false,"sourceSize":{"w":111,"h":93},"spriteSourceSize":{"x":0,"y":0,"w":111,"h":93},"frame":{"x":1806,"y":972,"w":111,"h":93},"anchor":{"x":0.5,"y":0.5}},{"filename":"icons/icon_vibrate_on","rotated":false,"trimmed":false,"sourceSize":{"w":42,"h":39},"spriteSourceSize":{"x":0,"y":0,"w":42,"h":39},"frame":{"x":1920,"y":972,"w":42,"h":39},"anchor":{"x":0.5,"y":0.5}},{"filename":"icons/mission_balls_icon_big","rotated":false,"trimmed":false,"sourceSize":{"w":101,"h":90},"spriteSourceSize":{"x":0,"y":0,"w":101,"h":90},"frame":{"x":1806,"y":1068,"w":101,"h":90},"anchor":{"x":0.5,"y":0.5}},{"filename":"buttons/level_grey","rotated":false,"trimmed":false,"sourceSize":{"w":75,"h":67},"spriteSourceSize":{"x":0,"y":0,"w":75,"h":67},"frame":{"x":1773,"y":1161,"w":75,"h":67},"anchor":{"x":0.5,"y":0.5}},{"filename":"buttons/level_base","rotated":false,"trimmed":false,"sourceSize":{"w":98,"h":90},"spriteSourceSize":{"x":0,"y":0,"w":98,"h":90},"frame":{"x":1786,"y":1231,"w":98,"h":90},"anchor":{"x":0.5,"y":0.5}},{"filename":"buttons/level_green","rotated":false,"trimmed":false,"sourceSize":{"w":75,"h":65},"spriteSourceSize":{"x":0,"y":0,"w":75,"h":65},"frame":{"x":1851,"y":1161,"w":75,"h":65},"anchor":{"x":0.5,"y":0.5}},{"filename":"buttons/level_orange","rotated":false,"trimmed":false,"sourceSize":{"w":75,"h":65},"spriteSourceSize":{"x":0,"y":0,"w":75,"h":65},"frame":{"x":1887,"y":1229,"w":75,"h":65},"anchor":{"x":0.5,"y":0.5}},{"filename":"buttons/level_pink","rotated":false,"trimmed":false,"sourceSize":{"w":75,"h":65},"spriteSourceSize":{"x":0,"y":0,"w":75,"h":65},"frame":{"x":1887,"y":1297,"w":75,"h":65},"anchor":{"x":0.5,"y":0.5}},{"filename":"buttons/level_base_hard","rotated":false,"trimmed":false,"sourceSize":{"w":98,"h":90},"spriteSourceSize":{"x":0,"y":0,"w":98,"h":90},"frame":{"x":1786,"y":1324,"w":98,"h":90},"anchor":{"x":0.5,"y":0.5}},{"filename":"buttons/level_purple","rotated":false,"trimmed":false,"sourceSize":{"w":75,"h":65},"spriteSourceSize":{"x":0,"y":0,"w":75,"h":65},"frame":{"x":1887,"y":1365,"w":75,"h":65},"anchor":{"x":0.5,"y":0.5}},{"filename":"reward-chests/level-chest","rotated":false,"trimmed":false,"sourceSize":{"w":97,"h":82},"spriteSourceSize":{"x":0,"y":0,"w":97,"h":82},"frame":{"x":1776,"y":1417,"w":97,"h":82},"anchor":{"x":0.5,"y":0.5}},{"filename":"reward-chests/star-chest","rotated":false,"trimmed":false,"sourceSize":{"w":96,"h":81},"spriteSourceSize":{"x":0,"y":0,"w":96,"h":81},"frame":{"x":1773,"y":1502,"w":96,"h":81},"anchor":{"x":0.5,"y":0.5}},{"filename":"buttons/level_skyblue","rotated":false,"trimmed":false,"sourceSize":{"w":75,"h":65},"spriteSourceSize":{"x":0,"y":0,"w":75,"h":65},"frame":{"x":1876,"y":1433,"w":75,"h":65},"anchor":{"x":0.5,"y":0.5}},{"filename":"icons/heart","rotated":false,"trimmed":false,"sourceSize":{"w":55,"h":50},"spriteSourceSize":{"x":0,"y":0,"w":55,"h":50},"frame":{"x":1889,"y":381,"w":55,"h":50},"anchor":{"x":0.5,"y":0.5}},{"filename":"screens/rescue/watch_ads","rotated":false,"trimmed":false,"sourceSize":{"w":93,"h":80},"spriteSourceSize":{"x":0,"y":0,"w":93,"h":80},"frame":{"x":1773,"y":1586,"w":93,"h":80},"anchor":{"x":0.5,"y":0.5}},{"filename":"icons/dot","rotated":false,"trimmed":false,"sourceSize":{"w":30,"h":32},"spriteSourceSize":{"x":0,"y":0,"w":30,"h":32},"frame":{"x":1249,"y":1086,"w":30,"h":32},"anchor":{"x":0.5,"y":0.5}},{"filename":"icons/icon_sound_on","rotated":false,"trimmed":false,"sourceSize":{"w":43,"h":36},"spriteSourceSize":{"x":0,"y":0,"w":43,"h":36},"frame":{"x":446,"y":1696,"w":43,"h":36},"anchor":{"x":0.5,"y":0.5}},{"filename":"icons/star","rotated":false,"trimmed":false,"sourceSize":{"w":50,"h":48},"spriteSourceSize":{"x":0,"y":0,"w":50,"h":48},"frame":{"x":1760,"y":1669,"w":50,"h":48},"anchor":{"x":0.5,"y":0.5}},{"filename":"icons/coin","rotated":false,"trimmed":false,"sourceSize":{"w":48,"h":49},"spriteSourceSize":{"x":0,"y":0,"w":48,"h":49},"frame":{"x":1813,"y":1669,"w":48,"h":49},"anchor":{"x":0.5,"y":0.5}},{"filename":"buttons/btn_green_circle_small","rotated":false,"trimmed":false,"sourceSize":{"w":41,"h":43},"spriteSourceSize":{"x":0,"y":0,"w":41,"h":43},"frame":{"x":1920,"y":1014,"w":41,"h":43},"anchor":{"x":0.5,"y":0.5}},{"filename":"icons/close","rotated":false,"trimmed":false,"sourceSize":{"w":27,"h":27},"spriteSourceSize":{"x":0,"y":0,"w":27,"h":27},"frame":{"x":1581,"y":583,"w":27,"h":27},"anchor":{"x":0.5,"y":0.5}},{"filename":"icons/star_1","rotated":false,"trimmed":false,"sourceSize":{"w":36,"h":38},"spriteSourceSize":{"x":0,"y":0,"w":36,"h":38},"frame":{"x":687,"y":1655,"w":36,"h":38},"anchor":{"x":0.5,"y":0.5}},{"filename":"buttons/level_yellow","rotated":false,"trimmed":false,"sourceSize":{"w":75,"h":65},"spriteSourceSize":{"x":0,"y":0,"w":75,"h":65},"frame":{"x":726,"y":1662,"w":75,"h":65},"anchor":{"x":0.5,"y":0.5}},{"filename":"maps/path","rotated":false,"trimmed":false,"sourceSize":{"w":57,"h":39},"spriteSourceSize":{"x":0,"y":0,"w":57,"h":39},"frame":{"x":804,"y":1662,"w":57,"h":39},"anchor":{"x":0.5,"y":0.5}},{"filename":"screens/remove-ads/tick_box","rotated":false,"trimmed":false,"sourceSize":{"w":44,"h":43},"spriteSourceSize":{"x":0,"y":0,"w":44,"h":43},"frame":{"x":864,"y":1662,"w":44,"h":43},"anchor":{"x":0.5,"y":0.5}},{"filename":"icons/icon_+","rotated":false,"trimmed":false,"sourceSize":{"w":23,"h":25},"spriteSourceSize":{"x":0,"y":0,"w":23,"h":25},"frame":{"x":1846,"y":852,"w":23,"h":25},"anchor":{"x":0.5,"y":0.5}},{"filename":"icons/icon_music_on","rotated":false,"trimmed":false,"sourceSize":{"w":31,"h":38},"spriteSourceSize":{"x":0,"y":0,"w":31,"h":38},"frame":{"x":1504,"y":1234,"w":31,"h":38},"anchor":{"x":0.5,"y":0.5}},{"filename":"icons/icon_vibrate_off","rotated":false,"trimmed":false,"sourceSize":{"w":23,"h":39},"spriteSourceSize":{"x":0,"y":0,"w":23,"h":39},"frame":{"x":1382,"y":1647,"w":23,"h":39},"anchor":{"x":0.5,"y":0.5}},{"filename":"screens/rescue/icon_fail","rotated":false,"trimmed":false,"sourceSize":{"w":49,"h":47},"spriteSourceSize":{"x":0,"y":0,"w":49,"h":47},"frame":{"x":1910,"y":1068,"w":49,"h":47},"anchor":{"x":0.5,"y":0.5}},{"filename":"icons/invite_icon","rotated":false,"trimmed":false,"sourceSize":{"w":41,"h":40},"spriteSourceSize":{"x":0,"y":0,"w":41,"h":40},"frame":{"x":1910,"y":1118,"w":41,"h":40},"anchor":{"x":0.5,"y":0.5}},{"filename":"icons/setting","rotated":false,"trimmed":false,"sourceSize":{"w":43,"h":43},"spriteSourceSize":{"x":0,"y":0,"w":43,"h":43},"frame":{"x":1864,"y":1669,"w":43,"h":43},"anchor":{"x":0.5,"y":0.5}},{"filename":"icons/star_2","rotated":false,"trimmed":false,"sourceSize":{"w":43,"h":43},"spriteSourceSize":{"x":0,"y":0,"w":43,"h":43},"frame":{"x":1872,"y":1502,"w":43,"h":43},"anchor":{"x":0.5,"y":0.5}},{"filename":"icons/star_empty_2","rotated":false,"trimmed":false,"sourceSize":{"w":43,"h":43},"spriteSourceSize":{"x":0,"y":0,"w":43,"h":43},"frame":{"x":1872,"y":1548,"w":43,"h":43},"anchor":{"x":0.5,"y":0.5}},{"filename":"screens/remove-ads/icon_tick_small","rotated":false,"trimmed":false,"sourceSize":{"w":41,"h":41},"spriteSourceSize":{"x":0,"y":0,"w":41,"h":41},"frame":{"x":1869,"y":1594,"w":41,"h":41},"anchor":{"x":0.5,"y":0.5}},{"filename":"icons/icon_music_off","rotated":false,"trimmed":false,"sourceSize":{"w":35,"h":39},"spriteSourceSize":{"x":0,"y":0,"w":35,"h":39},"frame":{"x":1918,"y":1501,"w":35,"h":39},"anchor":{"x":0.5,"y":0.5}},{"filename":"icons/star_3","rotated":false,"trimmed":false,"sourceSize":{"w":36,"h":38},"spriteSourceSize":{"x":0,"y":0,"w":36,"h":38},"frame":{"x":1918,"y":1543,"w":36,"h":38},"anchor":{"x":0.5,"y":0.5}},{"filename":"icons/star_empty_1","rotated":false,"trimmed":false,"sourceSize":{"w":36,"h":38},"spriteSourceSize":{"x":0,"y":0,"w":36,"h":38},"frame":{"x":1918,"y":1584,"w":36,"h":38},"anchor":{"x":0.5,"y":0.5}},{"filename":"icons/star_empty_3","rotated":false,"trimmed":false,"sourceSize":{"w":36,"h":38},"spriteSourceSize":{"x":0,"y":0,"w":36,"h":38},"frame":{"x":1913,"y":1625,"w":36,"h":38},"anchor":{"x":0.5,"y":0.5}},{"filename":"icons/notification","rotated":false,"trimmed":false,"sourceSize":{"w":35,"h":37},"spriteSourceSize":{"x":0,"y":0,"w":35,"h":37},"frame":{"x":1910,"y":1666,"w":35,"h":37},"anchor":{"x":0.5,"y":0.5}}]}],"meta":{"app":"https://www.codeandweb.com/texturepacker","version":"3.0","smartupdate":"$TexturePacker:SmartUpdate:308a50a835d143b9e453258a39c214a1:0f1b9ea14ea8fc935a6a914bc09c7e1a:3ed7f446b7e32ba5f09387362d473a40$"}}