{
	"textures": [
		{
			"image": "default-resources-0.png",
			"format": "RGBA8888",
			"size": {
				"w": 1024,
				"h": 1024
			},
			"scale": 1,
			"frames": [
				{
					"filename": "leaderboards/bg-top",
					"rotated": false,
					"trimmed": false,
					"sourceSize": {
						"w": 949,
						"h": 168
					},
					"spriteSourceSize": {
						"x": 0,
						"y": 0,
						"w": 949,
						"h": 168
					},
					"frame": {
						"x": 2,
						"y": 2,
						"w": 949,
						"h": 168
					}
				},
				{
					"filename": "bg/bg-middle",
					"rotated": false,
					"trimmed": false,
					"sourceSize": {
						"w": 719,
						"h": 849
					},
					"spriteSourceSize": {
						"x": 0,
						"y": 0,
						"w": 719,
						"h": 849
					},
					"frame": {
						"x": 2,
						"y": 173,
						"w": 719,
						"h": 849
					}
				},
				{
					"filename": "icons/dot",
					"rotated": false,
					"trimmed": false,
					"sourceSize": {
						"w": 68,
						"h": 70
					},
					"spriteSourceSize": {
						"x": 0,
						"y": 0,
						"w": 68,
						"h": 70
					},
					"frame": {
						"x": 954,
						"y": 2,
						"w": 68,
						"h": 70
					}
				},
				{
					"filename": "icons/icon-daily",
					"rotated": false,
					"trimmed": false,
					"sourceSize": {
						"w": 67,
						"h": 67
					},
					"spriteSourceSize": {
						"x": 0,
						"y": 0,
						"w": 67,
						"h": 67
					},
					"frame": {
						"x": 954,
						"y": 75,
						"w": 67,
						"h": 67
					}
				},
				{
					"filename": "texts/text-share",
					"rotated": false,
					"trimmed": false,
					"sourceSize": {
						"w": 65,
						"h": 35
					},
					"spriteSourceSize": {
						"x": 0,
						"y": 0,
						"w": 65,
						"h": 35
					},
					"frame": {
						"x": 954,
						"y": 145,
						"w": 65,
						"h": 35
					}
				},
				{
					"filename": "avatar/border-big",
					"rotated": false,
					"trimmed": false,
					"sourceSize": {
						"w": 175,
						"h": 175
					},
					"spriteSourceSize": {
						"x": 0,
						"y": 0,
						"w": 175,
						"h": 175
					},
					"frame": {
						"x": 724,
						"y": 173,
						"w": 175,
						"h": 175
					}
				},
				{
					"filename": "icons/play-green",
					"rotated": false,
					"trimmed": false,
					"sourceSize": {
						"w": 47,
						"h": 47
					},
					"spriteSourceSize": {
						"x": 0,
						"y": 0,
						"w": 47,
						"h": 47
					},
					"frame": {
						"x": 902,
						"y": 173,
						"w": 47,
						"h": 47
					}
				},
				{
					"filename": "texts/friends-disable",
					"rotated": false,
					"trimmed": false,
					"sourceSize": {
						"w": 64,
						"h": 35
					},
					"spriteSourceSize": {
						"x": 0,
						"y": 0,
						"w": 64,
						"h": 35
					},
					"frame": {
						"x": 952,
						"y": 183,
						"w": 64,
						"h": 35
					}
				},
				{
					"filename": "texts/world-disable",
					"rotated": false,
					"trimmed": false,
					"sourceSize": {
						"w": 64,
						"h": 34
					},
					"spriteSourceSize": {
						"x": 0,
						"y": 0,
						"w": 64,
						"h": 34
					},
					"frame": {
						"x": 952,
						"y": 221,
						"w": 64,
						"h": 34
					}
				},
				{
					"filename": "icons/play",
					"rotated": false,
					"trimmed": false,
					"sourceSize": {
						"w": 47,
						"h": 47
					},
					"spriteSourceSize": {
						"x": 0,
						"y": 0,
						"w": 47,
						"h": 47
					},
					"frame": {
						"x": 902,
						"y": 223,
						"w": 47,
						"h": 47
					}
				},
				{
					"filename": "texts/world",
					"rotated": false,
					"trimmed": false,
					"sourceSize": {
						"w": 64,
						"h": 34
					},
					"spriteSourceSize": {
						"x": 0,
						"y": 0,
						"w": 64,
						"h": 34
					},
					"frame": {
						"x": 952,
						"y": 258,
						"w": 64,
						"h": 34
					}
				},
				{
					"filename": "icons/home",
					"rotated": false,
					"trimmed": false,
					"sourceSize": {
						"w": 47,
						"h": 43
					},
					"spriteSourceSize": {
						"x": 0,
						"y": 0,
						"w": 47,
						"h": 43
					},
					"frame": {
						"x": 902,
						"y": 273,
						"w": 47,
						"h": 43
					}
				},
				{
					"filename": "icons/vibrate",
					"rotated": false,
					"trimmed": false,
					"sourceSize": {
						"w": 62,
						"h": 73
					},
					"spriteSourceSize": {
						"x": 0,
						"y": 0,
						"w": 62,
						"h": 73
					},
					"frame": {
						"x": 952,
						"y": 295,
						"w": 62,
						"h": 73
					}
				},
				{
					"filename": "icons/flat-ad",
					"rotated": false,
					"trimmed": false,
					"sourceSize": {
						"w": 47,
						"h": 41
					},
					"spriteSourceSize": {
						"x": 0,
						"y": 0,
						"w": 47,
						"h": 41
					},
					"frame": {
						"x": 902,
						"y": 319,
						"w": 47,
						"h": 41
					}
				},
				{
					"filename": "preloader/dual-ring",
					"rotated": false,
					"trimmed": true,
					"sourceSize": {
						"w": 200,
						"h": 200
					},
					"spriteSourceSize": {
						"x": 27,
						"y": 26,
						"w": 146,
						"h": 148
					},
					"frame": {
						"x": 724,
						"y": 351,
						"w": 146,
						"h": 148
					}
				},
				{
					"filename": "texts/off",
					"rotated": false,
					"trimmed": false,
					"sourceSize": {
						"w": 25,
						"h": 33
					},
					"spriteSourceSize": {
						"x": 0,
						"y": 0,
						"w": 25,
						"h": 33
					},
					"frame": {
						"x": 873,
						"y": 351,
						"w": 25,
						"h": 33
					}
				},
				{
					"filename": "icons/sword",
					"rotated": false,
					"trimmed": false,
					"sourceSize": {
						"w": 46,
						"h": 38
					},
					"spriteSourceSize": {
						"x": 0,
						"y": 0,
						"w": 46,
						"h": 38
					},
					"frame": {
						"x": 901,
						"y": 363,
						"w": 46,
						"h": 38
					}
				},
				{
					"filename": "icons/sound",
					"rotated": false,
					"trimmed": false,
					"sourceSize": {
						"w": 62,
						"h": 54
					},
					"spriteSourceSize": {
						"x": 0,
						"y": 0,
						"w": 62,
						"h": 54
					},
					"frame": {
						"x": 950,
						"y": 371,
						"w": 62,
						"h": 54
					}
				},
				{
					"filename": "icons/crown-big",
					"rotated": false,
					"trimmed": false,
					"sourceSize": {
						"w": 74,
						"h": 70
					},
					"spriteSourceSize": {
						"x": 0,
						"y": 0,
						"w": 74,
						"h": 70
					},
					"frame": {
						"x": 873,
						"y": 404,
						"w": 74,
						"h": 70
					}
				},
				{
					"filename": "avatar/border",
					"rotated": false,
					"trimmed": true,
					"sourceSize": {
						"w": 138,
						"h": 144
					},
					"spriteSourceSize": {
						"x": 0,
						"y": 4,
						"w": 138,
						"h": 140
					},
					"frame": {
						"x": 873,
						"y": 477,
						"w": 138,
						"h": 140
					}
				},
				{
					"filename": "icons/plus",
					"rotated": false,
					"trimmed": false,
					"sourceSize": {
						"w": 42,
						"h": 44
					},
					"spriteSourceSize": {
						"x": 0,
						"y": 0,
						"w": 42,
						"h": 44
					},
					"frame": {
						"x": 950,
						"y": 428,
						"w": 42,
						"h": 44
					}
				},
				{
					"filename": "texts/no-thank",
					"rotated": false,
					"trimmed": false,
					"sourceSize": {
						"w": 131,
						"h": 29
					},
					"spriteSourceSize": {
						"x": 0,
						"y": 0,
						"w": 131,
						"h": 29
					},
					"frame": {
						"x": 724,
						"y": 502,
						"w": 131,
						"h": 29
					}
				},
				{
					"filename": "texts/text-ranking",
					"rotated": false,
					"trimmed": false,
					"sourceSize": {
						"w": 106,
						"h": 30
					},
					"spriteSourceSize": {
						"x": 0,
						"y": 0,
						"w": 106,
						"h": 30
					},
					"frame": {
						"x": 724,
						"y": 534,
						"w": 106,
						"h": 30
					}
				},
				{
					"filename": "icons/sword-blue",
					"rotated": false,
					"trimmed": false,
					"sourceSize": {
						"w": 35,
						"h": 31
					},
					"spriteSourceSize": {
						"x": 0,
						"y": 0,
						"w": 35,
						"h": 31
					},
					"frame": {
						"x": 833,
						"y": 534,
						"w": 35,
						"h": 31
					}
				},
				{
					"filename": "buttons/minor",
					"rotated": false,
					"trimmed": false,
					"sourceSize": {
						"w": 82,
						"h": 71
					},
					"spriteSourceSize": {
						"x": 0,
						"y": 0,
						"w": 82,
						"h": 71
					},
					"frame": {
						"x": 724,
						"y": 567,
						"w": 82,
						"h": 71
					}
				},
				{
					"filename": "icons/music",
					"rotated": false,
					"trimmed": false,
					"sourceSize": {
						"w": 56,
						"h": 61
					},
					"spriteSourceSize": {
						"x": 0,
						"y": 0,
						"w": 56,
						"h": 61
					},
					"frame": {
						"x": 809,
						"y": 568,
						"w": 56,
						"h": 61
					}
				},
				{
					"filename": "bg/bg-dark",
					"rotated": false,
					"trimmed": false,
					"sourceSize": {
						"w": 243,
						"h": 303
					},
					"spriteSourceSize": {
						"x": 0,
						"y": 0,
						"w": 243,
						"h": 303
					},
					"frame": {
						"x": 724,
						"y": 641,
						"w": 243,
						"h": 303
					}
				},
				{
					"filename": "buttons/close",
					"rotated": false,
					"trimmed": false,
					"sourceSize": {
						"w": 52,
						"h": 52
					},
					"spriteSourceSize": {
						"x": 0,
						"y": 0,
						"w": 52,
						"h": 52
					},
					"frame": {
						"x": 970,
						"y": 620,
						"w": 52,
						"h": 52
					}
				},
				{
					"filename": "icons/rank",
					"rotated": false,
					"trimmed": false,
					"sourceSize": {
						"w": 51,
						"h": 49
					},
					"spriteSourceSize": {
						"x": 0,
						"y": 0,
						"w": 51,
						"h": 49
					},
					"frame": {
						"x": 970,
						"y": 675,
						"w": 51,
						"h": 49
					}
				},
				{
					"filename": "icons/retry",
					"rotated": false,
					"trimmed": false,
					"sourceSize": {
						"w": 50,
						"h": 53
					},
					"spriteSourceSize": {
						"x": 0,
						"y": 0,
						"w": 50,
						"h": 53
					},
					"frame": {
						"x": 970,
						"y": 727,
						"w": 50,
						"h": 53
					}
				},
				{
					"filename": "icons/back",
					"rotated": false,
					"trimmed": false,
					"sourceSize": {
						"w": 50,
						"h": 38
					},
					"spriteSourceSize": {
						"x": 0,
						"y": 0,
						"w": 50,
						"h": 38
					},
					"frame": {
						"x": 970,
						"y": 783,
						"w": 50,
						"h": 38
					}
				},
				{
					"filename": "icons/brown-journey",
					"rotated": false,
					"trimmed": false,
					"sourceSize": {
						"w": 45,
						"h": 42
					},
					"spriteSourceSize": {
						"x": 0,
						"y": 0,
						"w": 45,
						"h": 42
					},
					"frame": {
						"x": 970,
						"y": 824,
						"w": 45,
						"h": 42
					}
				},
				{
					"filename": "texts/no",
					"rotated": false,
					"trimmed": false,
					"sourceSize": {
						"w": 44,
						"h": 43
					},
					"spriteSourceSize": {
						"x": 0,
						"y": 0,
						"w": 44,
						"h": 43
					},
					"frame": {
						"x": 970,
						"y": 869,
						"w": 44,
						"h": 43
					}
				},
				{
					"filename": "texts/yes",
					"rotated": false,
					"trimmed": false,
					"sourceSize": {
						"w": 44,
						"h": 43
					},
					"spriteSourceSize": {
						"x": 0,
						"y": 0,
						"w": 44,
						"h": 43
					},
					"frame": {
						"x": 970,
						"y": 915,
						"w": 44,
						"h": 43
					}
				},
				{
					"filename": "buttons/dot-blue",
					"rotated": false,
					"trimmed": false,
					"sourceSize": {
						"w": 56,
						"h": 54
					},
					"spriteSourceSize": {
						"x": 0,
						"y": 0,
						"w": 56,
						"h": 54
					},
					"frame": {
						"x": 724,
						"y": 961,
						"w": 56,
						"h": 54
					}
				},
				{
					"filename": "buttons/dot-green",
					"rotated": false,
					"trimmed": false,
					"sourceSize": {
						"w": 56,
						"h": 54
					},
					"spriteSourceSize": {
						"x": 0,
						"y": 0,
						"w": 56,
						"h": 54
					},
					"frame": {
						"x": 783,
						"y": 961,
						"w": 56,
						"h": 54
					}
				},
				{
					"filename": "icons/icon-journey",
					"rotated": false,
					"trimmed": false,
					"sourceSize": {
						"w": 73,
						"h": 62
					},
					"spriteSourceSize": {
						"x": 0,
						"y": 0,
						"w": 73,
						"h": 62
					},
					"frame": {
						"x": 842,
						"y": 947,
						"w": 73,
						"h": 62
					}
				},
				{
					"filename": "icons/battle",
					"rotated": false,
					"trimmed": false,
					"sourceSize": {
						"w": 44,
						"h": 41
					},
					"spriteSourceSize": {
						"x": 0,
						"y": 0,
						"w": 44,
						"h": 41
					},
					"frame": {
						"x": 918,
						"y": 947,
						"w": 44,
						"h": 41
					}
				},
				{
					"filename": "icons/replay",
					"rotated": false,
					"trimmed": false,
					"sourceSize": {
						"w": 40,
						"h": 47
					},
					"spriteSourceSize": {
						"x": 0,
						"y": 0,
						"w": 40,
						"h": 47
					},
					"frame": {
						"x": 965,
						"y": 961,
						"w": 40,
						"h": 47
					}
				}
			]
		},
		{
			"image": "default-resources-1.png",
			"format": "RGBA8888",
			"size": {
				"w": 1013,
				"h": 1013
			},
			"scale": 1,
			"frames": [
				{
					"filename": "footer",
					"rotated": false,
					"trimmed": false,
					"sourceSize": {
						"w": 750,
						"h": 153
					},
					"spriteSourceSize": {
						"x": 0,
						"y": 0,
						"w": 750,
						"h": 153
					},
					"frame": {
						"x": 2,
						"y": 2,
						"w": 750,
						"h": 153
					}
				},
				{
					"filename": "buttons/green",
					"rotated": false,
					"trimmed": false,
					"sourceSize": {
						"w": 238,
						"h": 82
					},
					"spriteSourceSize": {
						"x": 0,
						"y": 0,
						"w": 238,
						"h": 82
					},
					"frame": {
						"x": 755,
						"y": 2,
						"w": 238,
						"h": 82
					}
				},
				{
					"filename": "bg-progress-circle",
					"rotated": false,
					"trimmed": false,
					"sourceSize": {
						"w": 232,
						"h": 231
					},
					"spriteSourceSize": {
						"x": 0,
						"y": 0,
						"w": 232,
						"h": 231
					},
					"frame": {
						"x": 755,
						"y": 87,
						"w": 232,
						"h": 231
					}
				},
				{
					"filename": "border-bottom-panel",
					"rotated": false,
					"trimmed": false,
					"sourceSize": {
						"w": 750,
						"h": 36
					},
					"spriteSourceSize": {
						"x": 0,
						"y": 0,
						"w": 750,
						"h": 36
					},
					"frame": {
						"x": 2,
						"y": 158,
						"w": 750,
						"h": 36
					}
				},
				{
					"filename": "daily-challenge/bottom-panel",
					"rotated": false,
					"trimmed": false,
					"sourceSize": {
						"w": 521,
						"h": 30
					},
					"spriteSourceSize": {
						"x": 0,
						"y": 0,
						"w": 521,
						"h": 30
					},
					"frame": {
						"x": 2,
						"y": 197,
						"w": 521,
						"h": 30
					}
				},
				{
					"filename": "icon-journey",
					"rotated": false,
					"trimmed": false,
					"sourceSize": {
						"w": 150,
						"h": 122
					},
					"spriteSourceSize": {
						"x": 0,
						"y": 0,
						"w": 150,
						"h": 122
					},
					"frame": {
						"x": 526,
						"y": 197,
						"w": 150,
						"h": 122
					}
				},
				{
					"filename": "daily-challenge/top-panel",
					"rotated": false,
					"trimmed": false,
					"sourceSize": {
						"w": 521,
						"h": 30
					},
					"spriteSourceSize": {
						"x": 0,
						"y": 0,
						"w": 521,
						"h": 30
					},
					"frame": {
						"x": 2,
						"y": 230,
						"w": 521,
						"h": 30
					}
				},
				{
					"filename": "daily-challenge/bg",
					"rotated": false,
					"trimmed": false,
					"sourceSize": {
						"w": 520,
						"h": 285
					},
					"spriteSourceSize": {
						"x": 0,
						"y": 0,
						"w": 520,
						"h": 285
					},
					"frame": {
						"x": 2,
						"y": 263,
						"w": 520,
						"h": 285
					}
				},
				{
					"filename": "texts/text-retry",
					"rotated": false,
					"trimmed": false,
					"sourceSize": {
						"w": 72,
						"h": 37
					},
					"spriteSourceSize": {
						"x": 0,
						"y": 0,
						"w": 72,
						"h": 37
					},
					"frame": {
						"x": 679,
						"y": 197,
						"w": 72,
						"h": 37
					}
				},
				{
					"filename": "texts/vs",
					"rotated": false,
					"trimmed": false,
					"sourceSize": {
						"w": 70,
						"h": 35
					},
					"spriteSourceSize": {
						"x": 0,
						"y": 0,
						"w": 70,
						"h": 35
					},
					"frame": {
						"x": 679,
						"y": 237,
						"w": 70,
						"h": 35
					}
				},
				{
					"filename": "texts/friends",
					"rotated": false,
					"trimmed": false,
					"sourceSize": {
						"w": 64,
						"h": 35
					},
					"spriteSourceSize": {
						"x": 0,
						"y": 0,
						"w": 64,
						"h": 35
					},
					"frame": {
						"x": 679,
						"y": 275,
						"w": 64,
						"h": 35
					}
				},
				{
					"filename": "icons/check",
					"rotated": false,
					"trimmed": false,
					"sourceSize": {
						"w": 44,
						"h": 35
					},
					"spriteSourceSize": {
						"x": 0,
						"y": 0,
						"w": 44,
						"h": 35
					},
					"frame": {
						"x": 679,
						"y": 313,
						"w": 44,
						"h": 35
					}
				},
				{
					"filename": "daily-challenge/title-panel",
					"rotated": false,
					"trimmed": false,
					"sourceSize": {
						"w": 282,
						"h": 69
					},
					"spriteSourceSize": {
						"x": 0,
						"y": 0,
						"w": 282,
						"h": 69
					},
					"frame": {
						"x": 726,
						"y": 321,
						"w": 282,
						"h": 69
					}
				},
				{
					"filename": "buttons/skip",
					"rotated": false,
					"trimmed": false,
					"sourceSize": {
						"w": 120,
						"h": 71
					},
					"spriteSourceSize": {
						"x": 0,
						"y": 0,
						"w": 120,
						"h": 71
					},
					"frame": {
						"x": 525,
						"y": 322,
						"w": 120,
						"h": 71
					}
				},
				{
					"filename": "texts/collect",
					"rotated": false,
					"trimmed": false,
					"sourceSize": {
						"w": 75,
						"h": 36
					},
					"spriteSourceSize": {
						"x": 0,
						"y": 0,
						"w": 75,
						"h": 36
					},
					"frame": {
						"x": 648,
						"y": 351,
						"w": 75,
						"h": 36
					}
				},
				{
					"filename": "lives/heart",
					"rotated": false,
					"trimmed": false,
					"sourceSize": {
						"w": 339,
						"h": 279
					},
					"spriteSourceSize": {
						"x": 0,
						"y": 0,
						"w": 339,
						"h": 279
					},
					"frame": {
						"x": 648,
						"y": 393,
						"w": 339,
						"h": 279
					}
				},
				{
					"filename": "avatar/border-challenge",
					"rotated": false,
					"trimmed": false,
					"sourceSize": {
						"w": 119,
						"h": 118
					},
					"spriteSourceSize": {
						"x": 0,
						"y": 0,
						"w": 119,
						"h": 118
					},
					"frame": {
						"x": 525,
						"y": 396,
						"w": 119,
						"h": 118
					}
				},
				{
					"filename": "texts/play-with-blue",
					"rotated": false,
					"trimmed": false,
					"sourceSize": {
						"w": 115,
						"h": 18
					},
					"spriteSourceSize": {
						"x": 0,
						"y": 0,
						"w": 115,
						"h": 18
					},
					"frame": {
						"x": 525,
						"y": 517,
						"w": 115,
						"h": 18
					}
				},
				{
					"filename": "bg/level-playing",
					"rotated": false,
					"trimmed": false,
					"sourceSize": {
						"w": 113,
						"h": 94
					},
					"spriteSourceSize": {
						"x": 0,
						"y": 0,
						"w": 113,
						"h": 94
					},
					"frame": {
						"x": 525,
						"y": 538,
						"w": 113,
						"h": 94
					}
				},
				{
					"filename": "popup/middle",
					"rotated": false,
					"trimmed": false,
					"sourceSize": {
						"w": 431,
						"h": 227
					},
					"spriteSourceSize": {
						"x": 0,
						"y": 0,
						"w": 431,
						"h": 227
					},
					"frame": {
						"x": 2,
						"y": 551,
						"w": 431,
						"h": 227
					}
				},
				{
					"filename": "buttons/play",
					"rotated": false,
					"trimmed": false,
					"sourceSize": {
						"w": 86,
						"h": 65
					},
					"spriteSourceSize": {
						"x": 0,
						"y": 0,
						"w": 86,
						"h": 65
					},
					"frame": {
						"x": 436,
						"y": 551,
						"w": 86,
						"h": 65
					}
				},
				{
					"filename": "buttons/random",
					"rotated": false,
					"trimmed": false,
					"sourceSize": {
						"w": 86,
						"h": 65
					},
					"spriteSourceSize": {
						"x": 0,
						"y": 0,
						"w": 86,
						"h": 65
					},
					"frame": {
						"x": 436,
						"y": 619,
						"w": 86,
						"h": 65
					}
				},
				{
					"filename": "best-score-frame",
					"rotated": false,
					"trimmed": false,
					"sourceSize": {
						"w": 111,
						"h": 152
					},
					"spriteSourceSize": {
						"x": 0,
						"y": 0,
						"w": 111,
						"h": 152
					},
					"frame": {
						"x": 525,
						"y": 635,
						"w": 111,
						"h": 152
					}
				},
				{
					"filename": "popup/background",
					"rotated": false,
					"trimmed": false,
					"sourceSize": {
						"w": 395,
						"h": 221
					},
					"spriteSourceSize": {
						"x": 0,
						"y": 0,
						"w": 395,
						"h": 221
					},
					"frame": {
						"x": 2,
						"y": 790,
						"w": 395,
						"h": 221
					}
				},
				{
					"filename": "buttons/share",
					"rotated": false,
					"trimmed": false,
					"sourceSize": {
						"w": 79,
						"h": 58
					},
					"spriteSourceSize": {
						"x": 0,
						"y": 0,
						"w": 79,
						"h": 58
					},
					"frame": {
						"x": 436,
						"y": 687,
						"w": 79,
						"h": 58
					}
				},
				{
					"filename": "texts/continue",
					"rotated": false,
					"trimmed": false,
					"sourceSize": {
						"w": 76,
						"h": 40
					},
					"spriteSourceSize": {
						"x": 0,
						"y": 0,
						"w": 76,
						"h": 40
					},
					"frame": {
						"x": 436,
						"y": 748,
						"w": 76,
						"h": 40
					}
				},
				{
					"filename": "icons/share-blue",
					"rotated": false,
					"trimmed": false,
					"sourceSize": {
						"w": 32,
						"h": 43
					},
					"spriteSourceSize": {
						"x": 0,
						"y": 0,
						"w": 32,
						"h": 43
					},
					"frame": {
						"x": 400,
						"y": 781,
						"w": 32,
						"h": 43
					}
				},
				{
					"filename": "best-score-frame-long",
					"rotated": false,
					"trimmed": false,
					"sourceSize": {
						"w": 386,
						"h": 154
					},
					"spriteSourceSize": {
						"x": 0,
						"y": 0,
						"w": 386,
						"h": 154
					},
					"frame": {
						"x": 400,
						"y": 827,
						"w": 386,
						"h": 154
					}
				},
				{
					"filename": "popup/bottom",
					"rotated": false,
					"trimmed": false,
					"sourceSize": {
						"w": 431,
						"h": 27
					},
					"spriteSourceSize": {
						"x": 0,
						"y": 0,
						"w": 431,
						"h": 27
					},
					"frame": {
						"x": 400,
						"y": 984,
						"w": 431,
						"h": 27
					}
				},
				{
					"filename": "texts/on",
					"rotated": false,
					"trimmed": false,
					"sourceSize": {
						"w": 31,
						"h": 30
					},
					"spriteSourceSize": {
						"x": 0,
						"y": 0,
						"w": 31,
						"h": 30
					},
					"frame": {
						"x": 435,
						"y": 791,
						"w": 31,
						"h": 30
					}
				},
				{
					"filename": "icons/crown",
					"rotated": false,
					"trimmed": false,
					"sourceSize": {
						"w": 31,
						"h": 27
					},
					"spriteSourceSize": {
						"x": 0,
						"y": 0,
						"w": 31,
						"h": 27
					},
					"frame": {
						"x": 469,
						"y": 791,
						"w": 31,
						"h": 27
					}
				},
				{
					"filename": "avatar/background",
					"rotated": false,
					"trimmed": false,
					"sourceSize": {
						"w": 105,
						"h": 107
					},
					"spriteSourceSize": {
						"x": 0,
						"y": 0,
						"w": 105,
						"h": 107
					},
					"frame": {
						"x": 639,
						"y": 675,
						"w": 105,
						"h": 107
					}
				},
				{
					"filename": "icons/i-play",
					"rotated": false,
					"trimmed": false,
					"sourceSize": {
						"w": 31,
						"h": 39
					},
					"spriteSourceSize": {
						"x": 0,
						"y": 0,
						"w": 31,
						"h": 39
					},
					"frame": {
						"x": 639,
						"y": 785,
						"w": 31,
						"h": 39
					}
				},
				{
					"filename": "texts/replay",
					"rotated": false,
					"trimmed": false,
					"sourceSize": {
						"w": 76,
						"h": 38
					},
					"spriteSourceSize": {
						"x": 0,
						"y": 0,
						"w": 76,
						"h": 38
					},
					"frame": {
						"x": 673,
						"y": 785,
						"w": 76,
						"h": 38
					}
				},
				{
					"filename": "bg/level-locked",
					"rotated": false,
					"trimmed": false,
					"sourceSize": {
						"w": 101,
						"h": 83
					},
					"spriteSourceSize": {
						"x": 0,
						"y": 0,
						"w": 101,
						"h": 83
					},
					"frame": {
						"x": 747,
						"y": 675,
						"w": 101,
						"h": 83
					}
				},
				{
					"filename": "texts/lose",
					"rotated": false,
					"trimmed": false,
					"sourceSize": {
						"w": 107,
						"h": 56
					},
					"spriteSourceSize": {
						"x": 0,
						"y": 0,
						"w": 107,
						"h": 56
					},
					"frame": {
						"x": 752,
						"y": 761,
						"w": 107,
						"h": 56
					}
				},
				{
					"filename": "bg/level-played",
					"rotated": false,
					"trimmed": false,
					"sourceSize": {
						"w": 100,
						"h": 82
					},
					"spriteSourceSize": {
						"x": 0,
						"y": 0,
						"w": 100,
						"h": 82
					},
					"frame": {
						"x": 851,
						"y": 675,
						"w": 100,
						"h": 82
					}
				},
				{
					"filename": "icons/cup-bronze",
					"rotated": false,
					"trimmed": false,
					"sourceSize": {
						"w": 43,
						"h": 36
					},
					"spriteSourceSize": {
						"x": 0,
						"y": 0,
						"w": 43,
						"h": 36
					},
					"frame": {
						"x": 954,
						"y": 675,
						"w": 43,
						"h": 36
					}
				},
				{
					"filename": "icons/cup-gold",
					"rotated": false,
					"trimmed": false,
					"sourceSize": {
						"w": 43,
						"h": 36
					},
					"spriteSourceSize": {
						"x": 0,
						"y": 0,
						"w": 43,
						"h": 36
					},
					"frame": {
						"x": 954,
						"y": 714,
						"w": 43,
						"h": 36
					}
				},
				{
					"filename": "icons/cup-silver",
					"rotated": false,
					"trimmed": false,
					"sourceSize": {
						"w": 43,
						"h": 36
					},
					"spriteSourceSize": {
						"x": 0,
						"y": 0,
						"w": 43,
						"h": 36
					},
					"frame": {
						"x": 954,
						"y": 753,
						"w": 43,
						"h": 36
					}
				},
				{
					"filename": "buttons/challenge_light",
					"rotated": false,
					"trimmed": false,
					"sourceSize": {
						"w": 88,
						"h": 65
					},
					"spriteSourceSize": {
						"x": 0,
						"y": 0,
						"w": 88,
						"h": 65
					},
					"frame": {
						"x": 862,
						"y": 760,
						"w": 88,
						"h": 65
					}
				},
				{
					"filename": "icons/setting",
					"rotated": false,
					"trimmed": false,
					"sourceSize": {
						"w": 42,
						"h": 41
					},
					"spriteSourceSize": {
						"x": 0,
						"y": 0,
						"w": 42,
						"h": 41
					},
					"frame": {
						"x": 953,
						"y": 792,
						"w": 42,
						"h": 41
					}
				},
				{
					"filename": "texts/win",
					"rotated": false,
					"trimmed": false,
					"sourceSize": {
						"w": 106,
						"h": 55
					},
					"spriteSourceSize": {
						"x": 0,
						"y": 0,
						"w": 106,
						"h": 55
					},
					"frame": {
						"x": 834,
						"y": 828,
						"w": 106,
						"h": 55
					}
				},
				{
					"filename": "icons/white-journey",
					"rotated": false,
					"trimmed": false,
					"sourceSize": {
						"w": 42,
						"h": 40
					},
					"spriteSourceSize": {
						"x": 0,
						"y": 0,
						"w": 42,
						"h": 40
					},
					"frame": {
						"x": 789,
						"y": 820,
						"w": 42,
						"h": 40
					}
				},
				{
					"filename": "buttons/circle-button",
					"rotated": false,
					"trimmed": false,
					"sourceSize": {
						"w": 41,
						"h": 41
					},
					"spriteSourceSize": {
						"x": 0,
						"y": 0,
						"w": 41,
						"h": 41
					},
					"frame": {
						"x": 789,
						"y": 863,
						"w": 41,
						"h": 41
					}
				},
				{
					"filename": "texts/draw",
					"rotated": false,
					"trimmed": false,
					"sourceSize": {
						"w": 105,
						"h": 54
					},
					"spriteSourceSize": {
						"x": 0,
						"y": 0,
						"w": 105,
						"h": 54
					},
					"frame": {
						"x": 789,
						"y": 907,
						"w": 105,
						"h": 54
					}
				},
				{
					"filename": "icons/share",
					"rotated": false,
					"trimmed": false,
					"sourceSize": {
						"w": 36,
						"h": 47
					},
					"spriteSourceSize": {
						"x": 0,
						"y": 0,
						"w": 36,
						"h": 47
					},
					"frame": {
						"x": 834,
						"y": 964,
						"w": 36,
						"h": 47
					}
				},
				{
					"filename": "texts/start",
					"rotated": false,
					"trimmed": false,
					"sourceSize": {
						"w": 76,
						"h": 40
					},
					"spriteSourceSize": {
						"x": 0,
						"y": 0,
						"w": 76,
						"h": 40
					},
					"frame": {
						"x": 873,
						"y": 964,
						"w": 76,
						"h": 40
					}
				},
				{
					"filename": "texts/congratulations",
					"rotated": false,
					"trimmed": false,
					"sourceSize": {
						"w": 98,
						"h": 50
					},
					"spriteSourceSize": {
						"x": 0,
						"y": 0,
						"w": 98,
						"h": 50
					},
					"frame": {
						"x": 897,
						"y": 886,
						"w": 98,
						"h": 50
					}
				},
				{
					"filename": "icons/clock",
					"rotated": false,
					"trimmed": false,
					"sourceSize": {
						"w": 34,
						"h": 35
					},
					"spriteSourceSize": {
						"x": 0,
						"y": 0,
						"w": 34,
						"h": 35
					},
					"frame": {
						"x": 943,
						"y": 836,
						"w": 34,
						"h": 35
					}
				}
			]
		},
		{
			"image": "default-resources-2.png",
			"format": "RGBA8888",
			"size": {
				"w": 1018,
				"h": 1018
			},
			"scale": 1,
			"frames": [
				{
					"filename": "bg/bg-bottom",
					"rotated": false,
					"trimmed": false,
					"sourceSize": {
						"w": 719,
						"h": 111
					},
					"spriteSourceSize": {
						"x": 0,
						"y": 0,
						"w": 719,
						"h": 111
					},
					"frame": {
						"x": 2,
						"y": 2,
						"w": 719,
						"h": 111
					}
				},
				{
					"filename": "bottom-panel",
					"rotated": false,
					"trimmed": false,
					"sourceSize": {
						"w": 281,
						"h": 171
					},
					"spriteSourceSize": {
						"x": 0,
						"y": 0,
						"w": 281,
						"h": 171
					},
					"frame": {
						"x": 724,
						"y": 2,
						"w": 281,
						"h": 171
					}
				},
				{
					"filename": "bg/bg-top",
					"rotated": false,
					"trimmed": false,
					"sourceSize": {
						"w": 719,
						"h": 111
					},
					"spriteSourceSize": {
						"x": 0,
						"y": 0,
						"w": 719,
						"h": 111
					},
					"frame": {
						"x": 2,
						"y": 116,
						"w": 719,
						"h": 111
					}
				},
				{
					"filename": "bg-combo",
					"rotated": false,
					"trimmed": true,
					"sourceSize": {
						"w": 212,
						"h": 87
					},
					"spriteSourceSize": {
						"x": 0,
						"y": 9,
						"w": 212,
						"h": 78
					},
					"frame": {
						"x": 724,
						"y": 176,
						"w": 212,
						"h": 78
					}
				},
				{
					"filename": "score-panel",
					"rotated": false,
					"trimmed": false,
					"sourceSize": {
						"w": 526,
						"h": 152
					},
					"spriteSourceSize": {
						"x": 0,
						"y": 0,
						"w": 526,
						"h": 152
					},
					"frame": {
						"x": 2,
						"y": 230,
						"w": 526,
						"h": 152
					}
				},
				{
					"filename": "buttons/dark-blue-big",
					"rotated": false,
					"trimmed": false,
					"sourceSize": {
						"w": 179,
						"h": 82
					},
					"spriteSourceSize": {
						"x": 0,
						"y": 0,
						"w": 179,
						"h": 82
					},
					"frame": {
						"x": 531,
						"y": 230,
						"w": 179,
						"h": 82
					}
				},
				{
					"filename": "popup/score-panel",
					"rotated": false,
					"trimmed": false,
					"sourceSize": {
						"w": 299,
						"h": 92
					},
					"spriteSourceSize": {
						"x": 0,
						"y": 0,
						"w": 299,
						"h": 92
					},
					"frame": {
						"x": 713,
						"y": 257,
						"w": 299,
						"h": 92
					}
				},
				{
					"filename": "buttons/green-big",
					"rotated": false,
					"trimmed": false,
					"sourceSize": {
						"w": 179,
						"h": 82
					},
					"spriteSourceSize": {
						"x": 0,
						"y": 0,
						"w": 179,
						"h": 82
					},
					"frame": {
						"x": 531,
						"y": 315,
						"w": 179,
						"h": 82
					}
				},
				{
					"filename": "wood-panel",
					"rotated": false,
					"trimmed": false,
					"sourceSize": {
						"w": 301,
						"h": 56
					},
					"spriteSourceSize": {
						"x": 0,
						"y": 0,
						"w": 301,
						"h": 56
					},
					"frame": {
						"x": 713,
						"y": 352,
						"w": 301,
						"h": 56
					}
				},
				{
					"filename": "daily-challenge/bg-item-dark",
					"rotated": false,
					"trimmed": false,
					"sourceSize": {
						"w": 508,
						"h": 81
					},
					"spriteSourceSize": {
						"x": 0,
						"y": 0,
						"w": 508,
						"h": 81
					},
					"frame": {
						"x": 2,
						"y": 385,
						"w": 508,
						"h": 81
					}
				},
				{
					"filename": "buttons/dark-blue-small",
					"rotated": false,
					"trimmed": false,
					"sourceSize": {
						"w": 178,
						"h": 74
					},
					"spriteSourceSize": {
						"x": 0,
						"y": 0,
						"w": 178,
						"h": 74
					},
					"frame": {
						"x": 513,
						"y": 400,
						"w": 178,
						"h": 74
					}
				},
				{
					"filename": "leaderboards/bg-item",
					"rotated": false,
					"trimmed": false,
					"sourceSize": {
						"w": 317,
						"h": 61
					},
					"spriteSourceSize": {
						"x": 0,
						"y": 0,
						"w": 317,
						"h": 61
					},
					"frame": {
						"x": 694,
						"y": 411,
						"w": 317,
						"h": 61
					}
				},
				{
					"filename": "bg-streak",
					"rotated": false,
					"trimmed": true,
					"sourceSize": {
						"w": 212,
						"h": 87
					},
					"spriteSourceSize": {
						"x": 0,
						"y": 9,
						"w": 212,
						"h": 78
					},
					"frame": {
						"x": 694,
						"y": 475,
						"w": 212,
						"h": 78
					}
				},
				{
					"filename": "texts/result",
					"rotated": false,
					"trimmed": false,
					"sourceSize": {
						"w": 98,
						"h": 50
					},
					"spriteSourceSize": {
						"x": 0,
						"y": 0,
						"w": 98,
						"h": 50
					},
					"frame": {
						"x": 909,
						"y": 475,
						"w": 98,
						"h": 50
					}
				},
				{
					"filename": "texts/setting",
					"rotated": false,
					"trimmed": false,
					"sourceSize": {
						"w": 98,
						"h": 50
					},
					"spriteSourceSize": {
						"x": 0,
						"y": 0,
						"w": 98,
						"h": 50
					},
					"frame": {
						"x": 909,
						"y": 528,
						"w": 98,
						"h": 50
					}
				},
				{
					"filename": "daily-challenge/bg-item-light",
					"rotated": false,
					"trimmed": false,
					"sourceSize": {
						"w": 508,
						"h": 81
					},
					"spriteSourceSize": {
						"x": 0,
						"y": 0,
						"w": 508,
						"h": 81
					},
					"frame": {
						"x": 2,
						"y": 469,
						"w": 508,
						"h": 81
					}
				},
				{
					"filename": "texts/leader-board",
					"rotated": false,
					"trimmed": false,
					"sourceSize": {
						"w": 162,
						"h": 56
					},
					"spriteSourceSize": {
						"x": 0,
						"y": 0,
						"w": 162,
						"h": 56
					},
					"frame": {
						"x": 513,
						"y": 477,
						"w": 162,
						"h": 56
					}
				},
				{
					"filename": "texts/waiting-for-opponent",
					"rotated": false,
					"trimmed": false,
					"sourceSize": {
						"w": 178,
						"h": 46
					},
					"spriteSourceSize": {
						"x": 0,
						"y": 0,
						"w": 178,
						"h": 46
					},
					"frame": {
						"x": 513,
						"y": 536,
						"w": 178,
						"h": 46
					}
				},
				{
					"filename": "texts/daily-challenge",
					"rotated": false,
					"trimmed": false,
					"sourceSize": {
						"w": 194,
						"h": 51
					},
					"spriteSourceSize": {
						"x": 0,
						"y": 0,
						"w": 194,
						"h": 51
					},
					"frame": {
						"x": 694,
						"y": 556,
						"w": 194,
						"h": 51
					}
				},
				{
					"filename": "texts/text-tutorial",
					"rotated": false,
					"trimmed": false,
					"sourceSize": {
						"w": 97,
						"h": 50
					},
					"spriteSourceSize": {
						"x": 0,
						"y": 0,
						"w": 97,
						"h": 50
					},
					"frame": {
						"x": 891,
						"y": 581,
						"w": 97,
						"h": 50
					}
				},
				{
					"filename": "lives/time-block-2",
					"rotated": false,
					"trimmed": false,
					"sourceSize": {
						"w": 363,
						"h": 108
					},
					"spriteSourceSize": {
						"x": 0,
						"y": 0,
						"w": 363,
						"h": 108
					},
					"frame": {
						"x": 2,
						"y": 553,
						"w": 363,
						"h": 108
					}
				},
				{
					"filename": "buttons/toggle-off",
					"rotated": false,
					"trimmed": false,
					"sourceSize": {
						"w": 133,
						"h": 46
					},
					"spriteSourceSize": {
						"x": 0,
						"y": 0,
						"w": 133,
						"h": 46
					},
					"frame": {
						"x": 368,
						"y": 553,
						"w": 133,
						"h": 46
					}
				},
				{
					"filename": "score-panel-dark",
					"rotated": false,
					"trimmed": false,
					"sourceSize": {
						"w": 187,
						"h": 51
					},
					"spriteSourceSize": {
						"x": 0,
						"y": 0,
						"w": 187,
						"h": 51
					},
					"frame": {
						"x": 504,
						"y": 585,
						"w": 187,
						"h": 51
					}
				},
				{
					"filename": "buttons/toggle-on",
					"rotated": false,
					"trimmed": false,
					"sourceSize": {
						"w": 133,
						"h": 46
					},
					"spriteSourceSize": {
						"x": 0,
						"y": 0,
						"w": 133,
						"h": 46
					},
					"frame": {
						"x": 368,
						"y": 602,
						"w": 133,
						"h": 46
					}
				},
				{
					"filename": "texts/your-score",
					"rotated": false,
					"trimmed": false,
					"sourceSize": {
						"w": 194,
						"h": 51
					},
					"spriteSourceSize": {
						"x": 0,
						"y": 0,
						"w": 194,
						"h": 51
					},
					"frame": {
						"x": 694,
						"y": 610,
						"w": 194,
						"h": 51
					}
				},
				{
					"filename": "texts/mission",
					"rotated": false,
					"trimmed": false,
					"sourceSize": {
						"w": 93,
						"h": 50
					},
					"spriteSourceSize": {
						"x": 0,
						"y": 0,
						"w": 93,
						"h": 50
					},
					"frame": {
						"x": 891,
						"y": 634,
						"w": 93,
						"h": 50
					}
				},
				{
					"filename": "daily-challenge/time-panel",
					"rotated": false,
					"trimmed": false,
					"sourceSize": {
						"w": 170,
						"h": 48
					},
					"spriteSourceSize": {
						"x": 0,
						"y": 0,
						"w": 170,
						"h": 48
					},
					"frame": {
						"x": 504,
						"y": 639,
						"w": 170,
						"h": 48
					}
				},
				{
					"filename": "text-target-panel",
					"rotated": false,
					"trimmed": false,
					"sourceSize": {
						"w": 98,
						"h": 46
					},
					"spriteSourceSize": {
						"x": 0,
						"y": 0,
						"w": 98,
						"h": 46
					},
					"frame": {
						"x": 368,
						"y": 651,
						"w": 98,
						"h": 46
					}
				},
				{
					"filename": "texts/keep-playing",
					"rotated": false,
					"trimmed": false,
					"sourceSize": {
						"w": 194,
						"h": 50
					},
					"spriteSourceSize": {
						"x": 0,
						"y": 0,
						"w": 194,
						"h": 50
					},
					"frame": {
						"x": 677,
						"y": 664,
						"w": 194,
						"h": 50
					}
				},
				{
					"filename": "texts/start-over",
					"rotated": false,
					"trimmed": false,
					"sourceSize": {
						"w": 142,
						"h": 38
					},
					"spriteSourceSize": {
						"x": 0,
						"y": 0,
						"w": 142,
						"h": 38
					},
					"frame": {
						"x": 874,
						"y": 687,
						"w": 142,
						"h": 38
					}
				},
				{
					"filename": "texts/out-of-live",
					"rotated": false,
					"trimmed": false,
					"sourceSize": {
						"w": 193,
						"h": 50
					},
					"spriteSourceSize": {
						"x": 0,
						"y": 0,
						"w": 193,
						"h": 50
					},
					"frame": {
						"x": 469,
						"y": 690,
						"w": 193,
						"h": 50
					}
				},
				{
					"filename": "texts/level-failed",
					"rotated": false,
					"trimmed": false,
					"sourceSize": {
						"w": 180,
						"h": 45
					},
					"spriteSourceSize": {
						"x": 0,
						"y": 0,
						"w": 180,
						"h": 45
					},
					"frame": {
						"x": 665,
						"y": 717,
						"w": 180,
						"h": 45
					}
				},
				{
					"filename": "texts/play-with",
					"rotated": false,
					"trimmed": false,
					"sourceSize": {
						"w": 162,
						"h": 43
					},
					"spriteSourceSize": {
						"x": 0,
						"y": 0,
						"w": 162,
						"h": 43
					},
					"frame": {
						"x": 848,
						"y": 728,
						"w": 162,
						"h": 43
					}
				},
				{
					"filename": "buttons/green-large",
					"rotated": false,
					"trimmed": false,
					"sourceSize": {
						"w": 330,
						"h": 107
					},
					"spriteSourceSize": {
						"x": 0,
						"y": 0,
						"w": 330,
						"h": 107
					},
					"frame": {
						"x": 2,
						"y": 664,
						"w": 330,
						"h": 107
					}
				},
				{
					"filename": "texts/text-next-level",
					"rotated": false,
					"trimmed": false,
					"sourceSize": {
						"w": 113,
						"h": 39
					},
					"spriteSourceSize": {
						"x": 0,
						"y": 0,
						"w": 113,
						"h": 39
					},
					"frame": {
						"x": 335,
						"y": 700,
						"w": 113,
						"h": 39
					}
				},
				{
					"filename": "leaderboards/tab-off",
					"rotated": false,
					"trimmed": false,
					"sourceSize": {
						"w": 113,
						"h": 36
					},
					"spriteSourceSize": {
						"x": 0,
						"y": 0,
						"w": 113,
						"h": 36
					},
					"frame": {
						"x": 335,
						"y": 742,
						"w": 113,
						"h": 36
					}
				},
				{
					"filename": "texts/play-single",
					"rotated": false,
					"trimmed": false,
					"sourceSize": {
						"w": 170,
						"h": 43
					},
					"spriteSourceSize": {
						"x": 0,
						"y": 0,
						"w": 170,
						"h": 43
					},
					"frame": {
						"x": 451,
						"y": 743,
						"w": 170,
						"h": 43
					}
				},
				{
					"filename": "texts/second-chance",
					"rotated": false,
					"trimmed": false,
					"sourceSize": {
						"w": 218,
						"h": 50
					},
					"spriteSourceSize": {
						"x": 0,
						"y": 0,
						"w": 218,
						"h": 50
					},
					"frame": {
						"x": 624,
						"y": 765,
						"w": 218,
						"h": 50
					}
				},
				{
					"filename": "texts/refill-lives",
					"rotated": false,
					"trimmed": false,
					"sourceSize": {
						"w": 150,
						"h": 41
					},
					"spriteSourceSize": {
						"x": 0,
						"y": 0,
						"w": 150,
						"h": 41
					},
					"frame": {
						"x": 845,
						"y": 774,
						"w": 150,
						"h": 41
					}
				},
				{
					"filename": "buttons/brown",
					"rotated": false,
					"trimmed": false,
					"sourceSize": {
						"w": 329,
						"h": 81
					},
					"spriteSourceSize": {
						"x": 0,
						"y": 0,
						"w": 329,
						"h": 81
					},
					"frame": {
						"x": 2,
						"y": 774,
						"w": 329,
						"h": 81
					}
				},
				{
					"filename": "leaderboards/tab-on",
					"rotated": false,
					"trimmed": false,
					"sourceSize": {
						"w": 113,
						"h": 36
					},
					"spriteSourceSize": {
						"x": 0,
						"y": 0,
						"w": 113,
						"h": 36
					},
					"frame": {
						"x": 334,
						"y": 781,
						"w": 113,
						"h": 36
					}
				},
				{
					"filename": "texts/play",
					"rotated": false,
					"trimmed": false,
					"sourceSize": {
						"w": 150,
						"h": 40
					},
					"spriteSourceSize": {
						"x": 0,
						"y": 0,
						"w": 150,
						"h": 40
					},
					"frame": {
						"x": 450,
						"y": 789,
						"w": 150,
						"h": 40
					}
				},
				{
					"filename": "texts/text-journey",
					"rotated": false,
					"trimmed": false,
					"sourceSize": {
						"w": 86,
						"h": 45
					},
					"spriteSourceSize": {
						"x": 0,
						"y": 0,
						"w": 86,
						"h": 45
					},
					"frame": {
						"x": 334,
						"y": 820,
						"w": 86,
						"h": 45
					}
				},
				{
					"filename": "leaf",
					"rotated": false,
					"trimmed": false,
					"sourceSize": {
						"w": 563,
						"h": 132
					},
					"spriteSourceSize": {
						"x": 0,
						"y": 0,
						"w": 563,
						"h": 132
					},
					"frame": {
						"x": 423,
						"y": 832,
						"w": 563,
						"h": 132
					}
				},
				{
					"filename": "leaderboards/bg-middle",
					"rotated": false,
					"trimmed": false,
					"sourceSize": {
						"w": 949,
						"h": 47
					},
					"spriteSourceSize": {
						"x": 0,
						"y": 0,
						"w": 949,
						"h": 47
					},
					"frame": {
						"x": 2,
						"y": 967,
						"w": 949,
						"h": 47
					}
				},
				{
					"filename": "lives/time-block",
					"rotated": false,
					"trimmed": false,
					"sourceSize": {
						"w": 346,
						"h": 87
					},
					"spriteSourceSize": {
						"x": 0,
						"y": 0,
						"w": 346,
						"h": 87
					},
					"frame": {
						"x": 2,
						"y": 868,
						"w": 346,
						"h": 87
					}
				}
			]
		},
		{
			"image": "default-resources-3.png",
			"format": "RGBA8888",
			"size": {
				"w": 953,
				"h": 953
			},
			"scale": 1,
			"frames": [
				{
					"filename": "leaderboards/bg-bottom",
					"rotated": false,
					"trimmed": false,
					"sourceSize": {
						"w": 949,
						"h": 67
					},
					"spriteSourceSize": {
						"x": 0,
						"y": 0,
						"w": 949,
						"h": 67
					},
					"frame": {
						"x": 2,
						"y": 2,
						"w": 949,
						"h": 67
					}
				},
				{
					"filename": "daily-challenge/middle-panel",
					"rotated": false,
					"trimmed": false,
					"sourceSize": {
						"w": 521,
						"h": 26
					},
					"spriteSourceSize": {
						"x": 0,
						"y": 0,
						"w": 521,
						"h": 26
					},
					"frame": {
						"x": 2,
						"y": 72,
						"w": 521,
						"h": 26
					}
				},
				{
					"filename": "buttons/dark-blue",
					"rotated": false,
					"trimmed": false,
					"sourceSize": {
						"w": 365,
						"h": 107
					},
					"spriteSourceSize": {
						"x": 0,
						"y": 0,
						"w": 365,
						"h": 107
					},
					"frame": {
						"x": 526,
						"y": 72,
						"w": 365,
						"h": 107
					}
				},
				{
					"filename": "border-daily",
					"rotated": false,
					"trimmed": false,
					"sourceSize": {
						"w": 518,
						"h": 51
					},
					"spriteSourceSize": {
						"x": 0,
						"y": 0,
						"w": 518,
						"h": 51
					},
					"frame": {
						"x": 2,
						"y": 101,
						"w": 518,
						"h": 51
					}
				},
				{
					"filename": "popup/top-dark",
					"rotated": false,
					"trimmed": false,
					"sourceSize": {
						"w": 431,
						"h": 89
					},
					"spriteSourceSize": {
						"x": 0,
						"y": 0,
						"w": 431,
						"h": 89
					},
					"frame": {
						"x": 2,
						"y": 155,
						"w": 431,
						"h": 89
					}
				},
				{
					"filename": "popup/top",
					"rotated": false,
					"trimmed": false,
					"sourceSize": {
						"w": 431,
						"h": 89
					},
					"spriteSourceSize": {
						"x": 0,
						"y": 0,
						"w": 431,
						"h": 89
					},
					"frame": {
						"x": 436,
						"y": 182,
						"w": 431,
						"h": 89
					}
				},
				{
					"filename": "texts/first-milestone",
					"rotated": false,
					"trimmed": false,
					"sourceSize": {
						"w": 290,
						"h": 50
					},
					"spriteSourceSize": {
						"x": 0,
						"y": 0,
						"w": 290,
						"h": 50
					},
					"frame": {
						"x": 2,
						"y": 247,
						"w": 290,
						"h": 50
					}
				},
				{
					"filename": "texts/invite-friends",
					"rotated": false,
					"trimmed": false,
					"sourceSize": {
						"w": 138,
						"h": 37
					},
					"spriteSourceSize": {
						"x": 0,
						"y": 0,
						"w": 138,
						"h": 37
					},
					"frame": {
						"x": 295,
						"y": 247,
						"w": 138,
						"h": 37
					}
				},
				{
					"filename": "texts/next-milestone",
					"rotated": false,
					"trimmed": false,
					"sourceSize": {
						"w": 289,
						"h": 50
					},
					"spriteSourceSize": {
						"x": 0,
						"y": 0,
						"w": 289,
						"h": 50
					},
					"frame": {
						"x": 436,
						"y": 274,
						"w": 289,
						"h": 50
					}
				},
				{
					"filename": "leaderboards/bg-item-0",
					"rotated": false,
					"trimmed": false,
					"sourceSize": {
						"w": 232,
						"h": 46
					},
					"spriteSourceSize": {
						"x": 0,
						"y": 0,
						"w": 232,
						"h": 46
					},
					"frame": {
						"x": 2,
						"y": 300,
						"w": 232,
						"h": 46
					}
				},
				{
					"filename": "leaderboards/bg-item-1",
					"rotated": false,
					"trimmed": false,
					"sourceSize": {
						"w": 232,
						"h": 46
					},
					"spriteSourceSize": {
						"x": 0,
						"y": 0,
						"w": 232,
						"h": 46
					},
					"frame": {
						"x": 237,
						"y": 327,
						"w": 232,
						"h": 46
					}
				}
			]
		}
	],
	"meta": {
		"app": "https://www.codeandweb.com/texturepacker",
		"version": "3.0",
		"smartupdate": "$TexturePacker:SmartUpdate:bc8873a5e02a0d998dfc00962255b739:ea74b0a6548b9184ecb840b37a8774f6:1519eb82cfdbe37419578cf3086208cb$"
	}
}
