{"textures":[{"image":"default-resources-0.png","format":"RGBA8888","size":{"w":1014,"h":1014},"scale":0.5,"frames":[{"filename":"bg/bg-middle","rotated":false,"trimmed":false,"sourceSize":{"w":360,"h":425},"spriteSourceSize":{"x":0,"y":0,"w":360,"h":425},"frame":{"x":2,"y":2,"w":360,"h":425}},{"filename":"ui-ngang/bg-middle","rotated":false,"trimmed":false,"sourceSize":{"w":360,"h":284},"spriteSourceSize":{"x":0,"y":0,"w":360,"h":284},"frame":{"x":2,"y":430,"w":360,"h":284}},{"filename":"leaderboards/bg-top","rotated":false,"trimmed":false,"sourceSize":{"w":475,"h":84},"spriteSourceSize":{"x":0,"y":0,"w":475,"h":84},"frame":{"x":365,"y":2,"w":475,"h":84}},{"filename":"leaderboards/bg-bottom","rotated":false,"trimmed":false,"sourceSize":{"w":475,"h":34},"spriteSourceSize":{"x":0,"y":0,"w":475,"h":34},"frame":{"x":365,"y":89,"w":475,"h":34}},{"filename":"footer","rotated":false,"trimmed":false,"sourceSize":{"w":375,"h":77},"spriteSourceSize":{"x":0,"y":0,"w":375,"h":77},"frame":{"x":365,"y":126,"w":375,"h":77}},{"filename":"ui-ngang/bg-top","rotated":false,"trimmed":false,"sourceSize":{"w":360,"h":89},"spriteSourceSize":{"x":0,"y":0,"w":360,"h":89},"frame":{"x":2,"y":717,"w":360,"h":89}},{"filename":"ui-ngang/bg-bottom","rotated":false,"trimmed":false,"sourceSize":{"w":360,"h":88},"spriteSourceSize":{"x":0,"y":0,"w":360,"h":88},"frame":{"x":365,"y":206,"w":360,"h":88}},{"filename":"bg/bg-bottom","rotated":false,"trimmed":false,"sourceSize":{"w":360,"h":56},"spriteSourceSize":{"x":0,"y":0,"w":360,"h":56},"frame":{"x":2,"y":809,"w":360,"h":56}},{"filename":"bg/bg-top","rotated":false,"trimmed":false,"sourceSize":{"w":360,"h":56},"spriteSourceSize":{"x":0,"y":0,"w":360,"h":56},"frame":{"x":365,"y":297,"w":360,"h":56}},{"filename":"daily-challenge/bg","rotated":false,"trimmed":false,"sourceSize":{"w":260,"h":143},"spriteSourceSize":{"x":0,"y":0,"w":260,"h":143},"frame":{"x":2,"y":868,"w":260,"h":143}},{"filename":"ui-ngang/khung-next-block","rotated":false,"trimmed":false,"sourceSize":{"w":100,"h":300},"spriteSourceSize":{"x":0,"y":0,"w":100,"h":300},"frame":{"x":365,"y":356,"w":100,"h":300}},{"filename":"score-panel","rotated":false,"trimmed":false,"sourceSize":{"w":263,"h":76},"spriteSourceSize":{"x":0,"y":0,"w":263,"h":76},"frame":{"x":468,"y":356,"w":263,"h":76}},{"filename":"popup/middle","rotated":false,"trimmed":false,"sourceSize":{"w":216,"h":114},"spriteSourceSize":{"x":0,"y":0,"w":216,"h":114},"frame":{"x":468,"y":435,"w":216,"h":114}},{"filename":"popup/background","rotated":false,"trimmed":false,"sourceSize":{"w":198,"h":111},"spriteSourceSize":{"x":0,"y":0,"w":198,"h":111},"frame":{"x":468,"y":552,"w":198,"h":111}},{"filename":"ui-ngang/khung-mission","rotated":false,"trimmed":false,"sourceSize":{"w":48,"h":232},"spriteSourceSize":{"x":0,"y":0,"w":48,"h":232},"frame":{"x":365,"y":659,"w":48,"h":232}},{"filename":"leaf","rotated":false,"trimmed":false,"sourceSize":{"w":282,"h":66},"spriteSourceSize":{"x":0,"y":0,"w":282,"h":66},"frame":{"x":416,"y":666,"w":282,"h":66}},{"filename":"lives/heart","rotated":false,"trimmed":false,"sourceSize":{"w":170,"h":140},"spriteSourceSize":{"x":0,"y":0,"w":170,"h":140},"frame":{"x":416,"y":735,"w":170,"h":140}},{"filename":"bg/bg-dark","rotated":false,"trimmed":false,"sourceSize":{"w":122,"h":152},"spriteSourceSize":{"x":0,"y":0,"w":122,"h":152},"frame":{"x":589,"y":735,"w":122,"h":152}},{"filename":"bg-progress-circle","rotated":false,"trimmed":false,"sourceSize":{"w":116,"h":116},"spriteSourceSize":{"x":0,"y":0,"w":116,"h":116},"frame":{"x":843,"y":2,"w":116,"h":116}},{"filename":"texts/invite-friends","rotated":false,"trimmed":false,"sourceSize":{"w":168,"h":17},"spriteSourceSize":{"x":0,"y":0,"w":168,"h":17},"frame":{"x":416,"y":878,"w":168,"h":17}},{"filename":"avatar/border-big","rotated":false,"trimmed":false,"sourceSize":{"w":88,"h":88},"spriteSourceSize":{"x":0,"y":0,"w":88,"h":88},"frame":{"x":265,"y":868,"w":88,"h":88}},{"filename":"daily-challenge/bg-item-dark","rotated":false,"trimmed":false,"sourceSize":{"w":254,"h":41},"spriteSourceSize":{"x":0,"y":0,"w":254,"h":41},"frame":{"x":356,"y":898,"w":254,"h":41}},{"filename":"texts/next-milestone","rotated":false,"trimmed":false,"sourceSize":{"w":256,"h":16},"spriteSourceSize":{"x":0,"y":0,"w":256,"h":16},"frame":{"x":356,"y":942,"w":256,"h":16}},{"filename":"daily-challenge/middle-panel","rotated":false,"trimmed":false,"sourceSize":{"w":261,"h":13},"spriteSourceSize":{"x":0,"y":0,"w":261,"h":13},"frame":{"x":265,"y":961,"w":261,"h":13}},{"filename":"daily-challenge/title-panel","rotated":false,"trimmed":false,"sourceSize":{"w":141,"h":35},"spriteSourceSize":{"x":0,"y":0,"w":141,"h":35},"frame":{"x":265,"y":977,"w":141,"h":35}},{"filename":"best-score-frame-long","rotated":false,"trimmed":false,"sourceSize":{"w":193,"h":77},"spriteSourceSize":{"x":0,"y":0,"w":193,"h":77},"frame":{"x":743,"y":126,"w":193,"h":77}},{"filename":"popup/top-dark","rotated":false,"trimmed":false,"sourceSize":{"w":216,"h":45},"spriteSourceSize":{"x":0,"y":0,"w":216,"h":45},"frame":{"x":728,"y":206,"w":216,"h":45}},{"filename":"popup/top","rotated":false,"trimmed":false,"sourceSize":{"w":216,"h":45},"spriteSourceSize":{"x":0,"y":0,"w":216,"h":45},"frame":{"x":728,"y":254,"w":216,"h":45}},{"filename":"texts/out-of-live","rotated":false,"trimmed":false,"sourceSize":{"w":221,"h":19},"spriteSourceSize":{"x":0,"y":0,"w":221,"h":19},"frame":{"x":728,"y":302,"w":221,"h":19}},{"filename":"texts/win","rotated":false,"trimmed":false,"sourceSize":{"w":208,"h":23},"spriteSourceSize":{"x":0,"y":0,"w":208,"h":23},"frame":{"x":728,"y":324,"w":208,"h":23}},{"filename":"buttons/dark-blue","rotated":false,"trimmed":false,"sourceSize":{"w":183,"h":54},"spriteSourceSize":{"x":0,"y":0,"w":183,"h":54},"frame":{"x":734,"y":350,"w":183,"h":54}},{"filename":"lives/time-block-2","rotated":false,"trimmed":false,"sourceSize":{"w":182,"h":54},"spriteSourceSize":{"x":0,"y":0,"w":182,"h":54},"frame":{"x":734,"y":407,"w":182,"h":54}},{"filename":"popup/bottom","rotated":false,"trimmed":false,"sourceSize":{"w":216,"h":14},"spriteSourceSize":{"x":0,"y":0,"w":216,"h":14},"frame":{"x":687,"y":464,"w":216,"h":14}},{"filename":"buttons/green-large","rotated":false,"trimmed":false,"sourceSize":{"w":165,"h":54},"spriteSourceSize":{"x":0,"y":0,"w":165,"h":54},"frame":{"x":687,"y":481,"w":165,"h":54}},{"filename":"lives/time-block","rotated":false,"trimmed":false,"sourceSize":{"w":173,"h":44},"spriteSourceSize":{"x":0,"y":0,"w":173,"h":44},"frame":{"x":687,"y":538,"w":173,"h":44}},{"filename":"buttons/brown","rotated":false,"trimmed":false,"sourceSize":{"w":165,"h":41},"spriteSourceSize":{"x":0,"y":0,"w":165,"h":41},"frame":{"x":669,"y":585,"w":165,"h":41}},{"filename":"leaderboards/bg-item","rotated":false,"trimmed":false,"sourceSize":{"w":159,"h":31},"spriteSourceSize":{"x":0,"y":0,"w":159,"h":31},"frame":{"x":669,"y":629,"w":159,"h":31}},{"filename":"popup/score-panel","rotated":false,"trimmed":false,"sourceSize":{"w":150,"h":46},"spriteSourceSize":{"x":0,"y":0,"w":150,"h":46},"frame":{"x":701,"y":663,"w":150,"h":46}},{"filename":"bottom-panel","rotated":false,"trimmed":false,"sourceSize":{"w":141,"h":86},"spriteSourceSize":{"x":0,"y":0,"w":141,"h":86},"frame":{"x":714,"y":712,"w":141,"h":86}},{"filename":"wood-panel","rotated":false,"trimmed":false,"sourceSize":{"w":151,"h":28},"spriteSourceSize":{"x":0,"y":0,"w":151,"h":28},"frame":{"x":714,"y":801,"w":151,"h":28}},{"filename":"texts/text-next-level","rotated":false,"trimmed":false,"sourceSize":{"w":161,"h":13},"spriteSourceSize":{"x":0,"y":0,"w":161,"h":13},"frame":{"x":714,"y":832,"w":161,"h":13}},{"filename":"buttons/green","rotated":false,"trimmed":false,"sourceSize":{"w":119,"h":41},"spriteSourceSize":{"x":0,"y":0,"w":119,"h":41},"frame":{"x":714,"y":848,"w":119,"h":41}},{"filename":"bg/level-played","rotated":false,"trimmed":false,"sourceSize":{"w":50,"h":41},"spriteSourceSize":{"x":0,"y":0,"w":50,"h":41},"frame":{"x":962,"y":2,"w":50,"h":41}},{"filename":"texts/no-thank","rotated":false,"trimmed":false,"sourceSize":{"w":128,"h":13},"spriteSourceSize":{"x":0,"y":0,"w":128,"h":13},"frame":{"x":409,"y":977,"w":128,"h":13}},{"filename":"texts/result","rotated":false,"trimmed":false,"sourceSize":{"w":66,"h":19},"spriteSourceSize":{"x":0,"y":0,"w":66,"h":19},"frame":{"x":409,"y":993,"w":66,"h":19}},{"filename":"buttons/dark-blue-big","rotated":false,"trimmed":false,"sourceSize":{"w":90,"h":41},"spriteSourceSize":{"x":0,"y":0,"w":90,"h":41},"frame":{"x":613,"y":890,"w":90,"h":41}},{"filename":"bg-combo","rotated":false,"trimmed":true,"sourceSize":{"w":106,"h":44},"spriteSourceSize":{"x":0,"y":4,"w":106,"h":40},"frame":{"x":706,"y":892,"w":106,"h":40}},{"filename":"avatar/background","rotated":false,"trimmed":false,"sourceSize":{"w":53,"h":54},"spriteSourceSize":{"x":0,"y":0,"w":53,"h":54},"frame":{"x":855,"y":481,"w":53,"h":54}},{"filename":"ui-ngang/khung-score","rotated":false,"trimmed":false,"sourceSize":{"w":87,"h":50},"spriteSourceSize":{"x":0,"y":0,"w":87,"h":50},"frame":{"x":615,"y":934,"w":87,"h":50}},{"filename":"bg-streak","rotated":false,"trimmed":true,"sourceSize":{"w":106,"h":44},"spriteSourceSize":{"x":0,"y":4,"w":106,"h":40},"frame":{"x":705,"y":935,"w":106,"h":40}},{"filename":"texts/text-ranking","rotated":false,"trimmed":false,"sourceSize":{"w":106,"h":12},"spriteSourceSize":{"x":0,"y":0,"w":106,"h":12},"frame":{"x":705,"y":978,"w":106,"h":12}},{"filename":"best-score-frame","rotated":false,"trimmed":false,"sourceSize":{"w":56,"h":76},"spriteSourceSize":{"x":0,"y":0,"w":56,"h":76},"frame":{"x":939,"y":121,"w":56,"h":76}},{"filename":"ui-ngang/khung-best-score","rotated":false,"trimmed":false,"sourceSize":{"w":56,"h":85},"spriteSourceSize":{"x":0,"y":0,"w":56,"h":85},"frame":{"x":947,"y":200,"w":56,"h":85}},{"filename":"avatar/border-challenge","rotated":false,"trimmed":false,"sourceSize":{"w":60,"h":59},"spriteSourceSize":{"x":0,"y":0,"w":60,"h":59},"frame":{"x":952,"y":288,"w":60,"h":59}},{"filename":"buttons/green-big","rotated":false,"trimmed":false,"sourceSize":{"w":90,"h":41},"spriteSourceSize":{"x":0,"y":0,"w":90,"h":41},"frame":{"x":920,"y":350,"w":90,"h":41}},{"filename":"buttons/dark-blue-small","rotated":false,"trimmed":false,"sourceSize":{"w":89,"h":37},"spriteSourceSize":{"x":0,"y":0,"w":89,"h":37},"frame":{"x":920,"y":394,"w":89,"h":37}},{"filename":"daily-challenge/time-panel","rotated":false,"trimmed":false,"sourceSize":{"w":85,"h":24},"spriteSourceSize":{"x":0,"y":0,"w":85,"h":24},"frame":{"x":919,"y":434,"w":85,"h":24}},{"filename":"preloader/dual-ring","rotated":false,"trimmed":true,"sourceSize":{"w":100,"h":100},"spriteSourceSize":{"x":13,"y":13,"w":74,"h":74},"frame":{"x":863,"y":538,"w":74,"h":74}},{"filename":"avatar/border","rotated":false,"trimmed":true,"sourceSize":{"w":69,"h":72},"spriteSourceSize":{"x":0,"y":1,"w":69,"h":71},"frame":{"x":911,"y":464,"w":69,"h":71}},{"filename":"bg/level-playing","rotated":false,"trimmed":false,"sourceSize":{"w":57,"h":47},"spriteSourceSize":{"x":0,"y":0,"w":57,"h":47},"frame":{"x":940,"y":538,"w":57,"h":47}},{"filename":"texts/collect","rotated":false,"trimmed":false,"sourceSize":{"w":115,"h":14},"spriteSourceSize":{"x":0,"y":0,"w":115,"h":14},"frame":{"x":837,"y":615,"w":115,"h":14}},{"filename":"score-panel-dark","rotated":false,"trimmed":false,"sourceSize":{"w":94,"h":26},"spriteSourceSize":{"x":0,"y":0,"w":94,"h":26},"frame":{"x":831,"y":632,"w":94,"h":26}},{"filename":"buttons/skip","rotated":false,"trimmed":false,"sourceSize":{"w":60,"h":36},"spriteSourceSize":{"x":0,"y":0,"w":60,"h":36},"frame":{"x":854,"y":661,"w":60,"h":36}},{"filename":"icon-journey","rotated":false,"trimmed":false,"sourceSize":{"w":75,"h":61},"spriteSourceSize":{"x":0,"y":0,"w":75,"h":61},"frame":{"x":858,"y":700,"w":75,"h":61}},{"filename":"texts/target-score","rotated":false,"trimmed":false,"sourceSize":{"w":100,"h":17},"spriteSourceSize":{"x":0,"y":0,"w":100,"h":17},"frame":{"x":858,"y":764,"w":100,"h":17}},{"filename":"texts/text-share","rotated":false,"trimmed":false,"sourceSize":{"w":73,"h":14},"spriteSourceSize":{"x":0,"y":0,"w":73,"h":14},"frame":{"x":858,"y":784,"w":73,"h":14}},{"filename":"buttons/toggle-off","rotated":false,"trimmed":false,"sourceSize":{"w":67,"h":23},"spriteSourceSize":{"x":0,"y":0,"w":67,"h":23},"frame":{"x":868,"y":801,"w":67,"h":23}},{"filename":"buttons/close","rotated":false,"trimmed":false,"sourceSize":{"w":26,"h":26},"spriteSourceSize":{"x":0,"y":0,"w":26,"h":26},"frame":{"x":687,"y":435,"w":26,"h":26}},{"filename":"texts/world-disable","rotated":false,"trimmed":false,"sourceSize":{"w":50,"h":14},"spriteSourceSize":{"x":0,"y":0,"w":50,"h":14},"frame":{"x":962,"y":46,"w":50,"h":14}},{"filename":"texts/world","rotated":false,"trimmed":false,"sourceSize":{"w":50,"h":14},"spriteSourceSize":{"x":0,"y":0,"w":50,"h":14},"frame":{"x":962,"y":63,"w":50,"h":14}},{"filename":"bg/level-locked","rotated":false,"trimmed":false,"sourceSize":{"w":51,"h":42},"spriteSourceSize":{"x":0,"y":0,"w":51,"h":42},"frame":{"x":836,"y":848,"w":51,"h":42}},{"filename":"leaderboards/tab-off","rotated":false,"trimmed":false,"sourceSize":{"w":57,"h":18},"spriteSourceSize":{"x":0,"y":0,"w":57,"h":18},"frame":{"x":878,"y":827,"w":57,"h":18}},{"filename":"buttons/toggle-on","rotated":false,"trimmed":false,"sourceSize":{"w":67,"h":23},"spriteSourceSize":{"x":0,"y":0,"w":67,"h":23},"frame":{"x":940,"y":588,"w":67,"h":23}},{"filename":"leaderboards/tab-on","rotated":false,"trimmed":false,"sourceSize":{"w":57,"h":18},"spriteSourceSize":{"x":0,"y":0,"w":57,"h":18},"frame":{"x":955,"y":614,"w":57,"h":18}},{"filename":"buttons/minor","rotated":false,"trimmed":false,"sourceSize":{"w":41,"h":36},"spriteSourceSize":{"x":0,"y":0,"w":41,"h":36},"frame":{"x":962,"y":80,"w":41,"h":36}},{"filename":"buttons/challenge_light","rotated":false,"trimmed":false,"sourceSize":{"w":44,"h":33},"spriteSourceSize":{"x":0,"y":0,"w":44,"h":33},"frame":{"x":890,"y":848,"w":44,"h":33}},{"filename":"texts/no","rotated":false,"trimmed":false,"sourceSize":{"w":65,"h":18},"spriteSourceSize":{"x":0,"y":0,"w":65,"h":18},"frame":{"x":478,"y":993,"w":65,"h":18}},{"filename":"texts/draw","rotated":false,"trimmed":false,"sourceSize":{"w":65,"h":22},"spriteSourceSize":{"x":0,"y":0,"w":65,"h":22},"frame":{"x":540,"y":961,"w":65,"h":22}},{"filename":"texts/mission","rotated":false,"trimmed":false,"sourceSize":{"w":55,"h":23},"spriteSourceSize":{"x":0,"y":0,"w":55,"h":23},"frame":{"x":546,"y":986,"w":55,"h":23}},{"filename":"texts/level-failed","rotated":false,"trimmed":false,"sourceSize":{"w":96,"h":17},"spriteSourceSize":{"x":0,"y":0,"w":96,"h":17},"frame":{"x":604,"y":987,"w":96,"h":17}},{"filename":"icons/brown-journey","rotated":false,"trimmed":false,"sourceSize":{"w":23,"h":21},"spriteSourceSize":{"x":0,"y":0,"w":23,"h":21},"frame":{"x":837,"y":585,"w":23,"h":21}},{"filename":"texts/play-with-blue","rotated":false,"trimmed":false,"sourceSize":{"w":58,"h":9},"spriteSourceSize":{"x":0,"y":0,"w":58,"h":9},"frame":{"x":703,"y":993,"w":58,"h":9}},{"filename":"icons/back","rotated":false,"trimmed":false,"sourceSize":{"w":25,"h":19},"spriteSourceSize":{"x":0,"y":0,"w":25,"h":19},"frame":{"x":764,"y":993,"w":25,"h":19}},{"filename":"icons/sword","rotated":false,"trimmed":false,"sourceSize":{"w":23,"h":19},"spriteSourceSize":{"x":0,"y":0,"w":23,"h":19},"frame":{"x":792,"y":993,"w":23,"h":19}},{"filename":"buttons/play","rotated":false,"trimmed":false,"sourceSize":{"w":43,"h":33},"spriteSourceSize":{"x":0,"y":0,"w":43,"h":33},"frame":{"x":815,"y":893,"w":43,"h":33}},{"filename":"icons/crown-big","rotated":false,"trimmed":false,"sourceSize":{"w":37,"h":35},"spriteSourceSize":{"x":0,"y":0,"w":37,"h":35},"frame":{"x":861,"y":893,"w":37,"h":35}},{"filename":"icons/vibrate","rotated":false,"trimmed":false,"sourceSize":{"w":31,"h":37},"spriteSourceSize":{"x":0,"y":0,"w":31,"h":37},"frame":{"x":901,"y":884,"w":31,"h":37}},{"filename":"icons/play-green","rotated":false,"trimmed":false,"sourceSize":{"w":24,"h":24},"spriteSourceSize":{"x":0,"y":0,"w":24,"h":24},"frame":{"x":928,"y":632,"w":24,"h":24}},{"filename":"text-target-panel","rotated":false,"trimmed":false,"sourceSize":{"w":49,"h":23},"spriteSourceSize":{"x":0,"y":0,"w":49,"h":23},"frame":{"x":955,"y":635,"w":49,"h":23}},{"filename":"icons/music","rotated":false,"trimmed":false,"sourceSize":{"w":28,"h":31},"spriteSourceSize":{"x":0,"y":0,"w":28,"h":31},"frame":{"x":983,"y":461,"w":28,"h":31}},{"filename":"buttons/dot-blue","rotated":false,"trimmed":false,"sourceSize":{"w":28,"h":27},"spriteSourceSize":{"x":0,"y":0,"w":28,"h":27},"frame":{"x":983,"y":495,"w":28,"h":27}},{"filename":"buttons/random","rotated":false,"trimmed":false,"sourceSize":{"w":43,"h":33},"spriteSourceSize":{"x":0,"y":0,"w":43,"h":33},"frame":{"x":917,"y":661,"w":43,"h":33}},{"filename":"buttons/share","rotated":false,"trimmed":false,"sourceSize":{"w":40,"h":29},"spriteSourceSize":{"x":0,"y":0,"w":40,"h":29},"frame":{"x":963,"y":661,"w":40,"h":29}},{"filename":"icons/dot","rotated":false,"trimmed":false,"sourceSize":{"w":34,"h":35},"spriteSourceSize":{"x":0,"y":0,"w":34,"h":35},"frame":{"x":936,"y":697,"w":34,"h":35}},{"filename":"icons/icon-daily","rotated":false,"trimmed":false,"sourceSize":{"w":34,"h":34},"spriteSourceSize":{"x":0,"y":0,"w":34,"h":34},"frame":{"x":973,"y":693,"w":34,"h":34}},{"filename":"ui-ngang/text-score","rotated":false,"trimmed":false,"sourceSize":{"w":37,"h":18},"spriteSourceSize":{"x":0,"y":0,"w":37,"h":18},"frame":{"x":936,"y":735,"w":37,"h":18}},{"filename":"icons/sound","rotated":false,"trimmed":false,"sourceSize":{"w":31,"h":27},"spriteSourceSize":{"x":0,"y":0,"w":31,"h":27},"frame":{"x":976,"y":730,"w":31,"h":27}},{"filename":"texts/on","rotated":false,"trimmed":false,"sourceSize":{"w":38,"h":14},"spriteSourceSize":{"x":0,"y":0,"w":38,"h":14},"frame":{"x":934,"y":784,"w":38,"h":14}},{"filename":"icons/icon-journey","rotated":false,"trimmed":false,"sourceSize":{"w":37,"h":31},"spriteSourceSize":{"x":0,"y":0,"w":37,"h":31},"frame":{"x":975,"y":760,"w":37,"h":31}},{"filename":"buttons/dot-green","rotated":false,"trimmed":false,"sourceSize":{"w":28,"h":27},"spriteSourceSize":{"x":0,"y":0,"w":28,"h":27},"frame":{"x":938,"y":801,"w":28,"h":27}},{"filename":"ui-ngang/text-mission","rotated":false,"trimmed":false,"sourceSize":{"w":31,"h":18},"spriteSourceSize":{"x":0,"y":0,"w":31,"h":18},"frame":{"x":938,"y":831,"w":31,"h":18}},{"filename":"icons/retry","rotated":false,"trimmed":false,"sourceSize":{"w":25,"h":27},"spriteSourceSize":{"x":0,"y":0,"w":25,"h":27},"frame":{"x":937,"y":852,"w":25,"h":27}},{"filename":"texts/play","rotated":false,"trimmed":false,"sourceSize":{"w":52,"h":18},"spriteSourceSize":{"x":0,"y":0,"w":52,"h":18},"frame":{"x":901,"y":924,"w":52,"h":18}},{"filename":"texts/yes","rotated":false,"trimmed":false,"sourceSize":{"w":28,"h":18},"spriteSourceSize":{"x":0,"y":0,"w":28,"h":18},"frame":{"x":975,"y":794,"w":28,"h":18}},{"filename":"texts/off","rotated":false,"trimmed":false,"sourceSize":{"w":27,"h":12},"spriteSourceSize":{"x":0,"y":0,"w":27,"h":12},"frame":{"x":969,"y":815,"w":27,"h":12}},{"filename":"icons/rank","rotated":false,"trimmed":false,"sourceSize":{"w":26,"h":25},"spriteSourceSize":{"x":0,"y":0,"w":26,"h":25},"frame":{"x":972,"y":830,"w":26,"h":25}},{"filename":"icons/play","rotated":false,"trimmed":false,"sourceSize":{"w":24,"h":24},"spriteSourceSize":{"x":0,"y":0,"w":24,"h":24},"frame":{"x":965,"y":858,"w":24,"h":24}},{"filename":"icons/replay","rotated":false,"trimmed":false,"sourceSize":{"w":20,"h":24},"spriteSourceSize":{"x":0,"y":0,"w":20,"h":24},"frame":{"x":992,"y":858,"w":20,"h":24}},{"filename":"texts/friends-disable","rotated":false,"trimmed":false,"sourceSize":{"w":56,"h":14},"spriteSourceSize":{"x":0,"y":0,"w":56,"h":14},"frame":{"x":956,"y":885,"w":56,"h":14}},{"filename":"texts/friends","rotated":false,"trimmed":false,"sourceSize":{"w":56,"h":14},"spriteSourceSize":{"x":0,"y":0,"w":56,"h":14},"frame":{"x":956,"y":902,"w":56,"h":14}},{"filename":"texts/start","rotated":false,"trimmed":false,"sourceSize":{"w":55,"h":15},"spriteSourceSize":{"x":0,"y":0,"w":55,"h":15},"frame":{"x":956,"y":919,"w":55,"h":15}},{"filename":"icons/share","rotated":false,"trimmed":false,"sourceSize":{"w":18,"h":24},"spriteSourceSize":{"x":0,"y":0,"w":18,"h":24},"frame":{"x":935,"y":884,"w":18,"h":24}},{"filename":"icons/home","rotated":false,"trimmed":false,"sourceSize":{"w":24,"h":22},"spriteSourceSize":{"x":0,"y":0,"w":24,"h":22},"frame":{"x":956,"y":937,"w":24,"h":22}},{"filename":"icons/flat-ad","rotated":false,"trimmed":false,"sourceSize":{"w":24,"h":21},"spriteSourceSize":{"x":0,"y":0,"w":24,"h":21},"frame":{"x":983,"y":937,"w":24,"h":21}},{"filename":"texts/vs","rotated":false,"trimmed":false,"sourceSize":{"w":24,"h":14},"spriteSourceSize":{"x":0,"y":0,"w":24,"h":14},"frame":{"x":815,"y":929,"w":24,"h":14}},{"filename":"icons/plus","rotated":false,"trimmed":false,"sourceSize":{"w":21,"h":22},"spriteSourceSize":{"x":0,"y":0,"w":21,"h":22},"frame":{"x":814,"y":946,"w":21,"h":22}},{"filename":"icons/check","rotated":false,"trimmed":false,"sourceSize":{"w":22,"h":18},"spriteSourceSize":{"x":0,"y":0,"w":22,"h":18},"frame":{"x":814,"y":971,"w":22,"h":18}},{"filename":"icons/white-journey","rotated":false,"trimmed":false,"sourceSize":{"w":21,"h":20},"spriteSourceSize":{"x":0,"y":0,"w":21,"h":20},"frame":{"x":818,"y":992,"w":21,"h":20}},{"filename":"icons/share-blue","rotated":false,"trimmed":false,"sourceSize":{"w":16,"h":22},"spriteSourceSize":{"x":0,"y":0,"w":16,"h":22},"frame":{"x":842,"y":929,"w":16,"h":22}},{"filename":"icons/battle","rotated":false,"trimmed":false,"sourceSize":{"w":22,"h":21},"spriteSourceSize":{"x":0,"y":0,"w":22,"h":21},"frame":{"x":861,"y":931,"w":22,"h":21}},{"filename":"icons/crown","rotated":false,"trimmed":false,"sourceSize":{"w":16,"h":14},"spriteSourceSize":{"x":0,"y":0,"w":16,"h":14},"frame":{"x":838,"y":954,"w":16,"h":14}},{"filename":"icons/clock","rotated":false,"trimmed":false,"sourceSize":{"w":17,"h":18},"spriteSourceSize":{"x":0,"y":0,"w":17,"h":18},"frame":{"x":839,"y":971,"w":17,"h":18}},{"filename":"icons/i-play","rotated":false,"trimmed":false,"sourceSize":{"w":16,"h":20},"spriteSourceSize":{"x":0,"y":0,"w":16,"h":20},"frame":{"x":842,"y":992,"w":16,"h":20}},{"filename":"buttons/circle-button","rotated":false,"trimmed":false,"sourceSize":{"w":21,"h":21},"spriteSourceSize":{"x":0,"y":0,"w":21,"h":21},"frame":{"x":859,"y":955,"w":21,"h":21}},{"filename":"icons/setting","rotated":false,"trimmed":false,"sourceSize":{"w":21,"h":21},"spriteSourceSize":{"x":0,"y":0,"w":21,"h":21},"frame":{"x":861,"y":979,"w":21,"h":21}},{"filename":"icons/cup-bronze","rotated":false,"trimmed":false,"sourceSize":{"w":22,"h":18},"spriteSourceSize":{"x":0,"y":0,"w":22,"h":18},"frame":{"x":983,"y":961,"w":22,"h":18}},{"filename":"icons/cup-gold","rotated":false,"trimmed":false,"sourceSize":{"w":22,"h":18},"spriteSourceSize":{"x":0,"y":0,"w":22,"h":18},"frame":{"x":883,"y":955,"w":22,"h":18}},{"filename":"icons/cup-silver","rotated":false,"trimmed":false,"sourceSize":{"w":22,"h":18},"spriteSourceSize":{"x":0,"y":0,"w":22,"h":18},"frame":{"x":885,"y":976,"w":22,"h":18}},{"filename":"icons/sword-blue","rotated":false,"trimmed":false,"sourceSize":{"w":18,"h":16},"spriteSourceSize":{"x":0,"y":0,"w":18,"h":16},"frame":{"x":908,"y":945,"w":18,"h":16}}]},{"image":"default-resources-1.png","format":"RGBA8888","size":{"w":479,"h":479},"scale":0.5,"frames":[{"filename":"leaderboards/bg-middle","rotated":false,"trimmed":false,"sourceSize":{"w":475,"h":24},"spriteSourceSize":{"x":0,"y":0,"w":475,"h":24},"frame":{"x":2,"y":2,"w":475,"h":24}},{"filename":"border-bottom-panel","rotated":false,"trimmed":false,"sourceSize":{"w":375,"h":18},"spriteSourceSize":{"x":0,"y":0,"w":375,"h":18},"frame":{"x":2,"y":29,"w":375,"h":18}},{"filename":"daily-challenge/bottom-panel","rotated":false,"trimmed":false,"sourceSize":{"w":261,"h":15},"spriteSourceSize":{"x":0,"y":0,"w":261,"h":15},"frame":{"x":2,"y":50,"w":261,"h":15}},{"filename":"texts/keep-playing","rotated":false,"trimmed":false,"sourceSize":{"w":189,"h":19},"spriteSourceSize":{"x":0,"y":0,"w":189,"h":19},"frame":{"x":266,"y":50,"w":189,"h":19}},{"filename":"daily-challenge/top-panel","rotated":false,"trimmed":false,"sourceSize":{"w":261,"h":15},"spriteSourceSize":{"x":0,"y":0,"w":261,"h":15},"frame":{"x":2,"y":68,"w":261,"h":15}},{"filename":"texts/lose","rotated":false,"trimmed":false,"sourceSize":{"w":179,"h":22},"spriteSourceSize":{"x":0,"y":0,"w":179,"h":22},"frame":{"x":266,"y":72,"w":179,"h":22}},{"filename":"border-daily","rotated":false,"trimmed":false,"sourceSize":{"w":259,"h":26},"spriteSourceSize":{"x":0,"y":0,"w":259,"h":26},"frame":{"x":2,"y":86,"w":259,"h":26}},{"filename":"texts/leader-board","rotated":false,"trimmed":false,"sourceSize":{"w":213,"h":19},"spriteSourceSize":{"x":0,"y":0,"w":213,"h":19},"frame":{"x":264,"y":97,"w":213,"h":19}},{"filename":"daily-challenge/bg-item-light","rotated":false,"trimmed":false,"sourceSize":{"w":254,"h":41},"spriteSourceSize":{"x":0,"y":0,"w":254,"h":41},"frame":{"x":2,"y":115,"w":254,"h":41}},{"filename":"texts/play-single","rotated":false,"trimmed":false,"sourceSize":{"w":167,"h":18},"spriteSourceSize":{"x":0,"y":0,"w":167,"h":18},"frame":{"x":259,"y":119,"w":167,"h":18}},{"filename":"texts/refill-lives","rotated":false,"trimmed":false,"sourceSize":{"w":161,"h":15},"spriteSourceSize":{"x":0,"y":0,"w":161,"h":15},"frame":{"x":259,"y":140,"w":161,"h":15}},{"filename":"texts/setting","rotated":false,"trimmed":false,"sourceSize":{"w":154,"h":19},"spriteSourceSize":{"x":0,"y":0,"w":154,"h":19},"frame":{"x":259,"y":158,"w":154,"h":19}},{"filename":"texts/second-chance","rotated":false,"trimmed":false,"sourceSize":{"w":251,"h":19},"spriteSourceSize":{"x":0,"y":0,"w":251,"h":19},"frame":{"x":2,"y":159,"w":251,"h":19}},{"filename":"texts/waiting-for-opponent","rotated":false,"trimmed":false,"sourceSize":{"w":221,"h":19},"spriteSourceSize":{"x":0,"y":0,"w":221,"h":19},"frame":{"x":256,"y":180,"w":221,"h":19}},{"filename":"texts/first-milestone","rotated":false,"trimmed":false,"sourceSize":{"w":249,"h":19},"spriteSourceSize":{"x":0,"y":0,"w":249,"h":19},"frame":{"x":2,"y":181,"w":249,"h":19}},{"filename":"texts/play-with","rotated":false,"trimmed":false,"sourceSize":{"w":146,"h":17},"spriteSourceSize":{"x":0,"y":0,"w":146,"h":17},"frame":{"x":254,"y":202,"w":146,"h":17}},{"filename":"texts/daily-challenge","rotated":false,"trimmed":false,"sourceSize":{"w":237,"h":20},"spriteSourceSize":{"x":0,"y":0,"w":237,"h":20},"frame":{"x":2,"y":203,"w":237,"h":20}},{"filename":"texts/text-journey","rotated":false,"trimmed":false,"sourceSize":{"w":145,"h":18},"spriteSourceSize":{"x":0,"y":0,"w":145,"h":18},"frame":{"x":242,"y":222,"w":145,"h":18}},{"filename":"texts/your-score","rotated":false,"trimmed":false,"sourceSize":{"w":136,"h":19},"spriteSourceSize":{"x":0,"y":0,"w":136,"h":19},"frame":{"x":2,"y":226,"w":136,"h":19}},{"filename":"leaderboards/bg-item-0","rotated":false,"trimmed":false,"sourceSize":{"w":116,"h":23},"spriteSourceSize":{"x":0,"y":0,"w":116,"h":23},"frame":{"x":2,"y":248,"w":116,"h":23}},{"filename":"leaderboards/bg-item-1","rotated":false,"trimmed":false,"sourceSize":{"w":116,"h":23},"spriteSourceSize":{"x":0,"y":0,"w":116,"h":23},"frame":{"x":2,"y":274,"w":116,"h":23}},{"filename":"texts/text-tutorial","rotated":false,"trimmed":false,"sourceSize":{"w":114,"h":19},"spriteSourceSize":{"x":0,"y":0,"w":114,"h":19},"frame":{"x":2,"y":300,"w":114,"h":19}},{"filename":"texts/congratulations","rotated":false,"trimmed":false,"sourceSize":{"w":107,"h":19},"spriteSourceSize":{"x":0,"y":0,"w":107,"h":19},"frame":{"x":2,"y":322,"w":107,"h":19}},{"filename":"ui-ngang/text-next-block","rotated":false,"trimmed":false,"sourceSize":{"w":121,"h":18},"spriteSourceSize":{"x":0,"y":0,"w":121,"h":18},"frame":{"x":2,"y":344,"w":121,"h":18}},{"filename":"texts/replay","rotated":false,"trimmed":false,"sourceSize":{"w":119,"h":16},"spriteSourceSize":{"x":0,"y":0,"w":119,"h":16},"frame":{"x":112,"y":322,"w":119,"h":16}},{"filename":"texts/start-over","rotated":false,"trimmed":false,"sourceSize":{"w":124,"h":15},"spriteSourceSize":{"x":0,"y":0,"w":124,"h":15},"frame":{"x":119,"y":300,"w":124,"h":15}},{"filename":"texts/continue","rotated":false,"trimmed":false,"sourceSize":{"w":101,"h":15},"spriteSourceSize":{"x":0,"y":0,"w":101,"h":15},"frame":{"x":121,"y":248,"w":101,"h":15}},{"filename":"texts/text-retry","rotated":false,"trimmed":false,"sourceSize":{"w":105,"h":14},"spriteSourceSize":{"x":0,"y":0,"w":105,"h":14},"frame":{"x":121,"y":266,"w":105,"h":14}}]}],"meta":{"app":"https://www.codeandweb.com/texturepacker","version":"3.0","smartupdate":"$TexturePacker:SmartUpdate:2051216c78b37e8511f049ab033309f0:ea47980113b110a98659639fa4d6b526:38a69b481ce127014b0b7fd232b2e3f4$"}}