{
	"textures": [
		{
			"image": "default-resources-0.png",
			"format": "RGBA8888",
			"size": {
				"w": 1024,
				"h": 1024
			},
			"scale": 1,
			"frames": [
				{
					"filename": "bg/bg-middle",
					"rotated": false,
					"trimmed": false,
					"sourceSize": {
						"w": 719,
						"h": 849
					},
					"spriteSourceSize": {
						"x": 0,
						"y": 0,
						"w": 719,
						"h": 849
					},
					"frame": {
						"x": 2,
						"y": 2,
						"w": 719,
						"h": 849
					}
				},
				{
					"filename": "leaderboards/bg-top",
					"rotated": false,
					"trimmed": false,
					"sourceSize": {
						"w": 949,
						"h": 168
					},
					"spriteSourceSize": {
						"x": 0,
						"y": 0,
						"w": 949,
						"h": 168
					},
					"frame": {
						"x": 2,
						"y": 854,
						"w": 949,
						"h": 168
					}
				},
				{
					"filename": "bg/bg-dark",
					"rotated": false,
					"trimmed": false,
					"sourceSize": {
						"w": 243,
						"h": 303
					},
					"spriteSourceSize": {
						"x": 0,
						"y": 0,
						"w": 243,
						"h": 303
					},
					"frame": {
						"x": 724,
						"y": 2,
						"w": 243,
						"h": 303
					}
				},
				{
					"filename": "avatar/border-big",
					"rotated": false,
					"trimmed": false,
					"sourceSize": {
						"w": 175,
						"h": 175
					},
					"spriteSourceSize": {
						"x": 0,
						"y": 0,
						"w": 175,
						"h": 175
					},
					"frame": {
						"x": 724,
						"y": 308,
						"w": 175,
						"h": 175
					}
				},
				{
					"filename": "preloader/dual-ring",
					"rotated": false,
					"trimmed": true,
					"sourceSize": {
						"w": 200,
						"h": 200
					},
					"spriteSourceSize": {
						"x": 27,
						"y": 26,
						"w": 146,
						"h": 148
					},
					"frame": {
						"x": 724,
						"y": 486,
						"w": 146,
						"h": 148
					}
				},
				{
					"filename": "avatar/border",
					"rotated": false,
					"trimmed": true,
					"sourceSize": {
						"w": 138,
						"h": 144
					},
					"spriteSourceSize": {
						"x": 0,
						"y": 4,
						"w": 138,
						"h": 140
					},
					"frame": {
						"x": 724,
						"y": 637,
						"w": 138,
						"h": 140
					}
				},
				{
					"filename": "texts/play-with",
					"rotated": false,
					"trimmed": false,
					"sourceSize": {
						"w": 249,
						"h": 34
					},
					"spriteSourceSize": {
						"x": 0,
						"y": 0,
						"w": 249,
						"h": 34
					},
					"frame": {
						"x": 724,
						"y": 780,
						"w": 249,
						"h": 34
					}
				},
				{
					"filename": "buttons/minor",
					"rotated": false,
					"trimmed": false,
					"sourceSize": {
						"w": 82,
						"h": 71
					},
					"spriteSourceSize": {
						"x": 0,
						"y": 0,
						"w": 82,
						"h": 71
					},
					"frame": {
						"x": 865,
						"y": 637,
						"w": 82,
						"h": 71
					}
				},
				{
					"filename": "icons/crown-big",
					"rotated": false,
					"trimmed": false,
					"sourceSize": {
						"w": 74,
						"h": 70
					},
					"spriteSourceSize": {
						"x": 0,
						"y": 0,
						"w": 74,
						"h": 70
					},
					"frame": {
						"x": 873,
						"y": 486,
						"w": 74,
						"h": 70
					}
				},
				{
					"filename": "texts/on",
					"rotated": false,
					"trimmed": false,
					"sourceSize": {
						"w": 74,
						"h": 25
					},
					"spriteSourceSize": {
						"x": 0,
						"y": 0,
						"w": 74,
						"h": 25
					},
					"frame": {
						"x": 873,
						"y": 559,
						"w": 74,
						"h": 25
					}
				},
				{
					"filename": "icons/icon-journey",
					"rotated": false,
					"trimmed": false,
					"sourceSize": {
						"w": 73,
						"h": 62
					},
					"spriteSourceSize": {
						"x": 0,
						"y": 0,
						"w": 73,
						"h": 62
					},
					"frame": {
						"x": 865,
						"y": 711,
						"w": 73,
						"h": 62
					}
				},
				{
					"filename": "icons/sound",
					"rotated": false,
					"trimmed": false,
					"sourceSize": {
						"w": 62,
						"h": 54
					},
					"spriteSourceSize": {
						"x": 0,
						"y": 0,
						"w": 62,
						"h": 54
					},
					"frame": {
						"x": 941,
						"y": 711,
						"w": 62,
						"h": 54
					}
				},
				{
					"filename": "texts/continue",
					"rotated": false,
					"trimmed": false,
					"sourceSize": {
						"w": 212,
						"h": 30
					},
					"spriteSourceSize": {
						"x": 0,
						"y": 0,
						"w": 212,
						"h": 30
					},
					"frame": {
						"x": 724,
						"y": 817,
						"w": 212,
						"h": 30
					}
				},
				{
					"filename": "icons/sword-blue",
					"rotated": false,
					"trimmed": false,
					"sourceSize": {
						"w": 35,
						"h": 31
					},
					"spriteSourceSize": {
						"x": 0,
						"y": 0,
						"w": 35,
						"h": 31
					},
					"frame": {
						"x": 939,
						"y": 817,
						"w": 35,
						"h": 31
					}
				},
				{
					"filename": "icons/brown-journey",
					"rotated": false,
					"trimmed": false,
					"sourceSize": {
						"w": 45,
						"h": 42
					},
					"spriteSourceSize": {
						"x": 0,
						"y": 0,
						"w": 45,
						"h": 42
					},
					"frame": {
						"x": 976,
						"y": 768,
						"w": 45,
						"h": 42
					}
				},
				{
					"filename": "icons/vibrate",
					"rotated": false,
					"trimmed": false,
					"sourceSize": {
						"w": 62,
						"h": 73
					},
					"spriteSourceSize": {
						"x": 0,
						"y": 0,
						"w": 62,
						"h": 73
					},
					"frame": {
						"x": 954,
						"y": 851,
						"w": 62,
						"h": 73
					}
				},
				{
					"filename": "icons/crown",
					"rotated": false,
					"trimmed": false,
					"sourceSize": {
						"w": 31,
						"h": 27
					},
					"spriteSourceSize": {
						"x": 0,
						"y": 0,
						"w": 31,
						"h": 27
					},
					"frame": {
						"x": 977,
						"y": 813,
						"w": 31,
						"h": 27
					}
				},
				{
					"filename": "icons/dot",
					"rotated": false,
					"trimmed": false,
					"sourceSize": {
						"w": 68,
						"h": 70
					},
					"spriteSourceSize": {
						"x": 0,
						"y": 0,
						"w": 68,
						"h": 70
					},
					"frame": {
						"x": 954,
						"y": 927,
						"w": 68,
						"h": 70
					}
				},
				{
					"filename": "icons/back",
					"rotated": false,
					"trimmed": false,
					"sourceSize": {
						"w": 50,
						"h": 38
					},
					"spriteSourceSize": {
						"x": 0,
						"y": 0,
						"w": 50,
						"h": 38
					},
					"frame": {
						"x": 873,
						"y": 587,
						"w": 50,
						"h": 38
					}
				},
				{
					"filename": "icons/play-green",
					"rotated": false,
					"trimmed": false,
					"sourceSize": {
						"w": 47,
						"h": 47
					},
					"spriteSourceSize": {
						"x": 0,
						"y": 0,
						"w": 47,
						"h": 47
					},
					"frame": {
						"x": 926,
						"y": 587,
						"w": 47,
						"h": 47
					}
				},
				{
					"filename": "icons/icon-daily",
					"rotated": false,
					"trimmed": false,
					"sourceSize": {
						"w": 67,
						"h": 67
					},
					"spriteSourceSize": {
						"x": 0,
						"y": 0,
						"w": 67,
						"h": 67
					},
					"frame": {
						"x": 950,
						"y": 637,
						"w": 67,
						"h": 67
					}
				},
				{
					"filename": "icons/music",
					"rotated": false,
					"trimmed": false,
					"sourceSize": {
						"w": 56,
						"h": 61
					},
					"spriteSourceSize": {
						"x": 0,
						"y": 0,
						"w": 56,
						"h": 61
					},
					"frame": {
						"x": 902,
						"y": 308,
						"w": 56,
						"h": 61
					}
				},
				{
					"filename": "buttons/dot-blue",
					"rotated": false,
					"trimmed": false,
					"sourceSize": {
						"w": 56,
						"h": 54
					},
					"spriteSourceSize": {
						"x": 0,
						"y": 0,
						"w": 56,
						"h": 54
					},
					"frame": {
						"x": 902,
						"y": 372,
						"w": 56,
						"h": 54
					}
				},
				{
					"filename": "buttons/dot-green",
					"rotated": false,
					"trimmed": false,
					"sourceSize": {
						"w": 56,
						"h": 54
					},
					"spriteSourceSize": {
						"x": 0,
						"y": 0,
						"w": 56,
						"h": 54
					},
					"frame": {
						"x": 902,
						"y": 429,
						"w": 56,
						"h": 54
					}
				},
				{
					"filename": "icons/retry",
					"rotated": false,
					"trimmed": false,
					"sourceSize": {
						"w": 50,
						"h": 53
					},
					"spriteSourceSize": {
						"x": 0,
						"y": 0,
						"w": 50,
						"h": 53
					},
					"frame": {
						"x": 950,
						"y": 486,
						"w": 50,
						"h": 53
					}
				},
				{
					"filename": "icons/flat-ad",
					"rotated": false,
					"trimmed": false,
					"sourceSize": {
						"w": 47,
						"h": 41
					},
					"spriteSourceSize": {
						"x": 0,
						"y": 0,
						"w": 47,
						"h": 41
					},
					"frame": {
						"x": 950,
						"y": 542,
						"w": 47,
						"h": 41
					}
				},
				{
					"filename": "icons/plus",
					"rotated": false,
					"trimmed": false,
					"sourceSize": {
						"w": 42,
						"h": 44
					},
					"spriteSourceSize": {
						"x": 0,
						"y": 0,
						"w": 42,
						"h": 44
					},
					"frame": {
						"x": 976,
						"y": 586,
						"w": 42,
						"h": 44
					}
				},
				{
					"filename": "buttons/close",
					"rotated": false,
					"trimmed": false,
					"sourceSize": {
						"w": 52,
						"h": 52
					},
					"spriteSourceSize": {
						"x": 0,
						"y": 0,
						"w": 52,
						"h": 52
					},
					"frame": {
						"x": 961,
						"y": 308,
						"w": 52,
						"h": 52
					}
				},
				{
					"filename": "icons/rank",
					"rotated": false,
					"trimmed": false,
					"sourceSize": {
						"w": 51,
						"h": 49
					},
					"spriteSourceSize": {
						"x": 0,
						"y": 0,
						"w": 51,
						"h": 49
					},
					"frame": {
						"x": 961,
						"y": 363,
						"w": 51,
						"h": 49
					}
				},
				{
					"filename": "icons/play",
					"rotated": false,
					"trimmed": false,
					"sourceSize": {
						"w": 47,
						"h": 47
					},
					"spriteSourceSize": {
						"x": 0,
						"y": 0,
						"w": 47,
						"h": 47
					},
					"frame": {
						"x": 961,
						"y": 415,
						"w": 47,
						"h": 47
					}
				},
				{
					"filename": "icons/replay",
					"rotated": false,
					"trimmed": false,
					"sourceSize": {
						"w": 40,
						"h": 47
					},
					"spriteSourceSize": {
						"x": 0,
						"y": 0,
						"w": 40,
						"h": 47
					},
					"frame": {
						"x": 970,
						"y": 2,
						"w": 40,
						"h": 47
					}
				},
				{
					"filename": "icons/share",
					"rotated": false,
					"trimmed": false,
					"sourceSize": {
						"w": 36,
						"h": 47
					},
					"spriteSourceSize": {
						"x": 0,
						"y": 0,
						"w": 36,
						"h": 47
					},
					"frame": {
						"x": 970,
						"y": 52,
						"w": 36,
						"h": 47
					}
				},
				{
					"filename": "icons/home",
					"rotated": false,
					"trimmed": false,
					"sourceSize": {
						"w": 47,
						"h": 43
					},
					"spriteSourceSize": {
						"x": 0,
						"y": 0,
						"w": 47,
						"h": 43
					},
					"frame": {
						"x": 970,
						"y": 102,
						"w": 47,
						"h": 43
					}
				},
				{
					"filename": "icons/battle",
					"rotated": false,
					"trimmed": false,
					"sourceSize": {
						"w": 44,
						"h": 41
					},
					"spriteSourceSize": {
						"x": 0,
						"y": 0,
						"w": 44,
						"h": 41
					},
					"frame": {
						"x": 970,
						"y": 148,
						"w": 44,
						"h": 41
					}
				},
				{
					"filename": "icons/setting",
					"rotated": false,
					"trimmed": false,
					"sourceSize": {
						"w": 42,
						"h": 41
					},
					"spriteSourceSize": {
						"x": 0,
						"y": 0,
						"w": 42,
						"h": 41
					},
					"frame": {
						"x": 970,
						"y": 192,
						"w": 42,
						"h": 41
					}
				},
				{
					"filename": "icons/sword",
					"rotated": false,
					"trimmed": false,
					"sourceSize": {
						"w": 46,
						"h": 38
					},
					"spriteSourceSize": {
						"x": 0,
						"y": 0,
						"w": 46,
						"h": 38
					},
					"frame": {
						"x": 970,
						"y": 236,
						"w": 46,
						"h": 38
					}
				}
			]
		},
		{
			"image": "default-resources-1.png",
			"format": "RGBA8888",
			"size": {
				"w": 1012,
				"h": 1012
			},
			"scale": 1,
			"frames": [
				{
					"filename": "leaderboards/bg-bottom",
					"rotated": false,
					"trimmed": false,
					"sourceSize": {
						"w": 949,
						"h": 67
					},
					"spriteSourceSize": {
						"x": 0,
						"y": 0,
						"w": 949,
						"h": 67
					},
					"frame": {
						"x": 2,
						"y": 2,
						"w": 949,
						"h": 67
					}
				},
				{
					"filename": "footer",
					"rotated": false,
					"trimmed": false,
					"sourceSize": {
						"w": 750,
						"h": 153
					},
					"spriteSourceSize": {
						"x": 0,
						"y": 0,
						"w": 750,
						"h": 153
					},
					"frame": {
						"x": 2,
						"y": 72,
						"w": 750,
						"h": 153
					}
				},
				{
					"filename": "daily-challenge/bg",
					"rotated": false,
					"trimmed": false,
					"sourceSize": {
						"w": 520,
						"h": 285
					},
					"spriteSourceSize": {
						"x": 0,
						"y": 0,
						"w": 520,
						"h": 285
					},
					"frame": {
						"x": 2,
						"y": 228,
						"w": 520,
						"h": 285
					}
				},
				{
					"filename": "popup/middle",
					"rotated": false,
					"trimmed": false,
					"sourceSize": {
						"w": 431,
						"h": 227
					},
					"spriteSourceSize": {
						"x": 0,
						"y": 0,
						"w": 431,
						"h": 227
					},
					"frame": {
						"x": 2,
						"y": 516,
						"w": 431,
						"h": 227
					}
				},
				{
					"filename": "popup/background",
					"rotated": false,
					"trimmed": false,
					"sourceSize": {
						"w": 395,
						"h": 221
					},
					"spriteSourceSize": {
						"x": 0,
						"y": 0,
						"w": 395,
						"h": 221
					},
					"frame": {
						"x": 2,
						"y": 746,
						"w": 395,
						"h": 221
					}
				},
				{
					"filename": "lives/heart",
					"rotated": false,
					"trimmed": false,
					"sourceSize": {
						"w": 339,
						"h": 279
					},
					"spriteSourceSize": {
						"x": 0,
						"y": 0,
						"w": 339,
						"h": 279
					},
					"frame": {
						"x": 525,
						"y": 228,
						"w": 339,
						"h": 279
					}
				},
				{
					"filename": "border-bottom-panel",
					"rotated": false,
					"trimmed": false,
					"sourceSize": {
						"w": 750,
						"h": 36
					},
					"spriteSourceSize": {
						"x": 0,
						"y": 0,
						"w": 750,
						"h": 36
					},
					"frame": {
						"x": 2,
						"y": 970,
						"w": 750,
						"h": 36
					}
				},
				{
					"filename": "best-score-frame-long",
					"rotated": false,
					"trimmed": false,
					"sourceSize": {
						"w": 386,
						"h": 154
					},
					"spriteSourceSize": {
						"x": 0,
						"y": 0,
						"w": 386,
						"h": 154
					},
					"frame": {
						"x": 525,
						"y": 510,
						"w": 386,
						"h": 154
					}
				},
				{
					"filename": "texts/your-score",
					"rotated": false,
					"trimmed": false,
					"sourceSize": {
						"w": 461,
						"h": 60
					},
					"spriteSourceSize": {
						"x": 0,
						"y": 0,
						"w": 461,
						"h": 60
					},
					"frame": {
						"x": 436,
						"y": 667,
						"w": 461,
						"h": 60
					}
				},
				{
					"filename": "buttons/green",
					"rotated": false,
					"trimmed": false,
					"sourceSize": {
						"w": 238,
						"h": 82
					},
					"spriteSourceSize": {
						"x": 0,
						"y": 0,
						"w": 238,
						"h": 82
					},
					"frame": {
						"x": 755,
						"y": 72,
						"w": 238,
						"h": 82
					}
				},
				{
					"filename": "bg-progress-circle",
					"rotated": false,
					"trimmed": false,
					"sourceSize": {
						"w": 232,
						"h": 231
					},
					"spriteSourceSize": {
						"x": 0,
						"y": 0,
						"w": 232,
						"h": 231
					},
					"frame": {
						"x": 436,
						"y": 730,
						"w": 232,
						"h": 231
					}
				},
				{
					"filename": "icon-journey",
					"rotated": false,
					"trimmed": false,
					"sourceSize": {
						"w": 150,
						"h": 122
					},
					"spriteSourceSize": {
						"x": 0,
						"y": 0,
						"w": 150,
						"h": 122
					},
					"frame": {
						"x": 671,
						"y": 730,
						"w": 150,
						"h": 122
					}
				},
				{
					"filename": "buttons/play",
					"rotated": false,
					"trimmed": false,
					"sourceSize": {
						"w": 86,
						"h": 65
					},
					"spriteSourceSize": {
						"x": 0,
						"y": 0,
						"w": 86,
						"h": 65
					},
					"frame": {
						"x": 436,
						"y": 516,
						"w": 86,
						"h": 65
					}
				},
				{
					"filename": "buttons/random",
					"rotated": false,
					"trimmed": false,
					"sourceSize": {
						"w": 86,
						"h": 65
					},
					"spriteSourceSize": {
						"x": 0,
						"y": 0,
						"w": 86,
						"h": 65
					},
					"frame": {
						"x": 436,
						"y": 584,
						"w": 86,
						"h": 65
					}
				},
				{
					"filename": "avatar/background",
					"rotated": false,
					"trimmed": false,
					"sourceSize": {
						"w": 105,
						"h": 107
					},
					"spriteSourceSize": {
						"x": 0,
						"y": 0,
						"w": 105,
						"h": 107
					},
					"frame": {
						"x": 671,
						"y": 855,
						"w": 105,
						"h": 107
					}
				},
				{
					"filename": "best-score-frame",
					"rotated": false,
					"trimmed": false,
					"sourceSize": {
						"w": 111,
						"h": 152
					},
					"spriteSourceSize": {
						"x": 0,
						"y": 0,
						"w": 111,
						"h": 152
					},
					"frame": {
						"x": 824,
						"y": 730,
						"w": 111,
						"h": 152
					}
				},
				{
					"filename": "buttons/toggle-off",
					"rotated": false,
					"trimmed": false,
					"sourceSize": {
						"w": 133,
						"h": 46
					},
					"spriteSourceSize": {
						"x": 0,
						"y": 0,
						"w": 133,
						"h": 46
					},
					"frame": {
						"x": 755,
						"y": 157,
						"w": 133,
						"h": 46
					}
				},
				{
					"filename": "avatar/border-challenge",
					"rotated": false,
					"trimmed": false,
					"sourceSize": {
						"w": 119,
						"h": 118
					},
					"spriteSourceSize": {
						"x": 0,
						"y": 0,
						"w": 119,
						"h": 118
					},
					"frame": {
						"x": 891,
						"y": 157,
						"w": 119,
						"h": 118
					}
				},
				{
					"filename": "bg/level-playing",
					"rotated": false,
					"trimmed": false,
					"sourceSize": {
						"w": 113,
						"h": 94
					},
					"spriteSourceSize": {
						"x": 0,
						"y": 0,
						"w": 113,
						"h": 94
					},
					"frame": {
						"x": 867,
						"y": 278,
						"w": 113,
						"h": 94
					}
				},
				{
					"filename": "bg/level-locked",
					"rotated": false,
					"trimmed": false,
					"sourceSize": {
						"w": 101,
						"h": 83
					},
					"spriteSourceSize": {
						"x": 0,
						"y": 0,
						"w": 101,
						"h": 83
					},
					"frame": {
						"x": 867,
						"y": 375,
						"w": 101,
						"h": 83
					}
				},
				{
					"filename": "buttons/toggle-on",
					"rotated": false,
					"trimmed": false,
					"sourceSize": {
						"w": 133,
						"h": 46
					},
					"spriteSourceSize": {
						"x": 0,
						"y": 0,
						"w": 133,
						"h": 46
					},
					"frame": {
						"x": 867,
						"y": 461,
						"w": 133,
						"h": 46
					}
				},
				{
					"filename": "buttons/challenge_light",
					"rotated": false,
					"trimmed": false,
					"sourceSize": {
						"w": 88,
						"h": 65
					},
					"spriteSourceSize": {
						"x": 0,
						"y": 0,
						"w": 88,
						"h": 65
					},
					"frame": {
						"x": 914,
						"y": 510,
						"w": 88,
						"h": 65
					}
				},
				{
					"filename": "buttons/skip",
					"rotated": false,
					"trimmed": false,
					"sourceSize": {
						"w": 120,
						"h": 71
					},
					"spriteSourceSize": {
						"x": 0,
						"y": 0,
						"w": 120,
						"h": 71
					},
					"frame": {
						"x": 779,
						"y": 885,
						"w": 120,
						"h": 71
					}
				},
				{
					"filename": "buttons/share",
					"rotated": false,
					"trimmed": false,
					"sourceSize": {
						"w": 79,
						"h": 58
					},
					"spriteSourceSize": {
						"x": 0,
						"y": 0,
						"w": 79,
						"h": 58
					},
					"frame": {
						"x": 914,
						"y": 578,
						"w": 79,
						"h": 58
					}
				},
				{
					"filename": "texts/play-with-blue",
					"rotated": false,
					"trimmed": false,
					"sourceSize": {
						"w": 115,
						"h": 18
					},
					"spriteSourceSize": {
						"x": 0,
						"y": 0,
						"w": 115,
						"h": 18
					},
					"frame": {
						"x": 755,
						"y": 206,
						"w": 115,
						"h": 18
					}
				},
				{
					"filename": "leaderboards/tab-off",
					"rotated": false,
					"trimmed": false,
					"sourceSize": {
						"w": 113,
						"h": 36
					},
					"spriteSourceSize": {
						"x": 0,
						"y": 0,
						"w": 113,
						"h": 36
					},
					"frame": {
						"x": 779,
						"y": 959,
						"w": 113,
						"h": 36
					}
				},
				{
					"filename": "bg/level-played",
					"rotated": false,
					"trimmed": false,
					"sourceSize": {
						"w": 100,
						"h": 82
					},
					"spriteSourceSize": {
						"x": 0,
						"y": 0,
						"w": 100,
						"h": 82
					},
					"frame": {
						"x": 902,
						"y": 885,
						"w": 100,
						"h": 82
					}
				},
				{
					"filename": "icons/white-journey",
					"rotated": false,
					"trimmed": false,
					"sourceSize": {
						"w": 42,
						"h": 40
					},
					"spriteSourceSize": {
						"x": 0,
						"y": 0,
						"w": 42,
						"h": 40
					},
					"frame": {
						"x": 895,
						"y": 970,
						"w": 42,
						"h": 40
					}
				},
				{
					"filename": "buttons/circle-button",
					"rotated": false,
					"trimmed": false,
					"sourceSize": {
						"w": 41,
						"h": 41
					},
					"spriteSourceSize": {
						"x": 0,
						"y": 0,
						"w": 41,
						"h": 41
					},
					"frame": {
						"x": 954,
						"y": 2,
						"w": 41,
						"h": 41
					}
				},
				{
					"filename": "icons/cup-bronze",
					"rotated": false,
					"trimmed": false,
					"sourceSize": {
						"w": 43,
						"h": 36
					},
					"spriteSourceSize": {
						"x": 0,
						"y": 0,
						"w": 43,
						"h": 36
					},
					"frame": {
						"x": 940,
						"y": 970,
						"w": 43,
						"h": 36
					}
				},
				{
					"filename": "icons/share-blue",
					"rotated": false,
					"trimmed": false,
					"sourceSize": {
						"w": 32,
						"h": 43
					},
					"spriteSourceSize": {
						"x": 0,
						"y": 0,
						"w": 32,
						"h": 43
					},
					"frame": {
						"x": 400,
						"y": 746,
						"w": 32,
						"h": 43
					}
				},
				{
					"filename": "texts/vs",
					"rotated": false,
					"trimmed": false,
					"sourceSize": {
						"w": 47,
						"h": 28
					},
					"spriteSourceSize": {
						"x": 0,
						"y": 0,
						"w": 47,
						"h": 28
					},
					"frame": {
						"x": 914,
						"y": 639,
						"w": 47,
						"h": 28
					}
				},
				{
					"filename": "text-target-panel",
					"rotated": false,
					"trimmed": false,
					"sourceSize": {
						"w": 98,
						"h": 46
					},
					"spriteSourceSize": {
						"x": 0,
						"y": 0,
						"w": 98,
						"h": 46
					},
					"frame": {
						"x": 900,
						"y": 670,
						"w": 98,
						"h": 46
					}
				},
				{
					"filename": "icons/i-play",
					"rotated": false,
					"trimmed": false,
					"sourceSize": {
						"w": 31,
						"h": 39
					},
					"spriteSourceSize": {
						"x": 0,
						"y": 0,
						"w": 31,
						"h": 39
					},
					"frame": {
						"x": 400,
						"y": 792,
						"w": 31,
						"h": 39
					}
				},
				{
					"filename": "icons/cup-gold",
					"rotated": false,
					"trimmed": false,
					"sourceSize": {
						"w": 43,
						"h": 36
					},
					"spriteSourceSize": {
						"x": 0,
						"y": 0,
						"w": 43,
						"h": 36
					},
					"frame": {
						"x": 938,
						"y": 719,
						"w": 43,
						"h": 36
					}
				},
				{
					"filename": "icons/cup-silver",
					"rotated": false,
					"trimmed": false,
					"sourceSize": {
						"w": 43,
						"h": 36
					},
					"spriteSourceSize": {
						"x": 0,
						"y": 0,
						"w": 43,
						"h": 36
					},
					"frame": {
						"x": 938,
						"y": 758,
						"w": 43,
						"h": 36
					}
				},
				{
					"filename": "icons/check",
					"rotated": false,
					"trimmed": false,
					"sourceSize": {
						"w": 44,
						"h": 35
					},
					"spriteSourceSize": {
						"x": 0,
						"y": 0,
						"w": 44,
						"h": 35
					},
					"frame": {
						"x": 938,
						"y": 797,
						"w": 44,
						"h": 35
					}
				},
				{
					"filename": "icons/clock",
					"rotated": false,
					"trimmed": false,
					"sourceSize": {
						"w": 34,
						"h": 35
					},
					"spriteSourceSize": {
						"x": 0,
						"y": 0,
						"w": 34,
						"h": 35
					},
					"frame": {
						"x": 938,
						"y": 835,
						"w": 34,
						"h": 35
					}
				}
			]
		},
		{
			"image": "default-resources-2.png",
			"format": "RGBA8888",
			"size": {
				"w": 1022,
				"h": 1022
			},
			"scale": 1,
			"frames": [
				{
					"filename": "bg/bg-bottom",
					"rotated": false,
					"trimmed": false,
					"sourceSize": {
						"w": 719,
						"h": 111
					},
					"spriteSourceSize": {
						"x": 0,
						"y": 0,
						"w": 719,
						"h": 111
					},
					"frame": {
						"x": 2,
						"y": 2,
						"w": 719,
						"h": 111
					}
				},
				{
					"filename": "bottom-panel",
					"rotated": false,
					"trimmed": false,
					"sourceSize": {
						"w": 281,
						"h": 171
					},
					"spriteSourceSize": {
						"x": 0,
						"y": 0,
						"w": 281,
						"h": 171
					},
					"frame": {
						"x": 724,
						"y": 2,
						"w": 281,
						"h": 171
					}
				},
				{
					"filename": "bg/bg-top",
					"rotated": false,
					"trimmed": false,
					"sourceSize": {
						"w": 719,
						"h": 111
					},
					"spriteSourceSize": {
						"x": 0,
						"y": 0,
						"w": 719,
						"h": 111
					},
					"frame": {
						"x": 2,
						"y": 116,
						"w": 719,
						"h": 111
					}
				},
				{
					"filename": "daily-challenge/title-panel",
					"rotated": false,
					"trimmed": false,
					"sourceSize": {
						"w": 282,
						"h": 69
					},
					"spriteSourceSize": {
						"x": 0,
						"y": 0,
						"w": 282,
						"h": 69
					},
					"frame": {
						"x": 724,
						"y": 176,
						"w": 282,
						"h": 69
					}
				},
				{
					"filename": "score-panel",
					"rotated": false,
					"trimmed": false,
					"sourceSize": {
						"w": 526,
						"h": 152
					},
					"spriteSourceSize": {
						"x": 0,
						"y": 0,
						"w": 526,
						"h": 152
					},
					"frame": {
						"x": 2,
						"y": 230,
						"w": 526,
						"h": 152
					}
				},
				{
					"filename": "buttons/dark-blue-big",
					"rotated": false,
					"trimmed": false,
					"sourceSize": {
						"w": 179,
						"h": 82
					},
					"spriteSourceSize": {
						"x": 0,
						"y": 0,
						"w": 179,
						"h": 82
					},
					"frame": {
						"x": 531,
						"y": 230,
						"w": 179,
						"h": 82
					}
				},
				{
					"filename": "popup/score-panel",
					"rotated": false,
					"trimmed": false,
					"sourceSize": {
						"w": 299,
						"h": 92
					},
					"spriteSourceSize": {
						"x": 0,
						"y": 0,
						"w": 299,
						"h": 92
					},
					"frame": {
						"x": 713,
						"y": 248,
						"w": 299,
						"h": 92
					}
				},
				{
					"filename": "buttons/green-big",
					"rotated": false,
					"trimmed": false,
					"sourceSize": {
						"w": 179,
						"h": 82
					},
					"spriteSourceSize": {
						"x": 0,
						"y": 0,
						"w": 179,
						"h": 82
					},
					"frame": {
						"x": 531,
						"y": 315,
						"w": 179,
						"h": 82
					}
				},
				{
					"filename": "texts/setting",
					"rotated": false,
					"trimmed": false,
					"sourceSize": {
						"w": 285,
						"h": 60
					},
					"spriteSourceSize": {
						"x": 0,
						"y": 0,
						"w": 285,
						"h": 60
					},
					"frame": {
						"x": 713,
						"y": 343,
						"w": 285,
						"h": 60
					}
				},
				{
					"filename": "daily-challenge/bg-item-dark",
					"rotated": false,
					"trimmed": false,
					"sourceSize": {
						"w": 508,
						"h": 81
					},
					"spriteSourceSize": {
						"x": 0,
						"y": 0,
						"w": 508,
						"h": 81
					},
					"frame": {
						"x": 2,
						"y": 385,
						"w": 508,
						"h": 81
					}
				},
				{
					"filename": "buttons/dark-blue-small",
					"rotated": false,
					"trimmed": false,
					"sourceSize": {
						"w": 178,
						"h": 74
					},
					"spriteSourceSize": {
						"x": 0,
						"y": 0,
						"w": 178,
						"h": 74
					},
					"frame": {
						"x": 513,
						"y": 400,
						"w": 178,
						"h": 74
					}
				},
				{
					"filename": "leaderboards/bg-item",
					"rotated": false,
					"trimmed": false,
					"sourceSize": {
						"w": 317,
						"h": 61
					},
					"spriteSourceSize": {
						"x": 0,
						"y": 0,
						"w": 317,
						"h": 61
					},
					"frame": {
						"x": 694,
						"y": 406,
						"w": 317,
						"h": 61
					}
				},
				{
					"filename": "texts/refill-lives",
					"rotated": false,
					"trimmed": false,
					"sourceSize": {
						"w": 241,
						"h": 71
					},
					"spriteSourceSize": {
						"x": 0,
						"y": 0,
						"w": 241,
						"h": 71
					},
					"frame": {
						"x": 694,
						"y": 470,
						"w": 241,
						"h": 71
					}
				},
				{
					"filename": "texts/yes",
					"rotated": false,
					"trimmed": false,
					"sourceSize": {
						"w": 73,
						"h": 35
					},
					"spriteSourceSize": {
						"x": 0,
						"y": 0,
						"w": 73,
						"h": 35
					},
					"frame": {
						"x": 938,
						"y": 470,
						"w": 73,
						"h": 35
					}
				},
				{
					"filename": "daily-challenge/bg-item-light",
					"rotated": false,
					"trimmed": false,
					"sourceSize": {
						"w": 508,
						"h": 81
					},
					"spriteSourceSize": {
						"x": 0,
						"y": 0,
						"w": 508,
						"h": 81
					},
					"frame": {
						"x": 2,
						"y": 469,
						"w": 508,
						"h": 81
					}
				},
				{
					"filename": "daily-challenge/time-panel",
					"rotated": false,
					"trimmed": false,
					"sourceSize": {
						"w": 170,
						"h": 48
					},
					"spriteSourceSize": {
						"x": 0,
						"y": 0,
						"w": 170,
						"h": 48
					},
					"frame": {
						"x": 513,
						"y": 477,
						"w": 170,
						"h": 48
					}
				},
				{
					"filename": "texts/text-journey",
					"rotated": false,
					"trimmed": false,
					"sourceSize": {
						"w": 169,
						"h": 35
					},
					"spriteSourceSize": {
						"x": 0,
						"y": 0,
						"w": 169,
						"h": 35
					},
					"frame": {
						"x": 513,
						"y": 528,
						"w": 169,
						"h": 35
					}
				},
				{
					"filename": "buttons/green-large",
					"rotated": false,
					"trimmed": false,
					"sourceSize": {
						"w": 330,
						"h": 107
					},
					"spriteSourceSize": {
						"x": 0,
						"y": 0,
						"w": 330,
						"h": 107
					},
					"frame": {
						"x": 685,
						"y": 544,
						"w": 330,
						"h": 107
					}
				},
				{
					"filename": "lives/time-block-2",
					"rotated": false,
					"trimmed": false,
					"sourceSize": {
						"w": 363,
						"h": 108
					},
					"spriteSourceSize": {
						"x": 0,
						"y": 0,
						"w": 363,
						"h": 108
					},
					"frame": {
						"x": 2,
						"y": 553,
						"w": 363,
						"h": 108
					}
				},
				{
					"filename": "leaderboards/tab-on",
					"rotated": false,
					"trimmed": false,
					"sourceSize": {
						"w": 113,
						"h": 36
					},
					"spriteSourceSize": {
						"x": 0,
						"y": 0,
						"w": 113,
						"h": 36
					},
					"frame": {
						"x": 368,
						"y": 553,
						"w": 113,
						"h": 36
					}
				},
				{
					"filename": "score-panel-dark",
					"rotated": false,
					"trimmed": false,
					"sourceSize": {
						"w": 187,
						"h": 51
					},
					"spriteSourceSize": {
						"x": 0,
						"y": 0,
						"w": 187,
						"h": 51
					},
					"frame": {
						"x": 484,
						"y": 566,
						"w": 187,
						"h": 51
					}
				},
				{
					"filename": "texts/no",
					"rotated": false,
					"trimmed": false,
					"sourceSize": {
						"w": 90,
						"h": 43
					},
					"spriteSourceSize": {
						"x": 0,
						"y": 0,
						"w": 90,
						"h": 43
					},
					"frame": {
						"x": 368,
						"y": 592,
						"w": 90,
						"h": 43
					}
				},
				{
					"filename": "bg-combo",
					"rotated": false,
					"trimmed": true,
					"sourceSize": {
						"w": 212,
						"h": 87
					},
					"spriteSourceSize": {
						"x": 0,
						"y": 9,
						"w": 212,
						"h": 78
					},
					"frame": {
						"x": 461,
						"y": 620,
						"w": 212,
						"h": 78
					}
				},
				{
					"filename": "buttons/brown",
					"rotated": false,
					"trimmed": false,
					"sourceSize": {
						"w": 329,
						"h": 81
					},
					"spriteSourceSize": {
						"x": 0,
						"y": 0,
						"w": 329,
						"h": 81
					},
					"frame": {
						"x": 676,
						"y": 654,
						"w": 329,
						"h": 81
					}
				},
				{
					"filename": "buttons/dark-blue",
					"rotated": false,
					"trimmed": false,
					"sourceSize": {
						"w": 365,
						"h": 107
					},
					"spriteSourceSize": {
						"x": 0,
						"y": 0,
						"w": 365,
						"h": 107
					},
					"frame": {
						"x": 2,
						"y": 664,
						"w": 365,
						"h": 107
					}
				},
				{
					"filename": "wood-panel",
					"rotated": false,
					"trimmed": false,
					"sourceSize": {
						"w": 301,
						"h": 56
					},
					"spriteSourceSize": {
						"x": 0,
						"y": 0,
						"w": 301,
						"h": 56
					},
					"frame": {
						"x": 370,
						"y": 701,
						"w": 301,
						"h": 56
					}
				},
				{
					"filename": "lives/time-block",
					"rotated": false,
					"trimmed": false,
					"sourceSize": {
						"w": 346,
						"h": 87
					},
					"spriteSourceSize": {
						"x": 0,
						"y": 0,
						"w": 346,
						"h": 87
					},
					"frame": {
						"x": 674,
						"y": 738,
						"w": 346,
						"h": 87
					}
				},
				{
					"filename": "bg-streak",
					"rotated": false,
					"trimmed": true,
					"sourceSize": {
						"w": 212,
						"h": 87
					},
					"spriteSourceSize": {
						"x": 0,
						"y": 9,
						"w": 212,
						"h": 78
					},
					"frame": {
						"x": 370,
						"y": 760,
						"w": 212,
						"h": 78
					}
				},
				{
					"filename": "popup/top-dark",
					"rotated": false,
					"trimmed": false,
					"sourceSize": {
						"w": 431,
						"h": 89
					},
					"spriteSourceSize": {
						"x": 0,
						"y": 0,
						"w": 431,
						"h": 89
					},
					"frame": {
						"x": 585,
						"y": 828,
						"w": 431,
						"h": 89
					}
				},
				{
					"filename": "leaf",
					"rotated": false,
					"trimmed": false,
					"sourceSize": {
						"w": 563,
						"h": 132
					},
					"spriteSourceSize": {
						"x": 0,
						"y": 0,
						"w": 563,
						"h": 132
					},
					"frame": {
						"x": 2,
						"y": 841,
						"w": 563,
						"h": 132
					}
				},
				{
					"filename": "popup/top",
					"rotated": false,
					"trimmed": false,
					"sourceSize": {
						"w": 431,
						"h": 89
					},
					"spriteSourceSize": {
						"x": 0,
						"y": 0,
						"w": 431,
						"h": 89
					},
					"frame": {
						"x": 568,
						"y": 920,
						"w": 431,
						"h": 89
					}
				},
				{
					"filename": "texts/out-of-live",
					"rotated": false,
					"trimmed": false,
					"sourceSize": {
						"w": 543,
						"h": 41
					},
					"spriteSourceSize": {
						"x": 0,
						"y": 0,
						"w": 543,
						"h": 41
					},
					"frame": {
						"x": 2,
						"y": 976,
						"w": 543,
						"h": 41
					}
				},
				{
					"filename": "texts/result",
					"rotated": false,
					"trimmed": false,
					"sourceSize": {
						"w": 330,
						"h": 45
					},
					"spriteSourceSize": {
						"x": 0,
						"y": 0,
						"w": 330,
						"h": 45
					},
					"frame": {
						"x": 2,
						"y": 774,
						"w": 330,
						"h": 45
					}
				}
			]
		},
		{
			"image": "default-resources-3.png",
			"format": "RGBA8888",
			"size": {
				"w": 953,
				"h": 953
			},
			"scale": 1,
			"frames": [
				{
					"filename": "leaderboards/bg-middle",
					"rotated": false,
					"trimmed": false,
					"sourceSize": {
						"w": 949,
						"h": 47
					},
					"spriteSourceSize": {
						"x": 0,
						"y": 0,
						"w": 949,
						"h": 47
					},
					"frame": {
						"x": 2,
						"y": 2,
						"w": 949,
						"h": 47
					}
				},
				{
					"filename": "daily-challenge/bottom-panel",
					"rotated": false,
					"trimmed": false,
					"sourceSize": {
						"w": 521,
						"h": 30
					},
					"spriteSourceSize": {
						"x": 0,
						"y": 0,
						"w": 521,
						"h": 30
					},
					"frame": {
						"x": 2,
						"y": 52,
						"w": 521,
						"h": 30
					}
				},
				{
					"filename": "texts/first-milestone",
					"rotated": false,
					"trimmed": false,
					"sourceSize": {
						"w": 424,
						"h": 41
					},
					"spriteSourceSize": {
						"x": 0,
						"y": 0,
						"w": 424,
						"h": 41
					},
					"frame": {
						"x": 526,
						"y": 52,
						"w": 424,
						"h": 41
					}
				},
				{
					"filename": "daily-challenge/top-panel",
					"rotated": false,
					"trimmed": false,
					"sourceSize": {
						"w": 521,
						"h": 30
					},
					"spriteSourceSize": {
						"x": 0,
						"y": 0,
						"w": 521,
						"h": 30
					},
					"frame": {
						"x": 2,
						"y": 85,
						"w": 521,
						"h": 30
					}
				},
				{
					"filename": "texts/next-milestone",
					"rotated": false,
					"trimmed": false,
					"sourceSize": {
						"w": 418,
						"h": 49
					},
					"spriteSourceSize": {
						"x": 0,
						"y": 0,
						"w": 418,
						"h": 49
					},
					"frame": {
						"x": 526,
						"y": 96,
						"w": 418,
						"h": 49
					}
				},
				{
					"filename": "daily-challenge/middle-panel",
					"rotated": false,
					"trimmed": false,
					"sourceSize": {
						"w": 521,
						"h": 26
					},
					"spriteSourceSize": {
						"x": 0,
						"y": 0,
						"w": 521,
						"h": 26
					},
					"frame": {
						"x": 2,
						"y": 118,
						"w": 521,
						"h": 26
					}
				},
				{
					"filename": "texts/waiting-for-opponent",
					"rotated": false,
					"trimmed": false,
					"sourceSize": {
						"w": 520,
						"h": 39
					},
					"spriteSourceSize": {
						"x": 0,
						"y": 0,
						"w": 520,
						"h": 39
					},
					"frame": {
						"x": 2,
						"y": 147,
						"w": 520,
						"h": 39
					}
				},
				{
					"filename": "texts/leader-board",
					"rotated": false,
					"trimmed": false,
					"sourceSize": {
						"w": 403,
						"h": 60
					},
					"spriteSourceSize": {
						"x": 0,
						"y": 0,
						"w": 403,
						"h": 60
					},
					"frame": {
						"x": 525,
						"y": 148,
						"w": 403,
						"h": 60
					}
				},
				{
					"filename": "border-daily",
					"rotated": false,
					"trimmed": false,
					"sourceSize": {
						"w": 518,
						"h": 51
					},
					"spriteSourceSize": {
						"x": 0,
						"y": 0,
						"w": 518,
						"h": 51
					},
					"frame": {
						"x": 2,
						"y": 189,
						"w": 518,
						"h": 51
					}
				},
				{
					"filename": "texts/invite-friends",
					"rotated": false,
					"trimmed": false,
					"sourceSize": {
						"w": 395,
						"h": 34
					},
					"spriteSourceSize": {
						"x": 0,
						"y": 0,
						"w": 395,
						"h": 34
					},
					"frame": {
						"x": 523,
						"y": 211,
						"w": 395,
						"h": 34
					}
				},
				{
					"filename": "texts/second-chance",
					"rotated": false,
					"trimmed": false,
					"sourceSize": {
						"w": 514,
						"h": 31
					},
					"spriteSourceSize": {
						"x": 0,
						"y": 0,
						"w": 514,
						"h": 31
					},
					"frame": {
						"x": 2,
						"y": 243,
						"w": 514,
						"h": 31
					}
				},
				{
					"filename": "popup/bottom",
					"rotated": false,
					"trimmed": false,
					"sourceSize": {
						"w": 431,
						"h": 27
					},
					"spriteSourceSize": {
						"x": 0,
						"y": 0,
						"w": 431,
						"h": 27
					},
					"frame": {
						"x": 519,
						"y": 248,
						"w": 431,
						"h": 27
					}
				},
				{
					"filename": "texts/keep-playing",
					"rotated": false,
					"trimmed": false,
					"sourceSize": {
						"w": 508,
						"h": 42
					},
					"spriteSourceSize": {
						"x": 0,
						"y": 0,
						"w": 508,
						"h": 42
					},
					"frame": {
						"x": 2,
						"y": 277,
						"w": 508,
						"h": 42
					}
				},
				{
					"filename": "texts/play-single",
					"rotated": false,
					"trimmed": false,
					"sourceSize": {
						"w": 361,
						"h": 35
					},
					"spriteSourceSize": {
						"x": 0,
						"y": 0,
						"w": 361,
						"h": 35
					},
					"frame": {
						"x": 513,
						"y": 278,
						"w": 361,
						"h": 35
					}
				},
				{
					"filename": "texts/text-next-level",
					"rotated": false,
					"trimmed": false,
					"sourceSize": {
						"w": 327,
						"h": 42
					},
					"spriteSourceSize": {
						"x": 0,
						"y": 0,
						"w": 327,
						"h": 42
					},
					"frame": {
						"x": 513,
						"y": 316,
						"w": 327,
						"h": 42
					}
				},
				{
					"filename": "texts/daily-challenge",
					"rotated": false,
					"trimmed": false,
					"sourceSize": {
						"w": 445,
						"h": 55
					},
					"spriteSourceSize": {
						"x": 0,
						"y": 0,
						"w": 445,
						"h": 55
					},
					"frame": {
						"x": 2,
						"y": 322,
						"w": 445,
						"h": 55
					}
				},
				{
					"filename": "texts/win",
					"rotated": false,
					"trimmed": false,
					"sourceSize": {
						"w": 303,
						"h": 45
					},
					"spriteSourceSize": {
						"x": 0,
						"y": 0,
						"w": 303,
						"h": 45
					},
					"frame": {
						"x": 450,
						"y": 361,
						"w": 303,
						"h": 45
					}
				},
				{
					"filename": "texts/start",
					"rotated": false,
					"trimmed": false,
					"sourceSize": {
						"w": 181,
						"h": 39
					},
					"spriteSourceSize": {
						"x": 0,
						"y": 0,
						"w": 181,
						"h": 39
					},
					"frame": {
						"x": 756,
						"y": 361,
						"w": 181,
						"h": 39
					}
				},
				{
					"filename": "texts/text-share",
					"rotated": false,
					"trimmed": false,
					"sourceSize": {
						"w": 181,
						"h": 27
					},
					"spriteSourceSize": {
						"x": 0,
						"y": 0,
						"w": 181,
						"h": 27
					},
					"frame": {
						"x": 756,
						"y": 403,
						"w": 181,
						"h": 27
					}
				},
				{
					"filename": "texts/lose",
					"rotated": false,
					"trimmed": false,
					"sourceSize": {
						"w": 296,
						"h": 45
					},
					"spriteSourceSize": {
						"x": 0,
						"y": 0,
						"w": 296,
						"h": 45
					},
					"frame": {
						"x": 2,
						"y": 380,
						"w": 296,
						"h": 45
					}
				},
				{
					"filename": "texts/play",
					"rotated": false,
					"trimmed": false,
					"sourceSize": {
						"w": 146,
						"h": 35
					},
					"spriteSourceSize": {
						"x": 0,
						"y": 0,
						"w": 146,
						"h": 35
					},
					"frame": {
						"x": 301,
						"y": 380,
						"w": 146,
						"h": 35
					}
				},
				{
					"filename": "texts/level-failed",
					"rotated": false,
					"trimmed": false,
					"sourceSize": {
						"w": 288,
						"h": 36
					},
					"spriteSourceSize": {
						"x": 0,
						"y": 0,
						"w": 288,
						"h": 36
					},
					"frame": {
						"x": 450,
						"y": 409,
						"w": 288,
						"h": 36
					}
				},
				{
					"filename": "texts/collect",
					"rotated": false,
					"trimmed": false,
					"sourceSize": {
						"w": 205,
						"h": 29
					},
					"spriteSourceSize": {
						"x": 0,
						"y": 0,
						"w": 205,
						"h": 29
					},
					"frame": {
						"x": 741,
						"y": 433,
						"w": 205,
						"h": 29
					}
				},
				{
					"filename": "texts/friends-disable",
					"rotated": false,
					"trimmed": false,
					"sourceSize": {
						"w": 127,
						"h": 27
					},
					"spriteSourceSize": {
						"x": 0,
						"y": 0,
						"w": 127,
						"h": 27
					},
					"frame": {
						"x": 301,
						"y": 418,
						"w": 127,
						"h": 27
					}
				},
				{
					"filename": "texts/congratulations",
					"rotated": false,
					"trimmed": false,
					"sourceSize": {
						"w": 274,
						"h": 51
					},
					"spriteSourceSize": {
						"x": 0,
						"y": 0,
						"w": 274,
						"h": 51
					},
					"frame": {
						"x": 2,
						"y": 428,
						"w": 274,
						"h": 51
					}
				},
				{
					"filename": "texts/text-ranking",
					"rotated": false,
					"trimmed": false,
					"sourceSize": {
						"w": 260,
						"h": 32
					},
					"spriteSourceSize": {
						"x": 0,
						"y": 0,
						"w": 260,
						"h": 32
					},
					"frame": {
						"x": 279,
						"y": 448,
						"w": 260,
						"h": 32
					}
				},
				{
					"filename": "texts/text-tutorial",
					"rotated": false,
					"trimmed": false,
					"sourceSize": {
						"w": 241,
						"h": 41
					},
					"spriteSourceSize": {
						"x": 0,
						"y": 0,
						"w": 241,
						"h": 41
					},
					"frame": {
						"x": 2,
						"y": 482,
						"w": 241,
						"h": 41
					}
				},
				{
					"filename": "texts/replay",
					"rotated": false,
					"trimmed": false,
					"sourceSize": {
						"w": 163,
						"h": 31
					},
					"spriteSourceSize": {
						"x": 0,
						"y": 0,
						"w": 163,
						"h": 31
					},
					"frame": {
						"x": 542,
						"y": 448,
						"w": 163,
						"h": 31
					}
				},
				{
					"filename": "texts/no-thank",
					"rotated": false,
					"trimmed": false,
					"sourceSize": {
						"w": 235,
						"h": 32
					},
					"spriteSourceSize": {
						"x": 0,
						"y": 0,
						"w": 235,
						"h": 32
					},
					"frame": {
						"x": 708,
						"y": 465,
						"w": 235,
						"h": 32
					}
				},
				{
					"filename": "texts/text-retry",
					"rotated": false,
					"trimmed": false,
					"sourceSize": {
						"w": 156,
						"h": 29
					},
					"spriteSourceSize": {
						"x": 0,
						"y": 0,
						"w": 156,
						"h": 29
					},
					"frame": {
						"x": 542,
						"y": 482,
						"w": 156,
						"h": 29
					}
				},
				{
					"filename": "leaderboards/bg-item-0",
					"rotated": false,
					"trimmed": false,
					"sourceSize": {
						"w": 232,
						"h": 46
					},
					"spriteSourceSize": {
						"x": 0,
						"y": 0,
						"w": 232,
						"h": 46
					},
					"frame": {
						"x": 701,
						"y": 500,
						"w": 232,
						"h": 46
					}
				},
				{
					"filename": "leaderboards/bg-item-1",
					"rotated": false,
					"trimmed": false,
					"sourceSize": {
						"w": 232,
						"h": 46
					},
					"spriteSourceSize": {
						"x": 0,
						"y": 0,
						"w": 232,
						"h": 46
					},
					"frame": {
						"x": 246,
						"y": 483,
						"w": 232,
						"h": 46
					}
				},
				{
					"filename": "texts/mission",
					"rotated": false,
					"trimmed": false,
					"sourceSize": {
						"w": 213,
						"h": 55
					},
					"spriteSourceSize": {
						"x": 0,
						"y": 0,
						"w": 213,
						"h": 55
					},
					"frame": {
						"x": 481,
						"y": 514,
						"w": 213,
						"h": 55
					}
				},
				{
					"filename": "texts/start-over",
					"rotated": false,
					"trimmed": false,
					"sourceSize": {
						"w": 228,
						"h": 37
					},
					"spriteSourceSize": {
						"x": 0,
						"y": 0,
						"w": 228,
						"h": 37
					},
					"frame": {
						"x": 2,
						"y": 526,
						"w": 228,
						"h": 37
					}
				},
				{
					"filename": "texts/draw",
					"rotated": false,
					"trimmed": false,
					"sourceSize": {
						"w": 218,
						"h": 43
					},
					"spriteSourceSize": {
						"x": 0,
						"y": 0,
						"w": 218,
						"h": 43
					},
					"frame": {
						"x": 233,
						"y": 532,
						"w": 218,
						"h": 43
					}
				},
				{
					"filename": "texts/friends",
					"rotated": false,
					"trimmed": false,
					"sourceSize": {
						"w": 127,
						"h": 27
					},
					"spriteSourceSize": {
						"x": 0,
						"y": 0,
						"w": 127,
						"h": 27
					},
					"frame": {
						"x": 2,
						"y": 566,
						"w": 127,
						"h": 27
					}
				},
				{
					"filename": "texts/world-disable",
					"rotated": false,
					"trimmed": false,
					"sourceSize": {
						"w": 118,
						"h": 27
					},
					"spriteSourceSize": {
						"x": 0,
						"y": 0,
						"w": 118,
						"h": 27
					},
					"frame": {
						"x": 697,
						"y": 549,
						"w": 118,
						"h": 27
					}
				},
				{
					"filename": "texts/world",
					"rotated": false,
					"trimmed": false,
					"sourceSize": {
						"w": 118,
						"h": 27
					},
					"spriteSourceSize": {
						"x": 0,
						"y": 0,
						"w": 118,
						"h": 27
					},
					"frame": {
						"x": 818,
						"y": 549,
						"w": 118,
						"h": 27
					}
				},
				{
					"filename": "texts/off",
					"rotated": false,
					"trimmed": false,
					"sourceSize": {
						"w": 111,
						"h": 25
					},
					"spriteSourceSize": {
						"x": 0,
						"y": 0,
						"w": 111,
						"h": 25
					},
					"frame": {
						"x": 454,
						"y": 572,
						"w": 111,
						"h": 25
					}
				}
			]
		}
	],
	"meta": {
		"app": "https://www.codeandweb.com/texturepacker",
		"version": "3.0",
		"smartupdate": "$TexturePacker:SmartUpdate:a23d64ae15f88a163afda80189444b6e:3b60b5dc39ad1e249607914e3394774b:1519eb82cfdbe37419578cf3086208cb$"
	}
}
