{"textures":[{"image":"default-resources-0.png","format":"RGBA8888","size":{"w":1015,"h":1015},"scale":0.5,"frames":[{"filename":"bg/bg-middle","rotated":false,"trimmed":false,"sourceSize":{"w":360,"h":425},"spriteSourceSize":{"x":0,"y":0,"w":360,"h":425},"frame":{"x":2,"y":2,"w":360,"h":425}},{"filename":"ui-ngang/bg-middle","rotated":false,"trimmed":false,"sourceSize":{"w":360,"h":284},"spriteSourceSize":{"x":0,"y":0,"w":360,"h":284},"frame":{"x":2,"y":430,"w":360,"h":284}},{"filename":"leaderboards/bg-top","rotated":false,"trimmed":false,"sourceSize":{"w":475,"h":84},"spriteSourceSize":{"x":0,"y":0,"w":475,"h":84},"frame":{"x":365,"y":2,"w":475,"h":84}},{"filename":"leaderboards/bg-bottom","rotated":false,"trimmed":false,"sourceSize":{"w":475,"h":34},"spriteSourceSize":{"x":0,"y":0,"w":475,"h":34},"frame":{"x":365,"y":89,"w":475,"h":34}},{"filename":"leaderboards/bg-middle","rotated":false,"trimmed":false,"sourceSize":{"w":475,"h":24},"spriteSourceSize":{"x":0,"y":0,"w":475,"h":24},"frame":{"x":365,"y":126,"w":475,"h":24}},{"filename":"lives/heart","rotated":false,"trimmed":false,"sourceSize":{"w":170,"h":140},"spriteSourceSize":{"x":0,"y":0,"w":170,"h":140},"frame":{"x":843,"y":2,"w":170,"h":140}},{"filename":"footer","rotated":false,"trimmed":false,"sourceSize":{"w":375,"h":77},"spriteSourceSize":{"x":0,"y":0,"w":375,"h":77},"frame":{"x":365,"y":153,"w":375,"h":77}},{"filename":"ui-ngang/bg-top","rotated":false,"trimmed":false,"sourceSize":{"w":360,"h":89},"spriteSourceSize":{"x":0,"y":0,"w":360,"h":89},"frame":{"x":2,"y":717,"w":360,"h":89}},{"filename":"ui-ngang/bg-bottom","rotated":false,"trimmed":false,"sourceSize":{"w":360,"h":88},"spriteSourceSize":{"x":0,"y":0,"w":360,"h":88},"frame":{"x":365,"y":233,"w":360,"h":88}},{"filename":"bg/bg-bottom","rotated":false,"trimmed":false,"sourceSize":{"w":360,"h":56},"spriteSourceSize":{"x":0,"y":0,"w":360,"h":56},"frame":{"x":2,"y":809,"w":360,"h":56}},{"filename":"bg/bg-top","rotated":false,"trimmed":false,"sourceSize":{"w":360,"h":56},"spriteSourceSize":{"x":0,"y":0,"w":360,"h":56},"frame":{"x":365,"y":324,"w":360,"h":56}},{"filename":"daily-challenge/bg","rotated":false,"trimmed":false,"sourceSize":{"w":260,"h":143},"spriteSourceSize":{"x":0,"y":0,"w":260,"h":143},"frame":{"x":2,"y":868,"w":260,"h":143}},{"filename":"ui-ngang/khung-next-block","rotated":false,"trimmed":false,"sourceSize":{"w":100,"h":300},"spriteSourceSize":{"x":0,"y":0,"w":100,"h":300},"frame":{"x":365,"y":383,"w":100,"h":300}},{"filename":"score-panel","rotated":false,"trimmed":false,"sourceSize":{"w":263,"h":76},"spriteSourceSize":{"x":0,"y":0,"w":263,"h":76},"frame":{"x":468,"y":383,"w":263,"h":76}},{"filename":"popup/middle","rotated":false,"trimmed":false,"sourceSize":{"w":216,"h":114},"spriteSourceSize":{"x":0,"y":0,"w":216,"h":114},"frame":{"x":468,"y":462,"w":216,"h":114}},{"filename":"popup/background","rotated":false,"trimmed":false,"sourceSize":{"w":198,"h":111},"spriteSourceSize":{"x":0,"y":0,"w":198,"h":111},"frame":{"x":468,"y":579,"w":198,"h":111}},{"filename":"ui-ngang/khung-mission","rotated":false,"trimmed":false,"sourceSize":{"w":48,"h":232},"spriteSourceSize":{"x":0,"y":0,"w":48,"h":232},"frame":{"x":365,"y":686,"w":48,"h":232}},{"filename":"daily-challenge/bg-item-dark","rotated":false,"trimmed":false,"sourceSize":{"w":254,"h":41},"spriteSourceSize":{"x":0,"y":0,"w":254,"h":41},"frame":{"x":416,"y":693,"w":254,"h":41}},{"filename":"bg/bg-dark","rotated":false,"trimmed":false,"sourceSize":{"w":122,"h":152},"spriteSourceSize":{"x":0,"y":0,"w":122,"h":152},"frame":{"x":416,"y":737,"w":122,"h":152}},{"filename":"bg-progress-circle","rotated":false,"trimmed":false,"sourceSize":{"w":116,"h":116},"spriteSourceSize":{"x":0,"y":0,"w":116,"h":116},"frame":{"x":541,"y":737,"w":116,"h":116}},{"filename":"avatar/border-big","rotated":false,"trimmed":false,"sourceSize":{"w":88,"h":88},"spriteSourceSize":{"x":0,"y":0,"w":88,"h":88},"frame":{"x":265,"y":868,"w":88,"h":88}},{"filename":"buttons/dark-blue","rotated":false,"trimmed":false,"sourceSize":{"w":183,"h":54},"spriteSourceSize":{"x":0,"y":0,"w":183,"h":54},"frame":{"x":265,"y":959,"w":183,"h":54}},{"filename":"daily-challenge/title-panel","rotated":false,"trimmed":false,"sourceSize":{"w":141,"h":35},"spriteSourceSize":{"x":0,"y":0,"w":141,"h":35},"frame":{"x":356,"y":921,"w":141,"h":35}},{"filename":"buttons/green-large","rotated":false,"trimmed":false,"sourceSize":{"w":165,"h":54},"spriteSourceSize":{"x":0,"y":0,"w":165,"h":54},"frame":{"x":451,"y":959,"w":165,"h":54}},{"filename":"score-panel-dark","rotated":false,"trimmed":false,"sourceSize":{"w":94,"h":26},"spriteSourceSize":{"x":0,"y":0,"w":94,"h":26},"frame":{"x":416,"y":892,"w":94,"h":26}},{"filename":"bottom-panel","rotated":false,"trimmed":false,"sourceSize":{"w":141,"h":86},"spriteSourceSize":{"x":0,"y":0,"w":141,"h":86},"frame":{"x":743,"y":153,"w":141,"h":86}},{"filename":"best-score-frame-long","rotated":false,"trimmed":false,"sourceSize":{"w":193,"h":77},"spriteSourceSize":{"x":0,"y":0,"w":193,"h":77},"frame":{"x":728,"y":242,"w":193,"h":77}},{"filename":"lives/time-block","rotated":false,"trimmed":false,"sourceSize":{"w":173,"h":44},"spriteSourceSize":{"x":0,"y":0,"w":173,"h":44},"frame":{"x":728,"y":322,"w":173,"h":44}},{"filename":"buttons/brown","rotated":false,"trimmed":false,"sourceSize":{"w":165,"h":41},"spriteSourceSize":{"x":0,"y":0,"w":165,"h":41},"frame":{"x":734,"y":369,"w":165,"h":41}},{"filename":"popup/score-panel","rotated":false,"trimmed":false,"sourceSize":{"w":150,"h":46},"spriteSourceSize":{"x":0,"y":0,"w":150,"h":46},"frame":{"x":734,"y":413,"w":150,"h":46}},{"filename":"texts/keep-playing","rotated":false,"trimmed":false,"sourceSize":{"w":226,"h":18},"spriteSourceSize":{"x":0,"y":0,"w":226,"h":18},"frame":{"x":687,"y":462,"w":226,"h":18}},{"filename":"daily-challenge/middle-panel","rotated":false,"trimmed":false,"sourceSize":{"w":261,"h":13},"spriteSourceSize":{"x":0,"y":0,"w":261,"h":13},"frame":{"x":687,"y":483,"w":261,"h":13}},{"filename":"popup/bottom","rotated":false,"trimmed":false,"sourceSize":{"w":216,"h":14},"spriteSourceSize":{"x":0,"y":0,"w":216,"h":14},"frame":{"x":687,"y":499,"w":216,"h":14}},{"filename":"leaderboards/bg-item","rotated":false,"trimmed":false,"sourceSize":{"w":159,"h":31},"spriteSourceSize":{"x":0,"y":0,"w":159,"h":31},"frame":{"x":687,"y":516,"w":159,"h":31}},{"filename":"wood-panel","rotated":false,"trimmed":false,"sourceSize":{"w":151,"h":28},"spriteSourceSize":{"x":0,"y":0,"w":151,"h":28},"frame":{"x":687,"y":550,"w":151,"h":28}},{"filename":"texts/replay","rotated":false,"trimmed":false,"sourceSize":{"w":126,"h":18},"spriteSourceSize":{"x":0,"y":0,"w":126,"h":18},"frame":{"x":887,"y":145,"w":126,"h":18}},{"filename":"buttons/green","rotated":false,"trimmed":false,"sourceSize":{"w":119,"h":41},"spriteSourceSize":{"x":0,"y":0,"w":119,"h":41},"frame":{"x":887,"y":166,"w":119,"h":41}},{"filename":"texts/leader-board","rotated":false,"trimmed":false,"sourceSize":{"w":154,"h":18},"spriteSourceSize":{"x":0,"y":0,"w":154,"h":18},"frame":{"x":669,"y":581,"w":154,"h":18}},{"filename":"texts/no-thank","rotated":false,"trimmed":false,"sourceSize":{"w":157,"h":15},"spriteSourceSize":{"x":0,"y":0,"w":157,"h":15},"frame":{"x":669,"y":602,"w":157,"h":15}},{"filename":"texts/win","rotated":false,"trimmed":false,"sourceSize":{"w":139,"h":22},"spriteSourceSize":{"x":0,"y":0,"w":139,"h":22},"frame":{"x":669,"y":620,"w":139,"h":22}},{"filename":"texts/second-chance","rotated":false,"trimmed":false,"sourceSize":{"w":131,"h":27},"spriteSourceSize":{"x":0,"y":0,"w":131,"h":27},"frame":{"x":669,"y":645,"w":131,"h":27}},{"filename":"texts/lose","rotated":false,"trimmed":false,"sourceSize":{"w":132,"h":25},"spriteSourceSize":{"x":0,"y":0,"w":132,"h":25},"frame":{"x":541,"y":856,"w":132,"h":25}},{"filename":"leaderboards/bg-item-0","rotated":false,"trimmed":false,"sourceSize":{"w":116,"h":23},"spriteSourceSize":{"x":0,"y":0,"w":116,"h":23},"frame":{"x":887,"y":210,"w":116,"h":23}},{"filename":"buttons/dark-blue-small","rotated":false,"trimmed":false,"sourceSize":{"w":89,"h":37},"spriteSourceSize":{"x":0,"y":0,"w":89,"h":37},"frame":{"x":924,"y":236,"w":89,"h":37}},{"filename":"border-bottom-panel","rotated":false,"trimmed":false,"sourceSize":{"w":375,"h":18},"spriteSourceSize":{"x":0,"y":0,"w":375,"h":18},"frame":{"x":541,"y":884,"w":375,"h":18}},{"filename":"ui-ngang/khung-score","rotated":false,"trimmed":false,"sourceSize":{"w":87,"h":50},"spriteSourceSize":{"x":0,"y":0,"w":87,"h":50},"frame":{"x":924,"y":276,"w":87,"h":50}},{"filename":"texts/congratulations","rotated":false,"trimmed":false,"sourceSize":{"w":109,"h":22},"spriteSourceSize":{"x":0,"y":0,"w":109,"h":22},"frame":{"x":904,"y":329,"w":109,"h":22}},{"filename":"bg-combo","rotated":false,"trimmed":true,"sourceSize":{"w":106,"h":44},"spriteSourceSize":{"x":0,"y":4,"w":106,"h":40},"frame":{"x":673,"y":675,"w":106,"h":40}},{"filename":"texts/text-next-level","rotated":false,"trimmed":false,"sourceSize":{"w":131,"h":17},"spriteSourceSize":{"x":0,"y":0,"w":131,"h":17},"frame":{"x":619,"y":905,"w":131,"h":17}},{"filename":"texts/refill-lives","rotated":false,"trimmed":false,"sourceSize":{"w":130,"h":18},"spriteSourceSize":{"x":0,"y":0,"w":130,"h":18},"frame":{"x":753,"y":905,"w":130,"h":18}},{"filename":"bg-streak","rotated":false,"trimmed":true,"sourceSize":{"w":106,"h":44},"spriteSourceSize":{"x":0,"y":4,"w":106,"h":40},"frame":{"x":673,"y":718,"w":106,"h":40}},{"filename":"preloader/dual-ring","rotated":false,"trimmed":true,"sourceSize":{"w":100,"h":100},"spriteSourceSize":{"x":13,"y":13,"w":74,"h":74},"frame":{"x":660,"y":761,"w":74,"h":74}},{"filename":"ui-ngang/text-next-block","rotated":false,"trimmed":false,"sourceSize":{"w":105,"h":15},"spriteSourceSize":{"x":0,"y":0,"w":105,"h":15},"frame":{"x":904,"y":354,"w":105,"h":15}},{"filename":"buttons/dark-blue-big","rotated":false,"trimmed":false,"sourceSize":{"w":90,"h":41},"spriteSourceSize":{"x":0,"y":0,"w":90,"h":41},"frame":{"x":902,"y":372,"w":90,"h":41}},{"filename":"ui-ngang/khung-best-score","rotated":false,"trimmed":false,"sourceSize":{"w":56,"h":85},"spriteSourceSize":{"x":0,"y":0,"w":56,"h":85},"frame":{"x":737,"y":761,"w":56,"h":85}},{"filename":"buttons/green-big","rotated":false,"trimmed":false,"sourceSize":{"w":90,"h":41},"spriteSourceSize":{"x":0,"y":0,"w":90,"h":41},"frame":{"x":887,"y":416,"w":90,"h":41}},{"filename":"texts/start-over","rotated":false,"trimmed":false,"sourceSize":{"w":119,"h":18},"spriteSourceSize":{"x":0,"y":0,"w":119,"h":18},"frame":{"x":619,"y":925,"w":119,"h":18}},{"filename":"leaderboards/bg-item-1","rotated":false,"trimmed":false,"sourceSize":{"w":116,"h":23},"spriteSourceSize":{"x":0,"y":0,"w":116,"h":23},"frame":{"x":619,"y":946,"w":116,"h":23}},{"filename":"bg/level-played","rotated":false,"trimmed":false,"sourceSize":{"w":50,"h":41},"spriteSourceSize":{"x":0,"y":0,"w":50,"h":41},"frame":{"x":619,"y":972,"w":50,"h":41}},{"filename":"texts/text-retry","rotated":false,"trimmed":false,"sourceSize":{"w":105,"h":16},"spriteSourceSize":{"x":0,"y":0,"w":105,"h":16},"frame":{"x":741,"y":926,"w":105,"h":16}},{"filename":"texts/play-single","rotated":false,"trimmed":false,"sourceSize":{"w":103,"h":18},"spriteSourceSize":{"x":0,"y":0,"w":103,"h":18},"frame":{"x":513,"y":905,"w":103,"h":18}},{"filename":"texts/out-of-live","rotated":false,"trimmed":false,"sourceSize":{"w":104,"h":23},"spriteSourceSize":{"x":0,"y":0,"w":104,"h":23},"frame":{"x":500,"y":926,"w":104,"h":23}},{"filename":"texts/text-journey","rotated":false,"trimmed":false,"sourceSize":{"w":100,"h":18},"spriteSourceSize":{"x":0,"y":0,"w":100,"h":18},"frame":{"x":741,"y":945,"w":100,"h":18}},{"filename":"bg/level-playing","rotated":false,"trimmed":false,"sourceSize":{"w":57,"h":47},"spriteSourceSize":{"x":0,"y":0,"w":57,"h":47},"frame":{"x":738,"y":966,"w":57,"h":47}},{"filename":"texts/no","rotated":false,"trimmed":false,"sourceSize":{"w":63,"h":18},"spriteSourceSize":{"x":0,"y":0,"w":63,"h":18},"frame":{"x":672,"y":972,"w":63,"h":18}},{"filename":"best-score-frame","rotated":false,"trimmed":false,"sourceSize":{"w":56,"h":76},"spriteSourceSize":{"x":0,"y":0,"w":56,"h":76},"frame":{"x":782,"y":675,"w":56,"h":76}},{"filename":"avatar/border","rotated":false,"trimmed":true,"sourceSize":{"w":69,"h":72},"spriteSourceSize":{"x":0,"y":1,"w":69,"h":71},"frame":{"x":796,"y":754,"w":69,"h":71}},{"filename":"texts/collect","rotated":false,"trimmed":false,"sourceSize":{"w":62,"h":15},"spriteSourceSize":{"x":0,"y":0,"w":62,"h":15},"frame":{"x":660,"y":838,"w":62,"h":15}},{"filename":"texts/result","rotated":false,"trimmed":false,"sourceSize":{"w":86,"h":26},"spriteSourceSize":{"x":0,"y":0,"w":86,"h":26},"frame":{"x":796,"y":828,"w":86,"h":26}},{"filename":"daily-challenge/time-panel","rotated":false,"trimmed":false,"sourceSize":{"w":85,"h":24},"spriteSourceSize":{"x":0,"y":0,"w":85,"h":24},"frame":{"x":676,"y":857,"w":85,"h":24}},{"filename":"bg/level-locked","rotated":false,"trimmed":false,"sourceSize":{"w":51,"h":42},"spriteSourceSize":{"x":0,"y":0,"w":51,"h":42},"frame":{"x":798,"y":966,"w":51,"h":42}},{"filename":"avatar/border-challenge","rotated":false,"trimmed":false,"sourceSize":{"w":60,"h":59},"spriteSourceSize":{"x":0,"y":0,"w":60,"h":59},"frame":{"x":849,"y":516,"w":60,"h":59}},{"filename":"icon-journey","rotated":false,"trimmed":false,"sourceSize":{"w":75,"h":61},"spriteSourceSize":{"x":0,"y":0,"w":75,"h":61},"frame":{"x":912,"y":499,"w":75,"h":61}},{"filename":"texts/text-ranking","rotated":false,"trimmed":false,"sourceSize":{"w":77,"h":12},"spriteSourceSize":{"x":0,"y":0,"w":77,"h":12},"frame":{"x":912,"y":563,"w":77,"h":12}},{"filename":"texts/friends-disable","rotated":false,"trimmed":false,"sourceSize":{"w":94,"h":16},"spriteSourceSize":{"x":0,"y":0,"w":94,"h":16},"frame":{"x":868,"y":578,"w":94,"h":16}},{"filename":"texts/friends","rotated":false,"trimmed":false,"sourceSize":{"w":94,"h":16},"spriteSourceSize":{"x":0,"y":0,"w":94,"h":16},"frame":{"x":868,"y":597,"w":94,"h":16}},{"filename":"texts/setting","rotated":false,"trimmed":false,"sourceSize":{"w":93,"h":18},"spriteSourceSize":{"x":0,"y":0,"w":93,"h":18},"frame":{"x":868,"y":616,"w":93,"h":18}},{"filename":"texts/your-score","rotated":false,"trimmed":false,"sourceSize":{"w":85,"h":18},"spriteSourceSize":{"x":0,"y":0,"w":85,"h":18},"frame":{"x":868,"y":637,"w":85,"h":18}},{"filename":"texts/continue","rotated":false,"trimmed":false,"sourceSize":{"w":85,"h":15},"spriteSourceSize":{"x":0,"y":0,"w":85,"h":15},"frame":{"x":868,"y":658,"w":85,"h":15}},{"filename":"avatar/background","rotated":false,"trimmed":false,"sourceSize":{"w":53,"h":54},"spriteSourceSize":{"x":0,"y":0,"w":53,"h":54},"frame":{"x":841,"y":676,"w":53,"h":54}},{"filename":"leaderboards/tab-off","rotated":false,"trimmed":false,"sourceSize":{"w":57,"h":18},"spriteSourceSize":{"x":0,"y":0,"w":57,"h":18},"frame":{"x":841,"y":733,"w":57,"h":18}},{"filename":"buttons/skip","rotated":false,"trimmed":false,"sourceSize":{"w":60,"h":36},"spriteSourceSize":{"x":0,"y":0,"w":60,"h":36},"frame":{"x":897,"y":676,"w":60,"h":36}},{"filename":"buttons/minor","rotated":false,"trimmed":false,"sourceSize":{"w":41,"h":36},"spriteSourceSize":{"x":0,"y":0,"w":41,"h":36},"frame":{"x":951,"y":460,"w":41,"h":36}},{"filename":"leaderboards/tab-on","rotated":false,"trimmed":false,"sourceSize":{"w":57,"h":18},"spriteSourceSize":{"x":0,"y":0,"w":57,"h":18},"frame":{"x":672,"y":993,"w":57,"h":18}},{"filename":"ui-ngang/text-mission","rotated":false,"trimmed":false,"sourceSize":{"w":50,"h":15},"spriteSourceSize":{"x":0,"y":0,"w":50,"h":15},"frame":{"x":897,"y":715,"w":50,"h":15}},{"filename":"icons/vibrate","rotated":false,"trimmed":false,"sourceSize":{"w":31,"h":37},"spriteSourceSize":{"x":0,"y":0,"w":31,"h":37},"frame":{"x":868,"y":754,"w":31,"h":37}},{"filename":"texts/draw","rotated":false,"trimmed":false,"sourceSize":{"w":39,"h":31},"spriteSourceSize":{"x":0,"y":0,"w":39,"h":31},"frame":{"x":868,"y":794,"w":39,"h":31}},{"filename":"icons/sound","rotated":false,"trimmed":false,"sourceSize":{"w":31,"h":27},"spriteSourceSize":{"x":0,"y":0,"w":31,"h":27},"frame":{"x":803,"y":645,"w":31,"h":27}},{"filename":"icons/share","rotated":false,"trimmed":false,"sourceSize":{"w":18,"h":24},"spriteSourceSize":{"x":0,"y":0,"w":18,"h":24},"frame":{"x":995,"y":372,"w":18,"h":24}},{"filename":"texts/text-share","rotated":false,"trimmed":false,"sourceSize":{"w":57,"h":18},"spriteSourceSize":{"x":0,"y":0,"w":57,"h":18},"frame":{"x":901,"y":733,"w":57,"h":18}},{"filename":"buttons/toggle-off","rotated":false,"trimmed":false,"sourceSize":{"w":67,"h":23},"spriteSourceSize":{"x":0,"y":0,"w":67,"h":23},"frame":{"x":902,"y":754,"w":67,"h":23}},{"filename":"buttons/toggle-on","rotated":false,"trimmed":false,"sourceSize":{"w":67,"h":23},"spriteSourceSize":{"x":0,"y":0,"w":67,"h":23},"frame":{"x":910,"y":780,"w":67,"h":23}},{"filename":"texts/mission","rotated":false,"trimmed":false,"sourceSize":{"w":72,"h":22},"spriteSourceSize":{"x":0,"y":0,"w":72,"h":22},"frame":{"x":910,"y":806,"w":72,"h":22}},{"filename":"texts/text-tutorial","rotated":false,"trimmed":false,"sourceSize":{"w":71,"h":22},"spriteSourceSize":{"x":0,"y":0,"w":71,"h":22},"frame":{"x":885,"y":831,"w":71,"h":22}},{"filename":"icons/white-journey","rotated":false,"trimmed":false,"sourceSize":{"w":21,"h":20},"spriteSourceSize":{"x":0,"y":0,"w":21,"h":20},"frame":{"x":916,"y":460,"w":21,"h":20}},{"filename":"icons/home","rotated":false,"trimmed":false,"sourceSize":{"w":24,"h":22},"spriteSourceSize":{"x":0,"y":0,"w":24,"h":22},"frame":{"x":811,"y":620,"w":24,"h":22}},{"filename":"texts/vs","rotated":false,"trimmed":false,"sourceSize":{"w":48,"h":17},"spriteSourceSize":{"x":0,"y":0,"w":48,"h":17},"frame":{"x":965,"y":578,"w":48,"h":17}},{"filename":"icons/music","rotated":false,"trimmed":false,"sourceSize":{"w":28,"h":31},"spriteSourceSize":{"x":0,"y":0,"w":28,"h":31},"frame":{"x":985,"y":598,"w":28,"h":31}},{"filename":"buttons/dot-blue","rotated":false,"trimmed":false,"sourceSize":{"w":28,"h":27},"spriteSourceSize":{"x":0,"y":0,"w":28,"h":27},"frame":{"x":837,"y":645,"w":28,"h":27}},{"filename":"texts/play-with-blue","rotated":false,"trimmed":false,"sourceSize":{"w":58,"h":9},"spriteSourceSize":{"x":0,"y":0,"w":58,"h":9},"frame":{"x":885,"y":856,"w":58,"h":9}},{"filename":"text-target-panel","rotated":false,"trimmed":false,"sourceSize":{"w":49,"h":23},"spriteSourceSize":{"x":0,"y":0,"w":49,"h":23},"frame":{"x":964,"y":632,"w":49,"h":23}},{"filename":"texts/play","rotated":false,"trimmed":false,"sourceSize":{"w":49,"h":15},"spriteSourceSize":{"x":0,"y":0,"w":49,"h":15},"frame":{"x":956,"y":658,"w":49,"h":15}},{"filename":"buttons/challenge_light","rotated":false,"trimmed":false,"sourceSize":{"w":44,"h":33},"spriteSourceSize":{"x":0,"y":0,"w":44,"h":33},"frame":{"x":960,"y":676,"w":44,"h":33}},{"filename":"buttons/play","rotated":false,"trimmed":false,"sourceSize":{"w":43,"h":33},"spriteSourceSize":{"x":0,"y":0,"w":43,"h":33},"frame":{"x":961,"y":712,"w":43,"h":33}},{"filename":"buttons/share","rotated":false,"trimmed":false,"sourceSize":{"w":40,"h":29},"spriteSourceSize":{"x":0,"y":0,"w":40,"h":29},"frame":{"x":972,"y":748,"w":40,"h":29}},{"filename":"buttons/dot-green","rotated":false,"trimmed":false,"sourceSize":{"w":28,"h":27},"spriteSourceSize":{"x":0,"y":0,"w":28,"h":27},"frame":{"x":985,"y":780,"w":28,"h":27}},{"filename":"texts/on","rotated":false,"trimmed":false,"sourceSize":{"w":28,"h":14},"spriteSourceSize":{"x":0,"y":0,"w":28,"h":14},"frame":{"x":985,"y":810,"w":28,"h":14}},{"filename":"icons/clock","rotated":false,"trimmed":false,"sourceSize":{"w":17,"h":18},"spriteSourceSize":{"x":0,"y":0,"w":17,"h":18},"frame":{"x":965,"y":598,"w":17,"h":18}},{"filename":"ui-ngang/text-score","rotated":false,"trimmed":false,"sourceSize":{"w":39,"h":13},"spriteSourceSize":{"x":0,"y":0,"w":39,"h":13},"frame":{"x":764,"y":868,"w":39,"h":13}},{"filename":"icons/play-green","rotated":false,"trimmed":false,"sourceSize":{"w":24,"h":24},"spriteSourceSize":{"x":0,"y":0,"w":24,"h":24},"frame":{"x":806,"y":857,"w":24,"h":24}},{"filename":"texts/world-disable","rotated":false,"trimmed":false,"sourceSize":{"w":49,"h":16},"spriteSourceSize":{"x":0,"y":0,"w":49,"h":16},"frame":{"x":833,"y":857,"w":49,"h":16}},{"filename":"icons/sword-blue","rotated":false,"trimmed":false,"sourceSize":{"w":18,"h":16},"spriteSourceSize":{"x":0,"y":0,"w":18,"h":16},"frame":{"x":995,"y":399,"w":18,"h":16}},{"filename":"icons/crown-big","rotated":false,"trimmed":false,"sourceSize":{"w":37,"h":35},"spriteSourceSize":{"x":0,"y":0,"w":37,"h":35},"frame":{"x":849,"y":926,"w":37,"h":35}},{"filename":"icons/dot","rotated":false,"trimmed":false,"sourceSize":{"w":34,"h":35},"spriteSourceSize":{"x":0,"y":0,"w":34,"h":35},"frame":{"x":852,"y":964,"w":34,"h":35}},{"filename":"texts/yes","rotated":false,"trimmed":false,"sourceSize":{"w":55,"h":18},"spriteSourceSize":{"x":0,"y":0,"w":55,"h":18},"frame":{"x":886,"y":905,"w":55,"h":18}},{"filename":"buttons/random","rotated":false,"trimmed":false,"sourceSize":{"w":43,"h":33},"spriteSourceSize":{"x":0,"y":0,"w":43,"h":33},"frame":{"x":889,"y":926,"w":43,"h":33}},{"filename":"icons/icon-daily","rotated":false,"trimmed":false,"sourceSize":{"w":34,"h":34},"spriteSourceSize":{"x":0,"y":0,"w":34,"h":34},"frame":{"x":889,"y":962,"w":34,"h":34}},{"filename":"texts/off","rotated":false,"trimmed":false,"sourceSize":{"w":40,"h":14},"spriteSourceSize":{"x":0,"y":0,"w":40,"h":14},"frame":{"x":889,"y":999,"w":40,"h":14}},{"filename":"icons/brown-journey","rotated":false,"trimmed":false,"sourceSize":{"w":23,"h":21},"spriteSourceSize":{"x":0,"y":0,"w":23,"h":21},"frame":{"x":990,"y":499,"w":23,"h":21}},{"filename":"icons/sword","rotated":false,"trimmed":false,"sourceSize":{"w":23,"h":19},"spriteSourceSize":{"x":0,"y":0,"w":23,"h":19},"frame":{"x":990,"y":523,"w":23,"h":19}},{"filename":"icons/plus","rotated":false,"trimmed":false,"sourceSize":{"w":21,"h":22},"spriteSourceSize":{"x":0,"y":0,"w":21,"h":22},"frame":{"x":992,"y":545,"w":21,"h":22}},{"filename":"buttons/close","rotated":false,"trimmed":false,"sourceSize":{"w":26,"h":26},"spriteSourceSize":{"x":0,"y":0,"w":26,"h":26},"frame":{"x":959,"y":831,"w":26,"h":26}},{"filename":"icons/retry","rotated":false,"trimmed":false,"sourceSize":{"w":25,"h":27},"spriteSourceSize":{"x":0,"y":0,"w":25,"h":27},"frame":{"x":988,"y":827,"w":25,"h":27}},{"filename":"icons/back","rotated":false,"trimmed":false,"sourceSize":{"w":25,"h":19},"spriteSourceSize":{"x":0,"y":0,"w":25,"h":19},"frame":{"x":988,"y":857,"w":25,"h":19}},{"filename":"icons/play","rotated":false,"trimmed":false,"sourceSize":{"w":24,"h":24},"spriteSourceSize":{"x":0,"y":0,"w":24,"h":24},"frame":{"x":841,"y":578,"w":24,"h":24}},{"filename":"icons/icon-journey","rotated":false,"trimmed":false,"sourceSize":{"w":37,"h":31},"spriteSourceSize":{"x":0,"y":0,"w":37,"h":31},"frame":{"x":919,"y":868,"w":37,"h":31}},{"filename":"icons/rank","rotated":false,"trimmed":false,"sourceSize":{"w":26,"h":25},"spriteSourceSize":{"x":0,"y":0,"w":26,"h":25},"frame":{"x":959,"y":860,"w":26,"h":25}},{"filename":"texts/world","rotated":false,"trimmed":false,"sourceSize":{"w":49,"h":16},"spriteSourceSize":{"x":0,"y":0,"w":49,"h":16},"frame":{"x":959,"y":888,"w":49,"h":16}},{"filename":"texts/start","rotated":false,"trimmed":false,"sourceSize":{"w":55,"h":19},"spriteSourceSize":{"x":0,"y":0,"w":55,"h":19},"frame":{"x":944,"y":907,"w":55,"h":19}},{"filename":"icons/flat-ad","rotated":false,"trimmed":false,"sourceSize":{"w":24,"h":21},"spriteSourceSize":{"x":0,"y":0,"w":24,"h":21},"frame":{"x":935,"y":929,"w":24,"h":21}},{"filename":"icons/battle","rotated":false,"trimmed":false,"sourceSize":{"w":22,"h":21},"spriteSourceSize":{"x":0,"y":0,"w":22,"h":21},"frame":{"x":962,"y":929,"w":22,"h":21}},{"filename":"icons/replay","rotated":false,"trimmed":false,"sourceSize":{"w":20,"h":24},"spriteSourceSize":{"x":0,"y":0,"w":20,"h":24},"frame":{"x":987,"y":929,"w":20,"h":24}},{"filename":"icons/share-blue","rotated":false,"trimmed":false,"sourceSize":{"w":16,"h":22},"spriteSourceSize":{"x":0,"y":0,"w":16,"h":22},"frame":{"x":926,"y":962,"w":16,"h":22}},{"filename":"buttons/circle-button","rotated":false,"trimmed":false,"sourceSize":{"w":21,"h":21},"spriteSourceSize":{"x":0,"y":0,"w":21,"h":21},"frame":{"x":945,"y":953,"w":21,"h":21}},{"filename":"icons/setting","rotated":false,"trimmed":false,"sourceSize":{"w":21,"h":21},"spriteSourceSize":{"x":0,"y":0,"w":21,"h":21},"frame":{"x":945,"y":977,"w":21,"h":21}},{"filename":"icons/check","rotated":false,"trimmed":false,"sourceSize":{"w":22,"h":18},"spriteSourceSize":{"x":0,"y":0,"w":22,"h":18},"frame":{"x":980,"y":418,"w":22,"h":18}},{"filename":"icons/cup-bronze","rotated":false,"trimmed":false,"sourceSize":{"w":22,"h":18},"spriteSourceSize":{"x":0,"y":0,"w":22,"h":18},"frame":{"x":980,"y":439,"w":22,"h":18}},{"filename":"icons/i-play","rotated":false,"trimmed":false,"sourceSize":{"w":16,"h":20},"spriteSourceSize":{"x":0,"y":0,"w":16,"h":20},"frame":{"x":995,"y":460,"w":16,"h":20}},{"filename":"icons/crown","rotated":false,"trimmed":false,"sourceSize":{"w":16,"h":14},"spriteSourceSize":{"x":0,"y":0,"w":16,"h":14},"frame":{"x":764,"y":849,"w":16,"h":14}},{"filename":"icons/cup-gold","rotated":false,"trimmed":false,"sourceSize":{"w":22,"h":18},"spriteSourceSize":{"x":0,"y":0,"w":22,"h":18},"frame":{"x":838,"y":605,"w":22,"h":18}},{"filename":"icons/cup-silver","rotated":false,"trimmed":false,"sourceSize":{"w":22,"h":18},"spriteSourceSize":{"x":0,"y":0,"w":22,"h":18},"frame":{"x":969,"y":956,"w":22,"h":18}}]},{"image":"default-resources-1.png","format":"RGBA8888","size":{"w":405,"h":405},"scale":0.5,"frames":[{"filename":"leaf","rotated":false,"trimmed":false,"sourceSize":{"w":282,"h":66},"spriteSourceSize":{"x":0,"y":0,"w":282,"h":66},"frame":{"x":2,"y":2,"w":282,"h":66}},{"filename":"texts/target-score","rotated":false,"trimmed":false,"sourceSize":{"w":103,"h":14},"spriteSourceSize":{"x":0,"y":0,"w":103,"h":14},"frame":{"x":287,"y":2,"w":103,"h":14}},{"filename":"daily-challenge/bottom-panel","rotated":false,"trimmed":false,"sourceSize":{"w":261,"h":15},"spriteSourceSize":{"x":0,"y":0,"w":261,"h":15},"frame":{"x":2,"y":71,"w":261,"h":15}},{"filename":"daily-challenge/top-panel","rotated":false,"trimmed":false,"sourceSize":{"w":261,"h":15},"spriteSourceSize":{"x":0,"y":0,"w":261,"h":15},"frame":{"x":2,"y":89,"w":261,"h":15}},{"filename":"texts/next-milestone","rotated":false,"trimmed":false,"sourceSize":{"w":260,"h":27},"spriteSourceSize":{"x":0,"y":0,"w":260,"h":27},"frame":{"x":2,"y":107,"w":260,"h":27}},{"filename":"border-daily","rotated":false,"trimmed":false,"sourceSize":{"w":259,"h":26},"spriteSourceSize":{"x":0,"y":0,"w":259,"h":26},"frame":{"x":2,"y":137,"w":259,"h":26}},{"filename":"daily-challenge/bg-item-light","rotated":false,"trimmed":false,"sourceSize":{"w":254,"h":41},"spriteSourceSize":{"x":0,"y":0,"w":254,"h":41},"frame":{"x":2,"y":166,"w":254,"h":41}},{"filename":"lives/time-block-2","rotated":false,"trimmed":false,"sourceSize":{"w":182,"h":54},"spriteSourceSize":{"x":0,"y":0,"w":182,"h":54},"frame":{"x":2,"y":210,"w":182,"h":54}},{"filename":"popup/top-dark","rotated":false,"trimmed":false,"sourceSize":{"w":216,"h":45},"spriteSourceSize":{"x":0,"y":0,"w":216,"h":45},"frame":{"x":187,"y":210,"w":216,"h":45}},{"filename":"popup/top","rotated":false,"trimmed":false,"sourceSize":{"w":216,"h":45},"spriteSourceSize":{"x":0,"y":0,"w":216,"h":45},"frame":{"x":187,"y":258,"w":216,"h":45}},{"filename":"texts/play-with","rotated":false,"trimmed":false,"sourceSize":{"w":176,"h":23},"spriteSourceSize":{"x":0,"y":0,"w":176,"h":23},"frame":{"x":2,"y":267,"w":176,"h":23}},{"filename":"texts/first-milestone","rotated":false,"trimmed":false,"sourceSize":{"w":198,"h":27},"spriteSourceSize":{"x":0,"y":0,"w":198,"h":27},"frame":{"x":2,"y":306,"w":198,"h":27}},{"filename":"texts/waiting-for-opponent","rotated":false,"trimmed":false,"sourceSize":{"w":188,"h":21},"spriteSourceSize":{"x":0,"y":0,"w":188,"h":21},"frame":{"x":203,"y":306,"w":188,"h":21}},{"filename":"texts/invite-friends","rotated":false,"trimmed":false,"sourceSize":{"w":186,"h":16},"spriteSourceSize":{"x":0,"y":0,"w":186,"h":16},"frame":{"x":203,"y":330,"w":186,"h":16}},{"filename":"texts/daily-challenge","rotated":false,"trimmed":false,"sourceSize":{"w":235,"h":22},"spriteSourceSize":{"x":0,"y":0,"w":235,"h":22},"frame":{"x":2,"y":349,"w":235,"h":22}},{"filename":"texts/level-failed","rotated":false,"trimmed":false,"sourceSize":{"w":207,"h":21},"spriteSourceSize":{"x":0,"y":0,"w":207,"h":21},"frame":{"x":2,"y":374,"w":207,"h":21}}]}],"meta":{"app":"https://www.codeandweb.com/texturepacker","version":"3.0","smartupdate":"$TexturePacker:SmartUpdate:f6f5f009059ebc04cbc7f4793f87280c:e41d6bb74240ac3121266cc55824e3cb:38a69b481ce127014b0b7fd232b2e3f4$"}}