{"textures":[{"image":"effects-resources.png","format":"RGBA8888","size":{"w":218,"h":218},"scale":0.5,"frames":[{"filename":"text/text_excellent","rotated":false,"trimmed":false,"sourceSize":{"w":196,"h":34},"spriteSourceSize":{"x":0,"y":0,"w":196,"h":34},"frame":{"x":2,"y":2,"w":196,"h":34}},{"filename":"glow-circle","rotated":false,"trimmed":false,"sourceSize":{"w":100,"h":100},"spriteSourceSize":{"x":0,"y":0,"w":100,"h":100},"frame":{"x":2,"y":39,"w":100,"h":100}},{"filename":"star-yellow","rotated":false,"trimmed":false,"sourceSize":{"w":85,"h":72},"spriteSourceSize":{"x":0,"y":0,"w":85,"h":72},"frame":{"x":2,"y":142,"w":85,"h":72}},{"filename":"star","rotated":false,"trimmed":false,"sourceSize":{"w":50,"h":50},"spriteSourceSize":{"x":0,"y":0,"w":50,"h":50},"frame":{"x":105,"y":39,"w":50,"h":50}},{"filename":"text/text_cool","rotated":false,"trimmed":false,"sourceSize":{"w":126,"h":40},"spriteSourceSize":{"x":0,"y":0,"w":126,"h":40},"frame":{"x":90,"y":142,"w":126,"h":40}},{"filename":"text/text_good","rotated":false,"trimmed":false,"sourceSize":{"w":56,"h":34},"spriteSourceSize":{"x":0,"y":0,"w":56,"h":34},"frame":{"x":105,"y":92,"w":56,"h":34}},{"filename":"glare-cross","rotated":false,"trimmed":false,"sourceSize":{"w":30,"h":30},"spriteSourceSize":{"x":0,"y":0,"w":30,"h":30},"frame":{"x":158,"y":39,"w":30,"h":30}},{"filename":"confetti/hexagon-0","rotated":false,"trimmed":false,"sourceSize":{"w":25,"h":25},"spriteSourceSize":{"x":0,"y":0,"w":25,"h":25},"frame":{"x":191,"y":39,"w":25,"h":25}},{"filename":"confetti/hexagon-1","rotated":false,"trimmed":true,"sourceSize":{"w":25,"h":25},"spriteSourceSize":{"x":0,"y":2,"w":25,"h":21},"frame":{"x":191,"y":67,"w":25,"h":21}},{"filename":"confetti/hexagon-4","rotated":false,"trimmed":true,"sourceSize":{"w":25,"h":25},"spriteSourceSize":{"x":1,"y":1,"w":23,"h":23},"frame":{"x":90,"y":185,"w":23,"h":23}},{"filename":"confetti/hexagon-2","rotated":false,"trimmed":true,"sourceSize":{"w":25,"h":25},"spriteSourceSize":{"x":1,"y":3,"w":23,"h":19},"frame":{"x":116,"y":185,"w":23,"h":19}},{"filename":"confetti/hexagon-3","rotated":false,"trimmed":true,"sourceSize":{"w":25,"h":25},"spriteSourceSize":{"x":3,"y":3,"w":20,"h":19},"frame":{"x":142,"y":185,"w":20,"h":19}},{"filename":"star-x/star-1","rotated":false,"trimmed":false,"sourceSize":{"w":11,"h":10},"spriteSourceSize":{"x":0,"y":0,"w":11,"h":10},"frame":{"x":105,"y":129,"w":11,"h":10}},{"filename":"star-y/star-1","rotated":false,"trimmed":false,"sourceSize":{"w":11,"h":10},"spriteSourceSize":{"x":0,"y":0,"w":11,"h":10},"frame":{"x":105,"y":129,"w":11,"h":10}},{"filename":"star-x/star-2","rotated":false,"trimmed":false,"sourceSize":{"w":11,"h":10},"spriteSourceSize":{"x":0,"y":0,"w":11,"h":10},"frame":{"x":119,"y":129,"w":11,"h":10}},{"filename":"star-y/star-4","rotated":false,"trimmed":false,"sourceSize":{"w":11,"h":10},"spriteSourceSize":{"x":0,"y":0,"w":11,"h":10},"frame":{"x":133,"y":129,"w":11,"h":10}},{"filename":"ribbon","rotated":false,"trimmed":false,"sourceSize":{"w":32,"h":1},"spriteSourceSize":{"x":0,"y":0,"w":32,"h":1},"frame":{"x":116,"y":207,"w":32,"h":1}},{"filename":"star-y/star-2","rotated":false,"trimmed":true,"sourceSize":{"w":11,"h":10},"spriteSourceSize":{"x":1,"y":0,"w":10,"h":10},"frame":{"x":147,"y":129,"w":10,"h":10}},{"filename":"ribbon/falling-confetti/confetti-c/confetti-c-2","rotated":false,"trimmed":false,"sourceSize":{"w":13,"h":5},"spriteSourceSize":{"x":0,"y":0,"w":13,"h":5},"frame":{"x":90,"y":211,"w":13,"h":5}},{"filename":"ribbon/falling-confetti/confetti-b/confetti-b-2","rotated":false,"trimmed":false,"sourceSize":{"w":12,"h":5},"spriteSourceSize":{"x":0,"y":0,"w":12,"h":5},"frame":{"x":106,"y":211,"w":12,"h":5}},{"filename":"ribbon/falling-confetti/confetti-d/confetti-d-2","rotated":false,"trimmed":false,"sourceSize":{"w":12,"h":5},"spriteSourceSize":{"x":0,"y":0,"w":12,"h":5},"frame":{"x":121,"y":211,"w":12,"h":5}},{"filename":"confetti/small-1","rotated":false,"trimmed":false,"sourceSize":{"w":13,"h":15},"spriteSourceSize":{"x":0,"y":0,"w":13,"h":15},"frame":{"x":201,"y":2,"w":13,"h":15}},{"filename":"confetti/small-4","rotated":false,"trimmed":true,"sourceSize":{"w":14,"h":16},"spriteSourceSize":{"x":1,"y":0,"w":12,"h":16},"frame":{"x":201,"y":20,"w":12,"h":16}},{"filename":"confetti/small-2","rotated":false,"trimmed":false,"sourceSize":{"w":11,"h":12},"spriteSourceSize":{"x":0,"y":0,"w":11,"h":12},"frame":{"x":158,"y":72,"w":11,"h":12}},{"filename":"confetti/small-3","rotated":false,"trimmed":false,"sourceSize":{"w":8,"h":12},"spriteSourceSize":{"x":0,"y":0,"w":8,"h":12},"frame":{"x":165,"y":185,"w":8,"h":12}},{"filename":"ribbon/falling-confetti/confetti-c/confetti-c-1","rotated":false,"trimmed":false,"sourceSize":{"w":12,"h":8},"spriteSourceSize":{"x":0,"y":0,"w":12,"h":8},"frame":{"x":172,"y":72,"w":12,"h":8}},{"filename":"star-y/star-3","rotated":false,"trimmed":true,"sourceSize":{"w":11,"h":10},"spriteSourceSize":{"x":3,"y":0,"w":6,"h":10},"frame":{"x":160,"y":129,"w":6,"h":10}},{"filename":"ribbon/falling-confetti/confetti-a/confetti-a-3","rotated":false,"trimmed":false,"sourceSize":{"w":11,"h":2},"spriteSourceSize":{"x":0,"y":0,"w":11,"h":2},"frame":{"x":158,"y":87,"w":11,"h":2}},{"filename":"ribbon/falling-confetti/confetti-b/confetti-b-1","rotated":false,"trimmed":false,"sourceSize":{"w":12,"h":7},"spriteSourceSize":{"x":0,"y":0,"w":12,"h":7},"frame":{"x":176,"y":185,"w":12,"h":7}},{"filename":"dust","rotated":false,"trimmed":false,"sourceSize":{"w":5,"h":5},"spriteSourceSize":{"x":0,"y":0,"w":5,"h":5},"frame":{"x":136,"y":211,"w":5,"h":5}},{"filename":"ribbon/falling-confetti/confetti-a/confetti-a-1","rotated":false,"trimmed":false,"sourceSize":{"w":11,"h":7},"spriteSourceSize":{"x":0,"y":0,"w":11,"h":7},"frame":{"x":191,"y":185,"w":11,"h":7}},{"filename":"star-x/star-3","rotated":false,"trimmed":true,"sourceSize":{"w":11,"h":10},"spriteSourceSize":{"x":0,"y":1,"w":11,"h":8},"frame":{"x":205,"y":185,"w":11,"h":8}},{"filename":"ribbon/falling-confetti/confetti-d/confetti-d-1","rotated":false,"trimmed":false,"sourceSize":{"w":11,"h":7},"spriteSourceSize":{"x":0,"y":0,"w":11,"h":7},"frame":{"x":172,"y":83,"w":11,"h":7}},{"filename":"ribbon/falling-confetti/confetti-b/confetti-b-3","rotated":false,"trimmed":false,"sourceSize":{"w":13,"h":3},"spriteSourceSize":{"x":0,"y":0,"w":13,"h":3},"frame":{"x":176,"y":195,"w":13,"h":3}},{"filename":"dust-yellow","rotated":false,"trimmed":false,"sourceSize":{"w":8,"h":8},"spriteSourceSize":{"x":0,"y":0,"w":8,"h":8},"frame":{"x":165,"y":200,"w":8,"h":8}},{"filename":"star-x/star-4","rotated":false,"trimmed":true,"sourceSize":{"w":11,"h":10},"spriteSourceSize":{"x":0,"y":2,"w":11,"h":6},"frame":{"x":176,"y":201,"w":11,"h":6}},{"filename":"ribbon/falling-confetti/confetti-a/confetti-a-2","rotated":false,"trimmed":false,"sourceSize":{"w":11,"h":4},"spriteSourceSize":{"x":0,"y":0,"w":11,"h":4},"frame":{"x":151,"y":207,"w":11,"h":4}},{"filename":"ribbon/falling-confetti/confetti-d/confetti-d-4","rotated":false,"trimmed":false,"sourceSize":{"w":12,"h":2},"spriteSourceSize":{"x":0,"y":0,"w":12,"h":2},"frame":{"x":144,"y":214,"w":12,"h":2}},{"filename":"ribbon/falling-confetti/confetti-b/confetti-b-4","rotated":false,"trimmed":false,"sourceSize":{"w":13,"h":1},"spriteSourceSize":{"x":0,"y":0,"w":13,"h":1},"frame":{"x":176,"y":210,"w":13,"h":1}},{"filename":"ribbon/falling-confetti/confetti-c/confetti-c-3","rotated":false,"trimmed":false,"sourceSize":{"w":12,"h":4},"spriteSourceSize":{"x":0,"y":0,"w":12,"h":4},"frame":{"x":164,"y":93,"w":12,"h":4}},{"filename":"ribbon/falling-confetti/confetti-d/confetti-d-3","rotated":false,"trimmed":false,"sourceSize":{"w":12,"h":3},"spriteSourceSize":{"x":0,"y":0,"w":12,"h":3},"frame":{"x":164,"y":100,"w":12,"h":3}},{"filename":"ribbon/falling-confetti/confetti-c/confetti-c-4","rotated":false,"trimmed":false,"sourceSize":{"w":11,"h":3},"spriteSourceSize":{"x":0,"y":0,"w":11,"h":3},"frame":{"x":164,"y":106,"w":11,"h":3}}]}],"meta":{"app":"https://www.codeandweb.com/texturepacker","version":"3.0","smartupdate":"$TexturePacker:SmartUpdate:552cd016df7809ad82323648e200351f:1370d95989e56115af0775cb8266f3bc:fcf0ca429d8c303c4783c89b34559bdb$"}}