{"textures":[{"image":"default-resources-0.png","format":"RGBA8888","size":{"w":1006,"h":1006},"scale":0.5,"frames":[{"filename":"bg/bg-middle","rotated":false,"trimmed":false,"sourceSize":{"w":360,"h":425},"spriteSourceSize":{"x":0,"y":0,"w":360,"h":425},"frame":{"x":2,"y":2,"w":360,"h":425}},{"filename":"ui-ngang/bg-middle","rotated":false,"trimmed":false,"sourceSize":{"w":360,"h":284},"spriteSourceSize":{"x":0,"y":0,"w":360,"h":284},"frame":{"x":2,"y":430,"w":360,"h":284}},{"filename":"leaderboards/bg-top","rotated":false,"trimmed":false,"sourceSize":{"w":475,"h":84},"spriteSourceSize":{"x":0,"y":0,"w":475,"h":84},"frame":{"x":365,"y":2,"w":475,"h":84}},{"filename":"leaderboards/bg-bottom","rotated":false,"trimmed":false,"sourceSize":{"w":475,"h":34},"spriteSourceSize":{"x":0,"y":0,"w":475,"h":34},"frame":{"x":365,"y":89,"w":475,"h":34}},{"filename":"leaderboards/bg-middle","rotated":false,"trimmed":false,"sourceSize":{"w":475,"h":24},"spriteSourceSize":{"x":0,"y":0,"w":475,"h":24},"frame":{"x":365,"y":126,"w":475,"h":24}},{"filename":"footer","rotated":false,"trimmed":false,"sourceSize":{"w":375,"h":77},"spriteSourceSize":{"x":0,"y":0,"w":375,"h":77},"frame":{"x":365,"y":153,"w":375,"h":77}},{"filename":"ui-ngang/bg-top","rotated":false,"trimmed":false,"sourceSize":{"w":360,"h":89},"spriteSourceSize":{"x":0,"y":0,"w":360,"h":89},"frame":{"x":2,"y":717,"w":360,"h":89}},{"filename":"ui-ngang/bg-bottom","rotated":false,"trimmed":false,"sourceSize":{"w":360,"h":88},"spriteSourceSize":{"x":0,"y":0,"w":360,"h":88},"frame":{"x":365,"y":233,"w":360,"h":88}},{"filename":"bg/bg-bottom","rotated":false,"trimmed":false,"sourceSize":{"w":360,"h":56},"spriteSourceSize":{"x":0,"y":0,"w":360,"h":56},"frame":{"x":2,"y":809,"w":360,"h":56}},{"filename":"bg/bg-top","rotated":false,"trimmed":false,"sourceSize":{"w":360,"h":56},"spriteSourceSize":{"x":0,"y":0,"w":360,"h":56},"frame":{"x":365,"y":324,"w":360,"h":56}},{"filename":"daily-challenge/bg","rotated":false,"trimmed":false,"sourceSize":{"w":260,"h":143},"spriteSourceSize":{"x":0,"y":0,"w":260,"h":143},"frame":{"x":365,"y":383,"w":260,"h":143}},{"filename":"ui-ngang/khung-next-block","rotated":false,"trimmed":false,"sourceSize":{"w":100,"h":300},"spriteSourceSize":{"x":0,"y":0,"w":100,"h":300},"frame":{"x":365,"y":529,"w":100,"h":300}},{"filename":"leaf","rotated":false,"trimmed":false,"sourceSize":{"w":282,"h":66},"spriteSourceSize":{"x":0,"y":0,"w":282,"h":66},"frame":{"x":2,"y":868,"w":282,"h":66}},{"filename":"lives/heart","rotated":false,"trimmed":false,"sourceSize":{"w":170,"h":140},"spriteSourceSize":{"x":0,"y":0,"w":170,"h":140},"frame":{"x":468,"y":529,"w":170,"h":140}},{"filename":"daily-challenge/bg-item-dark","rotated":false,"trimmed":false,"sourceSize":{"w":254,"h":41},"spriteSourceSize":{"x":0,"y":0,"w":254,"h":41},"frame":{"x":2,"y":937,"w":254,"h":41}},{"filename":"popup/middle","rotated":false,"trimmed":false,"sourceSize":{"w":216,"h":114},"spriteSourceSize":{"x":0,"y":0,"w":216,"h":114},"frame":{"x":468,"y":672,"w":216,"h":114}},{"filename":"texts/next-milestone","rotated":false,"trimmed":false,"sourceSize":{"w":252,"h":22},"spriteSourceSize":{"x":0,"y":0,"w":252,"h":22},"frame":{"x":2,"y":981,"w":252,"h":22}},{"filename":"bg/bg-dark","rotated":false,"trimmed":false,"sourceSize":{"w":122,"h":152},"spriteSourceSize":{"x":0,"y":0,"w":122,"h":152},"frame":{"x":843,"y":2,"w":122,"h":152}},{"filename":"score-panel","rotated":false,"trimmed":false,"sourceSize":{"w":263,"h":76},"spriteSourceSize":{"x":0,"y":0,"w":263,"h":76},"frame":{"x":468,"y":789,"w":263,"h":76}},{"filename":"bg-progress-circle","rotated":false,"trimmed":false,"sourceSize":{"w":116,"h":116},"spriteSourceSize":{"x":0,"y":0,"w":116,"h":116},"frame":{"x":628,"y":383,"w":116,"h":116}},{"filename":"daily-challenge/bg-item-light","rotated":false,"trimmed":false,"sourceSize":{"w":254,"h":41},"spriteSourceSize":{"x":0,"y":0,"w":254,"h":41},"frame":{"x":287,"y":868,"w":254,"h":41}},{"filename":"border-daily","rotated":false,"trimmed":false,"sourceSize":{"w":259,"h":26},"spriteSourceSize":{"x":0,"y":0,"w":259,"h":26},"frame":{"x":287,"y":912,"w":259,"h":26}},{"filename":"daily-challenge/middle-panel","rotated":false,"trimmed":false,"sourceSize":{"w":261,"h":13},"spriteSourceSize":{"x":0,"y":0,"w":261,"h":13},"frame":{"x":259,"y":941,"w":261,"h":13}},{"filename":"popup/top-dark","rotated":false,"trimmed":false,"sourceSize":{"w":216,"h":45},"spriteSourceSize":{"x":0,"y":0,"w":216,"h":45},"frame":{"x":259,"y":957,"w":216,"h":45}},{"filename":"popup/background","rotated":false,"trimmed":false,"sourceSize":{"w":198,"h":111},"spriteSourceSize":{"x":0,"y":0,"w":198,"h":111},"frame":{"x":549,"y":868,"w":198,"h":111}},{"filename":"best-score-frame-long","rotated":false,"trimmed":false,"sourceSize":{"w":193,"h":77},"spriteSourceSize":{"x":0,"y":0,"w":193,"h":77},"frame":{"x":743,"y":157,"w":193,"h":77}},{"filename":"popup/top","rotated":false,"trimmed":false,"sourceSize":{"w":216,"h":45},"spriteSourceSize":{"x":0,"y":0,"w":216,"h":45},"frame":{"x":728,"y":237,"w":216,"h":45}},{"filename":"texts/daily-challenge","rotated":false,"trimmed":false,"sourceSize":{"w":201,"h":45},"spriteSourceSize":{"x":0,"y":0,"w":201,"h":45},"frame":{"x":728,"y":285,"w":201,"h":45}},{"filename":"lives/time-block","rotated":false,"trimmed":false,"sourceSize":{"w":173,"h":44},"spriteSourceSize":{"x":0,"y":0,"w":173,"h":44},"frame":{"x":728,"y":333,"w":173,"h":44}},{"filename":"bottom-panel","rotated":false,"trimmed":false,"sourceSize":{"w":141,"h":86},"spriteSourceSize":{"x":0,"y":0,"w":141,"h":86},"frame":{"x":747,"y":380,"w":141,"h":86}},{"filename":"popup/score-panel","rotated":false,"trimmed":false,"sourceSize":{"w":150,"h":46},"spriteSourceSize":{"x":0,"y":0,"w":150,"h":46},"frame":{"x":747,"y":469,"w":150,"h":46}},{"filename":"popup/bottom","rotated":false,"trimmed":false,"sourceSize":{"w":216,"h":14},"spriteSourceSize":{"x":0,"y":0,"w":216,"h":14},"frame":{"x":478,"y":982,"w":216,"h":14}},{"filename":"avatar/border-big","rotated":false,"trimmed":false,"sourceSize":{"w":88,"h":88},"spriteSourceSize":{"x":0,"y":0,"w":88,"h":88},"frame":{"x":641,"y":502,"w":88,"h":88}},{"filename":"buttons/dark-blue","rotated":false,"trimmed":false,"sourceSize":{"w":183,"h":54},"spriteSourceSize":{"x":0,"y":0,"w":183,"h":54},"frame":{"x":732,"y":518,"w":183,"h":54}},{"filename":"lives/time-block-2","rotated":false,"trimmed":false,"sourceSize":{"w":182,"h":54},"spriteSourceSize":{"x":0,"y":0,"w":182,"h":54},"frame":{"x":732,"y":575,"w":182,"h":54}},{"filename":"best-score-frame","rotated":false,"trimmed":false,"sourceSize":{"w":56,"h":76},"spriteSourceSize":{"x":0,"y":0,"w":56,"h":76},"frame":{"x":641,"y":593,"w":56,"h":76}},{"filename":"buttons/green-large","rotated":false,"trimmed":false,"sourceSize":{"w":165,"h":54},"spriteSourceSize":{"x":0,"y":0,"w":165,"h":54},"frame":{"x":700,"y":632,"w":165,"h":54}},{"filename":"buttons/green","rotated":false,"trimmed":false,"sourceSize":{"w":119,"h":41},"spriteSourceSize":{"x":0,"y":0,"w":119,"h":41},"frame":{"x":687,"y":689,"w":119,"h":41}},{"filename":"bg-combo","rotated":false,"trimmed":true,"sourceSize":{"w":106,"h":44},"spriteSourceSize":{"x":0,"y":4,"w":106,"h":40},"frame":{"x":687,"y":733,"w":106,"h":40}},{"filename":"texts/text-retry","rotated":false,"trimmed":false,"sourceSize":{"w":107,"h":10},"spriteSourceSize":{"x":0,"y":0,"w":107,"h":10},"frame":{"x":687,"y":776,"w":107,"h":10}},{"filename":"preloader/dual-ring","rotated":false,"trimmed":true,"sourceSize":{"w":100,"h":100},"spriteSourceSize":{"x":13,"y":13,"w":74,"h":74},"frame":{"x":734,"y":789,"w":74,"h":74}},{"filename":"ui-ngang/khung-best-score","rotated":false,"trimmed":false,"sourceSize":{"w":56,"h":85},"spriteSourceSize":{"x":0,"y":0,"w":56,"h":85},"frame":{"x":750,"y":866,"w":56,"h":85}},{"filename":"ui-ngang/khung-score","rotated":false,"trimmed":false,"sourceSize":{"w":87,"h":50},"spriteSourceSize":{"x":0,"y":0,"w":87,"h":50},"frame":{"x":750,"y":954,"w":87,"h":50}},{"filename":"buttons/challenge_light","rotated":false,"trimmed":false,"sourceSize":{"w":44,"h":33},"spriteSourceSize":{"x":0,"y":0,"w":44,"h":33},"frame":{"x":365,"y":832,"w":44,"h":33}},{"filename":"ui-ngang/khung-mission","rotated":false,"trimmed":false,"sourceSize":{"w":48,"h":232},"spriteSourceSize":{"x":0,"y":0,"w":48,"h":232},"frame":{"x":811,"y":689,"w":48,"h":232}},{"filename":"buttons/play","rotated":false,"trimmed":false,"sourceSize":{"w":43,"h":33},"spriteSourceSize":{"x":0,"y":0,"w":43,"h":33},"frame":{"x":412,"y":832,"w":43,"h":33}},{"filename":"avatar/border","rotated":false,"trimmed":true,"sourceSize":{"w":69,"h":72},"spriteSourceSize":{"x":0,"y":1,"w":69,"h":71},"frame":{"x":868,"y":632,"w":69,"h":71}},{"filename":"icon-journey","rotated":false,"trimmed":false,"sourceSize":{"w":75,"h":61},"spriteSourceSize":{"x":0,"y":0,"w":75,"h":61},"frame":{"x":862,"y":706,"w":75,"h":61}},{"filename":"avatar/border-challenge","rotated":false,"trimmed":false,"sourceSize":{"w":60,"h":59},"spriteSourceSize":{"x":0,"y":0,"w":60,"h":59},"frame":{"x":862,"y":770,"w":60,"h":59}},{"filename":"avatar/background","rotated":false,"trimmed":false,"sourceSize":{"w":53,"h":54},"spriteSourceSize":{"x":0,"y":0,"w":53,"h":54},"frame":{"x":862,"y":832,"w":53,"h":54}},{"filename":"icons/sound","rotated":false,"trimmed":false,"sourceSize":{"w":31,"h":27},"spriteSourceSize":{"x":0,"y":0,"w":31,"h":27},"frame":{"x":809,"y":924,"w":31,"h":27}},{"filename":"bg/level-playing","rotated":false,"trimmed":false,"sourceSize":{"w":57,"h":47},"spriteSourceSize":{"x":0,"y":0,"w":57,"h":47},"frame":{"x":862,"y":889,"w":57,"h":47}},{"filename":"texts/play","rotated":false,"trimmed":false,"sourceSize":{"w":68,"h":15},"spriteSourceSize":{"x":0,"y":0,"w":68,"h":15},"frame":{"x":478,"y":957,"w":68,"h":15}},{"filename":"texts/result","rotated":false,"trimmed":false,"sourceSize":{"w":102,"h":18},"spriteSourceSize":{"x":0,"y":0,"w":102,"h":18},"frame":{"x":843,"y":939,"w":102,"h":18}},{"filename":"bg-streak","rotated":false,"trimmed":true,"sourceSize":{"w":106,"h":44},"spriteSourceSize":{"x":0,"y":4,"w":106,"h":40},"frame":{"x":840,"y":960,"w":106,"h":40}},{"filename":"icons/dot","rotated":false,"trimmed":false,"sourceSize":{"w":34,"h":35},"spriteSourceSize":{"x":0,"y":0,"w":34,"h":35},"frame":{"x":968,"y":2,"w":34,"h":35}},{"filename":"icons/vibrate","rotated":false,"trimmed":false,"sourceSize":{"w":31,"h":37},"spriteSourceSize":{"x":0,"y":0,"w":31,"h":37},"frame":{"x":968,"y":40,"w":31,"h":37}},{"filename":"bg/level-locked","rotated":false,"trimmed":false,"sourceSize":{"w":51,"h":42},"spriteSourceSize":{"x":0,"y":0,"w":51,"h":42},"frame":{"x":939,"y":157,"w":51,"h":42}},{"filename":"text-target-panel","rotated":false,"trimmed":false,"sourceSize":{"w":49,"h":23},"spriteSourceSize":{"x":0,"y":0,"w":49,"h":23},"frame":{"x":939,"y":202,"w":49,"h":23}},{"filename":"bg/level-played","rotated":false,"trimmed":false,"sourceSize":{"w":50,"h":41},"spriteSourceSize":{"x":0,"y":0,"w":50,"h":41},"frame":{"x":947,"y":228,"w":50,"h":41}},{"filename":"leaderboards/tab-off","rotated":false,"trimmed":false,"sourceSize":{"w":57,"h":18},"spriteSourceSize":{"x":0,"y":0,"w":57,"h":18},"frame":{"x":947,"y":272,"w":57,"h":18}},{"filename":"buttons/skip","rotated":false,"trimmed":false,"sourceSize":{"w":60,"h":36},"spriteSourceSize":{"x":0,"y":0,"w":60,"h":36},"frame":{"x":932,"y":293,"w":60,"h":36}},{"filename":"buttons/dark-blue-big","rotated":false,"trimmed":false,"sourceSize":{"w":90,"h":41},"spriteSourceSize":{"x":0,"y":0,"w":90,"h":41},"frame":{"x":904,"y":333,"w":90,"h":41}},{"filename":"score-panel-dark","rotated":false,"trimmed":false,"sourceSize":{"w":94,"h":26},"spriteSourceSize":{"x":0,"y":0,"w":94,"h":26},"frame":{"x":904,"y":377,"w":94,"h":26}},{"filename":"ui-ngang/text-next-block","rotated":false,"trimmed":false,"sourceSize":{"w":109,"h":18},"spriteSourceSize":{"x":0,"y":0,"w":109,"h":18},"frame":{"x":891,"y":406,"w":109,"h":18}},{"filename":"ui-ngang/text-score","rotated":false,"trimmed":false,"sourceSize":{"w":78,"h":18},"spriteSourceSize":{"x":0,"y":0,"w":78,"h":18},"frame":{"x":891,"y":427,"w":78,"h":18}},{"filename":"texts/start","rotated":false,"trimmed":false,"sourceSize":{"w":75,"h":15},"spriteSourceSize":{"x":0,"y":0,"w":75,"h":15},"frame":{"x":891,"y":448,"w":75,"h":15}},{"filename":"buttons/toggle-off","rotated":false,"trimmed":false,"sourceSize":{"w":67,"h":23},"spriteSourceSize":{"x":0,"y":0,"w":67,"h":23},"frame":{"x":900,"y":466,"w":67,"h":23}},{"filename":"buttons/toggle-on","rotated":false,"trimmed":false,"sourceSize":{"w":67,"h":23},"spriteSourceSize":{"x":0,"y":0,"w":67,"h":23},"frame":{"x":900,"y":492,"w":67,"h":23}},{"filename":"buttons/minor","rotated":false,"trimmed":false,"sourceSize":{"w":41,"h":36},"spriteSourceSize":{"x":0,"y":0,"w":41,"h":36},"frame":{"x":918,"y":518,"w":41,"h":36}},{"filename":"icons/icon-daily","rotated":false,"trimmed":false,"sourceSize":{"w":34,"h":34},"spriteSourceSize":{"x":0,"y":0,"w":34,"h":34},"frame":{"x":968,"y":80,"w":34,"h":34}},{"filename":"icons/home","rotated":false,"trimmed":false,"sourceSize":{"w":24,"h":22},"spriteSourceSize":{"x":0,"y":0,"w":24,"h":22},"frame":{"x":697,"y":982,"w":24,"h":22}},{"filename":"icons/brown-journey","rotated":false,"trimmed":false,"sourceSize":{"w":23,"h":21},"spriteSourceSize":{"x":0,"y":0,"w":23,"h":21},"frame":{"x":724,"y":982,"w":23,"h":21}},{"filename":"icons/music","rotated":false,"trimmed":false,"sourceSize":{"w":28,"h":31},"spriteSourceSize":{"x":0,"y":0,"w":28,"h":31},"frame":{"x":700,"y":593,"w":28,"h":31}},{"filename":"buttons/random","rotated":false,"trimmed":false,"sourceSize":{"w":43,"h":33},"spriteSourceSize":{"x":0,"y":0,"w":43,"h":33},"frame":{"x":918,"y":557,"w":43,"h":33}},{"filename":"icons/crown-big","rotated":false,"trimmed":false,"sourceSize":{"w":37,"h":35},"spriteSourceSize":{"x":0,"y":0,"w":37,"h":35},"frame":{"x":917,"y":593,"w":37,"h":35}},{"filename":"buttons/dot-blue","rotated":false,"trimmed":false,"sourceSize":{"w":28,"h":27},"spriteSourceSize":{"x":0,"y":0,"w":28,"h":27},"frame":{"x":968,"y":117,"w":28,"h":27}},{"filename":"buttons/dot-green","rotated":false,"trimmed":false,"sourceSize":{"w":28,"h":27},"spriteSourceSize":{"x":0,"y":0,"w":28,"h":27},"frame":{"x":972,"y":427,"w":28,"h":27}},{"filename":"icons/icon-journey","rotated":false,"trimmed":false,"sourceSize":{"w":37,"h":31},"spriteSourceSize":{"x":0,"y":0,"w":37,"h":31},"frame":{"x":940,"y":631,"w":37,"h":31}},{"filename":"buttons/share","rotated":false,"trimmed":false,"sourceSize":{"w":40,"h":29},"spriteSourceSize":{"x":0,"y":0,"w":40,"h":29},"frame":{"x":940,"y":665,"w":40,"h":29}},{"filename":"ui-ngang/text-mission","rotated":false,"trimmed":false,"sourceSize":{"w":58,"h":18},"spriteSourceSize":{"x":0,"y":0,"w":58,"h":18},"frame":{"x":940,"y":697,"w":58,"h":18}},{"filename":"leaderboards/tab-on","rotated":false,"trimmed":false,"sourceSize":{"w":57,"h":18},"spriteSourceSize":{"x":0,"y":0,"w":57,"h":18},"frame":{"x":940,"y":718,"w":57,"h":18}},{"filename":"texts/continue","rotated":false,"trimmed":false,"sourceSize":{"w":63,"h":15},"spriteSourceSize":{"x":0,"y":0,"w":63,"h":15},"frame":{"x":940,"y":739,"w":63,"h":15}},{"filename":"texts/text-share","rotated":false,"trimmed":false,"sourceSize":{"w":58,"h":14},"spriteSourceSize":{"x":0,"y":0,"w":58,"h":14},"frame":{"x":940,"y":757,"w":58,"h":14}},{"filename":"texts/text-ranking","rotated":false,"trimmed":false,"sourceSize":{"w":66,"h":12},"spriteSourceSize":{"x":0,"y":0,"w":66,"h":12},"frame":{"x":925,"y":774,"w":66,"h":12}},{"filename":"texts/play-with-blue","rotated":false,"trimmed":false,"sourceSize":{"w":58,"h":9},"spriteSourceSize":{"x":0,"y":0,"w":58,"h":9},"frame":{"x":925,"y":789,"w":58,"h":9}},{"filename":"texts/no","rotated":false,"trimmed":false,"sourceSize":{"w":49,"h":18},"spriteSourceSize":{"x":0,"y":0,"w":49,"h":18},"frame":{"x":925,"y":801,"w":49,"h":18}},{"filename":"texts/world-disable","rotated":false,"trimmed":false,"sourceSize":{"w":45,"h":14},"spriteSourceSize":{"x":0,"y":0,"w":45,"h":14},"frame":{"x":925,"y":822,"w":45,"h":14}},{"filename":"texts/world","rotated":false,"trimmed":false,"sourceSize":{"w":45,"h":14},"spriteSourceSize":{"x":0,"y":0,"w":45,"h":14},"frame":{"x":918,"y":839,"w":45,"h":14}},{"filename":"texts/vs","rotated":false,"trimmed":false,"sourceSize":{"w":43,"h":10},"spriteSourceSize":{"x":0,"y":0,"w":43,"h":10},"frame":{"x":918,"y":856,"w":43,"h":10}},{"filename":"texts/full","rotated":false,"trimmed":false,"sourceSize":{"w":37,"h":12},"spriteSourceSize":{"x":0,"y":0,"w":37,"h":12},"frame":{"x":918,"y":869,"w":37,"h":12}},{"filename":"buttons/close","rotated":false,"trimmed":false,"sourceSize":{"w":26,"h":26},"spriteSourceSize":{"x":0,"y":0,"w":26,"h":26},"frame":{"x":922,"y":884,"w":26,"h":26}},{"filename":"icons/flat-ad","rotated":false,"trimmed":false,"sourceSize":{"w":24,"h":21},"spriteSourceSize":{"x":0,"y":0,"w":24,"h":21},"frame":{"x":922,"y":913,"w":24,"h":21}},{"filename":"texts/yes","rotated":false,"trimmed":false,"sourceSize":{"w":27,"h":18},"spriteSourceSize":{"x":0,"y":0,"w":27,"h":18},"frame":{"x":977,"y":801,"w":27,"h":18}},{"filename":"icons/play-green","rotated":false,"trimmed":false,"sourceSize":{"w":24,"h":24},"spriteSourceSize":{"x":0,"y":0,"w":24,"h":24},"frame":{"x":980,"y":457,"w":24,"h":24}},{"filename":"icons/play","rotated":false,"trimmed":false,"sourceSize":{"w":24,"h":24},"spriteSourceSize":{"x":0,"y":0,"w":24,"h":24},"frame":{"x":980,"y":484,"w":24,"h":24}},{"filename":"icons/plus","rotated":false,"trimmed":false,"sourceSize":{"w":21,"h":22},"spriteSourceSize":{"x":0,"y":0,"w":21,"h":22},"frame":{"x":983,"y":511,"w":21,"h":22}},{"filename":"icons/share","rotated":false,"trimmed":false,"sourceSize":{"w":18,"h":24},"spriteSourceSize":{"x":0,"y":0,"w":18,"h":24},"frame":{"x":962,"y":518,"w":18,"h":24}},{"filename":"buttons/circle-button","rotated":false,"trimmed":false,"sourceSize":{"w":21,"h":21},"spriteSourceSize":{"x":0,"y":0,"w":21,"h":21},"frame":{"x":983,"y":536,"w":21,"h":21}},{"filename":"icons/setting","rotated":false,"trimmed":false,"sourceSize":{"w":21,"h":21},"spriteSourceSize":{"x":0,"y":0,"w":21,"h":21},"frame":{"x":983,"y":560,"w":21,"h":21}},{"filename":"icons/share-blue","rotated":false,"trimmed":false,"sourceSize":{"w":16,"h":22},"spriteSourceSize":{"x":0,"y":0,"w":16,"h":22},"frame":{"x":964,"y":545,"w":16,"h":22}},{"filename":"icons/i-play","rotated":false,"trimmed":false,"sourceSize":{"w":16,"h":20},"spriteSourceSize":{"x":0,"y":0,"w":16,"h":20},"frame":{"x":964,"y":570,"w":16,"h":20}},{"filename":"icons/white-journey","rotated":false,"trimmed":false,"sourceSize":{"w":21,"h":20},"spriteSourceSize":{"x":0,"y":0,"w":21,"h":20},"frame":{"x":983,"y":584,"w":21,"h":20}},{"filename":"icons/sword","rotated":false,"trimmed":false,"sourceSize":{"w":23,"h":19},"spriteSourceSize":{"x":0,"y":0,"w":23,"h":19},"frame":{"x":957,"y":593,"w":23,"h":19}},{"filename":"icons/rank","rotated":false,"trimmed":false,"sourceSize":{"w":26,"h":25},"spriteSourceSize":{"x":0,"y":0,"w":26,"h":25},"frame":{"x":973,"y":822,"w":26,"h":25}},{"filename":"texts/off","rotated":false,"trimmed":false,"sourceSize":{"w":25,"h":12},"spriteSourceSize":{"x":0,"y":0,"w":25,"h":12},"frame":{"x":957,"y":615,"w":25,"h":12}},{"filename":"texts/on","rotated":false,"trimmed":false,"sourceSize":{"w":20,"h":12},"spriteSourceSize":{"x":0,"y":0,"w":20,"h":12},"frame":{"x":523,"y":941,"w":20,"h":12}},{"filename":"icons/retry","rotated":false,"trimmed":false,"sourceSize":{"w":25,"h":27},"spriteSourceSize":{"x":0,"y":0,"w":25,"h":27},"frame":{"x":951,"y":884,"w":25,"h":27}},{"filename":"icons/back","rotated":false,"trimmed":false,"sourceSize":{"w":25,"h":19},"spriteSourceSize":{"x":0,"y":0,"w":25,"h":19},"frame":{"x":949,"y":914,"w":25,"h":19}},{"filename":"icons/clock","rotated":false,"trimmed":false,"sourceSize":{"w":17,"h":18},"spriteSourceSize":{"x":0,"y":0,"w":17,"h":18},"frame":{"x":985,"y":607,"w":17,"h":18}},{"filename":"icons/replay","rotated":false,"trimmed":false,"sourceSize":{"w":20,"h":24},"spriteSourceSize":{"x":0,"y":0,"w":20,"h":24},"frame":{"x":980,"y":630,"w":20,"h":24}},{"filename":"icons/sword-blue","rotated":false,"trimmed":false,"sourceSize":{"w":18,"h":16},"spriteSourceSize":{"x":0,"y":0,"w":18,"h":16},"frame":{"x":983,"y":657,"w":18,"h":16}},{"filename":"icons/crown","rotated":false,"trimmed":false,"sourceSize":{"w":16,"h":14},"spriteSourceSize":{"x":0,"y":0,"w":16,"h":14},"frame":{"x":983,"y":676,"w":16,"h":14}},{"filename":"icons/battle","rotated":false,"trimmed":false,"sourceSize":{"w":22,"h":21},"spriteSourceSize":{"x":0,"y":0,"w":22,"h":21},"frame":{"x":949,"y":936,"w":22,"h":21}},{"filename":"icons/check","rotated":false,"trimmed":false,"sourceSize":{"w":22,"h":18},"spriteSourceSize":{"x":0,"y":0,"w":22,"h":18},"frame":{"x":949,"y":960,"w":22,"h":18}},{"filename":"icons/cup-bronze","rotated":false,"trimmed":false,"sourceSize":{"w":22,"h":18},"spriteSourceSize":{"x":0,"y":0,"w":22,"h":18},"frame":{"x":949,"y":981,"w":22,"h":18}},{"filename":"icons/cup-gold","rotated":false,"trimmed":false,"sourceSize":{"w":22,"h":18},"spriteSourceSize":{"x":0,"y":0,"w":22,"h":18},"frame":{"x":966,"y":850,"w":22,"h":18}},{"filename":"icons/cup-silver","rotated":false,"trimmed":false,"sourceSize":{"w":22,"h":18},"spriteSourceSize":{"x":0,"y":0,"w":22,"h":18},"frame":{"x":974,"y":936,"w":22,"h":18}}]},{"image":"default-resources-1.png","format":"RGBA8888","size":{"w":406,"h":406},"scale":0.5,"frames":[{"filename":"border-bottom-panel","rotated":false,"trimmed":false,"sourceSize":{"w":375,"h":18},"spriteSourceSize":{"x":0,"y":0,"w":375,"h":18},"frame":{"x":2,"y":2,"w":375,"h":18}},{"filename":"daily-challenge/bottom-panel","rotated":false,"trimmed":false,"sourceSize":{"w":261,"h":15},"spriteSourceSize":{"x":0,"y":0,"w":261,"h":15},"frame":{"x":2,"y":23,"w":261,"h":15}},{"filename":"texts/play-with","rotated":false,"trimmed":false,"sourceSize":{"w":132,"h":17},"spriteSourceSize":{"x":0,"y":0,"w":132,"h":17},"frame":{"x":266,"y":23,"w":132,"h":17}},{"filename":"daily-challenge/top-panel","rotated":false,"trimmed":false,"sourceSize":{"w":261,"h":15},"spriteSourceSize":{"x":0,"y":0,"w":261,"h":15},"frame":{"x":2,"y":41,"w":261,"h":15}},{"filename":"texts/text-next-level","rotated":false,"trimmed":false,"sourceSize":{"w":132,"h":17},"spriteSourceSize":{"x":0,"y":0,"w":132,"h":17},"frame":{"x":266,"y":43,"w":132,"h":17}},{"filename":"texts/waiting-for-opponent","rotated":false,"trimmed":false,"sourceSize":{"w":239,"h":19},"spriteSourceSize":{"x":0,"y":0,"w":239,"h":19},"frame":{"x":2,"y":59,"w":239,"h":19}},{"filename":"leaderboards/bg-item","rotated":false,"trimmed":false,"sourceSize":{"w":159,"h":31},"spriteSourceSize":{"x":0,"y":0,"w":159,"h":31},"frame":{"x":244,"y":63,"w":159,"h":31}},{"filename":"texts/first-milestone","rotated":false,"trimmed":false,"sourceSize":{"w":237,"h":19},"spriteSourceSize":{"x":0,"y":0,"w":237,"h":19},"frame":{"x":2,"y":81,"w":237,"h":19}},{"filename":"texts/text-journey","rotated":false,"trimmed":false,"sourceSize":{"w":157,"h":18},"spriteSourceSize":{"x":0,"y":0,"w":157,"h":18},"frame":{"x":242,"y":97,"w":157,"h":18}},{"filename":"texts/your-score","rotated":false,"trimmed":false,"sourceSize":{"w":205,"h":19},"spriteSourceSize":{"x":0,"y":0,"w":205,"h":19},"frame":{"x":2,"y":103,"w":205,"h":19}},{"filename":"texts/second-chance","rotated":false,"trimmed":false,"sourceSize":{"w":180,"h":18},"spriteSourceSize":{"x":0,"y":0,"w":180,"h":18},"frame":{"x":210,"y":118,"w":180,"h":18}},{"filename":"texts/out-of-live","rotated":false,"trimmed":false,"sourceSize":{"w":198,"h":18},"spriteSourceSize":{"x":0,"y":0,"w":198,"h":18},"frame":{"x":2,"y":125,"w":198,"h":18}},{"filename":"texts/invite-friends","rotated":false,"trimmed":false,"sourceSize":{"w":179,"h":15},"spriteSourceSize":{"x":0,"y":0,"w":179,"h":15},"frame":{"x":203,"y":139,"w":179,"h":15}},{"filename":"texts/congratulations","rotated":false,"trimmed":false,"sourceSize":{"w":178,"h":24},"spriteSourceSize":{"x":0,"y":0,"w":178,"h":24},"frame":{"x":2,"y":146,"w":178,"h":24}},{"filename":"texts/keep-playing","rotated":false,"trimmed":false,"sourceSize":{"w":176,"h":19},"spriteSourceSize":{"x":0,"y":0,"w":176,"h":19},"frame":{"x":183,"y":157,"w":176,"h":19}},{"filename":"texts/text-tutorial","rotated":false,"trimmed":false,"sourceSize":{"w":176,"h":18},"spriteSourceSize":{"x":0,"y":0,"w":176,"h":18},"frame":{"x":2,"y":173,"w":176,"h":18}},{"filename":"texts/play-single","rotated":false,"trimmed":false,"sourceSize":{"w":170,"h":17},"spriteSourceSize":{"x":0,"y":0,"w":170,"h":17},"frame":{"x":181,"y":179,"w":170,"h":17}},{"filename":"texts/setting","rotated":false,"trimmed":false,"sourceSize":{"w":169,"h":18},"spriteSourceSize":{"x":0,"y":0,"w":169,"h":18},"frame":{"x":2,"y":194,"w":169,"h":18}},{"filename":"buttons/brown","rotated":false,"trimmed":false,"sourceSize":{"w":165,"h":41},"spriteSourceSize":{"x":0,"y":0,"w":165,"h":41},"frame":{"x":174,"y":199,"w":165,"h":41}},{"filename":"texts/replay","rotated":false,"trimmed":false,"sourceSize":{"w":165,"h":16},"spriteSourceSize":{"x":0,"y":0,"w":165,"h":16},"frame":{"x":2,"y":215,"w":165,"h":16}},{"filename":"texts/win","rotated":false,"trimmed":false,"sourceSize":{"w":163,"h":23},"spriteSourceSize":{"x":0,"y":0,"w":163,"h":23},"frame":{"x":2,"y":234,"w":163,"h":23}},{"filename":"texts/refill-lives","rotated":false,"trimmed":false,"sourceSize":{"w":155,"h":18},"spriteSourceSize":{"x":0,"y":0,"w":155,"h":18},"frame":{"x":168,"y":243,"w":155,"h":18}},{"filename":"texts/friends-disable","rotated":false,"trimmed":false,"sourceSize":{"w":76,"h":14},"spriteSourceSize":{"x":0,"y":0,"w":76,"h":14},"frame":{"x":326,"y":243,"w":76,"h":14}},{"filename":"texts/friends","rotated":false,"trimmed":false,"sourceSize":{"w":76,"h":14},"spriteSourceSize":{"x":0,"y":0,"w":76,"h":14},"frame":{"x":326,"y":260,"w":76,"h":14}},{"filename":"texts/level-failed","rotated":false,"trimmed":false,"sourceSize":{"w":153,"h":17},"spriteSourceSize":{"x":0,"y":0,"w":153,"h":17},"frame":{"x":2,"y":260,"w":153,"h":17}},{"filename":"texts/lose","rotated":false,"trimmed":false,"sourceSize":{"w":152,"h":23},"spriteSourceSize":{"x":0,"y":0,"w":152,"h":23},"frame":{"x":158,"y":264,"w":152,"h":23}},{"filename":"buttons/green-big","rotated":false,"trimmed":false,"sourceSize":{"w":90,"h":41},"spriteSourceSize":{"x":0,"y":0,"w":90,"h":41},"frame":{"x":313,"y":277,"w":90,"h":41}},{"filename":"wood-panel","rotated":false,"trimmed":false,"sourceSize":{"w":151,"h":28},"spriteSourceSize":{"x":0,"y":0,"w":151,"h":28},"frame":{"x":2,"y":280,"w":151,"h":28}},{"filename":"texts/leader-board","rotated":false,"trimmed":false,"sourceSize":{"w":145,"h":19},"spriteSourceSize":{"x":0,"y":0,"w":145,"h":19},"frame":{"x":156,"y":290,"w":145,"h":19}},{"filename":"daily-challenge/title-panel","rotated":false,"trimmed":false,"sourceSize":{"w":141,"h":35},"spriteSourceSize":{"x":0,"y":0,"w":141,"h":35},"frame":{"x":2,"y":311,"w":141,"h":35}},{"filename":"buttons/dark-blue-small","rotated":false,"trimmed":false,"sourceSize":{"w":89,"h":37},"spriteSourceSize":{"x":0,"y":0,"w":89,"h":37},"frame":{"x":2,"y":349,"w":89,"h":37}},{"filename":"texts/start-over","rotated":false,"trimmed":false,"sourceSize":{"w":107,"h":15},"spriteSourceSize":{"x":0,"y":0,"w":107,"h":15},"frame":{"x":2,"y":389,"w":107,"h":15}},{"filename":"daily-challenge/time-panel","rotated":false,"trimmed":false,"sourceSize":{"w":85,"h":24},"spriteSourceSize":{"x":0,"y":0,"w":85,"h":24},"frame":{"x":94,"y":349,"w":85,"h":24}},{"filename":"leaderboards/bg-item-0","rotated":false,"trimmed":false,"sourceSize":{"w":116,"h":23},"spriteSourceSize":{"x":0,"y":0,"w":116,"h":23},"frame":{"x":146,"y":321,"w":116,"h":23}},{"filename":"leaderboards/bg-item-1","rotated":false,"trimmed":false,"sourceSize":{"w":116,"h":23},"spriteSourceSize":{"x":0,"y":0,"w":116,"h":23},"frame":{"x":112,"y":376,"w":116,"h":23}},{"filename":"texts/draw","rotated":false,"trimmed":false,"sourceSize":{"w":100,"h":22},"spriteSourceSize":{"x":0,"y":0,"w":100,"h":22},"frame":{"x":182,"y":347,"w":100,"h":22}},{"filename":"texts/mission","rotated":false,"trimmed":false,"sourceSize":{"w":96,"h":19},"spriteSourceSize":{"x":0,"y":0,"w":96,"h":19},"frame":{"x":265,"y":321,"w":96,"h":19}},{"filename":"texts/target-score","rotated":false,"trimmed":false,"sourceSize":{"w":115,"h":17},"spriteSourceSize":{"x":0,"y":0,"w":115,"h":17},"frame":{"x":285,"y":343,"w":115,"h":17}},{"filename":"texts/collect","rotated":false,"trimmed":false,"sourceSize":{"w":115,"h":14},"spriteSourceSize":{"x":0,"y":0,"w":115,"h":14},"frame":{"x":285,"y":363,"w":115,"h":14}},{"filename":"texts/no-thank","rotated":false,"trimmed":false,"sourceSize":{"w":84,"h":13},"spriteSourceSize":{"x":0,"y":0,"w":84,"h":13},"frame":{"x":231,"y":380,"w":84,"h":13}}]}],"meta":{"app":"https://www.codeandweb.com/texturepacker","version":"3.0","smartupdate":"$TexturePacker:SmartUpdate:a5a8ad7988b1e14197e13924bcc78f80:98ae4bb3d9c7de248bd808dc741d00fa:38a69b481ce127014b0b7fd232b2e3f4$"}}