{"textures":[{"image":"effects-resources.png","format":"RGBA8888","size":{"w":204,"h":204},"scale":0.5,"frames":[{"filename":"glow-circle","rotated":false,"trimmed":false,"sourceSize":{"w":100,"h":100},"spriteSourceSize":{"x":0,"y":0,"w":100,"h":100},"frame":{"x":2,"y":2,"w":100,"h":100}},{"filename":"star-yellow","rotated":false,"trimmed":false,"sourceSize":{"w":85,"h":72},"spriteSourceSize":{"x":0,"y":0,"w":85,"h":72},"frame":{"x":105,"y":2,"w":85,"h":72}},{"filename":"confetti/small-3","rotated":false,"trimmed":false,"sourceSize":{"w":8,"h":12},"spriteSourceSize":{"x":0,"y":0,"w":8,"h":12},"frame":{"x":193,"y":2,"w":8,"h":12}},{"filename":"dust-yellow","rotated":false,"trimmed":false,"sourceSize":{"w":8,"h":8},"spriteSourceSize":{"x":0,"y":0,"w":8,"h":8},"frame":{"x":193,"y":17,"w":8,"h":8}},{"filename":"star-y/star-3","rotated":false,"trimmed":true,"sourceSize":{"w":11,"h":10},"spriteSourceSize":{"x":3,"y":0,"w":6,"h":10},"frame":{"x":193,"y":28,"w":6,"h":10}},{"filename":"dust","rotated":false,"trimmed":false,"sourceSize":{"w":5,"h":5},"spriteSourceSize":{"x":0,"y":0,"w":5,"h":5},"frame":{"x":193,"y":41,"w":5,"h":5}},{"filename":"text/text_cool","rotated":false,"trimmed":false,"sourceSize":{"w":94,"h":28},"spriteSourceSize":{"x":0,"y":0,"w":94,"h":28},"frame":{"x":105,"y":77,"w":94,"h":28}},{"filename":"star","rotated":false,"trimmed":false,"sourceSize":{"w":50,"h":50},"spriteSourceSize":{"x":0,"y":0,"w":50,"h":50},"frame":{"x":2,"y":105,"w":50,"h":50}},{"filename":"glare-cross","rotated":false,"trimmed":false,"sourceSize":{"w":30,"h":30},"spriteSourceSize":{"x":0,"y":0,"w":30,"h":30},"frame":{"x":55,"y":105,"w":30,"h":30}},{"filename":"confetti/small-1","rotated":false,"trimmed":false,"sourceSize":{"w":13,"h":15},"spriteSourceSize":{"x":0,"y":0,"w":13,"h":15},"frame":{"x":88,"y":105,"w":13,"h":15}},{"filename":"text/text_good","rotated":false,"trimmed":false,"sourceSize":{"w":122,"h":28},"spriteSourceSize":{"x":0,"y":0,"w":122,"h":28},"frame":{"x":2,"y":158,"w":122,"h":28}},{"filename":"text/text_excellent","rotated":false,"trimmed":false,"sourceSize":{"w":113,"h":29},"spriteSourceSize":{"x":0,"y":0,"w":113,"h":29},"frame":{"x":88,"y":123,"w":113,"h":29}},{"filename":"confetti/small-4","rotated":false,"trimmed":true,"sourceSize":{"w":14,"h":16},"spriteSourceSize":{"x":1,"y":0,"w":12,"h":16},"frame":{"x":55,"y":138,"w":12,"h":16}},{"filename":"confetti/small-2","rotated":false,"trimmed":false,"sourceSize":{"w":11,"h":12},"spriteSourceSize":{"x":0,"y":0,"w":11,"h":12},"frame":{"x":70,"y":138,"w":11,"h":12}},{"filename":"ribbon/falling-confetti/confetti-d/confetti-d-4","rotated":false,"trimmed":false,"sourceSize":{"w":12,"h":2},"spriteSourceSize":{"x":0,"y":0,"w":12,"h":2},"frame":{"x":70,"y":153,"w":12,"h":2}},{"filename":"star-x/star-1","rotated":false,"trimmed":false,"sourceSize":{"w":11,"h":10},"spriteSourceSize":{"x":0,"y":0,"w":11,"h":10},"frame":{"x":104,"y":108,"w":11,"h":10}},{"filename":"star-y/star-1","rotated":false,"trimmed":false,"sourceSize":{"w":11,"h":10},"spriteSourceSize":{"x":0,"y":0,"w":11,"h":10},"frame":{"x":104,"y":108,"w":11,"h":10}},{"filename":"star-x/star-2","rotated":false,"trimmed":false,"sourceSize":{"w":11,"h":10},"spriteSourceSize":{"x":0,"y":0,"w":11,"h":10},"frame":{"x":118,"y":108,"w":11,"h":10}},{"filename":"star-y/star-4","rotated":false,"trimmed":false,"sourceSize":{"w":11,"h":10},"spriteSourceSize":{"x":0,"y":0,"w":11,"h":10},"frame":{"x":132,"y":108,"w":11,"h":10}},{"filename":"star-y/star-2","rotated":false,"trimmed":true,"sourceSize":{"w":11,"h":10},"spriteSourceSize":{"x":1,"y":0,"w":10,"h":10},"frame":{"x":146,"y":108,"w":10,"h":10}},{"filename":"ribbon/falling-confetti/confetti-c/confetti-c-1","rotated":false,"trimmed":false,"sourceSize":{"w":12,"h":8},"spriteSourceSize":{"x":0,"y":0,"w":12,"h":8},"frame":{"x":159,"y":108,"w":12,"h":8}},{"filename":"ribbon","rotated":false,"trimmed":false,"sourceSize":{"w":32,"h":1},"spriteSourceSize":{"x":0,"y":0,"w":32,"h":1},"frame":{"x":159,"y":119,"w":32,"h":1}},{"filename":"star-x/star-3","rotated":false,"trimmed":true,"sourceSize":{"w":11,"h":10},"spriteSourceSize":{"x":0,"y":1,"w":11,"h":8},"frame":{"x":174,"y":108,"w":11,"h":8}},{"filename":"ribbon/falling-confetti/confetti-b/confetti-b-1","rotated":false,"trimmed":false,"sourceSize":{"w":12,"h":7},"spriteSourceSize":{"x":0,"y":0,"w":12,"h":7},"frame":{"x":188,"y":108,"w":12,"h":7}},{"filename":"ribbon/falling-confetti/confetti-a/confetti-a-1","rotated":false,"trimmed":false,"sourceSize":{"w":11,"h":7},"spriteSourceSize":{"x":0,"y":0,"w":11,"h":7},"frame":{"x":2,"y":189,"w":11,"h":7}},{"filename":"ribbon/falling-confetti/confetti-b/confetti-b-3","rotated":false,"trimmed":false,"sourceSize":{"w":13,"h":3},"spriteSourceSize":{"x":0,"y":0,"w":13,"h":3},"frame":{"x":2,"y":199,"w":13,"h":3}},{"filename":"ribbon/falling-confetti/confetti-d/confetti-d-1","rotated":false,"trimmed":false,"sourceSize":{"w":11,"h":7},"spriteSourceSize":{"x":0,"y":0,"w":11,"h":7},"frame":{"x":16,"y":189,"w":11,"h":7}},{"filename":"ribbon/falling-confetti/confetti-d/confetti-d-3","rotated":false,"trimmed":false,"sourceSize":{"w":12,"h":3},"spriteSourceSize":{"x":0,"y":0,"w":12,"h":3},"frame":{"x":18,"y":199,"w":12,"h":3}},{"filename":"ribbon/falling-confetti/confetti-c/confetti-c-2","rotated":false,"trimmed":false,"sourceSize":{"w":13,"h":5},"spriteSourceSize":{"x":0,"y":0,"w":13,"h":5},"frame":{"x":30,"y":189,"w":13,"h":5}},{"filename":"ribbon/falling-confetti/confetti-b/confetti-b-2","rotated":false,"trimmed":false,"sourceSize":{"w":12,"h":5},"spriteSourceSize":{"x":0,"y":0,"w":12,"h":5},"frame":{"x":33,"y":197,"w":12,"h":5}},{"filename":"ribbon/falling-confetti/confetti-d/confetti-d-2","rotated":false,"trimmed":false,"sourceSize":{"w":12,"h":5},"spriteSourceSize":{"x":0,"y":0,"w":12,"h":5},"frame":{"x":46,"y":189,"w":12,"h":5}},{"filename":"ribbon/falling-confetti/confetti-c/confetti-c-3","rotated":false,"trimmed":false,"sourceSize":{"w":12,"h":4},"spriteSourceSize":{"x":0,"y":0,"w":12,"h":4},"frame":{"x":48,"y":197,"w":12,"h":4}},{"filename":"ribbon/falling-confetti/confetti-a/confetti-a-2","rotated":false,"trimmed":false,"sourceSize":{"w":11,"h":4},"spriteSourceSize":{"x":0,"y":0,"w":11,"h":4},"frame":{"x":61,"y":189,"w":11,"h":4}},{"filename":"star-x/star-4","rotated":false,"trimmed":true,"sourceSize":{"w":11,"h":10},"spriteSourceSize":{"x":0,"y":2,"w":11,"h":6},"frame":{"x":63,"y":196,"w":11,"h":6}},{"filename":"ribbon/falling-confetti/confetti-c/confetti-c-4","rotated":false,"trimmed":false,"sourceSize":{"w":11,"h":3},"spriteSourceSize":{"x":0,"y":0,"w":11,"h":3},"frame":{"x":75,"y":189,"w":11,"h":3}},{"filename":"ribbon/falling-confetti/confetti-a/confetti-a-3","rotated":false,"trimmed":false,"sourceSize":{"w":11,"h":2},"spriteSourceSize":{"x":0,"y":0,"w":11,"h":2},"frame":{"x":77,"y":195,"w":11,"h":2}},{"filename":"ribbon/falling-confetti/confetti-b/confetti-b-4","rotated":false,"trimmed":false,"sourceSize":{"w":13,"h":1},"spriteSourceSize":{"x":0,"y":0,"w":13,"h":1},"frame":{"x":77,"y":200,"w":13,"h":1}},{"filename":"confetti/hexagon-0","rotated":false,"trimmed":false,"sourceSize":{"w":25,"h":25},"spriteSourceSize":{"x":0,"y":0,"w":25,"h":25},"frame":{"x":127,"y":155,"w":25,"h":25}},{"filename":"confetti/hexagon-2","rotated":false,"trimmed":true,"sourceSize":{"w":25,"h":25},"spriteSourceSize":{"x":1,"y":3,"w":23,"h":19},"frame":{"x":127,"y":183,"w":23,"h":19}},{"filename":"confetti/hexagon-3","rotated":false,"trimmed":true,"sourceSize":{"w":25,"h":25},"spriteSourceSize":{"x":3,"y":3,"w":20,"h":19},"frame":{"x":153,"y":183,"w":20,"h":19}},{"filename":"confetti/hexagon-4","rotated":false,"trimmed":true,"sourceSize":{"w":25,"h":25},"spriteSourceSize":{"x":1,"y":1,"w":23,"h":23},"frame":{"x":155,"y":155,"w":23,"h":23}},{"filename":"confetti/hexagon-1","rotated":false,"trimmed":true,"sourceSize":{"w":25,"h":25},"spriteSourceSize":{"x":0,"y":2,"w":25,"h":21},"frame":{"x":176,"y":181,"w":25,"h":21}}]}],"meta":{"app":"https://www.codeandweb.com/texturepacker","version":"3.0","smartupdate":"$TexturePacker:SmartUpdate:8ade0c982b05efeb5b9d688530abdab8:237a67d40a6ef200b0b281e1b764581e:fcf0ca429d8c303c4783c89b34559bdb$"}}