{"textures":[{"image":"default-resources-0.png","format":"RGBA8888","size":{"w":1017,"h":1017},"scale":0.5,"frames":[{"filename":"bg/bg-middle","rotated":false,"trimmed":false,"sourceSize":{"w":360,"h":425},"spriteSourceSize":{"x":0,"y":0,"w":360,"h":425},"frame":{"x":2,"y":2,"w":360,"h":425}},{"filename":"ui-ngang/bg-middle","rotated":false,"trimmed":false,"sourceSize":{"w":360,"h":284},"spriteSourceSize":{"x":0,"y":0,"w":360,"h":284},"frame":{"x":2,"y":430,"w":360,"h":284}},{"filename":"leaderboards/bg-top","rotated":false,"trimmed":false,"sourceSize":{"w":475,"h":84},"spriteSourceSize":{"x":0,"y":0,"w":475,"h":84},"frame":{"x":365,"y":2,"w":475,"h":84}},{"filename":"leaderboards/bg-bottom","rotated":false,"trimmed":false,"sourceSize":{"w":475,"h":34},"spriteSourceSize":{"x":0,"y":0,"w":475,"h":34},"frame":{"x":365,"y":89,"w":475,"h":34}},{"filename":"leaderboards/bg-middle","rotated":false,"trimmed":false,"sourceSize":{"w":475,"h":24},"spriteSourceSize":{"x":0,"y":0,"w":475,"h":24},"frame":{"x":365,"y":126,"w":475,"h":24}},{"filename":"footer","rotated":false,"trimmed":false,"sourceSize":{"w":375,"h":77},"spriteSourceSize":{"x":0,"y":0,"w":375,"h":77},"frame":{"x":365,"y":153,"w":375,"h":77}},{"filename":"ui-ngang/bg-top","rotated":false,"trimmed":false,"sourceSize":{"w":360,"h":89},"spriteSourceSize":{"x":0,"y":0,"w":360,"h":89},"frame":{"x":2,"y":717,"w":360,"h":89}},{"filename":"ui-ngang/bg-bottom","rotated":false,"trimmed":false,"sourceSize":{"w":360,"h":88},"spriteSourceSize":{"x":0,"y":0,"w":360,"h":88},"frame":{"x":365,"y":233,"w":360,"h":88}},{"filename":"bg/bg-bottom","rotated":false,"trimmed":false,"sourceSize":{"w":360,"h":56},"spriteSourceSize":{"x":0,"y":0,"w":360,"h":56},"frame":{"x":2,"y":809,"w":360,"h":56}},{"filename":"bg/bg-top","rotated":false,"trimmed":false,"sourceSize":{"w":360,"h":56},"spriteSourceSize":{"x":0,"y":0,"w":360,"h":56},"frame":{"x":365,"y":324,"w":360,"h":56}},{"filename":"daily-challenge/bg","rotated":false,"trimmed":false,"sourceSize":{"w":260,"h":143},"spriteSourceSize":{"x":0,"y":0,"w":260,"h":143},"frame":{"x":2,"y":868,"w":260,"h":143}},{"filename":"ui-ngang/khung-next-block","rotated":false,"trimmed":false,"sourceSize":{"w":100,"h":300},"spriteSourceSize":{"x":0,"y":0,"w":100,"h":300},"frame":{"x":365,"y":383,"w":100,"h":300}},{"filename":"score-panel","rotated":false,"trimmed":false,"sourceSize":{"w":263,"h":76},"spriteSourceSize":{"x":0,"y":0,"w":263,"h":76},"frame":{"x":468,"y":383,"w":263,"h":76}},{"filename":"popup/middle","rotated":false,"trimmed":false,"sourceSize":{"w":216,"h":114},"spriteSourceSize":{"x":0,"y":0,"w":216,"h":114},"frame":{"x":468,"y":462,"w":216,"h":114}},{"filename":"lives/heart","rotated":false,"trimmed":false,"sourceSize":{"w":170,"h":140},"spriteSourceSize":{"x":0,"y":0,"w":170,"h":140},"frame":{"x":843,"y":2,"w":170,"h":140}},{"filename":"popup/background","rotated":false,"trimmed":false,"sourceSize":{"w":198,"h":111},"spriteSourceSize":{"x":0,"y":0,"w":198,"h":111},"frame":{"x":468,"y":579,"w":198,"h":111}},{"filename":"leaf","rotated":false,"trimmed":false,"sourceSize":{"w":282,"h":66},"spriteSourceSize":{"x":0,"y":0,"w":282,"h":66},"frame":{"x":365,"y":693,"w":282,"h":66}},{"filename":"border-bottom-panel","rotated":false,"trimmed":false,"sourceSize":{"w":375,"h":18},"spriteSourceSize":{"x":0,"y":0,"w":375,"h":18},"frame":{"x":365,"y":762,"w":375,"h":18}},{"filename":"daily-challenge/middle-panel","rotated":false,"trimmed":false,"sourceSize":{"w":261,"h":13},"spriteSourceSize":{"x":0,"y":0,"w":261,"h":13},"frame":{"x":365,"y":783,"w":261,"h":13}},{"filename":"texts/first-milestone","rotated":false,"trimmed":false,"sourceSize":{"w":248,"h":23},"spriteSourceSize":{"x":0,"y":0,"w":248,"h":23},"frame":{"x":365,"y":799,"w":248,"h":23}},{"filename":"best-score-frame-long","rotated":false,"trimmed":false,"sourceSize":{"w":193,"h":77},"spriteSourceSize":{"x":0,"y":0,"w":193,"h":77},"frame":{"x":365,"y":825,"w":193,"h":77}},{"filename":"avatar/border-big","rotated":false,"trimmed":false,"sourceSize":{"w":88,"h":88},"spriteSourceSize":{"x":0,"y":0,"w":88,"h":88},"frame":{"x":265,"y":868,"w":88,"h":88}},{"filename":"buttons/dark-blue","rotated":false,"trimmed":false,"sourceSize":{"w":183,"h":54},"spriteSourceSize":{"x":0,"y":0,"w":183,"h":54},"frame":{"x":356,"y":905,"w":183,"h":54}},{"filename":"bottom-panel","rotated":false,"trimmed":false,"sourceSize":{"w":141,"h":86},"spriteSourceSize":{"x":0,"y":0,"w":141,"h":86},"frame":{"x":743,"y":153,"w":141,"h":86}},{"filename":"bg-progress-circle","rotated":false,"trimmed":false,"sourceSize":{"w":116,"h":116},"spriteSourceSize":{"x":0,"y":0,"w":116,"h":116},"frame":{"x":728,"y":242,"w":116,"h":116}},{"filename":"bg/bg-dark","rotated":false,"trimmed":false,"sourceSize":{"w":122,"h":152},"spriteSourceSize":{"x":0,"y":0,"w":122,"h":152},"frame":{"x":887,"y":145,"w":122,"h":152}},{"filename":"buttons/green-large","rotated":false,"trimmed":false,"sourceSize":{"w":165,"h":54},"spriteSourceSize":{"x":0,"y":0,"w":165,"h":54},"frame":{"x":847,"y":300,"w":165,"h":54}},{"filename":"buttons/brown","rotated":false,"trimmed":false,"sourceSize":{"w":165,"h":41},"spriteSourceSize":{"x":0,"y":0,"w":165,"h":41},"frame":{"x":847,"y":357,"w":165,"h":41}},{"filename":"ui-ngang/khung-mission","rotated":false,"trimmed":false,"sourceSize":{"w":48,"h":232},"spriteSourceSize":{"x":0,"y":0,"w":48,"h":232},"frame":{"x":687,"y":462,"w":48,"h":232}},{"filename":"bg-combo","rotated":false,"trimmed":true,"sourceSize":{"w":106,"h":44},"spriteSourceSize":{"x":0,"y":4,"w":106,"h":40},"frame":{"x":738,"y":361,"w":106,"h":40}},{"filename":"lives/time-block-2","rotated":false,"trimmed":false,"sourceSize":{"w":182,"h":54},"spriteSourceSize":{"x":0,"y":0,"w":182,"h":54},"frame":{"x":734,"y":404,"w":182,"h":54}},{"filename":"lives/time-block","rotated":false,"trimmed":false,"sourceSize":{"w":173,"h":44},"spriteSourceSize":{"x":0,"y":0,"w":173,"h":44},"frame":{"x":738,"y":461,"w":173,"h":44}},{"filename":"popup/score-panel","rotated":false,"trimmed":false,"sourceSize":{"w":150,"h":46},"spriteSourceSize":{"x":0,"y":0,"w":150,"h":46},"frame":{"x":738,"y":508,"w":150,"h":46}},{"filename":"leaderboards/bg-item","rotated":false,"trimmed":false,"sourceSize":{"w":159,"h":31},"spriteSourceSize":{"x":0,"y":0,"w":159,"h":31},"frame":{"x":738,"y":557,"w":159,"h":31}},{"filename":"wood-panel","rotated":false,"trimmed":false,"sourceSize":{"w":151,"h":28},"spriteSourceSize":{"x":0,"y":0,"w":151,"h":28},"frame":{"x":738,"y":591,"w":151,"h":28}},{"filename":"daily-challenge/title-panel","rotated":false,"trimmed":false,"sourceSize":{"w":141,"h":35},"spriteSourceSize":{"x":0,"y":0,"w":141,"h":35},"frame":{"x":738,"y":622,"w":141,"h":35}},{"filename":"texts/win","rotated":false,"trimmed":false,"sourceSize":{"w":132,"h":25},"spriteSourceSize":{"x":0,"y":0,"w":132,"h":25},"frame":{"x":738,"y":660,"w":132,"h":25}},{"filename":"popup/bottom","rotated":false,"trimmed":false,"sourceSize":{"w":216,"h":14},"spriteSourceSize":{"x":0,"y":0,"w":216,"h":14},"frame":{"x":265,"y":962,"w":216,"h":14}},{"filename":"texts/waiting-for-opponent","rotated":false,"trimmed":false,"sourceSize":{"w":179,"h":12},"spriteSourceSize":{"x":0,"y":0,"w":179,"h":12},"frame":{"x":265,"y":979,"w":179,"h":12}},{"filename":"texts/your-score","rotated":false,"trimmed":false,"sourceSize":{"w":137,"h":17},"spriteSourceSize":{"x":0,"y":0,"w":137,"h":17},"frame":{"x":265,"y":994,"w":137,"h":17}},{"filename":"ui-ngang/khung-score","rotated":false,"trimmed":false,"sourceSize":{"w":87,"h":50},"spriteSourceSize":{"x":0,"y":0,"w":87,"h":50},"frame":{"x":919,"y":401,"w":87,"h":50}},{"filename":"ui-ngang/khung-best-score","rotated":false,"trimmed":false,"sourceSize":{"w":56,"h":85},"spriteSourceSize":{"x":0,"y":0,"w":56,"h":85},"frame":{"x":561,"y":825,"w":56,"h":85}},{"filename":"texts/lose","rotated":false,"trimmed":false,"sourceSize":{"w":122,"h":20},"spriteSourceSize":{"x":0,"y":0,"w":122,"h":20},"frame":{"x":738,"y":688,"w":122,"h":20}},{"filename":"texts/level-failed","rotated":false,"trimmed":false,"sourceSize":{"w":112,"h":16},"spriteSourceSize":{"x":0,"y":0,"w":112,"h":16},"frame":{"x":629,"y":783,"w":112,"h":16}},{"filename":"buttons/green","rotated":false,"trimmed":false,"sourceSize":{"w":119,"h":41},"spriteSourceSize":{"x":0,"y":0,"w":119,"h":41},"frame":{"x":620,"y":802,"w":119,"h":41}},{"filename":"bg-streak","rotated":false,"trimmed":true,"sourceSize":{"w":106,"h":44},"spriteSourceSize":{"x":0,"y":4,"w":106,"h":40},"frame":{"x":620,"y":846,"w":106,"h":40}},{"filename":"leaderboards/bg-item-0","rotated":false,"trimmed":false,"sourceSize":{"w":116,"h":23},"spriteSourceSize":{"x":0,"y":0,"w":116,"h":23},"frame":{"x":620,"y":889,"w":116,"h":23}},{"filename":"texts/text-ranking","rotated":false,"trimmed":false,"sourceSize":{"w":121,"h":14},"spriteSourceSize":{"x":0,"y":0,"w":121,"h":14},"frame":{"x":743,"y":711,"w":121,"h":14}},{"filename":"leaderboards/bg-item-1","rotated":false,"trimmed":false,"sourceSize":{"w":116,"h":23},"spriteSourceSize":{"x":0,"y":0,"w":116,"h":23},"frame":{"x":743,"y":728,"w":116,"h":23}},{"filename":"texts/result","rotated":false,"trimmed":false,"sourceSize":{"w":108,"h":23},"spriteSourceSize":{"x":0,"y":0,"w":108,"h":23},"frame":{"x":743,"y":754,"w":108,"h":23}},{"filename":"texts/continue","rotated":false,"trimmed":false,"sourceSize":{"w":110,"h":18},"spriteSourceSize":{"x":0,"y":0,"w":110,"h":18},"frame":{"x":744,"y":780,"w":110,"h":18}},{"filename":"icons/crown-big","rotated":false,"trimmed":false,"sourceSize":{"w":37,"h":35},"spriteSourceSize":{"x":0,"y":0,"w":37,"h":35},"frame":{"x":847,"y":242,"w":37,"h":35}},{"filename":"buttons/skip","rotated":false,"trimmed":false,"sourceSize":{"w":60,"h":36},"spriteSourceSize":{"x":0,"y":0,"w":60,"h":36},"frame":{"x":447,"y":979,"w":60,"h":36}},{"filename":"texts/target-score","rotated":false,"trimmed":false,"sourceSize":{"w":110,"h":17},"spriteSourceSize":{"x":0,"y":0,"w":110,"h":17},"frame":{"x":744,"y":801,"w":110,"h":17}},{"filename":"texts/setting","rotated":false,"trimmed":false,"sourceSize":{"w":104,"h":17},"spriteSourceSize":{"x":0,"y":0,"w":104,"h":17},"frame":{"x":742,"y":821,"w":104,"h":17}},{"filename":"icon-journey","rotated":false,"trimmed":false,"sourceSize":{"w":75,"h":61},"spriteSourceSize":{"x":0,"y":0,"w":75,"h":61},"frame":{"x":542,"y":913,"w":75,"h":61}},{"filename":"preloader/dual-ring","rotated":false,"trimmed":true,"sourceSize":{"w":100,"h":100},"spriteSourceSize":{"x":13,"y":13,"w":74,"h":74},"frame":{"x":620,"y":915,"w":74,"h":74}},{"filename":"best-score-frame","rotated":false,"trimmed":false,"sourceSize":{"w":56,"h":76},"spriteSourceSize":{"x":0,"y":0,"w":56,"h":76},"frame":{"x":697,"y":915,"w":56,"h":76}},{"filename":"texts/no-thank","rotated":false,"trimmed":false,"sourceSize":{"w":99,"h":17},"spriteSourceSize":{"x":0,"y":0,"w":99,"h":17},"frame":{"x":742,"y":841,"w":99,"h":17}},{"filename":"texts/text-journey","rotated":false,"trimmed":false,"sourceSize":{"w":97,"h":17},"spriteSourceSize":{"x":0,"y":0,"w":97,"h":17},"frame":{"x":729,"y":861,"w":97,"h":17}},{"filename":"avatar/border","rotated":false,"trimmed":true,"sourceSize":{"w":69,"h":72},"spriteSourceSize":{"x":0,"y":1,"w":69,"h":71},"frame":{"x":756,"y":881,"w":69,"h":71}},{"filename":"buttons/dark-blue-big","rotated":false,"trimmed":false,"sourceSize":{"w":90,"h":41},"spriteSourceSize":{"x":0,"y":0,"w":90,"h":41},"frame":{"x":756,"y":955,"w":90,"h":41}},{"filename":"texts/text-tutorial","rotated":false,"trimmed":false,"sourceSize":{"w":95,"h":16},"spriteSourceSize":{"x":0,"y":0,"w":95,"h":16},"frame":{"x":510,"y":999,"w":95,"h":16}},{"filename":"buttons/toggle-off","rotated":false,"trimmed":false,"sourceSize":{"w":67,"h":23},"spriteSourceSize":{"x":0,"y":0,"w":67,"h":23},"frame":{"x":608,"y":992,"w":67,"h":23}},{"filename":"texts/play","rotated":false,"trimmed":false,"sourceSize":{"w":63,"h":19},"spriteSourceSize":{"x":0,"y":0,"w":63,"h":19},"frame":{"x":510,"y":977,"w":63,"h":19}},{"filename":"buttons/green-big","rotated":false,"trimmed":false,"sourceSize":{"w":90,"h":41},"spriteSourceSize":{"x":0,"y":0,"w":90,"h":41},"frame":{"x":919,"y":454,"w":90,"h":41}},{"filename":"score-panel-dark","rotated":false,"trimmed":false,"sourceSize":{"w":94,"h":26},"spriteSourceSize":{"x":0,"y":0,"w":94,"h":26},"frame":{"x":914,"y":498,"w":94,"h":26}},{"filename":"daily-challenge/time-panel","rotated":false,"trimmed":false,"sourceSize":{"w":85,"h":24},"spriteSourceSize":{"x":0,"y":0,"w":85,"h":24},"frame":{"x":650,"y":697,"w":85,"h":24}},{"filename":"icons/dot","rotated":false,"trimmed":false,"sourceSize":{"w":34,"h":35},"spriteSourceSize":{"x":0,"y":0,"w":34,"h":35},"frame":{"x":650,"y":724,"w":34,"h":35}},{"filename":"buttons/dark-blue-small","rotated":false,"trimmed":false,"sourceSize":{"w":89,"h":37},"spriteSourceSize":{"x":0,"y":0,"w":89,"h":37},"frame":{"x":900,"y":527,"w":89,"h":37}},{"filename":"texts/mission","rotated":false,"trimmed":false,"sourceSize":{"w":85,"h":17},"spriteSourceSize":{"x":0,"y":0,"w":85,"h":17},"frame":{"x":900,"y":567,"w":85,"h":17}},{"filename":"texts/play-with","rotated":false,"trimmed":false,"sourceSize":{"w":84,"h":13},"spriteSourceSize":{"x":0,"y":0,"w":84,"h":13},"frame":{"x":900,"y":587,"w":84,"h":13}},{"filename":"ui-ngang/text-next-block","rotated":false,"trimmed":false,"sourceSize":{"w":82,"h":18},"spriteSourceSize":{"x":0,"y":0,"w":82,"h":18},"frame":{"x":892,"y":603,"w":82,"h":18}},{"filename":"avatar/border-challenge","rotated":false,"trimmed":false,"sourceSize":{"w":60,"h":59},"spriteSourceSize":{"x":0,"y":0,"w":60,"h":59},"frame":{"x":882,"y":624,"w":60,"h":59}},{"filename":"avatar/background","rotated":false,"trimmed":false,"sourceSize":{"w":53,"h":54},"spriteSourceSize":{"x":0,"y":0,"w":53,"h":54},"frame":{"x":945,"y":624,"w":53,"h":54}},{"filename":"texts/text-retry","rotated":false,"trimmed":false,"sourceSize":{"w":63,"h":16},"spriteSourceSize":{"x":0,"y":0,"w":63,"h":16},"frame":{"x":678,"y":999,"w":63,"h":16}},{"filename":"buttons/challenge_light","rotated":false,"trimmed":false,"sourceSize":{"w":44,"h":33},"spriteSourceSize":{"x":0,"y":0,"w":44,"h":33},"frame":{"x":687,"y":724,"w":44,"h":33}},{"filename":"icons/back","rotated":false,"trimmed":false,"sourceSize":{"w":25,"h":19},"spriteSourceSize":{"x":0,"y":0,"w":25,"h":19},"frame":{"x":576,"y":977,"w":25,"h":19}},{"filename":"icons/flat-ad","rotated":false,"trimmed":false,"sourceSize":{"w":24,"h":21},"spriteSourceSize":{"x":0,"y":0,"w":24,"h":21},"frame":{"x":405,"y":994,"w":24,"h":21}},{"filename":"texts/collect","rotated":false,"trimmed":false,"sourceSize":{"w":66,"h":11},"spriteSourceSize":{"x":0,"y":0,"w":66,"h":11},"frame":{"x":744,"y":999,"w":66,"h":11}},{"filename":"texts/friends-disable","rotated":false,"trimmed":false,"sourceSize":{"w":52,"h":11},"spriteSourceSize":{"x":0,"y":0,"w":52,"h":11},"frame":{"x":484,"y":962,"w":52,"h":11}},{"filename":"icons/brown-journey","rotated":false,"trimmed":false,"sourceSize":{"w":23,"h":21},"spriteSourceSize":{"x":0,"y":0,"w":23,"h":21},"frame":{"x":992,"y":527,"w":23,"h":21}},{"filename":"icons/sword","rotated":false,"trimmed":false,"sourceSize":{"w":23,"h":19},"spriteSourceSize":{"x":0,"y":0,"w":23,"h":19},"frame":{"x":992,"y":551,"w":23,"h":19}},{"filename":"buttons/toggle-on","rotated":false,"trimmed":false,"sourceSize":{"w":67,"h":23},"spriteSourceSize":{"x":0,"y":0,"w":67,"h":23},"frame":{"x":873,"y":686,"w":67,"h":23}},{"filename":"texts/start","rotated":false,"trimmed":false,"sourceSize":{"w":67,"h":17},"spriteSourceSize":{"x":0,"y":0,"w":67,"h":17},"frame":{"x":867,"y":712,"w":67,"h":17}},{"filename":"texts/draw","rotated":false,"trimmed":false,"sourceSize":{"w":64,"h":17},"spriteSourceSize":{"x":0,"y":0,"w":64,"h":17},"frame":{"x":862,"y":732,"w":64,"h":17}},{"filename":"texts/play-with-blue","rotated":false,"trimmed":false,"sourceSize":{"w":58,"h":9},"spriteSourceSize":{"x":0,"y":0,"w":58,"h":9},"frame":{"x":862,"y":752,"w":58,"h":9}},{"filename":"bg/level-playing","rotated":false,"trimmed":false,"sourceSize":{"w":57,"h":47},"spriteSourceSize":{"x":0,"y":0,"w":57,"h":47},"frame":{"x":857,"y":764,"w":57,"h":47}},{"filename":"leaderboards/tab-off","rotated":false,"trimmed":false,"sourceSize":{"w":57,"h":18},"spriteSourceSize":{"x":0,"y":0,"w":57,"h":18},"frame":{"x":857,"y":814,"w":57,"h":18}},{"filename":"leaderboards/tab-on","rotated":false,"trimmed":false,"sourceSize":{"w":57,"h":18},"spriteSourceSize":{"x":0,"y":0,"w":57,"h":18},"frame":{"x":945,"y":681,"w":57,"h":18}},{"filename":"ui-ngang/text-mission","rotated":false,"trimmed":false,"sourceSize":{"w":57,"h":18},"spriteSourceSize":{"x":0,"y":0,"w":57,"h":18},"frame":{"x":943,"y":702,"w":57,"h":18}},{"filename":"blank","rotated":false,"trimmed":false,"sourceSize":{"w":50,"h":50},"spriteSourceSize":{"x":0,"y":0,"w":50,"h":50},"frame":{"x":917,"y":764,"w":50,"h":50}},{"filename":"bg/level-locked","rotated":false,"trimmed":false,"sourceSize":{"w":51,"h":42},"spriteSourceSize":{"x":0,"y":0,"w":51,"h":42},"frame":{"x":917,"y":817,"w":51,"h":42}},{"filename":"buttons/share","rotated":false,"trimmed":false,"sourceSize":{"w":40,"h":29},"spriteSourceSize":{"x":0,"y":0,"w":40,"h":29},"frame":{"x":929,"y":732,"w":40,"h":29}},{"filename":"buttons/play","rotated":false,"trimmed":false,"sourceSize":{"w":43,"h":33},"spriteSourceSize":{"x":0,"y":0,"w":43,"h":33},"frame":{"x":972,"y":723,"w":43,"h":33}},{"filename":"buttons/random","rotated":false,"trimmed":false,"sourceSize":{"w":43,"h":33},"spriteSourceSize":{"x":0,"y":0,"w":43,"h":33},"frame":{"x":972,"y":759,"w":43,"h":33}},{"filename":"ui-ngang/text-score","rotated":false,"trimmed":false,"sourceSize":{"w":45,"h":18},"spriteSourceSize":{"x":0,"y":0,"w":45,"h":18},"frame":{"x":970,"y":795,"w":45,"h":18}},{"filename":"buttons/minor","rotated":false,"trimmed":false,"sourceSize":{"w":41,"h":36},"spriteSourceSize":{"x":0,"y":0,"w":41,"h":36},"frame":{"x":971,"y":816,"w":41,"h":36}},{"filename":"icons/sword-blue","rotated":false,"trimmed":false,"sourceSize":{"w":18,"h":16},"spriteSourceSize":{"x":0,"y":0,"w":18,"h":16},"frame":{"x":813,"y":999,"w":18,"h":16}},{"filename":"icons/check","rotated":false,"trimmed":false,"sourceSize":{"w":22,"h":18},"spriteSourceSize":{"x":0,"y":0,"w":22,"h":18},"frame":{"x":977,"y":603,"w":22,"h":18}},{"filename":"texts/friends","rotated":false,"trimmed":false,"sourceSize":{"w":52,"h":11},"spriteSourceSize":{"x":0,"y":0,"w":52,"h":11},"frame":{"x":849,"y":835,"w":52,"h":11}},{"filename":"bg/level-played","rotated":false,"trimmed":false,"sourceSize":{"w":50,"h":41},"spriteSourceSize":{"x":0,"y":0,"w":50,"h":41},"frame":{"x":844,"y":849,"w":50,"h":41}},{"filename":"text-target-panel","rotated":false,"trimmed":false,"sourceSize":{"w":49,"h":23},"spriteSourceSize":{"x":0,"y":0,"w":49,"h":23},"frame":{"x":828,"y":893,"w":49,"h":23}},{"filename":"icons/icon-journey","rotated":false,"trimmed":false,"sourceSize":{"w":37,"h":31},"spriteSourceSize":{"x":0,"y":0,"w":37,"h":31},"frame":{"x":828,"y":919,"w":37,"h":31}},{"filename":"icons/vibrate","rotated":false,"trimmed":false,"sourceSize":{"w":31,"h":37},"spriteSourceSize":{"x":0,"y":0,"w":31,"h":37},"frame":{"x":849,"y":953,"w":31,"h":37}},{"filename":"icons/music","rotated":false,"trimmed":false,"sourceSize":{"w":28,"h":31},"spriteSourceSize":{"x":0,"y":0,"w":28,"h":31},"frame":{"x":868,"y":919,"w":28,"h":31}},{"filename":"icons/home","rotated":false,"trimmed":false,"sourceSize":{"w":24,"h":22},"spriteSourceSize":{"x":0,"y":0,"w":24,"h":22},"frame":{"x":849,"y":993,"w":24,"h":22}},{"filename":"icons/plus","rotated":false,"trimmed":false,"sourceSize":{"w":21,"h":22},"spriteSourceSize":{"x":0,"y":0,"w":21,"h":22},"frame":{"x":876,"y":993,"w":21,"h":22}},{"filename":"icons/icon-daily","rotated":false,"trimmed":false,"sourceSize":{"w":34,"h":34},"spriteSourceSize":{"x":0,"y":0,"w":34,"h":34},"frame":{"x":883,"y":953,"w":34,"h":34}},{"filename":"icons/rank","rotated":false,"trimmed":false,"sourceSize":{"w":26,"h":25},"spriteSourceSize":{"x":0,"y":0,"w":26,"h":25},"frame":{"x":900,"y":990,"w":26,"h":25}},{"filename":"icons/retry","rotated":false,"trimmed":false,"sourceSize":{"w":25,"h":27},"spriteSourceSize":{"x":0,"y":0,"w":25,"h":27},"frame":{"x":988,"y":573,"w":25,"h":27}},{"filename":"texts/yes","rotated":false,"trimmed":false,"sourceSize":{"w":32,"h":13},"spriteSourceSize":{"x":0,"y":0,"w":32,"h":13},"frame":{"x":847,"y":280,"w":32,"h":13}},{"filename":"texts/text-share","rotated":false,"trimmed":false,"sourceSize":{"w":42,"h":10},"spriteSourceSize":{"x":0,"y":0,"w":42,"h":10},"frame":{"x":971,"y":855,"w":42,"h":10}},{"filename":"icons/sound","rotated":false,"trimmed":false,"sourceSize":{"w":31,"h":27},"spriteSourceSize":{"x":0,"y":0,"w":31,"h":27},"frame":{"x":897,"y":862,"w":31,"h":27}},{"filename":"buttons/dot-blue","rotated":false,"trimmed":false,"sourceSize":{"w":28,"h":27},"spriteSourceSize":{"x":0,"y":0,"w":28,"h":27},"frame":{"x":931,"y":862,"w":28,"h":27}},{"filename":"buttons/dot-green","rotated":false,"trimmed":false,"sourceSize":{"w":28,"h":27},"spriteSourceSize":{"x":0,"y":0,"w":28,"h":27},"frame":{"x":962,"y":868,"w":28,"h":27}},{"filename":"icons/battle","rotated":false,"trimmed":false,"sourceSize":{"w":22,"h":21},"spriteSourceSize":{"x":0,"y":0,"w":22,"h":21},"frame":{"x":993,"y":868,"w":22,"h":21}},{"filename":"icons/cup-bronze","rotated":false,"trimmed":false,"sourceSize":{"w":22,"h":18},"spriteSourceSize":{"x":0,"y":0,"w":22,"h":18},"frame":{"x":993,"y":892,"w":22,"h":18}},{"filename":"icons/share-blue","rotated":false,"trimmed":false,"sourceSize":{"w":16,"h":22},"spriteSourceSize":{"x":0,"y":0,"w":16,"h":22},"frame":{"x":880,"y":893,"w":16,"h":22}},{"filename":"buttons/close","rotated":false,"trimmed":false,"sourceSize":{"w":26,"h":26},"spriteSourceSize":{"x":0,"y":0,"w":26,"h":26},"frame":{"x":899,"y":892,"w":26,"h":26}},{"filename":"icons/play-green","rotated":false,"trimmed":false,"sourceSize":{"w":24,"h":24},"spriteSourceSize":{"x":0,"y":0,"w":24,"h":24},"frame":{"x":928,"y":892,"w":24,"h":24}},{"filename":"icons/play","rotated":false,"trimmed":false,"sourceSize":{"w":24,"h":24},"spriteSourceSize":{"x":0,"y":0,"w":24,"h":24},"frame":{"x":899,"y":921,"w":24,"h":24}},{"filename":"icons/cup-gold","rotated":false,"trimmed":false,"sourceSize":{"w":22,"h":18},"spriteSourceSize":{"x":0,"y":0,"w":22,"h":18},"frame":{"x":955,"y":898,"w":22,"h":18}},{"filename":"icons/crown","rotated":false,"trimmed":false,"sourceSize":{"w":16,"h":14},"spriteSourceSize":{"x":0,"y":0,"w":16,"h":14},"frame":{"x":891,"y":508,"w":16,"h":14}},{"filename":"icons/replay","rotated":false,"trimmed":false,"sourceSize":{"w":20,"h":24},"spriteSourceSize":{"x":0,"y":0,"w":20,"h":24},"frame":{"x":926,"y":921,"w":20,"h":24}},{"filename":"buttons/circle-button","rotated":false,"trimmed":false,"sourceSize":{"w":21,"h":21},"spriteSourceSize":{"x":0,"y":0,"w":21,"h":21},"frame":{"x":949,"y":919,"w":21,"h":21}},{"filename":"icons/setting","rotated":false,"trimmed":false,"sourceSize":{"w":21,"h":21},"spriteSourceSize":{"x":0,"y":0,"w":21,"h":21},"frame":{"x":920,"y":948,"w":21,"h":21}},{"filename":"texts/vs","rotated":false,"trimmed":false,"sourceSize":{"w":24,"h":14},"spriteSourceSize":{"x":0,"y":0,"w":24,"h":14},"frame":{"x":920,"y":972,"w":24,"h":14}},{"filename":"icons/share","rotated":false,"trimmed":false,"sourceSize":{"w":18,"h":24},"spriteSourceSize":{"x":0,"y":0,"w":18,"h":24},"frame":{"x":929,"y":989,"w":18,"h":24}},{"filename":"icons/white-journey","rotated":false,"trimmed":false,"sourceSize":{"w":21,"h":20},"spriteSourceSize":{"x":0,"y":0,"w":21,"h":20},"frame":{"x":973,"y":919,"w":21,"h":20}},{"filename":"icons/i-play","rotated":false,"trimmed":false,"sourceSize":{"w":16,"h":20},"spriteSourceSize":{"x":0,"y":0,"w":16,"h":20},"frame":{"x":997,"y":913,"w":16,"h":20}},{"filename":"texts/on","rotated":false,"trimmed":false,"sourceSize":{"w":21,"h":13},"spriteSourceSize":{"x":0,"y":0,"w":21,"h":13},"frame":{"x":949,"y":943,"w":21,"h":13}},{"filename":"icons/cup-silver","rotated":false,"trimmed":false,"sourceSize":{"w":22,"h":18},"spriteSourceSize":{"x":0,"y":0,"w":22,"h":18},"frame":{"x":973,"y":942,"w":22,"h":18}},{"filename":"icons/clock","rotated":false,"trimmed":false,"sourceSize":{"w":17,"h":18},"spriteSourceSize":{"x":0,"y":0,"w":17,"h":18},"frame":{"x":998,"y":936,"w":17,"h":18}},{"filename":"texts/no","rotated":false,"trimmed":false,"sourceSize":{"w":23,"h":13},"spriteSourceSize":{"x":0,"y":0,"w":23,"h":13},"frame":{"x":947,"y":959,"w":23,"h":13}},{"filename":"texts/off","rotated":false,"trimmed":false,"sourceSize":{"w":22,"h":13},"spriteSourceSize":{"x":0,"y":0,"w":22,"h":13},"frame":{"x":973,"y":963,"w":22,"h":13}}]},{"image":"default-resources-1.png","format":"RGBA8888","size":{"w":409,"h":409},"scale":0.5,"frames":[{"filename":"daily-challenge/bottom-panel","rotated":false,"trimmed":false,"sourceSize":{"w":261,"h":15},"spriteSourceSize":{"x":0,"y":0,"w":261,"h":15},"frame":{"x":2,"y":2,"w":261,"h":15}},{"filename":"texts/play-single","rotated":false,"trimmed":false,"sourceSize":{"w":133,"h":17},"spriteSourceSize":{"x":0,"y":0,"w":133,"h":17},"frame":{"x":266,"y":2,"w":133,"h":17}},{"filename":"daily-challenge/top-panel","rotated":false,"trimmed":false,"sourceSize":{"w":261,"h":15},"spriteSourceSize":{"x":0,"y":0,"w":261,"h":15},"frame":{"x":2,"y":20,"w":261,"h":15}},{"filename":"texts/start-over","rotated":false,"trimmed":false,"sourceSize":{"w":130,"h":17},"spriteSourceSize":{"x":0,"y":0,"w":130,"h":17},"frame":{"x":266,"y":22,"w":130,"h":17}},{"filename":"border-daily","rotated":false,"trimmed":false,"sourceSize":{"w":259,"h":26},"spriteSourceSize":{"x":0,"y":0,"w":259,"h":26},"frame":{"x":2,"y":38,"w":259,"h":26}},{"filename":"texts/text-next-level","rotated":false,"trimmed":false,"sourceSize":{"w":128,"h":17},"spriteSourceSize":{"x":0,"y":0,"w":128,"h":17},"frame":{"x":264,"y":42,"w":128,"h":17}},{"filename":"texts/text-close","rotated":false,"trimmed":false,"sourceSize":{"w":58,"h":14},"spriteSourceSize":{"x":0,"y":0,"w":58,"h":14},"frame":{"x":264,"y":62,"w":58,"h":14}},{"filename":"daily-challenge/bg-item-dark","rotated":false,"trimmed":false,"sourceSize":{"w":254,"h":41},"spriteSourceSize":{"x":0,"y":0,"w":254,"h":41},"frame":{"x":2,"y":67,"w":254,"h":41}},{"filename":"texts/replay","rotated":false,"trimmed":false,"sourceSize":{"w":56,"h":12},"spriteSourceSize":{"x":0,"y":0,"w":56,"h":12},"frame":{"x":325,"y":62,"w":56,"h":12}},{"filename":"texts/world-disable","rotated":false,"trimmed":false,"sourceSize":{"w":45,"h":11},"spriteSourceSize":{"x":0,"y":0,"w":45,"h":11},"frame":{"x":325,"y":77,"w":45,"h":11}},{"filename":"texts/world","rotated":false,"trimmed":false,"sourceSize":{"w":45,"h":11},"spriteSourceSize":{"x":0,"y":0,"w":45,"h":11},"frame":{"x":259,"y":79,"w":45,"h":11}},{"filename":"daily-challenge/bg-item-light","rotated":false,"trimmed":false,"sourceSize":{"w":254,"h":41},"spriteSourceSize":{"x":0,"y":0,"w":254,"h":41},"frame":{"x":2,"y":111,"w":254,"h":41}},{"filename":"texts/invite-friends","rotated":false,"trimmed":false,"sourceSize":{"w":246,"h":26},"spriteSourceSize":{"x":0,"y":0,"w":246,"h":26},"frame":{"x":2,"y":155,"w":246,"h":26}},{"filename":"texts/daily-challenge","rotated":false,"trimmed":false,"sourceSize":{"w":242,"h":21},"spriteSourceSize":{"x":0,"y":0,"w":242,"h":21},"frame":{"x":2,"y":184,"w":242,"h":21}},{"filename":"texts/refill-lives","rotated":false,"trimmed":false,"sourceSize":{"w":160,"h":20},"spriteSourceSize":{"x":0,"y":0,"w":160,"h":20},"frame":{"x":247,"y":184,"w":160,"h":20}},{"filename":"popup/top-dark","rotated":false,"trimmed":false,"sourceSize":{"w":216,"h":45},"spriteSourceSize":{"x":0,"y":0,"w":216,"h":45},"frame":{"x":2,"y":208,"w":216,"h":45}},{"filename":"texts/out-of-live","rotated":false,"trimmed":false,"sourceSize":{"w":186,"h":22},"spriteSourceSize":{"x":0,"y":0,"w":186,"h":22},"frame":{"x":221,"y":208,"w":186,"h":22}},{"filename":"texts/leader-board","rotated":false,"trimmed":false,"sourceSize":{"w":172,"h":17},"spriteSourceSize":{"x":0,"y":0,"w":172,"h":17},"frame":{"x":221,"y":233,"w":172,"h":17}},{"filename":"popup/top","rotated":false,"trimmed":false,"sourceSize":{"w":216,"h":45},"spriteSourceSize":{"x":0,"y":0,"w":216,"h":45},"frame":{"x":2,"y":256,"w":216,"h":45}},{"filename":"texts/keep-playing","rotated":false,"trimmed":false,"sourceSize":{"w":227,"h":25},"spriteSourceSize":{"x":0,"y":0,"w":227,"h":25},"frame":{"x":2,"y":304,"w":227,"h":25}},{"filename":"texts/next-milestone","rotated":false,"trimmed":false,"sourceSize":{"w":241,"h":23},"spriteSourceSize":{"x":0,"y":0,"w":241,"h":23},"frame":{"x":2,"y":332,"w":241,"h":23}},{"filename":"texts/congratulations","rotated":false,"trimmed":false,"sourceSize":{"w":236,"h":20},"spriteSourceSize":{"x":0,"y":0,"w":236,"h":20},"frame":{"x":2,"y":358,"w":236,"h":20}},{"filename":"texts/second-chance","rotated":false,"trimmed":false,"sourceSize":{"w":228,"h":20},"spriteSourceSize":{"x":0,"y":0,"w":228,"h":20},"frame":{"x":2,"y":381,"w":228,"h":20}}]}],"meta":{"app":"https://www.codeandweb.com/texturepacker","version":"3.0","smartupdate":"$TexturePacker:SmartUpdate:0486e509df700ad53cc1755a7eecaaab:f064239116dc7ad071837ade082aa2a9:38a69b481ce127014b0b7fd232b2e3f4$"}}