{"textures":[{"image":"gameplay-32-resources.png","format":"RGBA8888","size":{"w":196,"h":235},"scale":0.5,"frames":[{"filename":"gem/block_gradient/block_color1","rotated":false,"trimmed":false,"sourceSize":{"w":36,"h":36},"spriteSourceSize":{"x":0,"y":0,"w":36,"h":36},"frame":{"x":2,"y":2,"w":36,"h":36}},{"filename":"gem/block_gradient/block_color2","rotated":false,"trimmed":false,"sourceSize":{"w":36,"h":36},"spriteSourceSize":{"x":0,"y":0,"w":36,"h":36},"frame":{"x":2,"y":41,"w":36,"h":36}},{"filename":"gem/block_gradient/block_color3","rotated":false,"trimmed":false,"sourceSize":{"w":36,"h":36},"spriteSourceSize":{"x":0,"y":0,"w":36,"h":36},"frame":{"x":2,"y":80,"w":36,"h":36}},{"filename":"gem/block_gradient/block_color4","rotated":false,"trimmed":false,"sourceSize":{"w":36,"h":36},"spriteSourceSize":{"x":0,"y":0,"w":36,"h":36},"frame":{"x":2,"y":119,"w":36,"h":36}},{"filename":"gem/block_gradient/block_color5","rotated":false,"trimmed":false,"sourceSize":{"w":36,"h":36},"spriteSourceSize":{"x":0,"y":0,"w":36,"h":36},"frame":{"x":2,"y":158,"w":36,"h":36}},{"filename":"gem/block_gradient/block_color6","rotated":false,"trimmed":false,"sourceSize":{"w":36,"h":36},"spriteSourceSize":{"x":0,"y":0,"w":36,"h":36},"frame":{"x":2,"y":197,"w":36,"h":36}},{"filename":"gem/block_gradient/block_color7","rotated":false,"trimmed":false,"sourceSize":{"w":36,"h":36},"spriteSourceSize":{"x":0,"y":0,"w":36,"h":36},"frame":{"x":41,"y":2,"w":36,"h":36}},{"filename":"gem/block_gradient/block_color8","rotated":false,"trimmed":false,"sourceSize":{"w":36,"h":36},"spriteSourceSize":{"x":0,"y":0,"w":36,"h":36},"frame":{"x":41,"y":41,"w":36,"h":36}},{"filename":"gem/block_gradient/block_color9","rotated":false,"trimmed":false,"sourceSize":{"w":36,"h":36},"spriteSourceSize":{"x":0,"y":0,"w":36,"h":36},"frame":{"x":41,"y":80,"w":36,"h":36}},{"filename":"gem/block_gradient/block_color10","rotated":false,"trimmed":false,"sourceSize":{"w":36,"h":36},"spriteSourceSize":{"x":0,"y":0,"w":36,"h":36},"frame":{"x":41,"y":119,"w":36,"h":36}},{"filename":"gem/diamond/diamond-10","rotated":false,"trimmed":false,"sourceSize":{"w":36,"h":36},"spriteSourceSize":{"x":0,"y":0,"w":36,"h":36},"frame":{"x":41,"y":158,"w":36,"h":36}},{"filename":"gem/diamond/diamond-10_light","rotated":false,"trimmed":false,"sourceSize":{"w":36,"h":36},"spriteSourceSize":{"x":0,"y":0,"w":36,"h":36},"frame":{"x":41,"y":197,"w":36,"h":36}},{"filename":"gem/diamond/diamond-11","rotated":false,"trimmed":false,"sourceSize":{"w":36,"h":36},"spriteSourceSize":{"x":0,"y":0,"w":36,"h":36},"frame":{"x":80,"y":2,"w":36,"h":36}},{"filename":"gem/diamond/diamond-11_light","rotated":false,"trimmed":false,"sourceSize":{"w":36,"h":36},"spriteSourceSize":{"x":0,"y":0,"w":36,"h":36},"frame":{"x":80,"y":41,"w":36,"h":36}},{"filename":"gem/diamond/diamond-12","rotated":false,"trimmed":false,"sourceSize":{"w":36,"h":36},"spriteSourceSize":{"x":0,"y":0,"w":36,"h":36},"frame":{"x":80,"y":80,"w":36,"h":36}},{"filename":"gem/diamond/diamond-12_light","rotated":false,"trimmed":false,"sourceSize":{"w":36,"h":36},"spriteSourceSize":{"x":0,"y":0,"w":36,"h":36},"frame":{"x":80,"y":119,"w":36,"h":36}},{"filename":"gem/diamond/diamond-13","rotated":false,"trimmed":false,"sourceSize":{"w":36,"h":36},"spriteSourceSize":{"x":0,"y":0,"w":36,"h":36},"frame":{"x":80,"y":158,"w":36,"h":36}},{"filename":"gem/diamond/diamond-13_light","rotated":false,"trimmed":false,"sourceSize":{"w":36,"h":36},"spriteSourceSize":{"x":0,"y":0,"w":36,"h":36},"frame":{"x":80,"y":197,"w":36,"h":36}},{"filename":"gem/diamond/diamond-14","rotated":false,"trimmed":false,"sourceSize":{"w":36,"h":36},"spriteSourceSize":{"x":0,"y":0,"w":36,"h":36},"frame":{"x":119,"y":2,"w":36,"h":36}},{"filename":"gem/diamond/diamond-14_light","rotated":false,"trimmed":false,"sourceSize":{"w":36,"h":36},"spriteSourceSize":{"x":0,"y":0,"w":36,"h":36},"frame":{"x":119,"y":41,"w":36,"h":36}},{"filename":"gem/diamond/diamond-15","rotated":false,"trimmed":false,"sourceSize":{"w":36,"h":36},"spriteSourceSize":{"x":0,"y":0,"w":36,"h":36},"frame":{"x":119,"y":80,"w":36,"h":36}},{"filename":"gem/diamond/diamond-15_light","rotated":false,"trimmed":false,"sourceSize":{"w":36,"h":36},"spriteSourceSize":{"x":0,"y":0,"w":36,"h":36},"frame":{"x":119,"y":119,"w":36,"h":36}},{"filename":"gem/gem","rotated":false,"trimmed":false,"sourceSize":{"w":36,"h":36},"spriteSourceSize":{"x":0,"y":0,"w":36,"h":36},"frame":{"x":119,"y":158,"w":36,"h":36}},{"filename":"gem/gem_glare","rotated":false,"trimmed":false,"sourceSize":{"w":36,"h":36},"spriteSourceSize":{"x":0,"y":0,"w":36,"h":36},"frame":{"x":119,"y":197,"w":36,"h":36}},{"filename":"gem/gem_highlight","rotated":false,"trimmed":false,"sourceSize":{"w":36,"h":36},"spriteSourceSize":{"x":0,"y":0,"w":36,"h":36},"frame":{"x":158,"y":2,"w":36,"h":36}},{"filename":"gem/gem_light","rotated":false,"trimmed":false,"sourceSize":{"w":36,"h":36},"spriteSourceSize":{"x":0,"y":0,"w":36,"h":36},"frame":{"x":158,"y":41,"w":36,"h":36}},{"filename":"gem/gem_silver","rotated":false,"trimmed":false,"sourceSize":{"w":36,"h":36},"spriteSourceSize":{"x":0,"y":0,"w":36,"h":36},"frame":{"x":158,"y":80,"w":36,"h":36}},{"filename":"gem/gem_white","rotated":false,"trimmed":false,"sourceSize":{"w":36,"h":36},"spriteSourceSize":{"x":0,"y":0,"w":36,"h":36},"frame":{"x":158,"y":119,"w":36,"h":36}},{"filename":"gem/gem_transparent","rotated":false,"trimmed":true,"sourceSize":{"w":36,"h":36},"spriteSourceSize":{"x":0,"y":0,"w":3,"h":3},"frame":{"x":158,"y":158,"w":3,"h":3}}]}],"meta":{"app":"https://www.codeandweb.com/texturepacker","version":"3.0","smartupdate":"$TexturePacker:SmartUpdate:40b705d26c95410a087f1a89c2fafef0:2167b92137db5d1bde1a75b0064a07a4:44b1e0ee5b8293a8cbb150ffdf2c4c24$"}}