{
	"textures": [
		{
			"image": "effects-resources.png",
			"format": "RGBA8888",
			"size": {
				"w": 203,
				"h": 203
			},
			"scale": 0.5,
			"frames": [
				{
					"filename": "text/text_excellent",
					"rotated": false,
					"trimmed": false,
					"sourceSize": {
						"w": 114,
						"h": 37
					},
					"spriteSourceSize": {
						"x": 0,
						"y": 0,
						"w": 114,
						"h": 37
					},
					"frame": {
						"x": 2,
						"y": 2,
						"w": 114,
						"h": 37
					}
				},
				{
					"filename": "text/text_good",
					"rotated": false,
					"trimmed": false,
					"sourceSize": {
						"w": 80,
						"h": 37
					},
					"spriteSourceSize": {
						"x": 0,
						"y": 0,
						"w": 80,
						"h": 37
					},
					"frame": {
						"x": 119,
						"y": 2,
						"w": 80,
						"h": 37
					}
				},
				{
					"filename": "glow-circle",
					"rotated": false,
					"trimmed": false,
					"sourceSize": {
						"w": 100,
						"h": 100
					},
					"spriteSourceSize": {
						"x": 0,
						"y": 0,
						"w": 100,
						"h": 100
					},
					"frame": {
						"x": 2,
						"y": 42,
						"w": 100,
						"h": 100
					}
				},
				{
					"filename": "star",
					"rotated": false,
					"trimmed": false,
					"sourceSize": {
						"w": 50,
						"h": 50
					},
					"spriteSourceSize": {
						"x": 0,
						"y": 0,
						"w": 50,
						"h": 50
					},
					"frame": {
						"x": 2,
						"y": 145,
						"w": 50,
						"h": 50
					}
				},
				{
					"filename": "ribbon/falling-confetti/confetti-b/confetti-b-3",
					"rotated": false,
					"trimmed": false,
					"sourceSize": {
						"w": 13,
						"h": 3
					},
					"spriteSourceSize": {
						"x": 0,
						"y": 0,
						"w": 13,
						"h": 3
					},
					"frame": {
						"x": 2,
						"y": 198,
						"w": 13,
						"h": 3
					}
				},
				{
					"filename": "ribbon/falling-confetti/confetti-d/confetti-d-3",
					"rotated": false,
					"trimmed": false,
					"sourceSize": {
						"w": 12,
						"h": 3
					},
					"spriteSourceSize": {
						"x": 0,
						"y": 0,
						"w": 12,
						"h": 3
					},
					"frame": {
						"x": 18,
						"y": 198,
						"w": 12,
						"h": 3
					}
				},
				{
					"filename": "ribbon/falling-confetti/confetti-c/confetti-c-4",
					"rotated": false,
					"trimmed": false,
					"sourceSize": {
						"w": 11,
						"h": 3
					},
					"spriteSourceSize": {
						"x": 0,
						"y": 0,
						"w": 11,
						"h": 3
					},
					"frame": {
						"x": 33,
						"y": 198,
						"w": 11,
						"h": 3
					}
				},
				{
					"filename": "ribbon/falling-confetti/confetti-d/confetti-d-4",
					"rotated": false,
					"trimmed": false,
					"sourceSize": {
						"w": 12,
						"h": 2
					},
					"spriteSourceSize": {
						"x": 0,
						"y": 0,
						"w": 12,
						"h": 2
					},
					"frame": {
						"x": 47,
						"y": 198,
						"w": 12,
						"h": 2
					}
				},
				{
					"filename": "star-yellow",
					"rotated": false,
					"trimmed": false,
					"sourceSize": {
						"w": 85,
						"h": 72
					},
					"spriteSourceSize": {
						"x": 0,
						"y": 0,
						"w": 85,
						"h": 72
					},
					"frame": {
						"x": 105,
						"y": 42,
						"w": 85,
						"h": 72
					}
				},
				{
					"filename": "confetti/small-3",
					"rotated": false,
					"trimmed": false,
					"sourceSize": {
						"w": 8,
						"h": 12
					},
					"spriteSourceSize": {
						"x": 0,
						"y": 0,
						"w": 8,
						"h": 12
					},
					"frame": {
						"x": 193,
						"y": 42,
						"w": 8,
						"h": 12
					}
				},
				{
					"filename": "dust-yellow",
					"rotated": false,
					"trimmed": false,
					"sourceSize": {
						"w": 8,
						"h": 8
					},
					"spriteSourceSize": {
						"x": 0,
						"y": 0,
						"w": 8,
						"h": 8
					},
					"frame": {
						"x": 193,
						"y": 57,
						"w": 8,
						"h": 8
					}
				},
				{
					"filename": "star-y/star-3",
					"rotated": false,
					"trimmed": true,
					"sourceSize": {
						"w": 11,
						"h": 10
					},
					"spriteSourceSize": {
						"x": 3,
						"y": 0,
						"w": 6,
						"h": 10
					},
					"frame": {
						"x": 193,
						"y": 68,
						"w": 6,
						"h": 10
					}
				},
				{
					"filename": "dust",
					"rotated": false,
					"trimmed": false,
					"sourceSize": {
						"w": 5,
						"h": 5
					},
					"spriteSourceSize": {
						"x": 0,
						"y": 0,
						"w": 5,
						"h": 5
					},
					"frame": {
						"x": 193,
						"y": 81,
						"w": 5,
						"h": 5
					}
				},
				{
					"filename": "text/text_cool",
					"rotated": false,
					"trimmed": false,
					"sourceSize": {
						"w": 56,
						"h": 36
					},
					"spriteSourceSize": {
						"x": 0,
						"y": 0,
						"w": 56,
						"h": 36
					},
					"frame": {
						"x": 55,
						"y": 145,
						"w": 56,
						"h": 36
					}
				},
				{
					"filename": "confetti/hexagon-0",
					"rotated": false,
					"trimmed": false,
					"sourceSize": {
						"w": 25,
						"h": 25
					},
					"spriteSourceSize": {
						"x": 0,
						"y": 0,
						"w": 25,
						"h": 25
					},
					"frame": {
						"x": 105,
						"y": 117,
						"w": 25,
						"h": 25
					}
				},
				{
					"filename": "confetti/small-4",
					"rotated": false,
					"trimmed": true,
					"sourceSize": {
						"w": 14,
						"h": 16
					},
					"spriteSourceSize": {
						"x": 1,
						"y": 0,
						"w": 12,
						"h": 16
					},
					"frame": {
						"x": 62,
						"y": 184,
						"w": 12,
						"h": 16
					}
				},
				{
					"filename": "confetti/small-1",
					"rotated": false,
					"trimmed": false,
					"sourceSize": {
						"w": 13,
						"h": 15
					},
					"spriteSourceSize": {
						"x": 0,
						"y": 0,
						"w": 13,
						"h": 15
					},
					"frame": {
						"x": 77,
						"y": 184,
						"w": 13,
						"h": 15
					}
				},
				{
					"filename": "confetti/small-2",
					"rotated": false,
					"trimmed": false,
					"sourceSize": {
						"w": 11,
						"h": 12
					},
					"spriteSourceSize": {
						"x": 0,
						"y": 0,
						"w": 11,
						"h": 12
					},
					"frame": {
						"x": 93,
						"y": 184,
						"w": 11,
						"h": 12
					}
				},
				{
					"filename": "ribbon/falling-confetti/confetti-a/confetti-a-3",
					"rotated": false,
					"trimmed": false,
					"sourceSize": {
						"w": 11,
						"h": 2
					},
					"spriteSourceSize": {
						"x": 0,
						"y": 0,
						"w": 11,
						"h": 2
					},
					"frame": {
						"x": 93,
						"y": 199,
						"w": 11,
						"h": 2
					}
				},
				{
					"filename": "star-x/star-1",
					"rotated": false,
					"trimmed": false,
					"sourceSize": {
						"w": 11,
						"h": 10
					},
					"spriteSourceSize": {
						"x": 0,
						"y": 0,
						"w": 11,
						"h": 10
					},
					"frame": {
						"x": 107,
						"y": 184,
						"w": 11,
						"h": 10
					}
				},
				{
					"filename": "star-y/star-1",
					"rotated": false,
					"trimmed": false,
					"sourceSize": {
						"w": 11,
						"h": 10
					},
					"spriteSourceSize": {
						"x": 0,
						"y": 0,
						"w": 11,
						"h": 10
					},
					"frame": {
						"x": 107,
						"y": 184,
						"w": 11,
						"h": 10
					}
				},
				{
					"filename": "ribbon/falling-confetti/confetti-c/confetti-c-3",
					"rotated": false,
					"trimmed": false,
					"sourceSize": {
						"w": 12,
						"h": 4
					},
					"spriteSourceSize": {
						"x": 0,
						"y": 0,
						"w": 12,
						"h": 4
					},
					"frame": {
						"x": 107,
						"y": 197,
						"w": 12,
						"h": 4
					}
				},
				{
					"filename": "glare-cross",
					"rotated": false,
					"trimmed": false,
					"sourceSize": {
						"w": 30,
						"h": 30
					},
					"spriteSourceSize": {
						"x": 0,
						"y": 0,
						"w": 30,
						"h": 30
					},
					"frame": {
						"x": 114,
						"y": 145,
						"w": 30,
						"h": 30
					}
				},
				{
					"filename": "confetti/hexagon-4",
					"rotated": false,
					"trimmed": true,
					"sourceSize": {
						"w": 25,
						"h": 25
					},
					"spriteSourceSize": {
						"x": 1,
						"y": 1,
						"w": 23,
						"h": 23
					},
					"frame": {
						"x": 122,
						"y": 178,
						"w": 23,
						"h": 23
					}
				},
				{
					"filename": "confetti/hexagon-1",
					"rotated": false,
					"trimmed": true,
					"sourceSize": {
						"w": 25,
						"h": 25
					},
					"spriteSourceSize": {
						"x": 0,
						"y": 2,
						"w": 25,
						"h": 21
					},
					"frame": {
						"x": 133,
						"y": 117,
						"w": 25,
						"h": 21
					}
				},
				{
					"filename": "ribbon",
					"rotated": false,
					"trimmed": false,
					"sourceSize": {
						"w": 32,
						"h": 1
					},
					"spriteSourceSize": {
						"x": 0,
						"y": 0,
						"w": 32,
						"h": 1
					},
					"frame": {
						"x": 133,
						"y": 141,
						"w": 32,
						"h": 1
					}
				},
				{
					"filename": "confetti/hexagon-2",
					"rotated": false,
					"trimmed": true,
					"sourceSize": {
						"w": 25,
						"h": 25
					},
					"spriteSourceSize": {
						"x": 1,
						"y": 3,
						"w": 23,
						"h": 19
					},
					"frame": {
						"x": 161,
						"y": 117,
						"w": 23,
						"h": 19
					}
				},
				{
					"filename": "ribbon/falling-confetti/confetti-c/confetti-c-2",
					"rotated": false,
					"trimmed": false,
					"sourceSize": {
						"w": 13,
						"h": 5
					},
					"spriteSourceSize": {
						"x": 0,
						"y": 0,
						"w": 13,
						"h": 5
					},
					"frame": {
						"x": 187,
						"y": 117,
						"w": 13,
						"h": 5
					}
				},
				{
					"filename": "ribbon/falling-confetti/confetti-b/confetti-b-4",
					"rotated": false,
					"trimmed": false,
					"sourceSize": {
						"w": 13,
						"h": 1
					},
					"spriteSourceSize": {
						"x": 0,
						"y": 0,
						"w": 13,
						"h": 1
					},
					"frame": {
						"x": 187,
						"y": 125,
						"w": 13,
						"h": 1
					}
				},
				{
					"filename": "ribbon/falling-confetti/confetti-c/confetti-c-1",
					"rotated": false,
					"trimmed": false,
					"sourceSize": {
						"w": 12,
						"h": 8
					},
					"spriteSourceSize": {
						"x": 0,
						"y": 0,
						"w": 12,
						"h": 8
					},
					"frame": {
						"x": 187,
						"y": 129,
						"w": 12,
						"h": 8
					}
				},
				{
					"filename": "ribbon/falling-confetti/confetti-b/confetti-b-1",
					"rotated": false,
					"trimmed": false,
					"sourceSize": {
						"w": 12,
						"h": 7
					},
					"spriteSourceSize": {
						"x": 0,
						"y": 0,
						"w": 12,
						"h": 7
					},
					"frame": {
						"x": 168,
						"y": 139,
						"w": 12,
						"h": 7
					}
				},
				{
					"filename": "ribbon/falling-confetti/confetti-b/confetti-b-2",
					"rotated": false,
					"trimmed": false,
					"sourceSize": {
						"w": 12,
						"h": 5
					},
					"spriteSourceSize": {
						"x": 0,
						"y": 0,
						"w": 12,
						"h": 5
					},
					"frame": {
						"x": 148,
						"y": 145,
						"w": 12,
						"h": 5
					}
				},
				{
					"filename": "confetti/hexagon-3",
					"rotated": false,
					"trimmed": true,
					"sourceSize": {
						"w": 25,
						"h": 25
					},
					"spriteSourceSize": {
						"x": 3,
						"y": 3,
						"w": 20,
						"h": 19
					},
					"frame": {
						"x": 147,
						"y": 153,
						"w": 20,
						"h": 19
					}
				},
				{
					"filename": "ribbon/falling-confetti/confetti-d/confetti-d-2",
					"rotated": false,
					"trimmed": false,
					"sourceSize": {
						"w": 12,
						"h": 5
					},
					"spriteSourceSize": {
						"x": 0,
						"y": 0,
						"w": 12,
						"h": 5
					},
					"frame": {
						"x": 183,
						"y": 140,
						"w": 12,
						"h": 5
					}
				},
				{
					"filename": "star-x/star-2",
					"rotated": false,
					"trimmed": false,
					"sourceSize": {
						"w": 11,
						"h": 10
					},
					"spriteSourceSize": {
						"x": 0,
						"y": 0,
						"w": 11,
						"h": 10
					},
					"frame": {
						"x": 183,
						"y": 148,
						"w": 11,
						"h": 10
					}
				},
				{
					"filename": "star-y/star-2",
					"rotated": false,
					"trimmed": true,
					"sourceSize": {
						"w": 11,
						"h": 10
					},
					"spriteSourceSize": {
						"x": 1,
						"y": 0,
						"w": 10,
						"h": 10
					},
					"frame": {
						"x": 170,
						"y": 149,
						"w": 10,
						"h": 10
					}
				},
				{
					"filename": "star-y/star-4",
					"rotated": false,
					"trimmed": false,
					"sourceSize": {
						"w": 11,
						"h": 10
					},
					"spriteSourceSize": {
						"x": 0,
						"y": 0,
						"w": 11,
						"h": 10
					},
					"frame": {
						"x": 183,
						"y": 161,
						"w": 11,
						"h": 10
					}
				},
				{
					"filename": "star-x/star-3",
					"rotated": false,
					"trimmed": true,
					"sourceSize": {
						"w": 11,
						"h": 10
					},
					"spriteSourceSize": {
						"x": 0,
						"y": 1,
						"w": 11,
						"h": 8
					},
					"frame": {
						"x": 148,
						"y": 175,
						"w": 11,
						"h": 8
					}
				},
				{
					"filename": "ribbon/falling-confetti/confetti-a/confetti-a-1",
					"rotated": false,
					"trimmed": false,
					"sourceSize": {
						"w": 11,
						"h": 7
					},
					"spriteSourceSize": {
						"x": 0,
						"y": 0,
						"w": 11,
						"h": 7
					},
					"frame": {
						"x": 148,
						"y": 186,
						"w": 11,
						"h": 7
					}
				},
				{
					"filename": "ribbon/falling-confetti/confetti-a/confetti-a-2",
					"rotated": false,
					"trimmed": false,
					"sourceSize": {
						"w": 11,
						"h": 4
					},
					"spriteSourceSize": {
						"x": 0,
						"y": 0,
						"w": 11,
						"h": 4
					},
					"frame": {
						"x": 148,
						"y": 196,
						"w": 11,
						"h": 4
					}
				},
				{
					"filename": "ribbon/falling-confetti/confetti-d/confetti-d-1",
					"rotated": false,
					"trimmed": false,
					"sourceSize": {
						"w": 11,
						"h": 7
					},
					"spriteSourceSize": {
						"x": 0,
						"y": 0,
						"w": 11,
						"h": 7
					},
					"frame": {
						"x": 162,
						"y": 175,
						"w": 11,
						"h": 7
					}
				},
				{
					"filename": "star-x/star-4",
					"rotated": false,
					"trimmed": true,
					"sourceSize": {
						"w": 11,
						"h": 10
					},
					"spriteSourceSize": {
						"x": 0,
						"y": 2,
						"w": 11,
						"h": 6
					},
					"frame": {
						"x": 162,
						"y": 185,
						"w": 11,
						"h": 6
					}
				}
			]
		}
	],
	"meta": {
		"app": "https://www.codeandweb.com/texturepacker",
		"version": "3.0",
		"smartupdate": "$TexturePacker:SmartUpdate:c65faffe75120d77925be8af8fb1e9b7:9855315fe5e1a0defb5d1faf916845c3:fcf0ca429d8c303c4783c89b34559bdb$"
	}
}
