{
	"textures": [
		{
			"image": "animation-scene-resources-0.png",
			"format": "RGBA8888",
			"size": {
				"w": 495,
				"h": 1100
			},
			"scale": 1,
			"frames": [
				{
					"filename": "glow-light",
					"rotated": false,
					"trimmed": true,
					"sourceSize": {
						"w": 492,
						"h": 492
					},
					"spriteSourceSize": {
						"x": 3,
						"y": 0,
						"w": 483,
						"h": 492
					},
					"frame": {
						"x": 1,
						"y": 1,
						"w": 483,
						"h": 492
					}
				},
				{
					"filename": "circle",
					"rotated": false,
					"trimmed": false,
					"sourceSize": {
						"w": 324,
						"h": 324
					},
					"spriteSourceSize": {
						"x": 0,
						"y": 0,
						"w": 324,
						"h": 324
					},
					"frame": {
						"x": 1,
						"y": 495,
						"w": 324,
						"h": 324
					}
				},
				{
					"filename": "fireworks/big-explosive-1",
					"rotated": false,
					"trimmed": false,
					"sourceSize": {
						"w": 282,
						"h": 278
					},
					"spriteSourceSize": {
						"x": 0,
						"y": 0,
						"w": 282,
						"h": 278
					},
					"frame": {
						"x": 1,
						"y": 821,
						"w": 282,
						"h": 278
					}
				},
				{
					"filename": "fireworks/big-explosive-0",
					"rotated": false,
					"trimmed": false,
					"sourceSize": {
						"w": 137,
						"h": 133
					},
					"spriteSourceSize": {
						"x": 0,
						"y": 0,
						"w": 137,
						"h": 133
					},
					"frame": {
						"x": 285,
						"y": 821,
						"w": 137,
						"h": 133
					}
				},
				{
					"filename": "circle-light",
					"rotated": false,
					"trimmed": true,
					"sourceSize": {
						"w": 151,
						"h": 150
					},
					"spriteSourceSize": {
						"x": 11,
						"y": 8,
						"w": 127,
						"h": 130
					},
					"frame": {
						"x": 285,
						"y": 956,
						"w": 127,
						"h": 130
					}
				},
				{
					"filename": "comet",
					"rotated": false,
					"trimmed": true,
					"sourceSize": {
						"w": 80,
						"h": 80
					},
					"spriteSourceSize": {
						"x": 6,
						"y": 1,
						"w": 66,
						"h": 76
					},
					"frame": {
						"x": 414,
						"y": 956,
						"w": 66,
						"h": 76
					}
				},
				{
					"filename": "confetti/hexagon-0",
					"rotated": false,
					"trimmed": true,
					"sourceSize": {
						"w": 50,
						"h": 50
					},
					"spriteSourceSize": {
						"x": 0,
						"y": 2,
						"w": 50,
						"h": 46
					},
					"frame": {
						"x": 414,
						"y": 1034,
						"w": 50,
						"h": 46
					}
				},
				{
					"filename": "ribbon/ribbon",
					"rotated": false,
					"trimmed": false,
					"sourceSize": {
						"w": 64,
						"h": 2
					},
					"spriteSourceSize": {
						"x": 0,
						"y": 0,
						"w": 64,
						"h": 2
					},
					"frame": {
						"x": 414,
						"y": 1082,
						"w": 64,
						"h": 2
					}
				},
				{
					"filename": "confetti/small-1",
					"rotated": false,
					"trimmed": false,
					"sourceSize": {
						"w": 28,
						"h": 31
					},
					"spriteSourceSize": {
						"x": 0,
						"y": 0,
						"w": 28,
						"h": 31
					},
					"frame": {
						"x": 466,
						"y": 1034,
						"w": 28,
						"h": 31
					}
				},
				{
					"filename": "ribbon/falling-confetti/confetti-c/confetti-c-2",
					"rotated": false,
					"trimmed": false,
					"sourceSize": {
						"w": 25,
						"h": 10
					},
					"spriteSourceSize": {
						"x": 0,
						"y": 0,
						"w": 25,
						"h": 10
					},
					"frame": {
						"x": 466,
						"y": 1067,
						"w": 25,
						"h": 10
					}
				},
				{
					"filename": "star-y/star-3",
					"rotated": false,
					"trimmed": true,
					"sourceSize": {
						"w": 21,
						"h": 20
					},
					"spriteSourceSize": {
						"x": 7,
						"y": 0,
						"w": 8,
						"h": 20
					},
					"frame": {
						"x": 480,
						"y": 1079,
						"w": 8,
						"h": 20
					}
				},
				{
					"filename": "ribbon/falling-confetti/confetti-b/confetti-b-4",
					"rotated": false,
					"trimmed": false,
					"sourceSize": {
						"w": 26,
						"h": 2
					},
					"spriteSourceSize": {
						"x": 0,
						"y": 0,
						"w": 26,
						"h": 2
					},
					"frame": {
						"x": 414,
						"y": 1086,
						"w": 26,
						"h": 2
					}
				},
				{
					"filename": "ribbon/falling-confetti/confetti-b/confetti-b-3",
					"rotated": false,
					"trimmed": false,
					"sourceSize": {
						"w": 25,
						"h": 5
					},
					"spriteSourceSize": {
						"x": 0,
						"y": 0,
						"w": 25,
						"h": 5
					},
					"frame": {
						"x": 442,
						"y": 1086,
						"w": 25,
						"h": 5
					}
				},
				{
					"filename": "ribbon/falling-confetti/confetti-b/confetti-b-2",
					"rotated": false,
					"trimmed": false,
					"sourceSize": {
						"w": 23,
						"h": 9
					},
					"spriteSourceSize": {
						"x": 0,
						"y": 0,
						"w": 23,
						"h": 9
					},
					"frame": {
						"x": 285,
						"y": 1088,
						"w": 23,
						"h": 9
					}
				},
				{
					"filename": "ribbon/falling-confetti/confetti-d/confetti-d-2",
					"rotated": false,
					"trimmed": false,
					"sourceSize": {
						"w": 23,
						"h": 9
					},
					"spriteSourceSize": {
						"x": 0,
						"y": 0,
						"w": 23,
						"h": 9
					},
					"frame": {
						"x": 310,
						"y": 1088,
						"w": 23,
						"h": 9
					}
				},
				{
					"filename": "ribbon/falling-confetti/confetti-c/confetti-c-3",
					"rotated": false,
					"trimmed": false,
					"sourceSize": {
						"w": 23,
						"h": 7
					},
					"spriteSourceSize": {
						"x": 0,
						"y": 0,
						"w": 23,
						"h": 7
					},
					"frame": {
						"x": 335,
						"y": 1088,
						"w": 23,
						"h": 7
					}
				},
				{
					"filename": "ribbon/falling-confetti/confetti-d/confetti-d-3",
					"rotated": false,
					"trimmed": false,
					"sourceSize": {
						"w": 23,
						"h": 6
					},
					"spriteSourceSize": {
						"x": 0,
						"y": 0,
						"w": 23,
						"h": 6
					},
					"frame": {
						"x": 360,
						"y": 1088,
						"w": 23,
						"h": 6
					}
				},
				{
					"filename": "ribbon/falling-confetti/confetti-c/confetti-c-4",
					"rotated": false,
					"trimmed": false,
					"sourceSize": {
						"w": 22,
						"h": 6
					},
					"spriteSourceSize": {
						"x": 0,
						"y": 0,
						"w": 22,
						"h": 6
					},
					"frame": {
						"x": 385,
						"y": 1088,
						"w": 22,
						"h": 6
					}
				},
				{
					"filename": "ribbon/falling-confetti/confetti-d/confetti-d-4",
					"rotated": false,
					"trimmed": false,
					"sourceSize": {
						"w": 23,
						"h": 4
					},
					"spriteSourceSize": {
						"x": 0,
						"y": 0,
						"w": 23,
						"h": 4
					},
					"frame": {
						"x": 409,
						"y": 1090,
						"w": 23,
						"h": 4
					}
				},
				{
					"filename": "ribbon/falling-confetti/confetti-a/confetti-a-3",
					"rotated": false,
					"trimmed": false,
					"sourceSize": {
						"w": 21,
						"h": 3
					},
					"spriteSourceSize": {
						"x": 0,
						"y": 0,
						"w": 21,
						"h": 3
					},
					"frame": {
						"x": 434,
						"y": 1093,
						"w": 21,
						"h": 3
					}
				},
				{
					"filename": "blank",
					"rotated": false,
					"trimmed": false,
					"sourceSize": {
						"w": 100,
						"h": 100
					},
					"spriteSourceSize": {
						"x": 0,
						"y": 0,
						"w": 100,
						"h": 100
					},
					"frame": {
						"x": 327,
						"y": 495,
						"w": 100,
						"h": 100
					}
				},
				{
					"filename": "fireworks/small",
					"rotated": false,
					"trimmed": false,
					"sourceSize": {
						"w": 98,
						"h": 99
					},
					"spriteSourceSize": {
						"x": 0,
						"y": 0,
						"w": 98,
						"h": 99
					},
					"frame": {
						"x": 327,
						"y": 597,
						"w": 98,
						"h": 99
					}
				},
				{
					"filename": "coins/coin",
					"rotated": false,
					"trimmed": false,
					"sourceSize": {
						"w": 76,
						"h": 71
					},
					"spriteSourceSize": {
						"x": 0,
						"y": 0,
						"w": 76,
						"h": 71
					},
					"frame": {
						"x": 327,
						"y": 698,
						"w": 76,
						"h": 71
					}
				},
				{
					"filename": "star-yellow",
					"rotated": false,
					"trimmed": true,
					"sourceSize": {
						"w": 70,
						"h": 70
					},
					"spriteSourceSize": {
						"x": 2,
						"y": 0,
						"w": 68,
						"h": 70
					},
					"frame": {
						"x": 405,
						"y": 698,
						"w": 68,
						"h": 70
					}
				},
				{
					"filename": "confetti/hexagon-1",
					"rotated": false,
					"trimmed": true,
					"sourceSize": {
						"w": 50,
						"h": 50
					},
					"spriteSourceSize": {
						"x": 1,
						"y": 6,
						"w": 49,
						"h": 39
					},
					"frame": {
						"x": 405,
						"y": 770,
						"w": 49,
						"h": 39
					}
				},
				{
					"filename": "confetti/hexagon-4",
					"rotated": false,
					"trimmed": true,
					"sourceSize": {
						"w": 50,
						"h": 50
					},
					"spriteSourceSize": {
						"x": 4,
						"y": 4,
						"w": 43,
						"h": 42
					},
					"frame": {
						"x": 327,
						"y": 771,
						"w": 43,
						"h": 42
					}
				},
				{
					"filename": "confetti/small-3",
					"rotated": false,
					"trimmed": true,
					"sourceSize": {
						"w": 28,
						"h": 31
					},
					"spriteSourceSize": {
						"x": 4,
						"y": 1,
						"w": 22,
						"h": 30
					},
					"frame": {
						"x": 372,
						"y": 771,
						"w": 22,
						"h": 30
					}
				},
				{
					"filename": "ribbon/falling-confetti/confetti-c/confetti-c-1",
					"rotated": false,
					"trimmed": false,
					"sourceSize": {
						"w": 24,
						"h": 16
					},
					"spriteSourceSize": {
						"x": 0,
						"y": 0,
						"w": 24,
						"h": 16
					},
					"frame": {
						"x": 372,
						"y": 803,
						"w": 24,
						"h": 16
					}
				},
				{
					"filename": "star-white",
					"rotated": false,
					"trimmed": true,
					"sourceSize": {
						"w": 70,
						"h": 70
					},
					"spriteSourceSize": {
						"x": 12,
						"y": 10,
						"w": 42,
						"h": 46
					},
					"frame": {
						"x": 427,
						"y": 597,
						"w": 42,
						"h": 46
					}
				},
				{
					"filename": "confetti/hexagon-2",
					"rotated": false,
					"trimmed": true,
					"sourceSize": {
						"w": 50,
						"h": 50
					},
					"spriteSourceSize": {
						"x": 4,
						"y": 8,
						"w": 42,
						"h": 35
					},
					"frame": {
						"x": 427,
						"y": 645,
						"w": 42,
						"h": 35
					}
				},
				{
					"filename": "ribbon/falling-confetti/confetti-b/confetti-b-1",
					"rotated": false,
					"trimmed": false,
					"sourceSize": {
						"w": 23,
						"h": 14
					},
					"spriteSourceSize": {
						"x": 0,
						"y": 0,
						"w": 23,
						"h": 14
					},
					"frame": {
						"x": 427,
						"y": 682,
						"w": 23,
						"h": 14
					}
				},
				{
					"filename": "ribbon/falling-confetti/confetti-a/confetti-a-1",
					"rotated": false,
					"trimmed": false,
					"sourceSize": {
						"w": 21,
						"h": 14
					},
					"spriteSourceSize": {
						"x": 0,
						"y": 0,
						"w": 21,
						"h": 14
					},
					"frame": {
						"x": 452,
						"y": 682,
						"w": 21,
						"h": 14
					}
				},
				{
					"filename": "fireworks/soar-line",
					"rotated": false,
					"trimmed": false,
					"sourceSize": {
						"w": 11,
						"h": 45
					},
					"spriteSourceSize": {
						"x": 0,
						"y": 0,
						"w": 11,
						"h": 45
					},
					"frame": {
						"x": 429,
						"y": 495,
						"w": 11,
						"h": 45
					}
				},
				{
					"filename": "confetti/hexagon-3",
					"rotated": false,
					"trimmed": true,
					"sourceSize": {
						"w": 50,
						"h": 50
					},
					"spriteSourceSize": {
						"x": 8,
						"y": 7,
						"w": 36,
						"h": 36
					},
					"frame": {
						"x": 429,
						"y": 542,
						"w": 36,
						"h": 36
					}
				},
				{
					"filename": "spark",
					"rotated": false,
					"trimmed": false,
					"sourceSize": {
						"w": 34,
						"h": 34
					},
					"spriteSourceSize": {
						"x": 0,
						"y": 0,
						"w": 34,
						"h": 34
					},
					"frame": {
						"x": 442,
						"y": 495,
						"w": 34,
						"h": 34
					}
				},
				{
					"filename": "star-x/star-4",
					"rotated": false,
					"trimmed": true,
					"sourceSize": {
						"w": 21,
						"h": 20
					},
					"spriteSourceSize": {
						"x": 0,
						"y": 6,
						"w": 21,
						"h": 8
					},
					"frame": {
						"x": 442,
						"y": 531,
						"w": 21,
						"h": 8
					}
				},
				{
					"filename": "ribbon/falling-confetti/confetti-a/confetti-a-2",
					"rotated": false,
					"trimmed": false,
					"sourceSize": {
						"w": 21,
						"h": 7
					},
					"spriteSourceSize": {
						"x": 0,
						"y": 0,
						"w": 21,
						"h": 7
					},
					"frame": {
						"x": 465,
						"y": 531,
						"w": 21,
						"h": 7
					}
				},
				{
					"filename": "star-y/star-2",
					"rotated": false,
					"trimmed": true,
					"sourceSize": {
						"w": 21,
						"h": 20
					},
					"spriteSourceSize": {
						"x": 4,
						"y": 0,
						"w": 15,
						"h": 20
					},
					"frame": {
						"x": 478,
						"y": 495,
						"w": 15,
						"h": 20
					}
				},
				{
					"filename": "confetti/small-4",
					"rotated": false,
					"trimmed": true,
					"sourceSize": {
						"w": 28,
						"h": 31
					},
					"spriteSourceSize": {
						"x": 4,
						"y": 2,
						"w": 20,
						"h": 28
					},
					"frame": {
						"x": 467,
						"y": 540,
						"w": 20,
						"h": 28
					}
				},
				{
					"filename": "star-x/star-1",
					"rotated": false,
					"trimmed": false,
					"sourceSize": {
						"w": 21,
						"h": 20
					},
					"spriteSourceSize": {
						"x": 0,
						"y": 0,
						"w": 21,
						"h": 20
					},
					"frame": {
						"x": 467,
						"y": 570,
						"w": 21,
						"h": 20
					}
				},
				{
					"filename": "star-y/star-1",
					"rotated": false,
					"trimmed": false,
					"sourceSize": {
						"w": 21,
						"h": 20
					},
					"spriteSourceSize": {
						"x": 0,
						"y": 0,
						"w": 21,
						"h": 20
					},
					"frame": {
						"x": 467,
						"y": 570,
						"w": 21,
						"h": 20
					}
				},
				{
					"filename": "ribbon/falling-confetti/confetti-d/confetti-d-1",
					"rotated": false,
					"trimmed": false,
					"sourceSize": {
						"w": 21,
						"h": 14
					},
					"spriteSourceSize": {
						"x": 0,
						"y": 0,
						"w": 21,
						"h": 14
					},
					"frame": {
						"x": 429,
						"y": 580,
						"w": 21,
						"h": 14
					}
				},
				{
					"filename": "star-y/star-4",
					"rotated": false,
					"trimmed": true,
					"sourceSize": {
						"w": 21,
						"h": 20
					},
					"spriteSourceSize": {
						"x": 1,
						"y": 0,
						"w": 20,
						"h": 20
					},
					"frame": {
						"x": 471,
						"y": 592,
						"w": 20,
						"h": 20
					}
				},
				{
					"filename": "star-x/star-2",
					"rotated": false,
					"trimmed": true,
					"sourceSize": {
						"w": 21,
						"h": 20
					},
					"spriteSourceSize": {
						"x": 0,
						"y": 1,
						"w": 21,
						"h": 18
					},
					"frame": {
						"x": 471,
						"y": 614,
						"w": 21,
						"h": 18
					}
				},
				{
					"filename": "star-x/star-3",
					"rotated": false,
					"trimmed": true,
					"sourceSize": {
						"w": 21,
						"h": 20
					},
					"spriteSourceSize": {
						"x": 0,
						"y": 3,
						"w": 21,
						"h": 14
					},
					"frame": {
						"x": 471,
						"y": 634,
						"w": 21,
						"h": 14
					}
				},
				{
					"filename": "yellow-spark",
					"rotated": false,
					"trimmed": false,
					"sourceSize": {
						"w": 70,
						"h": 69
					},
					"spriteSourceSize": {
						"x": 0,
						"y": 0,
						"w": 70,
						"h": 69
					},
					"frame": {
						"x": 424,
						"y": 811,
						"w": 70,
						"h": 69
					}
				},
				{
					"filename": "fireworks/soar-circle",
					"rotated": false,
					"trimmed": false,
					"sourceSize": {
						"w": 32,
						"h": 32
					},
					"spriteSourceSize": {
						"x": 0,
						"y": 0,
						"w": 32,
						"h": 32
					},
					"frame": {
						"x": 456,
						"y": 770,
						"w": 32,
						"h": 32
					}
				},
				{
					"filename": "coins/coin-small-grey",
					"rotated": false,
					"trimmed": false,
					"sourceSize": {
						"w": 33,
						"h": 31
					},
					"spriteSourceSize": {
						"x": 0,
						"y": 0,
						"w": 33,
						"h": 31
					},
					"frame": {
						"x": 424,
						"y": 882,
						"w": 33,
						"h": 31
					}
				},
				{
					"filename": "coins/coin-small",
					"rotated": false,
					"trimmed": false,
					"sourceSize": {
						"w": 33,
						"h": 31
					},
					"spriteSourceSize": {
						"x": 0,
						"y": 0,
						"w": 33,
						"h": 31
					},
					"frame": {
						"x": 424,
						"y": 915,
						"w": 33,
						"h": 31
					}
				},
				{
					"filename": "confetti/small-2",
					"rotated": false,
					"trimmed": true,
					"sourceSize": {
						"w": 28,
						"h": 31
					},
					"spriteSourceSize": {
						"x": 1,
						"y": 3,
						"w": 26,
						"h": 27
					},
					"frame": {
						"x": 459,
						"y": 882,
						"w": 26,
						"h": 27
					}
				}
			]
		}
	],
	"meta": {
		"app": "https://www.codeandweb.com/texturepacker",
		"version": "3.0",
		"smartupdate": "$TexturePacker:SmartUpdate:ac9f4164add0e3fc5eb8087e6e76214e:76e26e0af32ffc4abab330142bfadd13:3aa5398cff52fecbe97e123682ef32f5$"
	}
}
