{"textures":[{"image":"default-resources-0.png","format":"RGBA8888","size":{"w":1024,"h":1024},"scale":1,"frames":[{"filename":"leaderboards/bg-top","rotated":false,"trimmed":false,"sourceSize":{"w":949,"h":168},"spriteSourceSize":{"x":0,"y":0,"w":949,"h":168},"frame":{"x":2,"y":2,"w":949,"h":168}},{"filename":"bg/bg-middle","rotated":false,"trimmed":false,"sourceSize":{"w":719,"h":849},"spriteSourceSize":{"x":0,"y":0,"w":719,"h":849},"frame":{"x":2,"y":173,"w":719,"h":849}},{"filename":"icons/dot","rotated":false,"trimmed":false,"sourceSize":{"w":68,"h":70},"spriteSourceSize":{"x":0,"y":0,"w":68,"h":70},"frame":{"x":954,"y":2,"w":68,"h":70}},{"filename":"icons/icon-daily","rotated":false,"trimmed":false,"sourceSize":{"w":67,"h":67},"spriteSourceSize":{"x":0,"y":0,"w":67,"h":67},"frame":{"x":954,"y":75,"w":67,"h":67}},{"filename":"icons/vibrate","rotated":false,"trimmed":false,"sourceSize":{"w":62,"h":73},"spriteSourceSize":{"x":0,"y":0,"w":62,"h":73},"frame":{"x":954,"y":145,"w":62,"h":73}},{"filename":"texts/congratulations","rotated":false,"trimmed":false,"sourceSize":{"w":218,"h":43},"spriteSourceSize":{"x":0,"y":0,"w":218,"h":43},"frame":{"x":724,"y":173,"w":218,"h":43}},{"filename":"bg-combo","rotated":false,"trimmed":true,"sourceSize":{"w":212,"h":87},"spriteSourceSize":{"x":0,"y":9,"w":212,"h":78},"frame":{"x":724,"y":219,"w":212,"h":78}},{"filename":"buttons/minor","rotated":false,"trimmed":false,"sourceSize":{"w":82,"h":71},"spriteSourceSize":{"x":0,"y":0,"w":82,"h":71},"frame":{"x":939,"y":221,"w":82,"h":71}},{"filename":"texts/off","rotated":false,"trimmed":false,"sourceSize":{"w":80,"h":28},"spriteSourceSize":{"x":0,"y":0,"w":80,"h":28},"frame":{"x":939,"y":295,"w":80,"h":28}},{"filename":"bg-streak","rotated":false,"trimmed":true,"sourceSize":{"w":212,"h":87},"spriteSourceSize":{"x":0,"y":9,"w":212,"h":78},"frame":{"x":724,"y":300,"w":212,"h":78}},{"filename":"buttons/share","rotated":false,"trimmed":false,"sourceSize":{"w":79,"h":58},"spriteSourceSize":{"x":0,"y":0,"w":79,"h":58},"frame":{"x":939,"y":326,"w":79,"h":58}},{"filename":"texts/text-retry","rotated":false,"trimmed":false,"sourceSize":{"w":209,"h":31},"spriteSourceSize":{"x":0,"y":0,"w":209,"h":31},"frame":{"x":724,"y":381,"w":209,"h":31}},{"filename":"buttons/play","rotated":false,"trimmed":false,"sourceSize":{"w":86,"h":65},"spriteSourceSize":{"x":0,"y":0,"w":86,"h":65},"frame":{"x":936,"y":387,"w":86,"h":65}},{"filename":"ui-ngang/text-next-block","rotated":false,"trimmed":false,"sourceSize":{"w":209,"h":30},"spriteSourceSize":{"x":0,"y":0,"w":209,"h":30},"frame":{"x":724,"y":415,"w":209,"h":30}},{"filename":"texts/out-of-live","rotated":false,"trimmed":false,"sourceSize":{"w":208,"h":45},"spriteSourceSize":{"x":0,"y":0,"w":208,"h":45},"frame":{"x":724,"y":448,"w":208,"h":45}},{"filename":"buttons/random","rotated":false,"trimmed":false,"sourceSize":{"w":86,"h":65},"spriteSourceSize":{"x":0,"y":0,"w":86,"h":65},"frame":{"x":935,"y":455,"w":86,"h":65}},{"filename":"texts/play-single","rotated":false,"trimmed":false,"sourceSize":{"w":205,"h":35},"spriteSourceSize":{"x":0,"y":0,"w":205,"h":35},"frame":{"x":724,"y":496,"w":205,"h":35}},{"filename":"buttons/challenge_light","rotated":false,"trimmed":false,"sourceSize":{"w":88,"h":65},"spriteSourceSize":{"x":0,"y":0,"w":88,"h":65},"frame":{"x":932,"y":523,"w":88,"h":65}},{"filename":"texts/target-score","rotated":false,"trimmed":false,"sourceSize":{"w":205,"h":27},"spriteSourceSize":{"x":0,"y":0,"w":205,"h":27},"frame":{"x":724,"y":534,"w":205,"h":27}},{"filename":"texts/text-journey","rotated":false,"trimmed":false,"sourceSize":{"w":200,"h":35},"spriteSourceSize":{"x":0,"y":0,"w":200,"h":35},"frame":{"x":724,"y":564,"w":200,"h":35}},{"filename":"daily-challenge/title-panel","rotated":false,"trimmed":false,"sourceSize":{"w":282,"h":69},"spriteSourceSize":{"x":0,"y":0,"w":282,"h":69},"frame":{"x":724,"y":602,"w":282,"h":69}},{"filename":"bottom-panel","rotated":false,"trimmed":false,"sourceSize":{"w":281,"h":171},"spriteSourceSize":{"x":0,"y":0,"w":281,"h":171},"frame":{"x":724,"y":674,"w":281,"h":171}},{"filename":"ui-ngang/khung-best-score","rotated":false,"trimmed":false,"sourceSize":{"w":111,"h":169},"spriteSourceSize":{"x":0,"y":0,"w":111,"h":169},"frame":{"x":724,"y":848,"w":111,"h":169}},{"filename":"buttons/dark-blue-big","rotated":false,"trimmed":false,"sourceSize":{"w":179,"h":82},"spriteSourceSize":{"x":0,"y":0,"w":179,"h":82},"frame":{"x":838,"y":848,"w":179,"h":82}},{"filename":"buttons/green-big","rotated":false,"trimmed":false,"sourceSize":{"w":179,"h":82},"spriteSourceSize":{"x":0,"y":0,"w":179,"h":82},"frame":{"x":838,"y":933,"w":179,"h":82}}]},{"image":"default-resources-1.png","format":"RGBA8888","size":{"w":1024,"h":1024},"scale":1,"frames":[{"filename":"leaderboards/bg-bottom","rotated":false,"trimmed":false,"sourceSize":{"w":949,"h":67},"spriteSourceSize":{"x":0,"y":0,"w":949,"h":67},"frame":{"x":2,"y":2,"w":949,"h":67}},{"filename":"icons/sound","rotated":false,"trimmed":false,"sourceSize":{"w":62,"h":54},"spriteSourceSize":{"x":0,"y":0,"w":62,"h":54},"frame":{"x":954,"y":2,"w":62,"h":54}},{"filename":"icons/music","rotated":false,"trimmed":false,"sourceSize":{"w":56,"h":61},"spriteSourceSize":{"x":0,"y":0,"w":56,"h":61},"frame":{"x":954,"y":59,"w":56,"h":61}},{"filename":"leaderboards/bg-middle","rotated":false,"trimmed":false,"sourceSize":{"w":949,"h":47},"spriteSourceSize":{"x":0,"y":0,"w":949,"h":47},"frame":{"x":2,"y":72,"w":949,"h":47}},{"filename":"footer","rotated":false,"trimmed":false,"sourceSize":{"w":750,"h":153},"spriteSourceSize":{"x":0,"y":0,"w":750,"h":153},"frame":{"x":2,"y":122,"w":750,"h":153}},{"filename":"texts/lose","rotated":false,"trimmed":false,"sourceSize":{"w":263,"h":50},"spriteSourceSize":{"x":0,"y":0,"w":263,"h":50},"frame":{"x":755,"y":123,"w":263,"h":50}},{"filename":"texts/second-chance","rotated":false,"trimmed":false,"sourceSize":{"w":261,"h":53},"spriteSourceSize":{"x":0,"y":0,"w":261,"h":53},"frame":{"x":755,"y":176,"w":261,"h":53}},{"filename":"texts/text-next-level","rotated":false,"trimmed":false,"sourceSize":{"w":261,"h":34},"spriteSourceSize":{"x":0,"y":0,"w":261,"h":34},"frame":{"x":755,"y":232,"w":261,"h":34}},{"filename":"texts/refill-lives","rotated":false,"trimmed":false,"sourceSize":{"w":259,"h":35},"spriteSourceSize":{"x":0,"y":0,"w":259,"h":35},"frame":{"x":755,"y":269,"w":259,"h":35}},{"filename":"border-bottom-panel","rotated":false,"trimmed":false,"sourceSize":{"w":750,"h":36},"spriteSourceSize":{"x":0,"y":0,"w":750,"h":36},"frame":{"x":2,"y":278,"w":750,"h":36}},{"filename":"texts/replay","rotated":false,"trimmed":false,"sourceSize":{"w":251,"h":35},"spriteSourceSize":{"x":0,"y":0,"w":251,"h":35},"frame":{"x":755,"y":307,"w":251,"h":35}},{"filename":"ui-ngang/bg-middle","rotated":false,"trimmed":false,"sourceSize":{"w":719,"h":568},"spriteSourceSize":{"x":0,"y":0,"w":719,"h":568},"frame":{"x":2,"y":317,"w":719,"h":568}},{"filename":"leaf","rotated":false,"trimmed":false,"sourceSize":{"w":563,"h":132},"spriteSourceSize":{"x":0,"y":0,"w":563,"h":132},"frame":{"x":2,"y":888,"w":563,"h":132}},{"filename":"texts/keep-playing","rotated":false,"trimmed":false,"sourceSize":{"w":452,"h":35},"spriteSourceSize":{"x":0,"y":0,"w":452,"h":35},"frame":{"x":568,"y":888,"w":452,"h":35}},{"filename":"bg/level-playing","rotated":false,"trimmed":false,"sourceSize":{"w":113,"h":94},"spriteSourceSize":{"x":0,"y":0,"w":113,"h":94},"frame":{"x":568,"y":926,"w":113,"h":94}},{"filename":"popup/score-panel","rotated":false,"trimmed":false,"sourceSize":{"w":299,"h":92},"spriteSourceSize":{"x":0,"y":0,"w":299,"h":92},"frame":{"x":684,"y":926,"w":299,"h":92}},{"filename":"icons/share","rotated":false,"trimmed":false,"sourceSize":{"w":36,"h":47},"spriteSourceSize":{"x":0,"y":0,"w":36,"h":47},"frame":{"x":986,"y":926,"w":36,"h":47}},{"filename":"icons/sword-blue","rotated":false,"trimmed":false,"sourceSize":{"w":35,"h":31},"spriteSourceSize":{"x":0,"y":0,"w":35,"h":31},"frame":{"x":986,"y":976,"w":35,"h":31}},{"filename":"texts/win","rotated":false,"trimmed":false,"sourceSize":{"w":277,"h":43},"spriteSourceSize":{"x":0,"y":0,"w":277,"h":43},"frame":{"x":724,"y":345,"w":277,"h":43}},{"filename":"ui-ngang/khung-mission","rotated":false,"trimmed":false,"sourceSize":{"w":95,"h":464},"spriteSourceSize":{"x":0,"y":0,"w":95,"h":464},"frame":{"x":724,"y":391,"w":95,"h":464}},{"filename":"icons/crown","rotated":false,"trimmed":false,"sourceSize":{"w":31,"h":27},"spriteSourceSize":{"x":0,"y":0,"w":31,"h":27},"frame":{"x":724,"y":858,"w":31,"h":27}},{"filename":"ui-ngang/text-score","rotated":false,"trimmed":false,"sourceSize":{"w":77,"h":26},"spriteSourceSize":{"x":0,"y":0,"w":77,"h":26},"frame":{"x":758,"y":858,"w":77,"h":26}},{"filename":"buttons/dark-blue-small","rotated":false,"trimmed":false,"sourceSize":{"w":178,"h":74},"spriteSourceSize":{"x":0,"y":0,"w":178,"h":74},"frame":{"x":838,"y":391,"w":178,"h":74}},{"filename":"avatar/border-big","rotated":false,"trimmed":false,"sourceSize":{"w":175,"h":175},"spriteSourceSize":{"x":0,"y":0,"w":175,"h":175},"frame":{"x":838,"y":468,"w":175,"h":175}},{"filename":"ui-ngang/khung-score","rotated":false,"trimmed":false,"sourceSize":{"w":173,"h":99},"spriteSourceSize":{"x":0,"y":0,"w":173,"h":99},"frame":{"x":838,"y":646,"w":173,"h":99}},{"filename":"avatar/background","rotated":false,"trimmed":false,"sourceSize":{"w":105,"h":107},"spriteSourceSize":{"x":0,"y":0,"w":105,"h":107},"frame":{"x":822,"y":748,"w":105,"h":107}},{"filename":"texts/text-ranking","rotated":false,"trimmed":false,"sourceSize":{"w":153,"h":24},"spriteSourceSize":{"x":0,"y":0,"w":153,"h":24},"frame":{"x":838,"y":858,"w":153,"h":24}},{"filename":"texts/draw","rotated":false,"trimmed":false,"sourceSize":{"w":78,"h":61},"spriteSourceSize":{"x":0,"y":0,"w":78,"h":61},"frame":{"x":930,"y":748,"w":78,"h":61}},{"filename":"icons/home","rotated":false,"trimmed":false,"sourceSize":{"w":47,"h":43},"spriteSourceSize":{"x":0,"y":0,"w":47,"h":43},"frame":{"x":930,"y":812,"w":47,"h":43}},{"filename":"icons/setting","rotated":false,"trimmed":false,"sourceSize":{"w":42,"h":41},"spriteSourceSize":{"x":0,"y":0,"w":42,"h":41},"frame":{"x":980,"y":812,"w":42,"h":41}}]},{"image":"default-resources-2.png","format":"RGBA8888","size":{"w":1024,"h":1024},"scale":1,"frames":[{"filename":"ui-ngang/bg-top","rotated":false,"trimmed":false,"sourceSize":{"w":719,"h":178},"spriteSourceSize":{"x":0,"y":0,"w":719,"h":178},"frame":{"x":2,"y":2,"w":719,"h":178}},{"filename":"bg/bg-dark","rotated":false,"trimmed":false,"sourceSize":{"w":243,"h":303},"spriteSourceSize":{"x":0,"y":0,"w":243,"h":303},"frame":{"x":724,"y":2,"w":243,"h":303}},{"filename":"ui-ngang/bg-bottom","rotated":false,"trimmed":false,"sourceSize":{"w":719,"h":175},"spriteSourceSize":{"x":0,"y":0,"w":719,"h":175},"frame":{"x":2,"y":183,"w":719,"h":175}},{"filename":"buttons/close","rotated":false,"trimmed":false,"sourceSize":{"w":52,"h":52},"spriteSourceSize":{"x":0,"y":0,"w":52,"h":52},"frame":{"x":970,"y":2,"w":52,"h":52}},{"filename":"icons/rank","rotated":false,"trimmed":false,"sourceSize":{"w":51,"h":49},"spriteSourceSize":{"x":0,"y":0,"w":51,"h":49},"frame":{"x":970,"y":57,"w":51,"h":49}},{"filename":"icons/retry","rotated":false,"trimmed":false,"sourceSize":{"w":50,"h":53},"spriteSourceSize":{"x":0,"y":0,"w":50,"h":53},"frame":{"x":970,"y":109,"w":50,"h":53}},{"filename":"icons/back","rotated":false,"trimmed":false,"sourceSize":{"w":50,"h":38},"spriteSourceSize":{"x":0,"y":0,"w":50,"h":38},"frame":{"x":970,"y":165,"w":50,"h":38}},{"filename":"icons/play-green","rotated":false,"trimmed":false,"sourceSize":{"w":47,"h":47},"spriteSourceSize":{"x":0,"y":0,"w":47,"h":47},"frame":{"x":970,"y":206,"w":47,"h":47}},{"filename":"icons/play","rotated":false,"trimmed":false,"sourceSize":{"w":47,"h":47},"spriteSourceSize":{"x":0,"y":0,"w":47,"h":47},"frame":{"x":970,"y":256,"w":47,"h":47}},{"filename":"icons/flat-ad","rotated":false,"trimmed":false,"sourceSize":{"w":47,"h":41},"spriteSourceSize":{"x":0,"y":0,"w":47,"h":41},"frame":{"x":970,"y":306,"w":47,"h":41}},{"filename":"buttons/green","rotated":false,"trimmed":false,"sourceSize":{"w":238,"h":82},"spriteSourceSize":{"x":0,"y":0,"w":238,"h":82},"frame":{"x":724,"y":308,"w":238,"h":82}},{"filename":"bg/bg-bottom","rotated":false,"trimmed":false,"sourceSize":{"w":719,"h":111},"spriteSourceSize":{"x":0,"y":0,"w":719,"h":111},"frame":{"x":2,"y":361,"w":719,"h":111}},{"filename":"buttons/dot-blue","rotated":false,"trimmed":false,"sourceSize":{"w":56,"h":54},"spriteSourceSize":{"x":0,"y":0,"w":56,"h":54},"frame":{"x":965,"y":350,"w":56,"h":54}},{"filename":"texts/start-over","rotated":false,"trimmed":false,"sourceSize":{"w":238,"h":35},"spriteSourceSize":{"x":0,"y":0,"w":238,"h":35},"frame":{"x":724,"y":393,"w":238,"h":35}},{"filename":"buttons/dot-green","rotated":false,"trimmed":false,"sourceSize":{"w":56,"h":54},"spriteSourceSize":{"x":0,"y":0,"w":56,"h":54},"frame":{"x":965,"y":407,"w":56,"h":54}},{"filename":"bg-progress-circle","rotated":false,"trimmed":false,"sourceSize":{"w":232,"h":231},"spriteSourceSize":{"x":0,"y":0,"w":232,"h":231},"frame":{"x":724,"y":431,"w":232,"h":231}},{"filename":"bg/bg-top","rotated":false,"trimmed":false,"sourceSize":{"w":719,"h":111},"spriteSourceSize":{"x":0,"y":0,"w":719,"h":111},"frame":{"x":2,"y":475,"w":719,"h":111}},{"filename":"texts/on","rotated":false,"trimmed":false,"sourceSize":{"w":55,"h":28},"spriteSourceSize":{"x":0,"y":0,"w":55,"h":28},"frame":{"x":959,"y":464,"w":55,"h":28}},{"filename":"icons/sword","rotated":false,"trimmed":false,"sourceSize":{"w":46,"h":38},"spriteSourceSize":{"x":0,"y":0,"w":46,"h":38},"frame":{"x":959,"y":495,"w":46,"h":38}},{"filename":"icons/brown-journey","rotated":false,"trimmed":false,"sourceSize":{"w":45,"h":42},"spriteSourceSize":{"x":0,"y":0,"w":45,"h":42},"frame":{"x":959,"y":536,"w":45,"h":42}},{"filename":"icons/battle","rotated":false,"trimmed":false,"sourceSize":{"w":44,"h":41},"spriteSourceSize":{"x":0,"y":0,"w":44,"h":41},"frame":{"x":959,"y":581,"w":44,"h":41}},{"filename":"icons/check","rotated":false,"trimmed":false,"sourceSize":{"w":44,"h":35},"spriteSourceSize":{"x":0,"y":0,"w":44,"h":35},"frame":{"x":959,"y":625,"w":44,"h":35}},{"filename":"icons/cup-bronze","rotated":false,"trimmed":false,"sourceSize":{"w":43,"h":36},"spriteSourceSize":{"x":0,"y":0,"w":43,"h":36},"frame":{"x":959,"y":663,"w":43,"h":36}},{"filename":"daily-challenge/bg","rotated":false,"trimmed":false,"sourceSize":{"w":520,"h":285},"spriteSourceSize":{"x":0,"y":0,"w":520,"h":285},"frame":{"x":2,"y":702,"w":520,"h":285}},{"filename":"popup/middle","rotated":false,"trimmed":false,"sourceSize":{"w":431,"h":227},"spriteSourceSize":{"x":0,"y":0,"w":431,"h":227},"frame":{"x":525,"y":665,"w":431,"h":227}},{"filename":"texts/invite-friends","rotated":false,"trimmed":false,"sourceSize":{"w":371,"h":32},"spriteSourceSize":{"x":0,"y":0,"w":371,"h":32},"frame":{"x":2,"y":990,"w":371,"h":32}},{"filename":"texts/friends-disable","rotated":false,"trimmed":false,"sourceSize":{"w":188,"h":32},"spriteSourceSize":{"x":0,"y":0,"w":188,"h":32},"frame":{"x":376,"y":990,"w":188,"h":32}},{"filename":"texts/next-milestone","rotated":false,"trimmed":false,"sourceSize":{"w":519,"h":53},"spriteSourceSize":{"x":0,"y":0,"w":519,"h":53},"frame":{"x":2,"y":589,"w":519,"h":53}},{"filename":"texts/first-milestone","rotated":false,"trimmed":false,"sourceSize":{"w":396,"h":53},"spriteSourceSize":{"x":0,"y":0,"w":396,"h":53},"frame":{"x":2,"y":645,"w":396,"h":53}},{"filename":"buttons/skip","rotated":false,"trimmed":false,"sourceSize":{"w":120,"h":71},"spriteSourceSize":{"x":0,"y":0,"w":120,"h":71},"frame":{"x":524,"y":589,"w":120,"h":71}},{"filename":"icons/crown-big","rotated":false,"trimmed":false,"sourceSize":{"w":74,"h":70},"spriteSourceSize":{"x":0,"y":0,"w":74,"h":70},"frame":{"x":647,"y":589,"w":74,"h":70}},{"filename":"leaderboards/tab-off","rotated":false,"trimmed":false,"sourceSize":{"w":113,"h":36},"spriteSourceSize":{"x":0,"y":0,"w":113,"h":36},"frame":{"x":401,"y":663,"w":113,"h":36}},{"filename":"popup/top-dark","rotated":false,"trimmed":false,"sourceSize":{"w":431,"h":89},"spriteSourceSize":{"x":0,"y":0,"w":431,"h":89},"frame":{"x":525,"y":895,"w":431,"h":89}},{"filename":"texts/leader-board","rotated":false,"trimmed":false,"sourceSize":{"w":307,"h":35},"spriteSourceSize":{"x":0,"y":0,"w":307,"h":35},"frame":{"x":567,"y":987,"w":307,"h":35}},{"filename":"texts/no","rotated":false,"trimmed":false,"sourceSize":{"w":125,"h":35},"spriteSourceSize":{"x":0,"y":0,"w":125,"h":35},"frame":{"x":877,"y":987,"w":125,"h":35}},{"filename":"icons/cup-gold","rotated":false,"trimmed":false,"sourceSize":{"w":43,"h":36},"spriteSourceSize":{"x":0,"y":0,"w":43,"h":36},"frame":{"x":959,"y":702,"w":43,"h":36}},{"filename":"icons/cup-silver","rotated":false,"trimmed":false,"sourceSize":{"w":43,"h":36},"spriteSourceSize":{"x":0,"y":0,"w":43,"h":36},"frame":{"x":959,"y":741,"w":43,"h":36}},{"filename":"icons/plus","rotated":false,"trimmed":false,"sourceSize":{"w":42,"h":44},"spriteSourceSize":{"x":0,"y":0,"w":42,"h":44},"frame":{"x":959,"y":780,"w":42,"h":44}},{"filename":"icons/white-journey","rotated":false,"trimmed":false,"sourceSize":{"w":42,"h":40},"spriteSourceSize":{"x":0,"y":0,"w":42,"h":40},"frame":{"x":959,"y":827,"w":42,"h":40}},{"filename":"buttons/circle-button","rotated":false,"trimmed":false,"sourceSize":{"w":41,"h":41},"spriteSourceSize":{"x":0,"y":0,"w":41,"h":41},"frame":{"x":959,"y":870,"w":41,"h":41}},{"filename":"icons/replay","rotated":false,"trimmed":false,"sourceSize":{"w":40,"h":47},"spriteSourceSize":{"x":0,"y":0,"w":40,"h":47},"frame":{"x":959,"y":914,"w":40,"h":47}}]},{"image":"default-resources-3.png","format":"RGBA8888","size":{"w":1019,"h":1019},"scale":1,"frames":[{"filename":"ui-ngang/khung-next-block","rotated":false,"trimmed":false,"sourceSize":{"w":200,"h":600},"spriteSourceSize":{"x":0,"y":0,"w":200,"h":600},"frame":{"x":2,"y":2,"w":200,"h":600}},{"filename":"score-panel","rotated":false,"trimmed":false,"sourceSize":{"w":526,"h":152},"spriteSourceSize":{"x":0,"y":0,"w":526,"h":152},"frame":{"x":205,"y":2,"w":526,"h":152}},{"filename":"lives/heart","rotated":false,"trimmed":false,"sourceSize":{"w":339,"h":279},"spriteSourceSize":{"x":0,"y":0,"w":339,"h":279},"frame":{"x":205,"y":157,"w":339,"h":279}},{"filename":"popup/background","rotated":false,"trimmed":false,"sourceSize":{"w":395,"h":221},"spriteSourceSize":{"x":0,"y":0,"w":395,"h":221},"frame":{"x":205,"y":439,"w":395,"h":221}},{"filename":"daily-challenge/bg-item-dark","rotated":false,"trimmed":false,"sourceSize":{"w":508,"h":81},"spriteSourceSize":{"x":0,"y":0,"w":508,"h":81},"frame":{"x":2,"y":663,"w":508,"h":81}},{"filename":"best-score-frame-long","rotated":false,"trimmed":false,"sourceSize":{"w":386,"h":154},"spriteSourceSize":{"x":0,"y":0,"w":386,"h":154},"frame":{"x":2,"y":747,"w":386,"h":154}},{"filename":"popup/top","rotated":false,"trimmed":false,"sourceSize":{"w":431,"h":89},"spriteSourceSize":{"x":0,"y":0,"w":431,"h":89},"frame":{"x":2,"y":904,"w":431,"h":89}},{"filename":"preloader/dual-ring","rotated":false,"trimmed":true,"sourceSize":{"w":200,"h":200},"spriteSourceSize":{"x":27,"y":26,"w":146,"h":148},"frame":{"x":734,"y":2,"w":146,"h":148}},{"filename":"lives/time-block-2","rotated":false,"trimmed":false,"sourceSize":{"w":363,"h":108},"spriteSourceSize":{"x":0,"y":0,"w":363,"h":108},"frame":{"x":547,"y":157,"w":363,"h":108}},{"filename":"buttons/dark-blue","rotated":false,"trimmed":false,"sourceSize":{"w":365,"h":107},"spriteSourceSize":{"x":0,"y":0,"w":365,"h":107},"frame":{"x":547,"y":268,"w":365,"h":107}},{"filename":"texts/level-failed","rotated":false,"trimmed":false,"sourceSize":{"w":414,"h":42},"spriteSourceSize":{"x":0,"y":0,"w":414,"h":42},"frame":{"x":547,"y":378,"w":414,"h":42}},{"filename":"buttons/green-large","rotated":false,"trimmed":false,"sourceSize":{"w":330,"h":107},"spriteSourceSize":{"x":0,"y":0,"w":330,"h":107},"frame":{"x":603,"y":423,"w":330,"h":107}},{"filename":"lives/time-block","rotated":false,"trimmed":false,"sourceSize":{"w":346,"h":87},"spriteSourceSize":{"x":0,"y":0,"w":346,"h":87},"frame":{"x":603,"y":533,"w":346,"h":87}},{"filename":"texts/waiting-for-opponent","rotated":false,"trimmed":false,"sourceSize":{"w":376,"h":41},"spriteSourceSize":{"x":0,"y":0,"w":376,"h":41},"frame":{"x":603,"y":623,"w":376,"h":41}},{"filename":"popup/bottom","rotated":false,"trimmed":false,"sourceSize":{"w":431,"h":27},"spriteSourceSize":{"x":0,"y":0,"w":431,"h":27},"frame":{"x":513,"y":667,"w":431,"h":27}},{"filename":"texts/play-with","rotated":false,"trimmed":false,"sourceSize":{"w":351,"h":46},"spriteSourceSize":{"x":0,"y":0,"w":351,"h":46},"frame":{"x":513,"y":697,"w":351,"h":46}},{"filename":"best-score-frame","rotated":false,"trimmed":false,"sourceSize":{"w":111,"h":152},"spriteSourceSize":{"x":0,"y":0,"w":111,"h":152},"frame":{"x":883,"y":2,"w":111,"h":152}},{"filename":"avatar/border","rotated":false,"trimmed":true,"sourceSize":{"w":138,"h":144},"spriteSourceSize":{"x":0,"y":4,"w":138,"h":140},"frame":{"x":391,"y":747,"w":138,"h":140}},{"filename":"leaderboards/bg-item-0","rotated":false,"trimmed":false,"sourceSize":{"w":232,"h":46},"spriteSourceSize":{"x":0,"y":0,"w":232,"h":46},"frame":{"x":532,"y":746,"w":232,"h":46}},{"filename":"icon-journey","rotated":false,"trimmed":false,"sourceSize":{"w":150,"h":122},"spriteSourceSize":{"x":0,"y":0,"w":150,"h":122},"frame":{"x":867,"y":697,"w":150,"h":122}},{"filename":"score-panel-dark","rotated":false,"trimmed":false,"sourceSize":{"w":187,"h":51},"spriteSourceSize":{"x":0,"y":0,"w":187,"h":51},"frame":{"x":2,"y":605,"w":187,"h":51}},{"filename":"texts/result","rotated":false,"trimmed":false,"sourceSize":{"w":171,"h":52},"spriteSourceSize":{"x":0,"y":0,"w":171,"h":52},"frame":{"x":532,"y":795,"w":171,"h":52}},{"filename":"daily-challenge/time-panel","rotated":false,"trimmed":false,"sourceSize":{"w":170,"h":48},"spriteSourceSize":{"x":0,"y":0,"w":170,"h":48},"frame":{"x":532,"y":850,"w":170,"h":48}},{"filename":"bg/level-locked","rotated":false,"trimmed":false,"sourceSize":{"w":101,"h":83},"spriteSourceSize":{"x":0,"y":0,"w":101,"h":83},"frame":{"x":913,"y":157,"w":101,"h":83}},{"filename":"bg/level-played","rotated":false,"trimmed":false,"sourceSize":{"w":100,"h":82},"spriteSourceSize":{"x":0,"y":0,"w":100,"h":82},"frame":{"x":915,"y":243,"w":100,"h":82}},{"filename":"text-target-panel","rotated":false,"trimmed":false,"sourceSize":{"w":98,"h":46},"spriteSourceSize":{"x":0,"y":0,"w":98,"h":46},"frame":{"x":915,"y":328,"w":98,"h":46}},{"filename":"texts/play-with-blue","rotated":false,"trimmed":false,"sourceSize":{"w":115,"h":18},"spriteSourceSize":{"x":0,"y":0,"w":115,"h":18},"frame":{"x":2,"y":996,"w":115,"h":18}},{"filename":"texts/friends","rotated":false,"trimmed":false,"sourceSize":{"w":188,"h":32},"spriteSourceSize":{"x":0,"y":0,"w":188,"h":32},"frame":{"x":436,"y":901,"w":188,"h":32}},{"filename":"texts/setting","rotated":false,"trimmed":false,"sourceSize":{"w":185,"h":35},"spriteSourceSize":{"x":0,"y":0,"w":185,"h":35},"frame":{"x":436,"y":936,"w":185,"h":35}},{"filename":"texts/mission","rotated":false,"trimmed":false,"sourceSize":{"w":143,"h":43},"spriteSourceSize":{"x":0,"y":0,"w":143,"h":43},"frame":{"x":436,"y":974,"w":143,"h":43}},{"filename":"texts/text-tutorial","rotated":false,"trimmed":false,"sourceSize":{"w":142,"h":43},"spriteSourceSize":{"x":0,"y":0,"w":142,"h":43},"frame":{"x":582,"y":974,"w":142,"h":43}},{"filename":"texts/your-score","rotated":false,"trimmed":false,"sourceSize":{"w":170,"h":35},"spriteSourceSize":{"x":0,"y":0,"w":170,"h":35},"frame":{"x":624,"y":936,"w":170,"h":35}},{"filename":"icons/icon-journey","rotated":false,"trimmed":false,"sourceSize":{"w":73,"h":62},"spriteSourceSize":{"x":0,"y":0,"w":73,"h":62},"frame":{"x":767,"y":746,"w":73,"h":62}},{"filename":"icons/share-blue","rotated":false,"trimmed":false,"sourceSize":{"w":32,"h":43},"spriteSourceSize":{"x":0,"y":0,"w":32,"h":43},"frame":{"x":727,"y":974,"w":32,"h":43}},{"filename":"buttons/toggle-off","rotated":false,"trimmed":false,"sourceSize":{"w":133,"h":46},"spriteSourceSize":{"x":0,"y":0,"w":133,"h":46},"frame":{"x":706,"y":811,"w":133,"h":46}},{"filename":"texts/continue","rotated":false,"trimmed":false,"sourceSize":{"w":170,"h":29},"spriteSourceSize":{"x":0,"y":0,"w":170,"h":29},"frame":{"x":842,"y":822,"w":170,"h":29}},{"filename":"texts/collect","rotated":false,"trimmed":false,"sourceSize":{"w":124,"h":29},"spriteSourceSize":{"x":0,"y":0,"w":124,"h":29},"frame":{"x":705,"y":860,"w":124,"h":29}},{"filename":"avatar/border-challenge","rotated":false,"trimmed":false,"sourceSize":{"w":119,"h":118},"spriteSourceSize":{"x":0,"y":0,"w":119,"h":118},"frame":{"x":842,"y":854,"w":119,"h":118}},{"filename":"ui-ngang/text-mission","rotated":false,"trimmed":false,"sourceSize":{"w":100,"h":30},"spriteSourceSize":{"x":0,"y":0,"w":100,"h":30},"frame":{"x":705,"y":892,"w":100,"h":30}},{"filename":"icons/i-play","rotated":false,"trimmed":false,"sourceSize":{"w":31,"h":39},"spriteSourceSize":{"x":0,"y":0,"w":31,"h":39},"frame":{"x":808,"y":892,"w":31,"h":39}},{"filename":"icons/clock","rotated":false,"trimmed":false,"sourceSize":{"w":34,"h":35},"spriteSourceSize":{"x":0,"y":0,"w":34,"h":35},"frame":{"x":964,"y":854,"w":34,"h":35}},{"filename":"texts/world-disable","rotated":false,"trimmed":false,"sourceSize":{"w":98,"h":31},"spriteSourceSize":{"x":0,"y":0,"w":98,"h":31},"frame":{"x":762,"y":975,"w":98,"h":31}}]},{"image":"default-resources-4.png","format":"RGBA8888","size":{"w":548,"h":548},"scale":1,"frames":[{"filename":"daily-challenge/bg-item-light","rotated":false,"trimmed":false,"sourceSize":{"w":508,"h":81},"spriteSourceSize":{"x":0,"y":0,"w":508,"h":81},"frame":{"x":2,"y":2,"w":508,"h":81}},{"filename":"border-daily","rotated":false,"trimmed":false,"sourceSize":{"w":518,"h":51},"spriteSourceSize":{"x":0,"y":0,"w":518,"h":51},"frame":{"x":2,"y":86,"w":518,"h":51}},{"filename":"buttons/brown","rotated":false,"trimmed":false,"sourceSize":{"w":329,"h":81},"spriteSourceSize":{"x":0,"y":0,"w":329,"h":81},"frame":{"x":2,"y":140,"w":329,"h":81}},{"filename":"buttons/toggle-on","rotated":false,"trimmed":false,"sourceSize":{"w":133,"h":46},"spriteSourceSize":{"x":0,"y":0,"w":133,"h":46},"frame":{"x":334,"y":140,"w":133,"h":46}},{"filename":"leaderboards/tab-on","rotated":false,"trimmed":false,"sourceSize":{"w":113,"h":36},"spriteSourceSize":{"x":0,"y":0,"w":113,"h":36},"frame":{"x":334,"y":189,"w":113,"h":36}},{"filename":"texts/vs","rotated":false,"trimmed":false,"sourceSize":{"w":96,"h":34},"spriteSourceSize":{"x":0,"y":0,"w":96,"h":34},"frame":{"x":450,"y":189,"w":96,"h":34}},{"filename":"leaderboards/bg-item","rotated":false,"trimmed":false,"sourceSize":{"w":317,"h":61},"spriteSourceSize":{"x":0,"y":0,"w":317,"h":61},"frame":{"x":2,"y":224,"w":317,"h":61}},{"filename":"texts/start","rotated":false,"trimmed":false,"sourceSize":{"w":110,"h":37},"spriteSourceSize":{"x":0,"y":0,"w":110,"h":37},"frame":{"x":322,"y":228,"w":110,"h":37}},{"filename":"texts/yes","rotated":false,"trimmed":false,"sourceSize":{"w":110,"h":35},"spriteSourceSize":{"x":0,"y":0,"w":110,"h":35},"frame":{"x":435,"y":228,"w":110,"h":35}},{"filename":"texts/world","rotated":false,"trimmed":false,"sourceSize":{"w":98,"h":31},"spriteSourceSize":{"x":0,"y":0,"w":98,"h":31},"frame":{"x":435,"y":266,"w":98,"h":31}},{"filename":"texts/play","rotated":false,"trimmed":false,"sourceSize":{"w":98,"h":29},"spriteSourceSize":{"x":0,"y":0,"w":98,"h":29},"frame":{"x":322,"y":268,"w":98,"h":29}},{"filename":"wood-panel","rotated":false,"trimmed":false,"sourceSize":{"w":301,"h":56},"spriteSourceSize":{"x":0,"y":0,"w":301,"h":56},"frame":{"x":2,"y":288,"w":301,"h":56}},{"filename":"leaderboards/bg-item-1","rotated":false,"trimmed":false,"sourceSize":{"w":232,"h":46},"spriteSourceSize":{"x":0,"y":0,"w":232,"h":46},"frame":{"x":306,"y":300,"w":232,"h":46}},{"filename":"texts/text-share","rotated":false,"trimmed":false,"sourceSize":{"w":113,"h":35},"spriteSourceSize":{"x":0,"y":0,"w":113,"h":35},"frame":{"x":2,"y":347,"w":113,"h":35}},{"filename":"texts/daily-challenge","rotated":false,"trimmed":false,"sourceSize":{"w":469,"h":43},"spriteSourceSize":{"x":0,"y":0,"w":469,"h":43},"frame":{"x":2,"y":385,"w":469,"h":43}},{"filename":"texts/no-thank","rotated":false,"trimmed":false,"sourceSize":{"w":313,"h":29},"spriteSourceSize":{"x":0,"y":0,"w":313,"h":29},"frame":{"x":118,"y":349,"w":313,"h":29}},{"filename":"daily-challenge/bottom-panel","rotated":false,"trimmed":false,"sourceSize":{"w":521,"h":30},"spriteSourceSize":{"x":0,"y":0,"w":521,"h":30},"frame":{"x":2,"y":431,"w":521,"h":30}},{"filename":"daily-challenge/top-panel","rotated":false,"trimmed":false,"sourceSize":{"w":521,"h":30},"spriteSourceSize":{"x":0,"y":0,"w":521,"h":30},"frame":{"x":2,"y":464,"w":521,"h":30}},{"filename":"daily-challenge/middle-panel","rotated":false,"trimmed":false,"sourceSize":{"w":521,"h":26},"spriteSourceSize":{"x":0,"y":0,"w":521,"h":26},"frame":{"x":2,"y":497,"w":521,"h":26}}]}],"meta":{"app":"https://www.codeandweb.com/texturepacker","version":"3.0","smartupdate":"$TexturePacker:SmartUpdate:f6f5f009059ebc04cbc7f4793f87280c:e41d6bb74240ac3121266cc55824e3cb:38a69b481ce127014b0b7fd232b2e3f4$"}}