<?xml version="1.0" encoding="UTF-8"?>
<!--Created using Glyph Designer - http://www.71squared.com/glyphdesigner-->
<font>
    <info face="AtariClassicExtrasmooth" size="64" bold="0" italic="0" chasrset="" unicode="0" stretchH="100" smooth="1" aa="1" padding="0,0,0,0" spacing="2,2"/>
    <common lineHeight="65" base="56" scaleW="512" scaleH="512" pages="1" packed="0"/>
    <pages>
        <page id="0" file="number-light.png"/>
    </pages>
    <chars count="13">
      <char id="47" x="217" y="62" width="32" height="63" xoffset="0" yoffset="0" xadvance="34" letter="/"/>
      <char id="48" x="140" y="64" width="43" height="61" xoffset="0" yoffset="0" xadvance="45" letter="0"/>
      <char id="49" x="185" y="63" width="30" height="59" xoffset="0" yoffset="0" xadvance="32" letter="1"/>
      <char id="50" x="305" y="1" width="43" height="59" xoffset="0" yoffset="0" xadvance="45" letter="2"/>
      <char id="51" x="48" y="64" width="44" height="61" xoffset="0" yoffset="0" xadvance="46" letter="3"/>
      <char id="52" x="212" y="1" width="44" height="59" xoffset="0" yoffset="0" xadvance="46" letter="4"/>
      <char id="53" x="166" y="1" width="44" height="60" xoffset="0" yoffset="0" xadvance="46" letter="5"/>
      <char id="54" x="74" y="1" width="44" height="61" xoffset="0" yoffset="-1.5" xadvance="46" letter="6"/>
      <char id="55" x="258" y="1" width="45" height="58" xoffset="0" yoffset="0" xadvance="47" letter="7"/>
      <char id="56" x="94" y="64" width="44" height="61" xoffset="0" yoffset="-2" xadvance="46" letter="8"/>
      <char id="57" x="120" y="1" width="44" height="61" xoffset="0" yoffset="-1.5" xadvance="46" letter="9"/>

      <char id="37" x="1" y="1" width="71" height="61" xoffset="0" yoffset="0" xadvance="69" page="0" chnl="15" letter="%"/>
      <char id="43" x="303" y="62" width="45" height="43" xoffset="0" yoffset="5" xadvance="45" yadvance="16" page="0" chnl="15" letter="+"/>
      <char id="45" x="74" y="0" width="25" height="14" xoffset="0" yoffset="20" xadvance="25" yadvance="40" page="0" chnl="15" letter="-"/>
    </chars>
</font>