{"textures":[{"image":"default-resources-0.png","format":"RGBA8888","size":{"w":1024,"h":1024},"scale":1,"frames":[{"filename":"leaderboards/bg-top","rotated":false,"trimmed":false,"sourceSize":{"w":949,"h":168},"spriteSourceSize":{"x":0,"y":0,"w":949,"h":168},"frame":{"x":2,"y":2,"w":949,"h":168}},{"filename":"bg/bg-middle","rotated":false,"trimmed":false,"sourceSize":{"w":719,"h":849},"spriteSourceSize":{"x":0,"y":0,"w":719,"h":849},"frame":{"x":2,"y":173,"w":719,"h":849}},{"filename":"icons/dot","rotated":false,"trimmed":false,"sourceSize":{"w":68,"h":70},"spriteSourceSize":{"x":0,"y":0,"w":68,"h":70},"frame":{"x":954,"y":2,"w":68,"h":70}},{"filename":"texts/world-disable","rotated":false,"trimmed":false,"sourceSize":{"w":64,"h":34},"spriteSourceSize":{"x":0,"y":0,"w":64,"h":34},"frame":{"x":954,"y":75,"w":64,"h":34}},{"filename":"icons/vibrate","rotated":false,"trimmed":false,"sourceSize":{"w":62,"h":73},"spriteSourceSize":{"x":0,"y":0,"w":62,"h":73},"frame":{"x":954,"y":112,"w":62,"h":73}},{"filename":"ui-ngang/khung-next-block","rotated":false,"trimmed":false,"sourceSize":{"w":200,"h":600},"spriteSourceSize":{"x":0,"y":0,"w":200,"h":600},"frame":{"x":724,"y":173,"w":200,"h":600}},{"filename":"ui-ngang/khung-mission","rotated":false,"trimmed":false,"sourceSize":{"w":95,"h":464},"spriteSourceSize":{"x":0,"y":0,"w":95,"h":464},"frame":{"x":927,"y":188,"w":95,"h":464}},{"filename":"texts/mission","rotated":false,"trimmed":false,"sourceSize":{"w":93,"h":50},"spriteSourceSize":{"x":0,"y":0,"w":93,"h":50},"frame":{"x":927,"y":655,"w":93,"h":50}},{"filename":"buttons/minor","rotated":false,"trimmed":false,"sourceSize":{"w":82,"h":71},"spriteSourceSize":{"x":0,"y":0,"w":82,"h":71},"frame":{"x":927,"y":708,"w":82,"h":71}},{"filename":"bg-progress-circle","rotated":false,"trimmed":false,"sourceSize":{"w":232,"h":231},"spriteSourceSize":{"x":0,"y":0,"w":232,"h":231},"frame":{"x":724,"y":782,"w":232,"h":231}},{"filename":"icons/sound","rotated":false,"trimmed":false,"sourceSize":{"w":62,"h":54},"spriteSourceSize":{"x":0,"y":0,"w":62,"h":54},"frame":{"x":959,"y":782,"w":62,"h":54}},{"filename":"icons/music","rotated":false,"trimmed":false,"sourceSize":{"w":56,"h":61},"spriteSourceSize":{"x":0,"y":0,"w":56,"h":61},"frame":{"x":959,"y":839,"w":56,"h":61}},{"filename":"buttons/dot-blue","rotated":false,"trimmed":false,"sourceSize":{"w":56,"h":54},"spriteSourceSize":{"x":0,"y":0,"w":56,"h":54},"frame":{"x":959,"y":903,"w":56,"h":54}},{"filename":"buttons/dot-green","rotated":false,"trimmed":false,"sourceSize":{"w":56,"h":54},"spriteSourceSize":{"x":0,"y":0,"w":56,"h":54},"frame":{"x":959,"y":960,"w":56,"h":54}}]},{"image":"default-resources-1.png","format":"RGBA8888","size":{"w":1024,"h":1024},"scale":1,"frames":[{"filename":"ui-ngang/bg-middle","rotated":false,"trimmed":false,"sourceSize":{"w":719,"h":568},"spriteSourceSize":{"x":0,"y":0,"w":719,"h":568},"frame":{"x":2,"y":2,"w":719,"h":568}},{"filename":"footer","rotated":false,"trimmed":false,"sourceSize":{"w":750,"h":153},"spriteSourceSize":{"x":0,"y":0,"w":750,"h":153},"frame":{"x":2,"y":573,"w":750,"h":153}},{"filename":"leaderboards/bg-bottom","rotated":false,"trimmed":false,"sourceSize":{"w":949,"h":67},"spriteSourceSize":{"x":0,"y":0,"w":949,"h":67},"frame":{"x":2,"y":729,"w":949,"h":67}},{"filename":"leaderboards/bg-middle","rotated":false,"trimmed":false,"sourceSize":{"w":949,"h":47},"spriteSourceSize":{"x":0,"y":0,"w":949,"h":47},"frame":{"x":2,"y":799,"w":949,"h":47}},{"filename":"bg/bg-dark","rotated":false,"trimmed":false,"sourceSize":{"w":243,"h":303},"spriteSourceSize":{"x":0,"y":0,"w":243,"h":303},"frame":{"x":724,"y":2,"w":243,"h":303}},{"filename":"bottom-panel","rotated":false,"trimmed":false,"sourceSize":{"w":281,"h":171},"spriteSourceSize":{"x":0,"y":0,"w":281,"h":171},"frame":{"x":724,"y":308,"w":281,"h":171}},{"filename":"daily-challenge/title-panel","rotated":false,"trimmed":false,"sourceSize":{"w":282,"h":69},"spriteSourceSize":{"x":0,"y":0,"w":282,"h":69},"frame":{"x":724,"y":482,"w":282,"h":69}},{"filename":"buttons/green","rotated":false,"trimmed":false,"sourceSize":{"w":238,"h":82},"spriteSourceSize":{"x":0,"y":0,"w":238,"h":82},"frame":{"x":755,"y":554,"w":238,"h":82}},{"filename":"leaderboards/bg-item-0","rotated":false,"trimmed":false,"sourceSize":{"w":232,"h":46},"spriteSourceSize":{"x":0,"y":0,"w":232,"h":46},"frame":{"x":755,"y":639,"w":232,"h":46}},{"filename":"texts/start-over","rotated":false,"trimmed":false,"sourceSize":{"w":142,"h":38},"spriteSourceSize":{"x":0,"y":0,"w":142,"h":38},"frame":{"x":755,"y":688,"w":142,"h":38}},{"filename":"leaderboards/tab-off","rotated":false,"trimmed":false,"sourceSize":{"w":113,"h":36},"spriteSourceSize":{"x":0,"y":0,"w":113,"h":36},"frame":{"x":900,"y":688,"w":113,"h":36}},{"filename":"icons/share-blue","rotated":false,"trimmed":false,"sourceSize":{"w":32,"h":43},"spriteSourceSize":{"x":0,"y":0,"w":32,"h":43},"frame":{"x":990,"y":639,"w":32,"h":43}},{"filename":"texts/off","rotated":false,"trimmed":false,"sourceSize":{"w":25,"h":33},"spriteSourceSize":{"x":0,"y":0,"w":25,"h":33},"frame":{"x":996,"y":554,"w":25,"h":33}},{"filename":"icons/icon-daily","rotated":false,"trimmed":false,"sourceSize":{"w":67,"h":67},"spriteSourceSize":{"x":0,"y":0,"w":67,"h":67},"frame":{"x":954,"y":727,"w":67,"h":67}},{"filename":"icons/retry","rotated":false,"trimmed":false,"sourceSize":{"w":50,"h":53},"spriteSourceSize":{"x":0,"y":0,"w":50,"h":53},"frame":{"x":954,"y":797,"w":50,"h":53}},{"filename":"border-bottom-panel","rotated":false,"trimmed":false,"sourceSize":{"w":750,"h":36},"spriteSourceSize":{"x":0,"y":0,"w":750,"h":36},"frame":{"x":2,"y":849,"w":750,"h":36}},{"filename":"preloader/dual-ring","rotated":false,"trimmed":true,"sourceSize":{"w":200,"h":200},"spriteSourceSize":{"x":27,"y":26,"w":146,"h":148},"frame":{"x":755,"y":849,"w":146,"h":148}},{"filename":"ui-ngang/khung-best-score","rotated":false,"trimmed":false,"sourceSize":{"w":111,"h":169},"spriteSourceSize":{"x":0,"y":0,"w":111,"h":169},"frame":{"x":904,"y":853,"w":111,"h":169}},{"filename":"bg/bg-bottom","rotated":false,"trimmed":false,"sourceSize":{"w":719,"h":111},"spriteSourceSize":{"x":0,"y":0,"w":719,"h":111},"frame":{"x":2,"y":888,"w":719,"h":111}},{"filename":"texts/play-with-blue","rotated":false,"trimmed":false,"sourceSize":{"w":115,"h":18},"spriteSourceSize":{"x":0,"y":0,"w":115,"h":18},"frame":{"x":724,"y":1000,"w":115,"h":18}},{"filename":"buttons/close","rotated":false,"trimmed":false,"sourceSize":{"w":52,"h":52},"spriteSourceSize":{"x":0,"y":0,"w":52,"h":52},"frame":{"x":970,"y":2,"w":52,"h":52}},{"filename":"icons/rank","rotated":false,"trimmed":false,"sourceSize":{"w":51,"h":49},"spriteSourceSize":{"x":0,"y":0,"w":51,"h":49},"frame":{"x":970,"y":57,"w":51,"h":49}},{"filename":"icons/play-green","rotated":false,"trimmed":false,"sourceSize":{"w":47,"h":47},"spriteSourceSize":{"x":0,"y":0,"w":47,"h":47},"frame":{"x":970,"y":109,"w":47,"h":47}},{"filename":"icons/play","rotated":false,"trimmed":false,"sourceSize":{"w":47,"h":47},"spriteSourceSize":{"x":0,"y":0,"w":47,"h":47},"frame":{"x":970,"y":159,"w":47,"h":47}},{"filename":"icons/replay","rotated":false,"trimmed":false,"sourceSize":{"w":40,"h":47},"spriteSourceSize":{"x":0,"y":0,"w":40,"h":47},"frame":{"x":970,"y":209,"w":40,"h":47}},{"filename":"icons/home","rotated":false,"trimmed":false,"sourceSize":{"w":47,"h":43},"spriteSourceSize":{"x":0,"y":0,"w":47,"h":43},"frame":{"x":970,"y":259,"w":47,"h":43}}]},{"image":"default-resources-2.png","format":"RGBA8888","size":{"w":1024,"h":1024},"scale":1,"frames":[{"filename":"daily-challenge/bg","rotated":false,"trimmed":false,"sourceSize":{"w":520,"h":285},"spriteSourceSize":{"x":0,"y":0,"w":520,"h":285},"frame":{"x":2,"y":2,"w":520,"h":285}},{"filename":"ui-ngang/bg-top","rotated":false,"trimmed":false,"sourceSize":{"w":719,"h":178},"spriteSourceSize":{"x":0,"y":0,"w":719,"h":178},"frame":{"x":2,"y":290,"w":719,"h":178}},{"filename":"popup/middle","rotated":false,"trimmed":false,"sourceSize":{"w":431,"h":227},"spriteSourceSize":{"x":0,"y":0,"w":431,"h":227},"frame":{"x":525,"y":2,"w":431,"h":227}},{"filename":"popup/bottom","rotated":false,"trimmed":false,"sourceSize":{"w":431,"h":27},"spriteSourceSize":{"x":0,"y":0,"w":431,"h":27},"frame":{"x":525,"y":232,"w":431,"h":27}},{"filename":"ui-ngang/bg-bottom","rotated":false,"trimmed":false,"sourceSize":{"w":719,"h":175},"spriteSourceSize":{"x":0,"y":0,"w":719,"h":175},"frame":{"x":2,"y":471,"w":719,"h":175}},{"filename":"bg/bg-top","rotated":false,"trimmed":false,"sourceSize":{"w":719,"h":111},"spriteSourceSize":{"x":0,"y":0,"w":719,"h":111},"frame":{"x":2,"y":649,"w":719,"h":111}},{"filename":"leaf","rotated":false,"trimmed":false,"sourceSize":{"w":563,"h":132},"spriteSourceSize":{"x":0,"y":0,"w":563,"h":132},"frame":{"x":2,"y":763,"w":563,"h":132}},{"filename":"popup/background","rotated":false,"trimmed":false,"sourceSize":{"w":395,"h":221},"spriteSourceSize":{"x":0,"y":0,"w":395,"h":221},"frame":{"x":568,"y":763,"w":395,"h":221}},{"filename":"daily-challenge/bg-item-dark","rotated":false,"trimmed":false,"sourceSize":{"w":508,"h":81},"spriteSourceSize":{"x":0,"y":0,"w":508,"h":81},"frame":{"x":2,"y":898,"w":508,"h":81}},{"filename":"daily-challenge/bottom-panel","rotated":false,"trimmed":false,"sourceSize":{"w":521,"h":30},"spriteSourceSize":{"x":0,"y":0,"w":521,"h":30},"frame":{"x":2,"y":982,"w":521,"h":30}},{"filename":"icons/share","rotated":false,"trimmed":false,"sourceSize":{"w":36,"h":47},"spriteSourceSize":{"x":0,"y":0,"w":36,"h":47},"frame":{"x":513,"y":898,"w":36,"h":47}},{"filename":"icons/sword-blue","rotated":false,"trimmed":false,"sourceSize":{"w":35,"h":31},"spriteSourceSize":{"x":0,"y":0,"w":35,"h":31},"frame":{"x":513,"y":948,"w":35,"h":31}},{"filename":"icons/clock","rotated":false,"trimmed":false,"sourceSize":{"w":34,"h":35},"spriteSourceSize":{"x":0,"y":0,"w":34,"h":35},"frame":{"x":526,"y":982,"w":34,"h":35}},{"filename":"texts/target-score","rotated":false,"trimmed":false,"sourceSize":{"w":139,"h":34},"spriteSourceSize":{"x":0,"y":0,"w":139,"h":34},"frame":{"x":563,"y":987,"w":139,"h":34}},{"filename":"texts/no-thank","rotated":false,"trimmed":false,"sourceSize":{"w":131,"h":29},"spriteSourceSize":{"x":0,"y":0,"w":131,"h":29},"frame":{"x":705,"y":987,"w":131,"h":29}},{"filename":"texts/text-ranking","rotated":false,"trimmed":false,"sourceSize":{"w":106,"h":30},"spriteSourceSize":{"x":0,"y":0,"w":106,"h":30},"frame":{"x":839,"y":987,"w":106,"h":30}},{"filename":"texts/vs","rotated":false,"trimmed":false,"sourceSize":{"w":70,"h":35},"spriteSourceSize":{"x":0,"y":0,"w":70,"h":35},"frame":{"x":948,"y":987,"w":70,"h":35}},{"filename":"avatar/border-big","rotated":false,"trimmed":false,"sourceSize":{"w":175,"h":175},"spriteSourceSize":{"x":0,"y":0,"w":175,"h":175},"frame":{"x":724,"y":262,"w":175,"h":175}},{"filename":"avatar/border","rotated":false,"trimmed":true,"sourceSize":{"w":138,"h":144},"spriteSourceSize":{"x":0,"y":4,"w":138,"h":140},"frame":{"x":724,"y":440,"w":138,"h":140}},{"filename":"bg-combo","rotated":false,"trimmed":true,"sourceSize":{"w":212,"h":87},"spriteSourceSize":{"x":0,"y":9,"w":212,"h":78},"frame":{"x":724,"y":583,"w":212,"h":78}},{"filename":"icon-journey","rotated":false,"trimmed":false,"sourceSize":{"w":150,"h":122},"spriteSourceSize":{"x":0,"y":0,"w":150,"h":122},"frame":{"x":865,"y":440,"w":150,"h":122}},{"filename":"best-score-frame","rotated":false,"trimmed":false,"sourceSize":{"w":111,"h":152},"spriteSourceSize":{"x":0,"y":0,"w":111,"h":152},"frame":{"x":902,"y":262,"w":111,"h":152}},{"filename":"texts/first-milestone","rotated":false,"trimmed":false,"sourceSize":{"w":290,"h":50},"spriteSourceSize":{"x":0,"y":0,"w":290,"h":50},"frame":{"x":724,"y":664,"w":290,"h":50}},{"filename":"icons/crown-big","rotated":false,"trimmed":false,"sourceSize":{"w":74,"h":70},"spriteSourceSize":{"x":0,"y":0,"w":74,"h":70},"frame":{"x":939,"y":565,"w":74,"h":70}},{"filename":"ui-ngang/text-next-block","rotated":false,"trimmed":false,"sourceSize":{"w":206,"h":43},"spriteSourceSize":{"x":0,"y":0,"w":206,"h":43},"frame":{"x":724,"y":717,"w":206,"h":43}},{"filename":"ui-ngang/text-mission","rotated":false,"trimmed":false,"sourceSize":{"w":83,"h":43},"spriteSourceSize":{"x":0,"y":0,"w":83,"h":43},"frame":{"x":933,"y":717,"w":83,"h":43}},{"filename":"icons/plus","rotated":false,"trimmed":false,"sourceSize":{"w":42,"h":44},"spriteSourceSize":{"x":0,"y":0,"w":42,"h":44},"frame":{"x":966,"y":763,"w":42,"h":44}},{"filename":"texts/no","rotated":false,"trimmed":false,"sourceSize":{"w":44,"h":43},"spriteSourceSize":{"x":0,"y":0,"w":44,"h":43},"frame":{"x":966,"y":810,"w":44,"h":43}},{"filename":"texts/yes","rotated":false,"trimmed":false,"sourceSize":{"w":44,"h":43},"spriteSourceSize":{"x":0,"y":0,"w":44,"h":43},"frame":{"x":966,"y":856,"w":44,"h":43}},{"filename":"icons/brown-journey","rotated":false,"trimmed":false,"sourceSize":{"w":45,"h":42},"spriteSourceSize":{"x":0,"y":0,"w":45,"h":42},"frame":{"x":966,"y":902,"w":45,"h":42}},{"filename":"icons/check","rotated":false,"trimmed":false,"sourceSize":{"w":44,"h":35},"spriteSourceSize":{"x":0,"y":0,"w":44,"h":35},"frame":{"x":966,"y":947,"w":44,"h":35}},{"filename":"icons/flat-ad","rotated":false,"trimmed":false,"sourceSize":{"w":47,"h":41},"spriteSourceSize":{"x":0,"y":0,"w":47,"h":41},"frame":{"x":959,"y":2,"w":47,"h":41}},{"filename":"icons/battle","rotated":false,"trimmed":false,"sourceSize":{"w":44,"h":41},"spriteSourceSize":{"x":0,"y":0,"w":44,"h":41},"frame":{"x":959,"y":46,"w":44,"h":41}},{"filename":"icons/setting","rotated":false,"trimmed":false,"sourceSize":{"w":42,"h":41},"spriteSourceSize":{"x":0,"y":0,"w":42,"h":41},"frame":{"x":959,"y":90,"w":42,"h":41}},{"filename":"buttons/circle-button","rotated":false,"trimmed":false,"sourceSize":{"w":41,"h":41},"spriteSourceSize":{"x":0,"y":0,"w":41,"h":41},"frame":{"x":959,"y":134,"w":41,"h":41}},{"filename":"icons/white-journey","rotated":false,"trimmed":false,"sourceSize":{"w":42,"h":40},"spriteSourceSize":{"x":0,"y":0,"w":42,"h":40},"frame":{"x":959,"y":178,"w":42,"h":40}},{"filename":"icons/back","rotated":false,"trimmed":false,"sourceSize":{"w":50,"h":38},"spriteSourceSize":{"x":0,"y":0,"w":50,"h":38},"frame":{"x":959,"y":221,"w":50,"h":38}}]},{"image":"default-resources-3.png","format":"RGBA8888","size":{"w":1017,"h":1017},"scale":1,"frames":[{"filename":"score-panel","rotated":false,"trimmed":false,"sourceSize":{"w":526,"h":152},"spriteSourceSize":{"x":0,"y":0,"w":526,"h":152},"frame":{"x":2,"y":2,"w":526,"h":152}},{"filename":"popup/top-dark","rotated":false,"trimmed":false,"sourceSize":{"w":431,"h":89},"spriteSourceSize":{"x":0,"y":0,"w":431,"h":89},"frame":{"x":531,"y":2,"w":431,"h":89}},{"filename":"icons/sword","rotated":false,"trimmed":false,"sourceSize":{"w":46,"h":38},"spriteSourceSize":{"x":0,"y":0,"w":46,"h":38},"frame":{"x":965,"y":2,"w":46,"h":38}},{"filename":"icons/cup-bronze","rotated":false,"trimmed":false,"sourceSize":{"w":43,"h":36},"spriteSourceSize":{"x":0,"y":0,"w":43,"h":36},"frame":{"x":965,"y":43,"w":43,"h":36}},{"filename":"icons/cup-gold","rotated":false,"trimmed":false,"sourceSize":{"w":43,"h":36},"spriteSourceSize":{"x":0,"y":0,"w":43,"h":36},"frame":{"x":965,"y":82,"w":43,"h":36}},{"filename":"popup/top","rotated":false,"trimmed":false,"sourceSize":{"w":431,"h":89},"spriteSourceSize":{"x":0,"y":0,"w":431,"h":89},"frame":{"x":531,"y":94,"w":431,"h":89}},{"filename":"daily-challenge/top-panel","rotated":false,"trimmed":false,"sourceSize":{"w":521,"h":30},"spriteSourceSize":{"x":0,"y":0,"w":521,"h":30},"frame":{"x":2,"y":157,"w":521,"h":30}},{"filename":"icons/cup-silver","rotated":false,"trimmed":false,"sourceSize":{"w":43,"h":36},"spriteSourceSize":{"x":0,"y":0,"w":43,"h":36},"frame":{"x":965,"y":121,"w":43,"h":36}},{"filename":"icons/i-play","rotated":false,"trimmed":false,"sourceSize":{"w":31,"h":39},"spriteSourceSize":{"x":0,"y":0,"w":31,"h":39},"frame":{"x":965,"y":160,"w":31,"h":39}},{"filename":"best-score-frame-long","rotated":false,"trimmed":false,"sourceSize":{"w":386,"h":154},"spriteSourceSize":{"x":0,"y":0,"w":386,"h":154},"frame":{"x":526,"y":186,"w":386,"h":154}},{"filename":"bg/level-played","rotated":false,"trimmed":false,"sourceSize":{"w":100,"h":82},"spriteSourceSize":{"x":0,"y":0,"w":100,"h":82},"frame":{"x":915,"y":202,"w":100,"h":82}},{"filename":"daily-challenge/middle-panel","rotated":false,"trimmed":false,"sourceSize":{"w":521,"h":26},"spriteSourceSize":{"x":0,"y":0,"w":521,"h":26},"frame":{"x":2,"y":190,"w":521,"h":26}},{"filename":"border-daily","rotated":false,"trimmed":false,"sourceSize":{"w":518,"h":51},"spriteSourceSize":{"x":0,"y":0,"w":518,"h":51},"frame":{"x":2,"y":219,"w":518,"h":51}},{"filename":"buttons/challenge_light","rotated":false,"trimmed":false,"sourceSize":{"w":88,"h":65},"spriteSourceSize":{"x":0,"y":0,"w":88,"h":65},"frame":{"x":915,"y":287,"w":88,"h":65}},{"filename":"daily-challenge/bg-item-light","rotated":false,"trimmed":false,"sourceSize":{"w":508,"h":81},"spriteSourceSize":{"x":0,"y":0,"w":508,"h":81},"frame":{"x":2,"y":273,"w":508,"h":81}},{"filename":"buttons/dark-blue","rotated":false,"trimmed":false,"sourceSize":{"w":365,"h":107},"spriteSourceSize":{"x":0,"y":0,"w":365,"h":107},"frame":{"x":513,"y":343,"w":365,"h":107}},{"filename":"texts/on","rotated":false,"trimmed":false,"sourceSize":{"w":31,"h":30},"spriteSourceSize":{"x":0,"y":0,"w":31,"h":30},"frame":{"x":881,"y":343,"w":31,"h":30}},{"filename":"buttons/toggle-off","rotated":false,"trimmed":false,"sourceSize":{"w":133,"h":46},"spriteSourceSize":{"x":0,"y":0,"w":133,"h":46},"frame":{"x":881,"y":376,"w":133,"h":46}},{"filename":"buttons/skip","rotated":false,"trimmed":false,"sourceSize":{"w":120,"h":71},"spriteSourceSize":{"x":0,"y":0,"w":120,"h":71},"frame":{"x":881,"y":425,"w":120,"h":71}},{"filename":"lives/time-block-2","rotated":false,"trimmed":false,"sourceSize":{"w":363,"h":108},"spriteSourceSize":{"x":0,"y":0,"w":363,"h":108},"frame":{"x":2,"y":357,"w":363,"h":108}},{"filename":"texts/invite-friends","rotated":false,"trimmed":false,"sourceSize":{"w":138,"h":37},"spriteSourceSize":{"x":0,"y":0,"w":138,"h":37},"frame":{"x":368,"y":357,"w":138,"h":37}},{"filename":"avatar/border-challenge","rotated":false,"trimmed":false,"sourceSize":{"w":119,"h":118},"spriteSourceSize":{"x":0,"y":0,"w":119,"h":118},"frame":{"x":368,"y":397,"w":119,"h":118}},{"filename":"lives/time-block","rotated":false,"trimmed":false,"sourceSize":{"w":346,"h":87},"spriteSourceSize":{"x":0,"y":0,"w":346,"h":87},"frame":{"x":2,"y":468,"w":346,"h":87}},{"filename":"lives/heart","rotated":false,"trimmed":false,"sourceSize":{"w":339,"h":279},"spriteSourceSize":{"x":0,"y":0,"w":339,"h":279},"frame":{"x":490,"y":453,"w":339,"h":279}},{"filename":"buttons/dark-blue-big","rotated":false,"trimmed":false,"sourceSize":{"w":179,"h":82},"spriteSourceSize":{"x":0,"y":0,"w":179,"h":82},"frame":{"x":832,"y":499,"w":179,"h":82}},{"filename":"buttons/green-big","rotated":false,"trimmed":false,"sourceSize":{"w":179,"h":82},"spriteSourceSize":{"x":0,"y":0,"w":179,"h":82},"frame":{"x":832,"y":584,"w":179,"h":82}},{"filename":"buttons/dark-blue-small","rotated":false,"trimmed":false,"sourceSize":{"w":178,"h":74},"spriteSourceSize":{"x":0,"y":0,"w":178,"h":74},"frame":{"x":832,"y":669,"w":178,"h":74}},{"filename":"icons/crown","rotated":false,"trimmed":false,"sourceSize":{"w":31,"h":27},"spriteSourceSize":{"x":0,"y":0,"w":31,"h":27},"frame":{"x":832,"y":453,"w":31,"h":27}},{"filename":"bg/level-playing","rotated":false,"trimmed":false,"sourceSize":{"w":113,"h":94},"spriteSourceSize":{"x":0,"y":0,"w":113,"h":94},"frame":{"x":351,"y":518,"w":113,"h":94}},{"filename":"buttons/green-large","rotated":false,"trimmed":false,"sourceSize":{"w":330,"h":107},"spriteSourceSize":{"x":0,"y":0,"w":330,"h":107},"frame":{"x":2,"y":558,"w":330,"h":107}},{"filename":"texts/lose","rotated":false,"trimmed":false,"sourceSize":{"w":107,"h":56},"spriteSourceSize":{"x":0,"y":0,"w":107,"h":56},"frame":{"x":335,"y":615,"w":107,"h":56}},{"filename":"buttons/brown","rotated":false,"trimmed":false,"sourceSize":{"w":329,"h":81},"spriteSourceSize":{"x":0,"y":0,"w":329,"h":81},"frame":{"x":2,"y":668,"w":329,"h":81}},{"filename":"avatar/background","rotated":false,"trimmed":false,"sourceSize":{"w":105,"h":107},"spriteSourceSize":{"x":0,"y":0,"w":105,"h":107},"frame":{"x":334,"y":674,"w":105,"h":107}},{"filename":"leaderboards/bg-item","rotated":false,"trimmed":false,"sourceSize":{"w":317,"h":61},"spriteSourceSize":{"x":0,"y":0,"w":317,"h":61},"frame":{"x":2,"y":752,"w":317,"h":61}},{"filename":"wood-panel","rotated":false,"trimmed":false,"sourceSize":{"w":301,"h":56},"spriteSourceSize":{"x":0,"y":0,"w":301,"h":56},"frame":{"x":442,"y":735,"w":301,"h":56}},{"filename":"buttons/share","rotated":false,"trimmed":false,"sourceSize":{"w":79,"h":58},"spriteSourceSize":{"x":0,"y":0,"w":79,"h":58},"frame":{"x":746,"y":735,"w":79,"h":58}},{"filename":"score-panel-dark","rotated":false,"trimmed":false,"sourceSize":{"w":187,"h":51},"spriteSourceSize":{"x":0,"y":0,"w":187,"h":51},"frame":{"x":828,"y":746,"w":187,"h":51}},{"filename":"bg/level-locked","rotated":false,"trimmed":false,"sourceSize":{"w":101,"h":83},"spriteSourceSize":{"x":0,"y":0,"w":101,"h":83},"frame":{"x":322,"y":784,"w":101,"h":83}},{"filename":"popup/score-panel","rotated":false,"trimmed":false,"sourceSize":{"w":299,"h":92},"spriteSourceSize":{"x":0,"y":0,"w":299,"h":92},"frame":{"x":2,"y":816,"w":299,"h":92}},{"filename":"ui-ngang/khung-score","rotated":false,"trimmed":false,"sourceSize":{"w":173,"h":99},"spriteSourceSize":{"x":0,"y":0,"w":173,"h":99},"frame":{"x":2,"y":911,"w":173,"h":99}},{"filename":"bg-streak","rotated":false,"trimmed":true,"sourceSize":{"w":212,"h":87},"spriteSourceSize":{"x":0,"y":9,"w":212,"h":78},"frame":{"x":178,"y":911,"w":212,"h":78}},{"filename":"texts/next-milestone","rotated":false,"trimmed":false,"sourceSize":{"w":289,"h":50},"spriteSourceSize":{"x":0,"y":0,"w":289,"h":50},"frame":{"x":426,"y":794,"w":289,"h":50}},{"filename":"texts/continue","rotated":false,"trimmed":false,"sourceSize":{"w":76,"h":40},"spriteSourceSize":{"x":0,"y":0,"w":76,"h":40},"frame":{"x":718,"y":796,"w":76,"h":40}},{"filename":"texts/second-chance","rotated":false,"trimmed":false,"sourceSize":{"w":218,"h":50},"spriteSourceSize":{"x":0,"y":0,"w":218,"h":50},"frame":{"x":797,"y":800,"w":218,"h":50}},{"filename":"icons/icon-journey","rotated":false,"trimmed":false,"sourceSize":{"w":73,"h":62},"spriteSourceSize":{"x":0,"y":0,"w":73,"h":62},"frame":{"x":718,"y":839,"w":73,"h":62}},{"filename":"texts/daily-challenge","rotated":false,"trimmed":false,"sourceSize":{"w":194,"h":51},"spriteSourceSize":{"x":0,"y":0,"w":194,"h":51},"frame":{"x":794,"y":853,"w":194,"h":51}},{"filename":"texts/leader-board","rotated":false,"trimmed":false,"sourceSize":{"w":162,"h":56},"spriteSourceSize":{"x":0,"y":0,"w":162,"h":56},"frame":{"x":393,"y":907,"w":162,"h":56}},{"filename":"leaderboards/bg-item-1","rotated":false,"trimmed":false,"sourceSize":{"w":232,"h":46},"spriteSourceSize":{"x":0,"y":0,"w":232,"h":46},"frame":{"x":558,"y":904,"w":232,"h":46}},{"filename":"daily-challenge/time-panel","rotated":false,"trimmed":false,"sourceSize":{"w":170,"h":48},"spriteSourceSize":{"x":0,"y":0,"w":170,"h":48},"frame":{"x":393,"y":966,"w":170,"h":48}},{"filename":"texts/your-score","rotated":false,"trimmed":false,"sourceSize":{"w":194,"h":51},"spriteSourceSize":{"x":0,"y":0,"w":194,"h":51},"frame":{"x":426,"y":847,"w":194,"h":51}},{"filename":"texts/keep-playing","rotated":false,"trimmed":false,"sourceSize":{"w":194,"h":50},"spriteSourceSize":{"x":0,"y":0,"w":194,"h":50},"frame":{"x":566,"y":953,"w":194,"h":50}},{"filename":"texts/out-of-live","rotated":false,"trimmed":false,"sourceSize":{"w":193,"h":50},"spriteSourceSize":{"x":0,"y":0,"w":193,"h":50},"frame":{"x":763,"y":953,"w":193,"h":50}},{"filename":"texts/play-single","rotated":false,"trimmed":false,"sourceSize":{"w":170,"h":43},"spriteSourceSize":{"x":0,"y":0,"w":170,"h":43},"frame":{"x":793,"y":907,"w":170,"h":43}}]},{"image":"default-resources-4.png","format":"RGBA8888","size":{"w":400,"h":400},"scale":1,"frames":[{"filename":"texts/level-failed","rotated":false,"trimmed":false,"sourceSize":{"w":180,"h":45},"spriteSourceSize":{"x":0,"y":0,"w":180,"h":45},"frame":{"x":2,"y":2,"w":180,"h":45}},{"filename":"texts/waiting-for-opponent","rotated":false,"trimmed":false,"sourceSize":{"w":178,"h":46},"spriteSourceSize":{"x":0,"y":0,"w":178,"h":46},"frame":{"x":2,"y":50,"w":178,"h":46}},{"filename":"texts/play-with","rotated":false,"trimmed":false,"sourceSize":{"w":162,"h":43},"spriteSourceSize":{"x":0,"y":0,"w":162,"h":43},"frame":{"x":185,"y":2,"w":162,"h":43}},{"filename":"texts/refill-lives","rotated":false,"trimmed":false,"sourceSize":{"w":150,"h":41},"spriteSourceSize":{"x":0,"y":0,"w":150,"h":41},"frame":{"x":2,"y":99,"w":150,"h":41}},{"filename":"texts/play","rotated":false,"trimmed":false,"sourceSize":{"w":150,"h":40},"spriteSourceSize":{"x":0,"y":0,"w":150,"h":40},"frame":{"x":2,"y":143,"w":150,"h":40}},{"filename":"buttons/toggle-on","rotated":false,"trimmed":false,"sourceSize":{"w":133,"h":46},"spriteSourceSize":{"x":0,"y":0,"w":133,"h":46},"frame":{"x":2,"y":186,"w":133,"h":46}},{"filename":"texts/win","rotated":false,"trimmed":false,"sourceSize":{"w":106,"h":55},"spriteSourceSize":{"x":0,"y":0,"w":106,"h":55},"frame":{"x":2,"y":235,"w":106,"h":55}},{"filename":"texts/draw","rotated":false,"trimmed":false,"sourceSize":{"w":105,"h":54},"spriteSourceSize":{"x":0,"y":0,"w":105,"h":54},"frame":{"x":2,"y":293,"w":105,"h":54}},{"filename":"texts/text-next-level","rotated":false,"trimmed":false,"sourceSize":{"w":113,"h":39},"spriteSourceSize":{"x":0,"y":0,"w":113,"h":39},"frame":{"x":2,"y":350,"w":113,"h":39}},{"filename":"leaderboards/tab-on","rotated":false,"trimmed":false,"sourceSize":{"w":113,"h":36},"spriteSourceSize":{"x":0,"y":0,"w":113,"h":36},"frame":{"x":185,"y":48,"w":113,"h":36}},{"filename":"texts/text-tutorial","rotated":false,"trimmed":false,"sourceSize":{"w":97,"h":50},"spriteSourceSize":{"x":0,"y":0,"w":97,"h":50},"frame":{"x":301,"y":48,"w":97,"h":50}},{"filename":"texts/congratulations","rotated":false,"trimmed":false,"sourceSize":{"w":98,"h":50},"spriteSourceSize":{"x":0,"y":0,"w":98,"h":50},"frame":{"x":183,"y":87,"w":98,"h":50}},{"filename":"texts/result","rotated":false,"trimmed":false,"sourceSize":{"w":98,"h":50},"spriteSourceSize":{"x":0,"y":0,"w":98,"h":50},"frame":{"x":284,"y":101,"w":98,"h":50}},{"filename":"texts/setting","rotated":false,"trimmed":false,"sourceSize":{"w":98,"h":50},"spriteSourceSize":{"x":0,"y":0,"w":98,"h":50},"frame":{"x":155,"y":140,"w":98,"h":50}},{"filename":"text-target-panel","rotated":false,"trimmed":false,"sourceSize":{"w":98,"h":46},"spriteSourceSize":{"x":0,"y":0,"w":98,"h":46},"frame":{"x":138,"y":193,"w":98,"h":46}},{"filename":"buttons/play","rotated":false,"trimmed":false,"sourceSize":{"w":86,"h":65},"spriteSourceSize":{"x":0,"y":0,"w":86,"h":65},"frame":{"x":111,"y":242,"w":86,"h":65}},{"filename":"texts/text-retry","rotated":false,"trimmed":false,"sourceSize":{"w":72,"h":37},"spriteSourceSize":{"x":0,"y":0,"w":72,"h":37},"frame":{"x":110,"y":310,"w":72,"h":37}},{"filename":"texts/start","rotated":false,"trimmed":false,"sourceSize":{"w":76,"h":40},"spriteSourceSize":{"x":0,"y":0,"w":76,"h":40},"frame":{"x":118,"y":350,"w":76,"h":40}},{"filename":"buttons/random","rotated":false,"trimmed":false,"sourceSize":{"w":86,"h":65},"spriteSourceSize":{"x":0,"y":0,"w":86,"h":65},"frame":{"x":200,"y":242,"w":86,"h":65}},{"filename":"texts/collect","rotated":false,"trimmed":false,"sourceSize":{"w":75,"h":36},"spriteSourceSize":{"x":0,"y":0,"w":75,"h":36},"frame":{"x":185,"y":310,"w":75,"h":36}},{"filename":"ui-ngang/text-score","rotated":false,"trimmed":false,"sourceSize":{"w":83,"h":42},"spriteSourceSize":{"x":0,"y":0,"w":83,"h":42},"frame":{"x":197,"y":349,"w":83,"h":42}},{"filename":"texts/text-journey","rotated":false,"trimmed":false,"sourceSize":{"w":86,"h":45},"spriteSourceSize":{"x":0,"y":0,"w":86,"h":45},"frame":{"x":256,"y":154,"w":86,"h":45}},{"filename":"texts/text-share","rotated":false,"trimmed":false,"sourceSize":{"w":65,"h":35},"spriteSourceSize":{"x":0,"y":0,"w":65,"h":35},"frame":{"x":239,"y":202,"w":65,"h":35}},{"filename":"texts/replay","rotated":false,"trimmed":false,"sourceSize":{"w":76,"h":38},"spriteSourceSize":{"x":0,"y":0,"w":76,"h":38},"frame":{"x":307,"y":202,"w":76,"h":38}},{"filename":"texts/friends-disable","rotated":false,"trimmed":false,"sourceSize":{"w":64,"h":35},"spriteSourceSize":{"x":0,"y":0,"w":64,"h":35},"frame":{"x":289,"y":243,"w":64,"h":35}},{"filename":"texts/friends","rotated":false,"trimmed":false,"sourceSize":{"w":64,"h":35},"spriteSourceSize":{"x":0,"y":0,"w":64,"h":35},"frame":{"x":289,"y":281,"w":64,"h":35}},{"filename":"texts/world","rotated":false,"trimmed":false,"sourceSize":{"w":64,"h":34},"spriteSourceSize":{"x":0,"y":0,"w":64,"h":34},"frame":{"x":283,"y":319,"w":64,"h":34}}]}],"meta":{"app":"https://www.codeandweb.com/texturepacker","version":"3.0","smartupdate":"$TexturePacker:SmartUpdate:145077f1ea5619b4d7186b2155f031c2:ea3855d0af9e483068a91c89bc8653f8:38a69b481ce127014b0b7fd232b2e3f4$"}}