{
	"textures": [
		{
			"image": "effects-resources.png",
			"format": "RGBA8888",
			"size": {
				"w": 197,
				"h": 197
			},
			"scale": 0.5,
			"frames": [
				{
					"filename": "glow-circle",
					"rotated": false,
					"trimmed": false,
					"sourceSize": {
						"w": 100,
						"h": 100
					},
					"spriteSourceSize": {
						"x": 0,
						"y": 0,
						"w": 100,
						"h": 100
					},
					"frame": {
						"x": 2,
						"y": 2,
						"w": 100,
						"h": 100
					}
				},
				{
					"filename": "text/text_excellent",
					"rotated": false,
					"trimmed": false,
					"sourceSize": {
						"w": 92,
						"h": 39
					},
					"spriteSourceSize": {
						"x": 0,
						"y": 0,
						"w": 92,
						"h": 39
					},
					"frame": {
						"x": 2,
						"y": 105,
						"w": 92,
						"h": 39
					}
				},
				{
					"filename": "star-yellow",
					"rotated": false,
					"trimmed": false,
					"sourceSize": {
						"w": 85,
						"h": 72
					},
					"spriteSourceSize": {
						"x": 0,
						"y": 0,
						"w": 85,
						"h": 72
					},
					"frame": {
						"x": 97,
						"y": 105,
						"w": 85,
						"h": 72
					}
				},
				{
					"filename": "text/text_cool",
					"rotated": false,
					"trimmed": false,
					"sourceSize": {
						"w": 66,
						"h": 38
					},
					"spriteSourceSize": {
						"x": 0,
						"y": 0,
						"w": 66,
						"h": 38
					},
					"frame": {
						"x": 2,
						"y": 147,
						"w": 66,
						"h": 38
					}
				},
				{
					"filename": "confetti/hexagon-4",
					"rotated": false,
					"trimmed": true,
					"sourceSize": {
						"w": 25,
						"h": 25
					},
					"spriteSourceSize": {
						"x": 1,
						"y": 1,
						"w": 23,
						"h": 23
					},
					"frame": {
						"x": 71,
						"y": 147,
						"w": 23,
						"h": 23
					}
				},
				{
					"filename": "confetti/hexagon-2",
					"rotated": false,
					"trimmed": true,
					"sourceSize": {
						"w": 25,
						"h": 25
					},
					"spriteSourceSize": {
						"x": 1,
						"y": 3,
						"w": 23,
						"h": 19
					},
					"frame": {
						"x": 71,
						"y": 173,
						"w": 23,
						"h": 19
					}
				},
				{
					"filename": "ribbon",
					"rotated": false,
					"trimmed": false,
					"sourceSize": {
						"w": 32,
						"h": 1
					},
					"spriteSourceSize": {
						"x": 0,
						"y": 0,
						"w": 32,
						"h": 1
					},
					"frame": {
						"x": 2,
						"y": 188,
						"w": 32,
						"h": 1
					}
				},
				{
					"filename": "ribbon/falling-confetti/confetti-c/confetti-c-2",
					"rotated": false,
					"trimmed": false,
					"sourceSize": {
						"w": 13,
						"h": 5
					},
					"spriteSourceSize": {
						"x": 0,
						"y": 0,
						"w": 13,
						"h": 5
					},
					"frame": {
						"x": 37,
						"y": 188,
						"w": 13,
						"h": 5
					}
				},
				{
					"filename": "ribbon/falling-confetti/confetti-b/confetti-b-1",
					"rotated": false,
					"trimmed": false,
					"sourceSize": {
						"w": 12,
						"h": 7
					},
					"spriteSourceSize": {
						"x": 0,
						"y": 0,
						"w": 12,
						"h": 7
					},
					"frame": {
						"x": 53,
						"y": 188,
						"w": 12,
						"h": 7
					}
				},
				{
					"filename": "ribbon/falling-confetti/confetti-b/confetti-b-3",
					"rotated": false,
					"trimmed": false,
					"sourceSize": {
						"w": 13,
						"h": 3
					},
					"spriteSourceSize": {
						"x": 0,
						"y": 0,
						"w": 13,
						"h": 3
					},
					"frame": {
						"x": 2,
						"y": 192,
						"w": 13,
						"h": 3
					}
				},
				{
					"filename": "ribbon/falling-confetti/confetti-b/confetti-b-4",
					"rotated": false,
					"trimmed": false,
					"sourceSize": {
						"w": 13,
						"h": 1
					},
					"spriteSourceSize": {
						"x": 0,
						"y": 0,
						"w": 13,
						"h": 1
					},
					"frame": {
						"x": 18,
						"y": 192,
						"w": 13,
						"h": 1
					}
				},
				{
					"filename": "star",
					"rotated": false,
					"trimmed": false,
					"sourceSize": {
						"w": 50,
						"h": 50
					},
					"spriteSourceSize": {
						"x": 0,
						"y": 0,
						"w": 50,
						"h": 50
					},
					"frame": {
						"x": 105,
						"y": 2,
						"w": 50,
						"h": 50
					}
				},
				{
					"filename": "text/text_good",
					"rotated": false,
					"trimmed": false,
					"sourceSize": {
						"w": 55,
						"h": 25
					},
					"spriteSourceSize": {
						"x": 0,
						"y": 0,
						"w": 55,
						"h": 25
					},
					"frame": {
						"x": 105,
						"y": 55,
						"w": 55,
						"h": 25
					}
				},
				{
					"filename": "glare-cross",
					"rotated": false,
					"trimmed": false,
					"sourceSize": {
						"w": 30,
						"h": 30
					},
					"spriteSourceSize": {
						"x": 0,
						"y": 0,
						"w": 30,
						"h": 30
					},
					"frame": {
						"x": 158,
						"y": 2,
						"w": 30,
						"h": 30
					}
				},
				{
					"filename": "confetti/small-1",
					"rotated": false,
					"trimmed": false,
					"sourceSize": {
						"w": 13,
						"h": 15
					},
					"spriteSourceSize": {
						"x": 0,
						"y": 0,
						"w": 13,
						"h": 15
					},
					"frame": {
						"x": 158,
						"y": 35,
						"w": 13,
						"h": 15
					}
				},
				{
					"filename": "confetti/hexagon-0",
					"rotated": false,
					"trimmed": false,
					"sourceSize": {
						"w": 25,
						"h": 25
					},
					"spriteSourceSize": {
						"x": 0,
						"y": 0,
						"w": 25,
						"h": 25
					},
					"frame": {
						"x": 163,
						"y": 53,
						"w": 25,
						"h": 25
					}
				},
				{
					"filename": "confetti/hexagon-1",
					"rotated": false,
					"trimmed": true,
					"sourceSize": {
						"w": 25,
						"h": 25
					},
					"spriteSourceSize": {
						"x": 0,
						"y": 2,
						"w": 25,
						"h": 21
					},
					"frame": {
						"x": 163,
						"y": 81,
						"w": 25,
						"h": 21
					}
				},
				{
					"filename": "ribbon/falling-confetti/confetti-c/confetti-c-1",
					"rotated": false,
					"trimmed": false,
					"sourceSize": {
						"w": 12,
						"h": 8
					},
					"spriteSourceSize": {
						"x": 0,
						"y": 0,
						"w": 12,
						"h": 8
					},
					"frame": {
						"x": 174,
						"y": 35,
						"w": 12,
						"h": 8
					}
				},
				{
					"filename": "star-y/star-3",
					"rotated": false,
					"trimmed": true,
					"sourceSize": {
						"w": 11,
						"h": 10
					},
					"spriteSourceSize": {
						"x": 3,
						"y": 0,
						"w": 6,
						"h": 10
					},
					"frame": {
						"x": 189,
						"y": 35,
						"w": 6,
						"h": 10
					}
				},
				{
					"filename": "ribbon/falling-confetti/confetti-c/confetti-c-3",
					"rotated": false,
					"trimmed": false,
					"sourceSize": {
						"w": 12,
						"h": 4
					},
					"spriteSourceSize": {
						"x": 0,
						"y": 0,
						"w": 12,
						"h": 4
					},
					"frame": {
						"x": 174,
						"y": 46,
						"w": 12,
						"h": 4
					}
				},
				{
					"filename": "confetti/hexagon-3",
					"rotated": false,
					"trimmed": true,
					"sourceSize": {
						"w": 25,
						"h": 25
					},
					"spriteSourceSize": {
						"x": 3,
						"y": 3,
						"w": 20,
						"h": 19
					},
					"frame": {
						"x": 105,
						"y": 83,
						"w": 20,
						"h": 19
					}
				},
				{
					"filename": "confetti/small-4",
					"rotated": false,
					"trimmed": true,
					"sourceSize": {
						"w": 14,
						"h": 16
					},
					"spriteSourceSize": {
						"x": 1,
						"y": 0,
						"w": 12,
						"h": 16
					},
					"frame": {
						"x": 128,
						"y": 83,
						"w": 12,
						"h": 16
					}
				},
				{
					"filename": "confetti/small-2",
					"rotated": false,
					"trimmed": false,
					"sourceSize": {
						"w": 11,
						"h": 12
					},
					"spriteSourceSize": {
						"x": 0,
						"y": 0,
						"w": 11,
						"h": 12
					},
					"frame": {
						"x": 143,
						"y": 83,
						"w": 11,
						"h": 12
					}
				},
				{
					"filename": "ribbon/falling-confetti/confetti-d/confetti-d-3",
					"rotated": false,
					"trimmed": false,
					"sourceSize": {
						"w": 12,
						"h": 3
					},
					"spriteSourceSize": {
						"x": 0,
						"y": 0,
						"w": 12,
						"h": 3
					},
					"frame": {
						"x": 143,
						"y": 98,
						"w": 12,
						"h": 3
					}
				},
				{
					"filename": "confetti/small-3",
					"rotated": false,
					"trimmed": false,
					"sourceSize": {
						"w": 8,
						"h": 12
					},
					"spriteSourceSize": {
						"x": 0,
						"y": 0,
						"w": 8,
						"h": 12
					},
					"frame": {
						"x": 185,
						"y": 105,
						"w": 8,
						"h": 12
					}
				},
				{
					"filename": "star-y/star-2",
					"rotated": false,
					"trimmed": true,
					"sourceSize": {
						"w": 11,
						"h": 10
					},
					"spriteSourceSize": {
						"x": 1,
						"y": 0,
						"w": 10,
						"h": 10
					},
					"frame": {
						"x": 185,
						"y": 120,
						"w": 10,
						"h": 10
					}
				},
				{
					"filename": "dust-yellow",
					"rotated": false,
					"trimmed": false,
					"sourceSize": {
						"w": 8,
						"h": 8
					},
					"spriteSourceSize": {
						"x": 0,
						"y": 0,
						"w": 8,
						"h": 8
					},
					"frame": {
						"x": 185,
						"y": 133,
						"w": 8,
						"h": 8
					}
				},
				{
					"filename": "dust",
					"rotated": false,
					"trimmed": false,
					"sourceSize": {
						"w": 5,
						"h": 5
					},
					"spriteSourceSize": {
						"x": 0,
						"y": 0,
						"w": 5,
						"h": 5
					},
					"frame": {
						"x": 185,
						"y": 144,
						"w": 5,
						"h": 5
					}
				},
				{
					"filename": "ribbon/falling-confetti/confetti-b/confetti-b-2",
					"rotated": false,
					"trimmed": false,
					"sourceSize": {
						"w": 12,
						"h": 5
					},
					"spriteSourceSize": {
						"x": 0,
						"y": 0,
						"w": 12,
						"h": 5
					},
					"frame": {
						"x": 97,
						"y": 180,
						"w": 12,
						"h": 5
					}
				},
				{
					"filename": "ribbon/falling-confetti/confetti-d/confetti-d-2",
					"rotated": false,
					"trimmed": false,
					"sourceSize": {
						"w": 12,
						"h": 5
					},
					"spriteSourceSize": {
						"x": 0,
						"y": 0,
						"w": 12,
						"h": 5
					},
					"frame": {
						"x": 112,
						"y": 180,
						"w": 12,
						"h": 5
					}
				},
				{
					"filename": "ribbon/falling-confetti/confetti-d/confetti-d-4",
					"rotated": false,
					"trimmed": false,
					"sourceSize": {
						"w": 12,
						"h": 2
					},
					"spriteSourceSize": {
						"x": 0,
						"y": 0,
						"w": 12,
						"h": 2
					},
					"frame": {
						"x": 127,
						"y": 180,
						"w": 12,
						"h": 2
					}
				},
				{
					"filename": "star-x/star-1",
					"rotated": false,
					"trimmed": false,
					"sourceSize": {
						"w": 11,
						"h": 10
					},
					"spriteSourceSize": {
						"x": 0,
						"y": 0,
						"w": 11,
						"h": 10
					},
					"frame": {
						"x": 142,
						"y": 180,
						"w": 11,
						"h": 10
					}
				},
				{
					"filename": "star-y/star-1",
					"rotated": false,
					"trimmed": false,
					"sourceSize": {
						"w": 11,
						"h": 10
					},
					"spriteSourceSize": {
						"x": 0,
						"y": 0,
						"w": 11,
						"h": 10
					},
					"frame": {
						"x": 142,
						"y": 180,
						"w": 11,
						"h": 10
					}
				},
				{
					"filename": "star-x/star-2",
					"rotated": false,
					"trimmed": false,
					"sourceSize": {
						"w": 11,
						"h": 10
					},
					"spriteSourceSize": {
						"x": 0,
						"y": 0,
						"w": 11,
						"h": 10
					},
					"frame": {
						"x": 127,
						"y": 185,
						"w": 11,
						"h": 10
					}
				},
				{
					"filename": "ribbon/falling-confetti/confetti-a/confetti-a-1",
					"rotated": false,
					"trimmed": false,
					"sourceSize": {
						"w": 11,
						"h": 7
					},
					"spriteSourceSize": {
						"x": 0,
						"y": 0,
						"w": 11,
						"h": 7
					},
					"frame": {
						"x": 97,
						"y": 188,
						"w": 11,
						"h": 7
					}
				},
				{
					"filename": "ribbon/falling-confetti/confetti-d/confetti-d-1",
					"rotated": false,
					"trimmed": false,
					"sourceSize": {
						"w": 11,
						"h": 7
					},
					"spriteSourceSize": {
						"x": 0,
						"y": 0,
						"w": 11,
						"h": 7
					},
					"frame": {
						"x": 111,
						"y": 188,
						"w": 11,
						"h": 7
					}
				},
				{
					"filename": "star-y/star-4",
					"rotated": false,
					"trimmed": false,
					"sourceSize": {
						"w": 11,
						"h": 10
					},
					"spriteSourceSize": {
						"x": 0,
						"y": 0,
						"w": 11,
						"h": 10
					},
					"frame": {
						"x": 156,
						"y": 180,
						"w": 11,
						"h": 10
					}
				},
				{
					"filename": "star-x/star-3",
					"rotated": false,
					"trimmed": true,
					"sourceSize": {
						"w": 11,
						"h": 10
					},
					"spriteSourceSize": {
						"x": 0,
						"y": 1,
						"w": 11,
						"h": 8
					},
					"frame": {
						"x": 170,
						"y": 180,
						"w": 11,
						"h": 8
					}
				},
				{
					"filename": "star-x/star-4",
					"rotated": false,
					"trimmed": true,
					"sourceSize": {
						"w": 11,
						"h": 10
					},
					"spriteSourceSize": {
						"x": 0,
						"y": 2,
						"w": 11,
						"h": 6
					},
					"frame": {
						"x": 184,
						"y": 180,
						"w": 11,
						"h": 6
					}
				},
				{
					"filename": "ribbon/falling-confetti/confetti-a/confetti-a-2",
					"rotated": false,
					"trimmed": false,
					"sourceSize": {
						"w": 11,
						"h": 4
					},
					"spriteSourceSize": {
						"x": 0,
						"y": 0,
						"w": 11,
						"h": 4
					},
					"frame": {
						"x": 184,
						"y": 189,
						"w": 11,
						"h": 4
					}
				},
				{
					"filename": "ribbon/falling-confetti/confetti-c/confetti-c-4",
					"rotated": false,
					"trimmed": false,
					"sourceSize": {
						"w": 11,
						"h": 3
					},
					"spriteSourceSize": {
						"x": 0,
						"y": 0,
						"w": 11,
						"h": 3
					},
					"frame": {
						"x": 170,
						"y": 191,
						"w": 11,
						"h": 3
					}
				},
				{
					"filename": "ribbon/falling-confetti/confetti-a/confetti-a-3",
					"rotated": false,
					"trimmed": false,
					"sourceSize": {
						"w": 11,
						"h": 2
					},
					"spriteSourceSize": {
						"x": 0,
						"y": 0,
						"w": 11,
						"h": 2
					},
					"frame": {
						"x": 141,
						"y": 193,
						"w": 11,
						"h": 2
					}
				}
			]
		}
	],
	"meta": {
		"app": "https://www.codeandweb.com/texturepacker",
		"version": "3.0",
		"smartupdate": "$TexturePacker:SmartUpdate:34e9c8b395de2a37244a8f071ff9b441:83d6c8014751b32947b87901ef83fdaa:fcf0ca429d8c303c4783c89b34559bdb$"
	}
}
