{"textures":[{"image":"default-resources-0.png","format":"RGBA8888","size":{"w":1013,"h":1013},"scale":0.5,"frames":[{"filename":"bg/bg-middle","rotated":false,"trimmed":false,"sourceSize":{"w":360,"h":425},"spriteSourceSize":{"x":0,"y":0,"w":360,"h":425},"frame":{"x":2,"y":2,"w":360,"h":425}},{"filename":"ui-ngang/bg-middle","rotated":false,"trimmed":false,"sourceSize":{"w":360,"h":284},"spriteSourceSize":{"x":0,"y":0,"w":360,"h":284},"frame":{"x":2,"y":430,"w":360,"h":284}},{"filename":"leaderboards/bg-top","rotated":false,"trimmed":false,"sourceSize":{"w":475,"h":84},"spriteSourceSize":{"x":0,"y":0,"w":475,"h":84},"frame":{"x":365,"y":2,"w":475,"h":84}},{"filename":"leaderboards/bg-bottom","rotated":false,"trimmed":false,"sourceSize":{"w":475,"h":34},"spriteSourceSize":{"x":0,"y":0,"w":475,"h":34},"frame":{"x":365,"y":89,"w":475,"h":34}},{"filename":"leaderboards/bg-middle","rotated":false,"trimmed":false,"sourceSize":{"w":475,"h":24},"spriteSourceSize":{"x":0,"y":0,"w":475,"h":24},"frame":{"x":365,"y":126,"w":475,"h":24}},{"filename":"footer","rotated":false,"trimmed":false,"sourceSize":{"w":375,"h":77},"spriteSourceSize":{"x":0,"y":0,"w":375,"h":77},"frame":{"x":365,"y":153,"w":375,"h":77}},{"filename":"ui-ngang/bg-top","rotated":false,"trimmed":false,"sourceSize":{"w":360,"h":89},"spriteSourceSize":{"x":0,"y":0,"w":360,"h":89},"frame":{"x":2,"y":717,"w":360,"h":89}},{"filename":"ui-ngang/bg-bottom","rotated":false,"trimmed":false,"sourceSize":{"w":360,"h":88},"spriteSourceSize":{"x":0,"y":0,"w":360,"h":88},"frame":{"x":365,"y":233,"w":360,"h":88}},{"filename":"bg/bg-bottom","rotated":false,"trimmed":false,"sourceSize":{"w":360,"h":56},"spriteSourceSize":{"x":0,"y":0,"w":360,"h":56},"frame":{"x":2,"y":809,"w":360,"h":56}},{"filename":"daily-challenge/bg","rotated":false,"trimmed":false,"sourceSize":{"w":260,"h":143},"spriteSourceSize":{"x":0,"y":0,"w":260,"h":143},"frame":{"x":2,"y":868,"w":260,"h":143}},{"filename":"bg/bg-top","rotated":false,"trimmed":false,"sourceSize":{"w":360,"h":56},"spriteSourceSize":{"x":0,"y":0,"w":360,"h":56},"frame":{"x":365,"y":324,"w":360,"h":56}},{"filename":"ui-ngang/khung-next-block","rotated":false,"trimmed":false,"sourceSize":{"w":100,"h":300},"spriteSourceSize":{"x":0,"y":0,"w":100,"h":300},"frame":{"x":365,"y":383,"w":100,"h":300}},{"filename":"score-panel","rotated":false,"trimmed":false,"sourceSize":{"w":263,"h":76},"spriteSourceSize":{"x":0,"y":0,"w":263,"h":76},"frame":{"x":468,"y":383,"w":263,"h":76}},{"filename":"popup/middle","rotated":false,"trimmed":false,"sourceSize":{"w":216,"h":114},"spriteSourceSize":{"x":0,"y":0,"w":216,"h":114},"frame":{"x":468,"y":462,"w":216,"h":114}},{"filename":"popup/background","rotated":false,"trimmed":false,"sourceSize":{"w":198,"h":111},"spriteSourceSize":{"x":0,"y":0,"w":198,"h":111},"frame":{"x":468,"y":579,"w":198,"h":111}},{"filename":"bg/bg-dark","rotated":false,"trimmed":false,"sourceSize":{"w":122,"h":152},"spriteSourceSize":{"x":0,"y":0,"w":122,"h":152},"frame":{"x":843,"y":2,"w":122,"h":152}},{"filename":"leaf","rotated":false,"trimmed":false,"sourceSize":{"w":282,"h":66},"spriteSourceSize":{"x":0,"y":0,"w":282,"h":66},"frame":{"x":365,"y":693,"w":282,"h":66}},{"filename":"daily-challenge/bottom-panel","rotated":false,"trimmed":false,"sourceSize":{"w":261,"h":15},"spriteSourceSize":{"x":0,"y":0,"w":261,"h":15},"frame":{"x":365,"y":762,"w":261,"h":15}},{"filename":"daily-challenge/middle-panel","rotated":false,"trimmed":false,"sourceSize":{"w":261,"h":13},"spriteSourceSize":{"x":0,"y":0,"w":261,"h":13},"frame":{"x":365,"y":780,"w":261,"h":13}},{"filename":"texts/second-chance","rotated":false,"trimmed":false,"sourceSize":{"w":257,"h":16},"spriteSourceSize":{"x":0,"y":0,"w":257,"h":16},"frame":{"x":365,"y":796,"w":257,"h":16}},{"filename":"best-score-frame-long","rotated":false,"trimmed":false,"sourceSize":{"w":193,"h":77},"spriteSourceSize":{"x":0,"y":0,"w":193,"h":77},"frame":{"x":365,"y":815,"w":193,"h":77}},{"filename":"bg-progress-circle","rotated":false,"trimmed":false,"sourceSize":{"w":116,"h":116},"spriteSourceSize":{"x":0,"y":0,"w":116,"h":116},"frame":{"x":265,"y":895,"w":116,"h":116}},{"filename":"buttons/dark-blue","rotated":false,"trimmed":false,"sourceSize":{"w":183,"h":54},"spriteSourceSize":{"x":0,"y":0,"w":183,"h":54},"frame":{"x":384,"y":895,"w":183,"h":54}},{"filename":"lives/time-block-2","rotated":false,"trimmed":false,"sourceSize":{"w":182,"h":54},"spriteSourceSize":{"x":0,"y":0,"w":182,"h":54},"frame":{"x":384,"y":952,"w":182,"h":54}},{"filename":"daily-challenge/time-panel","rotated":false,"trimmed":false,"sourceSize":{"w":85,"h":24},"spriteSourceSize":{"x":0,"y":0,"w":85,"h":24},"frame":{"x":265,"y":868,"w":85,"h":24}},{"filename":"avatar/border-big","rotated":false,"trimmed":false,"sourceSize":{"w":88,"h":88},"spriteSourceSize":{"x":0,"y":0,"w":88,"h":88},"frame":{"x":743,"y":153,"w":88,"h":88}},{"filename":"bottom-panel","rotated":false,"trimmed":false,"sourceSize":{"w":141,"h":86},"spriteSourceSize":{"x":0,"y":0,"w":141,"h":86},"frame":{"x":834,"y":157,"w":141,"h":86}},{"filename":"ui-ngang/khung-mission","rotated":false,"trimmed":false,"sourceSize":{"w":48,"h":232},"spriteSourceSize":{"x":0,"y":0,"w":48,"h":232},"frame":{"x":687,"y":462,"w":48,"h":232}},{"filename":"preloader/dual-ring","rotated":false,"trimmed":true,"sourceSize":{"w":100,"h":100},"spriteSourceSize":{"x":13,"y":13,"w":74,"h":74},"frame":{"x":561,"y":815,"w":74,"h":74}},{"filename":"texts/next-milestone","rotated":false,"trimmed":false,"sourceSize":{"w":209,"h":25},"spriteSourceSize":{"x":0,"y":0,"w":209,"h":25},"frame":{"x":728,"y":246,"w":209,"h":25}},{"filename":"texts/leader-board","rotated":false,"trimmed":false,"sourceSize":{"w":202,"h":30},"spriteSourceSize":{"x":0,"y":0,"w":202,"h":30},"frame":{"x":728,"y":274,"w":202,"h":30}},{"filename":"lives/heart","rotated":false,"trimmed":false,"sourceSize":{"w":170,"h":140},"spriteSourceSize":{"x":0,"y":0,"w":170,"h":140},"frame":{"x":734,"y":307,"w":170,"h":140}},{"filename":"buttons/green-large","rotated":false,"trimmed":false,"sourceSize":{"w":165,"h":54},"spriteSourceSize":{"x":0,"y":0,"w":165,"h":54},"frame":{"x":738,"y":450,"w":165,"h":54}},{"filename":"lives/time-block","rotated":false,"trimmed":false,"sourceSize":{"w":173,"h":44},"spriteSourceSize":{"x":0,"y":0,"w":173,"h":44},"frame":{"x":738,"y":507,"w":173,"h":44}},{"filename":"buttons/brown","rotated":false,"trimmed":false,"sourceSize":{"w":165,"h":41},"spriteSourceSize":{"x":0,"y":0,"w":165,"h":41},"frame":{"x":738,"y":554,"w":165,"h":41}},{"filename":"popup/score-panel","rotated":false,"trimmed":false,"sourceSize":{"w":150,"h":46},"spriteSourceSize":{"x":0,"y":0,"w":150,"h":46},"frame":{"x":738,"y":598,"w":150,"h":46}},{"filename":"leaderboards/bg-item","rotated":false,"trimmed":false,"sourceSize":{"w":159,"h":31},"spriteSourceSize":{"x":0,"y":0,"w":159,"h":31},"frame":{"x":738,"y":647,"w":159,"h":31}},{"filename":"popup/bottom","rotated":false,"trimmed":false,"sourceSize":{"w":216,"h":14},"spriteSourceSize":{"x":0,"y":0,"w":216,"h":14},"frame":{"x":738,"y":681,"w":216,"h":14}},{"filename":"avatar/border","rotated":false,"trimmed":true,"sourceSize":{"w":69,"h":72},"spriteSourceSize":{"x":0,"y":1,"w":69,"h":71},"frame":{"x":570,"y":892,"w":69,"h":71}},{"filename":"buttons/play","rotated":false,"trimmed":false,"sourceSize":{"w":43,"h":33},"spriteSourceSize":{"x":0,"y":0,"w":43,"h":33},"frame":{"x":968,"y":2,"w":43,"h":33}},{"filename":"buttons/random","rotated":false,"trimmed":false,"sourceSize":{"w":43,"h":33},"spriteSourceSize":{"x":0,"y":0,"w":43,"h":33},"frame":{"x":968,"y":38,"w":43,"h":33}},{"filename":"bg-combo","rotated":false,"trimmed":true,"sourceSize":{"w":106,"h":44},"spriteSourceSize":{"x":0,"y":4,"w":106,"h":40},"frame":{"x":569,"y":966,"w":106,"h":40}},{"filename":"ui-ngang/khung-best-score","rotated":false,"trimmed":false,"sourceSize":{"w":56,"h":85},"spriteSourceSize":{"x":0,"y":0,"w":56,"h":85},"frame":{"x":907,"y":307,"w":56,"h":85}},{"filename":"icon-journey","rotated":false,"trimmed":false,"sourceSize":{"w":75,"h":61},"spriteSourceSize":{"x":0,"y":0,"w":75,"h":61},"frame":{"x":907,"y":395,"w":75,"h":61}},{"filename":"buttons/dark-blue-big","rotated":false,"trimmed":false,"sourceSize":{"w":90,"h":41},"spriteSourceSize":{"x":0,"y":0,"w":90,"h":41},"frame":{"x":906,"y":459,"w":90,"h":41}},{"filename":"ui-ngang/khung-score","rotated":false,"trimmed":false,"sourceSize":{"w":87,"h":50},"spriteSourceSize":{"x":0,"y":0,"w":87,"h":50},"frame":{"x":914,"y":503,"w":87,"h":50}},{"filename":"buttons/green-big","rotated":false,"trimmed":false,"sourceSize":{"w":90,"h":41},"spriteSourceSize":{"x":0,"y":0,"w":90,"h":41},"frame":{"x":906,"y":556,"w":90,"h":41}},{"filename":"buttons/green","rotated":false,"trimmed":false,"sourceSize":{"w":119,"h":41},"spriteSourceSize":{"x":0,"y":0,"w":119,"h":41},"frame":{"x":891,"y":600,"w":119,"h":41}},{"filename":"texts/mission","rotated":false,"trimmed":false,"sourceSize":{"w":107,"h":28},"spriteSourceSize":{"x":0,"y":0,"w":107,"h":28},"frame":{"x":900,"y":644,"w":107,"h":28}},{"filename":"daily-challenge/title-panel","rotated":false,"trimmed":false,"sourceSize":{"w":141,"h":35},"spriteSourceSize":{"x":0,"y":0,"w":141,"h":35},"frame":{"x":650,"y":698,"w":141,"h":35}},{"filename":"texts/setting","rotated":false,"trimmed":false,"sourceSize":{"w":143,"h":30},"spriteSourceSize":{"x":0,"y":0,"w":143,"h":30},"frame":{"x":794,"y":698,"w":143,"h":30}},{"filename":"texts/congratulations","rotated":false,"trimmed":false,"sourceSize":{"w":137,"h":26},"spriteSourceSize":{"x":0,"y":0,"w":137,"h":26},"frame":{"x":650,"y":736,"w":137,"h":26}},{"filename":"texts/refill-lives","rotated":false,"trimmed":false,"sourceSize":{"w":121,"h":36},"spriteSourceSize":{"x":0,"y":0,"w":121,"h":36},"frame":{"x":629,"y":765,"w":121,"h":36}},{"filename":"bg-streak","rotated":false,"trimmed":true,"sourceSize":{"w":106,"h":44},"spriteSourceSize":{"x":0,"y":4,"w":106,"h":40},"frame":{"x":638,"y":804,"w":106,"h":40}},{"filename":"leaderboards/bg-item-0","rotated":false,"trimmed":false,"sourceSize":{"w":116,"h":23},"spriteSourceSize":{"x":0,"y":0,"w":116,"h":23},"frame":{"x":638,"y":847,"w":116,"h":23}},{"filename":"texts/play-with","rotated":false,"trimmed":false,"sourceSize":{"w":125,"h":17},"spriteSourceSize":{"x":0,"y":0,"w":125,"h":17},"frame":{"x":794,"y":731,"w":125,"h":17}},{"filename":"texts/text-tutorial","rotated":false,"trimmed":false,"sourceSize":{"w":121,"h":21},"spriteSourceSize":{"x":0,"y":0,"w":121,"h":21},"frame":{"x":790,"y":751,"w":121,"h":21}},{"filename":"leaderboards/bg-item-1","rotated":false,"trimmed":false,"sourceSize":{"w":116,"h":23},"spriteSourceSize":{"x":0,"y":0,"w":116,"h":23},"frame":{"x":642,"y":873,"w":116,"h":23}},{"filename":"texts/start-over","rotated":false,"trimmed":false,"sourceSize":{"w":114,"h":19},"spriteSourceSize":{"x":0,"y":0,"w":114,"h":19},"frame":{"x":642,"y":899,"w":114,"h":19}},{"filename":"texts/draw","rotated":false,"trimmed":false,"sourceSize":{"w":109,"h":22},"spriteSourceSize":{"x":0,"y":0,"w":109,"h":22},"frame":{"x":642,"y":921,"w":109,"h":22}},{"filename":"avatar/border-challenge","rotated":false,"trimmed":false,"sourceSize":{"w":60,"h":59},"spriteSourceSize":{"x":0,"y":0,"w":60,"h":59},"frame":{"x":678,"y":946,"w":60,"h":59}},{"filename":"score-panel-dark","rotated":false,"trimmed":false,"sourceSize":{"w":94,"h":26},"spriteSourceSize":{"x":0,"y":0,"w":94,"h":26},"frame":{"x":753,"y":775,"w":94,"h":26}},{"filename":"buttons/dark-blue-small","rotated":false,"trimmed":false,"sourceSize":{"w":89,"h":37},"spriteSourceSize":{"x":0,"y":0,"w":89,"h":37},"frame":{"x":747,"y":804,"w":89,"h":37}},{"filename":"texts/start","rotated":false,"trimmed":false,"sourceSize":{"w":91,"h":20},"spriteSourceSize":{"x":0,"y":0,"w":91,"h":20},"frame":{"x":757,"y":844,"w":91,"h":20}},{"filename":"ui-ngang/text-score","rotated":false,"trimmed":false,"sourceSize":{"w":89,"h":19},"spriteSourceSize":{"x":0,"y":0,"w":89,"h":19},"frame":{"x":761,"y":867,"w":89,"h":19}},{"filename":"texts/text-journey","rotated":false,"trimmed":false,"sourceSize":{"w":85,"h":18},"spriteSourceSize":{"x":0,"y":0,"w":85,"h":18},"frame":{"x":761,"y":889,"w":85,"h":18}},{"filename":"buttons/skip","rotated":false,"trimmed":false,"sourceSize":{"w":60,"h":36},"spriteSourceSize":{"x":0,"y":0,"w":60,"h":36},"frame":{"x":850,"y":775,"w":60,"h":36}},{"filename":"buttons/toggle-off","rotated":false,"trimmed":false,"sourceSize":{"w":67,"h":23},"spriteSourceSize":{"x":0,"y":0,"w":67,"h":23},"frame":{"x":839,"y":814,"w":67,"h":23}},{"filename":"texts/play","rotated":false,"trimmed":false,"sourceSize":{"w":73,"h":18},"spriteSourceSize":{"x":0,"y":0,"w":73,"h":18},"frame":{"x":759,"y":910,"w":73,"h":18}},{"filename":"buttons/minor","rotated":false,"trimmed":false,"sourceSize":{"w":41,"h":36},"spriteSourceSize":{"x":0,"y":0,"w":41,"h":36},"frame":{"x":968,"y":74,"w":41,"h":36}},{"filename":"buttons/toggle-on","rotated":false,"trimmed":false,"sourceSize":{"w":67,"h":23},"spriteSourceSize":{"x":0,"y":0,"w":67,"h":23},"frame":{"x":851,"y":840,"w":67,"h":23}},{"filename":"texts/friends-disable","rotated":false,"trimmed":false,"sourceSize":{"w":64,"h":14},"spriteSourceSize":{"x":0,"y":0,"w":64,"h":14},"frame":{"x":853,"y":866,"w":64,"h":14}},{"filename":"icons/crown-big","rotated":false,"trimmed":false,"sourceSize":{"w":37,"h":35},"spriteSourceSize":{"x":0,"y":0,"w":37,"h":35},"frame":{"x":968,"y":113,"w":37,"h":35}},{"filename":"avatar/background","rotated":false,"trimmed":false,"sourceSize":{"w":53,"h":54},"spriteSourceSize":{"x":0,"y":0,"w":53,"h":54},"frame":{"x":957,"y":675,"w":53,"h":54}},{"filename":"bg/level-playing","rotated":false,"trimmed":false,"sourceSize":{"w":57,"h":47},"spriteSourceSize":{"x":0,"y":0,"w":57,"h":47},"frame":{"x":754,"y":931,"w":57,"h":47}},{"filename":"best-score-frame","rotated":false,"trimmed":false,"sourceSize":{"w":56,"h":76},"spriteSourceSize":{"x":0,"y":0,"w":56,"h":76},"frame":{"x":814,"y":931,"w":56,"h":76}},{"filename":"leaderboards/tab-off","rotated":false,"trimmed":false,"sourceSize":{"w":57,"h":18},"spriteSourceSize":{"x":0,"y":0,"w":57,"h":18},"frame":{"x":835,"y":910,"w":57,"h":18}},{"filename":"leaderboards/tab-on","rotated":false,"trimmed":false,"sourceSize":{"w":57,"h":18},"spriteSourceSize":{"x":0,"y":0,"w":57,"h":18},"frame":{"x":849,"y":889,"w":57,"h":18}},{"filename":"bg/level-locked","rotated":false,"trimmed":false,"sourceSize":{"w":51,"h":42},"spriteSourceSize":{"x":0,"y":0,"w":51,"h":42},"frame":{"x":873,"y":931,"w":51,"h":42}},{"filename":"icons/dot","rotated":false,"trimmed":false,"sourceSize":{"w":34,"h":35},"spriteSourceSize":{"x":0,"y":0,"w":34,"h":35},"frame":{"x":873,"y":976,"w":34,"h":35}},{"filename":"texts/yes","rotated":false,"trimmed":false,"sourceSize":{"w":37,"h":18},"spriteSourceSize":{"x":0,"y":0,"w":37,"h":18},"frame":{"x":895,"y":910,"w":37,"h":18}},{"filename":"bg/level-played","rotated":false,"trimmed":false,"sourceSize":{"w":50,"h":41},"spriteSourceSize":{"x":0,"y":0,"w":50,"h":41},"frame":{"x":940,"y":246,"w":50,"h":41}},{"filename":"texts/off","rotated":false,"trimmed":false,"sourceSize":{"w":56,"h":13},"spriteSourceSize":{"x":0,"y":0,"w":56,"h":13},"frame":{"x":933,"y":290,"w":56,"h":13}},{"filename":"texts/no","rotated":false,"trimmed":false,"sourceSize":{"w":45,"h":22},"spriteSourceSize":{"x":0,"y":0,"w":45,"h":22},"frame":{"x":966,"y":306,"w":45,"h":22}},{"filename":"buttons/challenge_light","rotated":false,"trimmed":false,"sourceSize":{"w":44,"h":33},"spriteSourceSize":{"x":0,"y":0,"w":44,"h":33},"frame":{"x":966,"y":331,"w":44,"h":33}},{"filename":"icons/rank","rotated":false,"trimmed":false,"sourceSize":{"w":26,"h":25},"spriteSourceSize":{"x":0,"y":0,"w":26,"h":25},"frame":{"x":966,"y":367,"w":26,"h":25}},{"filename":"icons/share-blue","rotated":false,"trimmed":false,"sourceSize":{"w":16,"h":22},"spriteSourceSize":{"x":0,"y":0,"w":16,"h":22},"frame":{"x":995,"y":367,"w":16,"h":22}},{"filename":"buttons/close","rotated":false,"trimmed":false,"sourceSize":{"w":26,"h":26},"spriteSourceSize":{"x":0,"y":0,"w":26,"h":26},"frame":{"x":985,"y":395,"w":26,"h":26}},{"filename":"text-target-panel","rotated":false,"trimmed":false,"sourceSize":{"w":49,"h":23},"spriteSourceSize":{"x":0,"y":0,"w":49,"h":23},"frame":{"x":741,"y":981,"w":49,"h":23}},{"filename":"icons/share","rotated":false,"trimmed":false,"sourceSize":{"w":18,"h":24},"spriteSourceSize":{"x":0,"y":0,"w":18,"h":24},"frame":{"x":793,"y":981,"w":18,"h":24}},{"filename":"icons/vibrate","rotated":false,"trimmed":false,"sourceSize":{"w":31,"h":37},"spriteSourceSize":{"x":0,"y":0,"w":31,"h":37},"frame":{"x":978,"y":151,"w":31,"h":37}},{"filename":"icons/music","rotated":false,"trimmed":false,"sourceSize":{"w":28,"h":31},"spriteSourceSize":{"x":0,"y":0,"w":28,"h":31},"frame":{"x":978,"y":191,"w":28,"h":31}},{"filename":"icons/check","rotated":false,"trimmed":false,"sourceSize":{"w":22,"h":18},"spriteSourceSize":{"x":0,"y":0,"w":22,"h":18},"frame":{"x":978,"y":225,"w":22,"h":18}},{"filename":"icons/retry","rotated":false,"trimmed":false,"sourceSize":{"w":25,"h":27},"spriteSourceSize":{"x":0,"y":0,"w":25,"h":27},"frame":{"x":985,"y":424,"w":25,"h":27}},{"filename":"icons/play-green","rotated":false,"trimmed":false,"sourceSize":{"w":24,"h":24},"spriteSourceSize":{"x":0,"y":0,"w":24,"h":24},"frame":{"x":909,"y":883,"w":24,"h":24}},{"filename":"icons/icon-daily","rotated":false,"trimmed":false,"sourceSize":{"w":34,"h":34},"spriteSourceSize":{"x":0,"y":0,"w":34,"h":34},"frame":{"x":910,"y":976,"w":34,"h":34}},{"filename":"texts/play-with-blue","rotated":false,"trimmed":false,"sourceSize":{"w":58,"h":9},"spriteSourceSize":{"x":0,"y":0,"w":58,"h":9},"frame":{"x":947,"y":732,"w":58,"h":9}},{"filename":"ui-ngang/text-mission","rotated":false,"trimmed":false,"sourceSize":{"w":56,"h":16},"spriteSourceSize":{"x":0,"y":0,"w":56,"h":16},"frame":{"x":947,"y":744,"w":56,"h":16}},{"filename":"icons/battle","rotated":false,"trimmed":false,"sourceSize":{"w":22,"h":21},"spriteSourceSize":{"x":0,"y":0,"w":22,"h":21},"frame":{"x":922,"y":731,"w":22,"h":21}},{"filename":"icons/sword-blue","rotated":false,"trimmed":false,"sourceSize":{"w":18,"h":16},"spriteSourceSize":{"x":0,"y":0,"w":18,"h":16},"frame":{"x":993,"y":246,"w":18,"h":16}},{"filename":"texts/vs","rotated":false,"trimmed":false,"sourceSize":{"w":24,"h":14},"spriteSourceSize":{"x":0,"y":0,"w":24,"h":14},"frame":{"x":642,"y":946,"w":24,"h":14}},{"filename":"buttons/share","rotated":false,"trimmed":false,"sourceSize":{"w":40,"h":29},"spriteSourceSize":{"x":0,"y":0,"w":40,"h":29},"frame":{"x":947,"y":763,"w":40,"h":29}},{"filename":"icons/plus","rotated":false,"trimmed":false,"sourceSize":{"w":21,"h":22},"spriteSourceSize":{"x":0,"y":0,"w":21,"h":22},"frame":{"x":990,"y":763,"w":21,"h":22}},{"filename":"buttons/circle-button","rotated":false,"trimmed":false,"sourceSize":{"w":21,"h":21},"spriteSourceSize":{"x":0,"y":0,"w":21,"h":21},"frame":{"x":990,"y":788,"w":21,"h":21}},{"filename":"icons/sound","rotated":false,"trimmed":false,"sourceSize":{"w":31,"h":27},"spriteSourceSize":{"x":0,"y":0,"w":31,"h":27},"frame":{"x":913,"y":775,"w":31,"h":27}},{"filename":"icons/icon-journey","rotated":false,"trimmed":false,"sourceSize":{"w":37,"h":31},"spriteSourceSize":{"x":0,"y":0,"w":37,"h":31},"frame":{"x":947,"y":795,"w":37,"h":31}},{"filename":"icons/play","rotated":false,"trimmed":false,"sourceSize":{"w":24,"h":24},"spriteSourceSize":{"x":0,"y":0,"w":24,"h":24},"frame":{"x":987,"y":812,"w":24,"h":24}},{"filename":"icons/brown-journey","rotated":false,"trimmed":false,"sourceSize":{"w":23,"h":21},"spriteSourceSize":{"x":0,"y":0,"w":23,"h":21},"frame":{"x":921,"y":805,"w":23,"h":21}},{"filename":"buttons/dot-blue","rotated":false,"trimmed":false,"sourceSize":{"w":28,"h":27},"spriteSourceSize":{"x":0,"y":0,"w":28,"h":27},"frame":{"x":921,"y":829,"w":28,"h":27}},{"filename":"buttons/dot-green","rotated":false,"trimmed":false,"sourceSize":{"w":28,"h":27},"spriteSourceSize":{"x":0,"y":0,"w":28,"h":27},"frame":{"x":952,"y":829,"w":28,"h":27}},{"filename":"icons/flat-ad","rotated":false,"trimmed":false,"sourceSize":{"w":24,"h":21},"spriteSourceSize":{"x":0,"y":0,"w":24,"h":21},"frame":{"x":921,"y":859,"w":24,"h":21}},{"filename":"icons/home","rotated":false,"trimmed":false,"sourceSize":{"w":24,"h":22},"spriteSourceSize":{"x":0,"y":0,"w":24,"h":22},"frame":{"x":948,"y":859,"w":24,"h":22}},{"filename":"icons/back","rotated":false,"trimmed":false,"sourceSize":{"w":25,"h":19},"spriteSourceSize":{"x":0,"y":0,"w":25,"h":19},"frame":{"x":983,"y":839,"w":25,"h":19}},{"filename":"texts/on","rotated":false,"trimmed":false,"sourceSize":{"w":37,"h":13},"spriteSourceSize":{"x":0,"y":0,"w":37,"h":13},"frame":{"x":936,"y":884,"w":37,"h":13}},{"filename":"icons/i-play","rotated":false,"trimmed":false,"sourceSize":{"w":16,"h":20},"spriteSourceSize":{"x":0,"y":0,"w":16,"h":20},"frame":{"x":993,"y":265,"w":16,"h":20}},{"filename":"icons/white-journey","rotated":false,"trimmed":false,"sourceSize":{"w":21,"h":20},"spriteSourceSize":{"x":0,"y":0,"w":21,"h":20},"frame":{"x":975,"y":861,"w":21,"h":20}},{"filename":"icons/replay","rotated":false,"trimmed":false,"sourceSize":{"w":20,"h":24},"spriteSourceSize":{"x":0,"y":0,"w":20,"h":24},"frame":{"x":976,"y":884,"w":20,"h":24}},{"filename":"icons/sword","rotated":false,"trimmed":false,"sourceSize":{"w":23,"h":19},"spriteSourceSize":{"x":0,"y":0,"w":23,"h":19},"frame":{"x":936,"y":900,"w":23,"h":19}},{"filename":"icons/cup-bronze","rotated":false,"trimmed":false,"sourceSize":{"w":22,"h":18},"spriteSourceSize":{"x":0,"y":0,"w":22,"h":18},"frame":{"x":935,"y":922,"w":22,"h":18}},{"filename":"icons/setting","rotated":false,"trimmed":false,"sourceSize":{"w":21,"h":21},"spriteSourceSize":{"x":0,"y":0,"w":21,"h":21},"frame":{"x":927,"y":943,"w":21,"h":21}},{"filename":"icons/clock","rotated":false,"trimmed":false,"sourceSize":{"w":17,"h":18},"spriteSourceSize":{"x":0,"y":0,"w":17,"h":18},"frame":{"x":951,"y":943,"w":17,"h":18}},{"filename":"icons/cup-gold","rotated":false,"trimmed":false,"sourceSize":{"w":22,"h":18},"spriteSourceSize":{"x":0,"y":0,"w":22,"h":18},"frame":{"x":960,"y":922,"w":22,"h":18}},{"filename":"icons/cup-silver","rotated":false,"trimmed":false,"sourceSize":{"w":22,"h":18},"spriteSourceSize":{"x":0,"y":0,"w":22,"h":18},"frame":{"x":971,"y":943,"w":22,"h":18}},{"filename":"icons/crown","rotated":false,"trimmed":false,"sourceSize":{"w":16,"h":14},"spriteSourceSize":{"x":0,"y":0,"w":16,"h":14},"frame":{"x":914,"y":755,"w":16,"h":14}}]},{"image":"default-resources-1.png","format":"RGBA8888","size":{"w":417,"h":417},"scale":0.5,"frames":[{"filename":"border-bottom-panel","rotated":false,"trimmed":false,"sourceSize":{"w":375,"h":18},"spriteSourceSize":{"x":0,"y":0,"w":375,"h":18},"frame":{"x":2,"y":2,"w":375,"h":18}},{"filename":"texts/out-of-live","rotated":false,"trimmed":false,"sourceSize":{"w":272,"h":21},"spriteSourceSize":{"x":0,"y":0,"w":272,"h":21},"frame":{"x":2,"y":23,"w":272,"h":21}},{"filename":"texts/target-score","rotated":false,"trimmed":false,"sourceSize":{"w":133,"h":18},"spriteSourceSize":{"x":0,"y":0,"w":133,"h":18},"frame":{"x":277,"y":23,"w":133,"h":18}},{"filename":"texts/text-ranking","rotated":false,"trimmed":false,"sourceSize":{"w":130,"h":16},"spriteSourceSize":{"x":0,"y":0,"w":130,"h":16},"frame":{"x":277,"y":44,"w":130,"h":16}},{"filename":"daily-challenge/top-panel","rotated":false,"trimmed":false,"sourceSize":{"w":261,"h":15},"spriteSourceSize":{"x":0,"y":0,"w":261,"h":15},"frame":{"x":2,"y":47,"w":261,"h":15}},{"filename":"texts/lose","rotated":false,"trimmed":false,"sourceSize":{"w":148,"h":23},"spriteSourceSize":{"x":0,"y":0,"w":148,"h":23},"frame":{"x":266,"y":63,"w":148,"h":23}},{"filename":"texts/waiting-for-opponent","rotated":false,"trimmed":false,"sourceSize":{"w":260,"h":20},"spriteSourceSize":{"x":0,"y":0,"w":260,"h":20},"frame":{"x":2,"y":65,"w":260,"h":20}},{"filename":"border-daily","rotated":false,"trimmed":false,"sourceSize":{"w":259,"h":26},"spriteSourceSize":{"x":0,"y":0,"w":259,"h":26},"frame":{"x":2,"y":88,"w":259,"h":26}},{"filename":"wood-panel","rotated":false,"trimmed":false,"sourceSize":{"w":151,"h":28},"spriteSourceSize":{"x":0,"y":0,"w":151,"h":28},"frame":{"x":264,"y":89,"w":151,"h":28}},{"filename":"daily-challenge/bg-item-dark","rotated":false,"trimmed":false,"sourceSize":{"w":254,"h":41},"spriteSourceSize":{"x":0,"y":0,"w":254,"h":41},"frame":{"x":2,"y":117,"w":254,"h":41}},{"filename":"texts/win","rotated":false,"trimmed":false,"sourceSize":{"w":152,"h":23},"spriteSourceSize":{"x":0,"y":0,"w":152,"h":23},"frame":{"x":259,"y":120,"w":152,"h":23}},{"filename":"texts/level-failed","rotated":false,"trimmed":false,"sourceSize":{"w":144,"h":18},"spriteSourceSize":{"x":0,"y":0,"w":144,"h":18},"frame":{"x":259,"y":146,"w":144,"h":18}},{"filename":"daily-challenge/bg-item-light","rotated":false,"trimmed":false,"sourceSize":{"w":254,"h":41},"spriteSourceSize":{"x":0,"y":0,"w":254,"h":41},"frame":{"x":2,"y":161,"w":254,"h":41}},{"filename":"texts/no-thank","rotated":false,"trimmed":false,"sourceSize":{"w":118,"h":16},"spriteSourceSize":{"x":0,"y":0,"w":118,"h":16},"frame":{"x":259,"y":167,"w":118,"h":16}},{"filename":"ui-ngang/text-next-block","rotated":false,"trimmed":false,"sourceSize":{"w":117,"h":15},"spriteSourceSize":{"x":0,"y":0,"w":117,"h":15},"frame":{"x":259,"y":186,"w":117,"h":15}},{"filename":"texts/continue","rotated":false,"trimmed":false,"sourceSize":{"w":106,"h":15},"spriteSourceSize":{"x":0,"y":0,"w":106,"h":15},"frame":{"x":259,"y":204,"w":106,"h":15}},{"filename":"texts/keep-playing","rotated":false,"trimmed":false,"sourceSize":{"w":254,"h":21},"spriteSourceSize":{"x":0,"y":0,"w":254,"h":21},"frame":{"x":2,"y":205,"w":254,"h":21}},{"filename":"texts/collect","rotated":false,"trimmed":false,"sourceSize":{"w":103,"h":15},"spriteSourceSize":{"x":0,"y":0,"w":103,"h":15},"frame":{"x":259,"y":222,"w":103,"h":15}},{"filename":"texts/your-score","rotated":false,"trimmed":false,"sourceSize":{"w":231,"h":30},"spriteSourceSize":{"x":0,"y":0,"w":231,"h":30},"frame":{"x":2,"y":229,"w":231,"h":30}},{"filename":"texts/result","rotated":false,"trimmed":false,"sourceSize":{"w":165,"h":23},"spriteSourceSize":{"x":0,"y":0,"w":165,"h":23},"frame":{"x":236,"y":240,"w":165,"h":23}},{"filename":"texts/daily-challenge","rotated":false,"trimmed":false,"sourceSize":{"w":223,"h":28},"spriteSourceSize":{"x":0,"y":0,"w":223,"h":28},"frame":{"x":2,"y":262,"w":223,"h":28}},{"filename":"texts/play-single","rotated":false,"trimmed":false,"sourceSize":{"w":181,"h":18},"spriteSourceSize":{"x":0,"y":0,"w":181,"h":18},"frame":{"x":228,"y":266,"w":181,"h":18}},{"filename":"texts/text-next-level","rotated":false,"trimmed":false,"sourceSize":{"w":164,"h":21},"spriteSourceSize":{"x":0,"y":0,"w":164,"h":21},"frame":{"x":228,"y":287,"w":164,"h":21}},{"filename":"popup/top-dark","rotated":false,"trimmed":false,"sourceSize":{"w":216,"h":45},"spriteSourceSize":{"x":0,"y":0,"w":216,"h":45},"frame":{"x":2,"y":293,"w":216,"h":45}},{"filename":"popup/top","rotated":false,"trimmed":false,"sourceSize":{"w":216,"h":45},"spriteSourceSize":{"x":0,"y":0,"w":216,"h":45},"frame":{"x":2,"y":341,"w":216,"h":45}},{"filename":"texts/first-milestone","rotated":false,"trimmed":false,"sourceSize":{"w":212,"h":21},"spriteSourceSize":{"x":0,"y":0,"w":212,"h":21},"frame":{"x":2,"y":389,"w":212,"h":21}},{"filename":"texts/invite-friends","rotated":false,"trimmed":false,"sourceSize":{"w":198,"h":17},"spriteSourceSize":{"x":0,"y":0,"w":198,"h":17},"frame":{"x":217,"y":389,"w":198,"h":17}},{"filename":"texts/replay","rotated":false,"trimmed":false,"sourceSize":{"w":82,"h":16},"spriteSourceSize":{"x":0,"y":0,"w":82,"h":16},"frame":{"x":221,"y":311,"w":82,"h":16}},{"filename":"texts/text-share","rotated":false,"trimmed":false,"sourceSize":{"w":91,"h":14},"spriteSourceSize":{"x":0,"y":0,"w":91,"h":14},"frame":{"x":306,"y":311,"w":91,"h":14}},{"filename":"texts/text-retry","rotated":false,"trimmed":false,"sourceSize":{"w":78,"h":15},"spriteSourceSize":{"x":0,"y":0,"w":78,"h":15},"frame":{"x":306,"y":328,"w":78,"h":15}},{"filename":"texts/friends","rotated":false,"trimmed":false,"sourceSize":{"w":64,"h":14},"spriteSourceSize":{"x":0,"y":0,"w":64,"h":14},"frame":{"x":221,"y":330,"w":64,"h":14}},{"filename":"texts/world-disable","rotated":false,"trimmed":false,"sourceSize":{"w":59,"h":14},"spriteSourceSize":{"x":0,"y":0,"w":59,"h":14},"frame":{"x":221,"y":347,"w":59,"h":14}},{"filename":"texts/world","rotated":false,"trimmed":false,"sourceSize":{"w":59,"h":14},"spriteSourceSize":{"x":0,"y":0,"w":59,"h":14},"frame":{"x":221,"y":364,"w":59,"h":14}}]}],"meta":{"app":"https://www.codeandweb.com/texturepacker","version":"3.0","smartupdate":"$TexturePacker:SmartUpdate:1a50ea91f73c3accc5a03a66cf6243f2:2e7734f5401c64878163861341324112:38a69b481ce127014b0b7fd232b2e3f4$"}}