<?xml version="1.0" encoding="UTF-8"?><font><info face="MyriadPro-Bold" size="72" bold="0" italic="0" charset="" unicode="1" stretchH="100" smooth="1" aa="1" padding="1,1,1,1" spacing="1,1"/><common lineHeight="72" base="54" scaleW="877" scaleH="877" pages="1" packed="0"/><pages><page id="0" file="primary-light.png"/></pages><chars count="209"><char id="32" x="0" y="0" width="0" height="0" xoffset="0" yoffset="0" xadvance="15" page="0" chnl="15"/><char id="33" x="247" y="702" width="17" height="56" xoffset="1" yoffset="4" xadvance="20" page="0" chnl="15"/><char id="34" x="749" y="815" width="27" height="25" xoffset="1" yoffset="4" xadvance="29" page="0" chnl="15"/><char id="35" x="765" y="759" width="38" height="53" xoffset="1" yoffset="6" xadvance="40" page="0" chnl="15"/><char id="36" x="726" y="448" width="36" height="64" xoffset="2" yoffset="1" xadvance="40" page="0" chnl="15"/><char id="37" x="552" y="702" width="63" height="55" xoffset="0" yoffset="5" xadvance="64" page="0" chnl="15"/><char id="38" x="637" y="643" width="50" height="56" xoffset="0" yoffset="4" xadvance="49" page="0" chnl="15"/><char id="39" x="734" y="815" width="14" height="27" xoffset="0" yoffset="3" xadvance="15" page="0" chnl="15"/><char id="40" x="685" y="448" width="20" height="64" xoffset="2" yoffset="3" xadvance="23" page="0" chnl="15"/><char id="41" x="706" y="448" width="19" height="64" xoffset="1" yoffset="3" xadvance="23" page="0" chnl="15"/><char id="42" x="637" y="815" width="33" height="34" xoffset="0" yoffset="4" xadvance="33" page="0" chnl="15"/><char id="43" x="832" y="759" width="41" height="44" xoffset="1" yoffset="15" xadvance="43" page="0" chnl="15"/><char id="44" x="713" y="815" width="20" height="28" xoffset="-2" yoffset="40" xadvance="19" page="0" chnl="15"/><char id="45" x="837" y="214" width="23" height="14" xoffset="0" yoffset="30" xadvance="24" page="0" chnl="15"/><char id="46" x="842" y="56" width="18" height="20" xoffset="1" yoffset="40" xadvance="19" page="0" chnl="15"/><char id="47" x="572" y="580" width="27" height="59" xoffset="-1" yoffset="3" xadvance="24" page="0" chnl="15"/><char id="48" x="350" y="702" width="40" height="55" xoffset="0" yoffset="5" xadvance="40" page="0" chnl="15"/><char id="49" x="841" y="702" width="26" height="53" xoffset="4" yoffset="6" xadvance="40" page="0" chnl="15"/><char id="50" x="552" y="759" width="37" height="54" xoffset="1" yoffset="5" xadvance="40" page="0" chnl="15"/><char id="51" x="391" y="702" width="37" height="55" xoffset="1" yoffset="5" xadvance="40" page="0" chnl="15"/><char id="52" x="686" y="759" width="40" height="53" xoffset="0" yoffset="6" xadvance="40" page="0" chnl="15"/><char id="53" x="590" y="759" width="37" height="54" xoffset="1" yoffset="6" xadvance="40" page="0" chnl="15"/><char id="54" x="429" y="702" width="40" height="55" xoffset="0" yoffset="5" xadvance="40" page="0" chnl="15"/><char id="55" x="727" y="759" width="37" height="53" xoffset="2" yoffset="6" xadvance="40" page="0" chnl="15"/><char id="56" x="470" y="702" width="40" height="55" xoffset="0" yoffset="5" xadvance="40" page="0" chnl="15"/><char id="57" x="511" y="702" width="40" height="55" xoffset="0" yoffset="5" xadvance="40" page="0" chnl="15"/><char id="58" x="122" y="815" width="16" height="43" xoffset="2" yoffset="17" xadvance="19" page="0" chnl="15"/><char id="61" x="671" y="815" width="41" height="28" xoffset="1" yoffset="23" xadvance="43" page="0" chnl="15"/><char id="63" x="265" y="702" width="30" height="56" xoffset="1" yoffset="4" xadvance="33" page="0" chnl="15"/><char id="64" x="584" y="643" width="52" height="56" xoffset="2" yoffset="10" xadvance="56" page="0" chnl="15"/><char id="65" x="616" y="702" width="49" height="55" xoffset="-1" yoffset="4" xadvance="48" page="0" chnl="15"/><char id="66" x="688" y="643" width="40" height="56" xoffset="3" yoffset="4" xadvance="44" page="0" chnl="15"/><char id="67" x="729" y="643" width="42" height="56" xoffset="1" yoffset="4" xadvance="43" page="0" chnl="15"/><char id="68" x="772" y="643" width="47" height="56" xoffset="3" yoffset="4" xadvance="51" page="0" chnl="15"/><char id="69" x="842" y="0" width="35" height="55" xoffset="3" yoffset="4" xadvance="39" page="0" chnl="15"/><char id="70" x="666" y="702" width="33" height="55" xoffset="3" yoffset="4" xadvance="38" page="0" chnl="15"/><char id="71" x="820" y="643" width="46" height="56" xoffset="1" yoffset="4" xadvance="50" page="0" chnl="15"/><char id="72" x="700" y="702" width="44" height="55" xoffset="3" yoffset="4" xadvance="50" page="0" chnl="15"/><char id="73" x="745" y="702" width="16" height="55" xoffset="2" yoffset="4" xadvance="21" page="0" chnl="15"/><char id="74" x="0" y="702" width="29" height="56" xoffset="-2" yoffset="4" xadvance="30" page="0" chnl="15"/><char id="75" x="762" y="702" width="43" height="55" xoffset="3" yoffset="4" xadvance="45" page="0" chnl="15"/><char id="76" x="806" y="702" width="34" height="55" xoffset="3" yoffset="4" xadvance="37" page="0" chnl="15"/><char id="77" x="0" y="759" width="57" height="55" xoffset="2" yoffset="4" xadvance="61" page="0" chnl="15"/><char id="78" x="58" y="759" width="44" height="55" xoffset="3" yoffset="4" xadvance="50" page="0" chnl="15"/><char id="79" x="30" y="702" width="50" height="56" xoffset="1" yoffset="4" xadvance="52" page="0" chnl="15"/><char id="80" x="103" y="759" width="39" height="55" xoffset="3" yoffset="4" xadvance="42" page="0" chnl="15"/><char id="81" x="827" y="448" width="50" height="63" xoffset="1" yoffset="4" xadvance="52" page="0" chnl="15"/><char id="82" x="143" y="759" width="40" height="55" xoffset="3" yoffset="4" xadvance="43" page="0" chnl="15"/><char id="83" x="81" y="702" width="37" height="56" xoffset="1" yoffset="4" xadvance="39" page="0" chnl="15"/><char id="84" x="184" y="759" width="41" height="55" xoffset="-1" yoffset="4" xadvance="40" page="0" chnl="15"/><char id="85" x="119" y="702" width="43" height="56" xoffset="3" yoffset="4" xadvance="50" page="0" chnl="15"/><char id="86" x="226" y="759" width="48" height="55" xoffset="-1" yoffset="4" xadvance="46" page="0" chnl="15"/><char id="87" x="275" y="759" width="66" height="55" xoffset="-1" yoffset="4" xadvance="64" page="0" chnl="15"/><char id="88" x="342" y="759" width="46" height="55" xoffset="-1" yoffset="4" xadvance="45" page="0" chnl="15"/><char id="89" x="389" y="759" width="46" height="55" xoffset="-1" yoffset="4" xadvance="44" page="0" chnl="15"/><char id="90" x="436" y="759" width="41" height="55" xoffset="0" yoffset="4" xadvance="42" page="0" chnl="15"/><char id="92" x="600" y="580" width="26" height="59" xoffset="-1" yoffset="3" xadvance="24" page="0" chnl="15"/><char id="93" x="470" y="515" width="19" height="63" xoffset="1" yoffset="4" xadvance="23" page="0" chnl="15"/><char id="94" x="595" y="815" width="41" height="40" xoffset="1" yoffset="6" xadvance="43" page="0" chnl="15"/><char id="95" x="822" y="145" width="40" height="10" xoffset="-2" yoffset="58" xadvance="37" page="0" chnl="15"/><char id="97" x="841" y="515" width="36" height="43" xoffset="0" yoffset="17" xadvance="39" page="0" chnl="15"/><char id="98" x="764" y="580" width="41" height="58" xoffset="2" yoffset="2" xadvance="44" page="0" chnl="15"/><char id="99" x="139" y="815" width="33" height="43" xoffset="0" yoffset="17" xadvance="33" page="0" chnl="15"/><char id="100" x="806" y="580" width="41" height="58" xoffset="0" yoffset="2" xadvance="43" page="0" chnl="15"/><char id="101" x="173" y="815" width="38" height="43" xoffset="0" yoffset="17" xadvance="39" page="0" chnl="15"/><char id="102" x="848" y="580" width="29" height="58" xoffset="-1" yoffset="1" xadvance="25" page="0" chnl="15"/><char id="103" x="837" y="156" width="40" height="57" xoffset="0" yoffset="17" xadvance="43" page="0" chnl="15"/><char id="104" x="156" y="643" width="38" height="57" xoffset="2" yoffset="2" xadvance="43" page="0" chnl="15"/><char id="105" x="195" y="643" width="16" height="57" xoffset="2" yoffset="2" xadvance="20" page="0" chnl="15"/><char id="106" x="382" y="232" width="24" height="72" xoffset="-5" yoffset="2" xadvance="21" page="0" chnl="15"/><char id="107" x="837" y="229" width="40" height="57" xoffset="2" yoffset="2" xadvance="40" page="0" chnl="15"/><char id="108" x="0" y="643" width="16" height="58" xoffset="2" yoffset="1" xadvance="20" page="0" chnl="15"/><char id="109" x="254" y="815" width="58" height="42" xoffset="2" yoffset="17" xadvance="62" page="0" chnl="15"/><char id="110" x="313" y="815" width="38" height="42" xoffset="2" yoffset="17" xadvance="43" page="0" chnl="15"/><char id="111" x="212" y="815" width="41" height="43" xoffset="0" yoffset="17" xadvance="42" page="0" chnl="15"/><char id="112" x="163" y="702" width="41" height="56" xoffset="2" yoffset="17" xadvance="44" page="0" chnl="15"/><char id="113" x="205" y="702" width="41" height="56" xoffset="0" yoffset="17" xadvance="43" page="0" chnl="15"/><char id="114" x="352" y="815" width="26" height="42" xoffset="2" yoffset="17" xadvance="28" page="0" chnl="15"/><char id="115" x="845" y="379" width="31" height="43" xoffset="0" yoffset="17" xadvance="32" page="0" chnl="15"/><char id="116" x="804" y="759" width="27" height="52" xoffset="-1" yoffset="8" xadvance="27" page="0" chnl="15"/><char id="117" x="379" y="815" width="38" height="42" xoffset="2" yoffset="18" xadvance="42" page="0" chnl="15"/><char id="118" x="418" y="815" width="41" height="41" xoffset="-1" yoffset="18" xadvance="39" page="0" chnl="15"/><char id="119" x="460" y="815" width="57" height="41" xoffset="-1" yoffset="18" xadvance="55" page="0" chnl="15"/><char id="120" x="518" y="815" width="41" height="41" xoffset="-2" yoffset="18" xadvance="38" page="0" chnl="15"/><char id="121" x="212" y="643" width="41" height="57" xoffset="-2" yoffset="18" xadvance="38" page="0" chnl="15"/><char id="122" x="560" y="815" width="34" height="41" xoffset="0" yoffset="18" xadvance="34" page="0" chnl="15"/><char id="123" x="424" y="515" width="22" height="63" xoffset="0" yoffset="4" xadvance="23" page="0" chnl="15"/><char id="124" x="0" y="0" width="12" height="78" xoffset="4" yoffset="-1" xadvance="21" page="0" chnl="15"/><char id="125" x="447" y="515" width="22" height="63" xoffset="0" yoffset="4" xadvance="23" page="0" chnl="15"/><char id="12289" x="801" y="815" width="22" height="23" xoffset="2" yoffset="45" xadvance="72" page="0" chnl="15"/><char id="12290" x="777" y="815" width="23" height="25" xoffset="2" yoffset="43" xadvance="72" page="0" chnl="15"/><char id="12354" x="422" y="379" width="69" height="66" xoffset="2" yoffset="-4" xadvance="72" page="0" chnl="15"/><char id="12356" x="392" y="643" width="66" height="57" xoffset="4" yoffset="3" xadvance="72" page="0" chnl="15"/><char id="12358" x="619" y="515" width="59" height="63" xoffset="6" yoffset="-1" xadvance="72" page="0" chnl="15"/><char id="12362" x="200" y="448" width="71" height="65" xoffset="1" yoffset="-3" xadvance="72" page="0" chnl="15"/><char id="12363" x="400" y="448" width="73" height="65" xoffset="0" yoffset="-4" xadvance="72" page="0" chnl="15"/><char id="12364" x="685" y="232" width="74" height="71" xoffset="0" yoffset="-9" xadvance="72" page="0" chnl="15"/><char id="12365" x="356" y="379" width="65" height="66" xoffset="4" yoffset="-4" xadvance="72" page="0" chnl="15"/><char id="12367" x="122" y="379" width="49" height="68" xoffset="11" yoffset="-5" xadvance="72" page="0" chnl="15"/><char id="12371" x="94" y="643" width="61" height="58" xoffset="7" yoffset="2" xadvance="72" page="0" chnl="15"/><char id="12372" x="794" y="306" width="72" height="68" xoffset="2" yoffset="-8" xadvance="72" page="0" chnl="15"/><char id="12373" x="272" y="448" width="66" height="65" xoffset="5" yoffset="-4" xadvance="72" page="0" chnl="15"/><char id="12375" x="364" y="515" width="59" height="64" xoffset="11" yoffset="-2" xadvance="72" page="0" chnl="15"/><char id="12377" x="130" y="448" width="69" height="65" xoffset="3" yoffset="-4" xadvance="72" page="0" chnl="15"/><char id="12379" x="148" y="515" width="71" height="64" xoffset="1" yoffset="-3" xadvance="72" page="0" chnl="15"/><char id="12383" x="562" y="379" width="68" height="66" xoffset="2" yoffset="-4" xadvance="72" page="0" chnl="15"/><char id="12384" x="530" y="306" width="68" height="70" xoffset="2" yoffset="-8" xadvance="72" page="0" chnl="15"/><char id="12387" x="64" y="815" width="57" height="46" xoffset="5" yoffset="14" xadvance="72" page="0" chnl="15"/><char id="12390" x="696" y="580" width="67" height="59" xoffset="2" yoffset="2" xadvance="72" page="0" chnl="15"/><char id="12391" x="627" y="580" width="68" height="59" xoffset="1" yoffset="2" xadvance="72" page="0" chnl="15"/><char id="12392" x="339" y="448" width="60" height="65" xoffset="8" yoffset="-4" xadvance="72" page="0" chnl="15"/><char id="12393" x="172" y="379" width="63" height="68" xoffset="8" yoffset="-7" xadvance="72" page="0" chnl="15"/><char id="12394" x="631" y="379" width="71" height="66" xoffset="1" yoffset="-3" xadvance="72" page="0" chnl="15"/><char id="12395" x="679" y="515" width="62" height="63" xoffset="6" yoffset="-2" xadvance="72" page="0" chnl="15"/><char id="12398" x="428" y="580" width="71" height="60" xoffset="1" yoffset="1" xadvance="72" page="0" chnl="15"/><char id="12399" x="79" y="515" width="68" height="64" xoffset="5" yoffset="-3" xadvance="72" page="0" chnl="15"/><char id="12413" x="458" y="306" width="71" height="70" xoffset="3" yoffset="-9" xadvance="72" page="0" chnl="15"/><char id="12414" x="63" y="448" width="66" height="65" xoffset="4" yoffset="-3" xadvance="72" page="0" chnl="15"/><char id="12415" x="146" y="580" width="73" height="62" xoffset="0" yoffset="0" xadvance="72" page="0" chnl="15"/><char id="12417" x="613" y="448" width="71" height="65" xoffset="0" yoffset="-3" xadvance="72" page="0" chnl="15"/><char id="12418" x="474" y="448" width="66" height="65" xoffset="3" yoffset="-3" xadvance="72" page="0" chnl="15"/><char id="12420" x="771" y="379" width="73" height="66" xoffset="-1" yoffset="-4" xadvance="72" page="0" chnl="15"/><char id="12423" x="296" y="702" width="53" height="56" xoffset="8" yoffset="6" xadvance="72" page="0" chnl="15"/><char id="12424" x="289" y="379" width="66" height="67" xoffset="4" yoffset="-5" xadvance="72" page="0" chnl="15"/><char id="12425" x="0" y="448" width="62" height="66" xoffset="6" yoffset="-4" xadvance="72" page="0" chnl="15"/><char id="12426" x="236" y="379" width="52" height="67" xoffset="11" yoffset="-4" xadvance="72" page="0" chnl="15"/><char id="12427" x="490" y="515" width="64" height="63" xoffset="3" yoffset="-1" xadvance="72" page="0" chnl="15"/><char id="12429" x="742" y="515" width="64" height="63" xoffset="3" yoffset="-1" xadvance="72" page="0" chnl="15"/><char id="12434" x="492" y="379" width="69" height="66" xoffset="1" yoffset="-4" xadvance="72" page="0" chnl="15"/><char id="12435" x="220" y="515" width="71" height="64" xoffset="1" yoffset="-3" xadvance="72" page="0" chnl="15"/><char id="12450" x="295" y="580" width="70" height="62" xoffset="3" yoffset="0" xadvance="72" page="0" chnl="15"/><char id="12452" x="703" y="379" width="67" height="66" xoffset="1" yoffset="-4" xadvance="72" page="0" chnl="15"/><char id="12456" x="478" y="759" width="73" height="55" xoffset="-1" yoffset="3" xadvance="72" page="0" chnl="15"/><char id="12461" x="668" y="306" width="73" height="68" xoffset="0" yoffset="-5" xadvance="72" page="0" chnl="15"/><char id="12463" x="52" y="379" width="69" height="68" xoffset="1" yoffset="-5" xadvance="72" page="0" chnl="15"/><char id="12467" x="459" y="643" width="61" height="57" xoffset="4" yoffset="2" xadvance="72" page="0" chnl="15"/><char id="12473" x="220" y="580" width="74" height="62" xoffset="-1" yoffset="0" xadvance="72" page="0" chnl="15"/><char id="12475" x="292" y="515" width="71" height="64" xoffset="0" yoffset="-4" xadvance="72" page="0" chnl="15"/><char id="12480" x="760" y="231" width="76" height="71" xoffset="-2" yoffset="-9" xadvance="72" page="0" chnl="15"/><char id="12481" x="541" y="448" width="71" height="65" xoffset="1" yoffset="-3" xadvance="72" page="0" chnl="15"/><char id="12483" x="628" y="759" width="57" height="54" xoffset="6" yoffset="9" xadvance="72" page="0" chnl="15"/><char id="12487" x="306" y="306" width="74" height="71" xoffset="0" yoffset="-9" xadvance="72" page="0" chnl="15"/><char id="12488" x="0" y="379" width="51" height="68" xoffset="20" yoffset="-5" xadvance="72" page="0" chnl="15"/><char id="12489" x="742" y="306" width="51" height="68" xoffset="19" yoffset="-5" xadvance="72" page="0" chnl="15"/><char id="12501" x="366" y="580" width="61" height="62" xoffset="6" yoffset="0" xadvance="72" page="0" chnl="15"/><char id="12502" x="464" y="232" width="71" height="72" xoffset="3" yoffset="-10" xadvance="72" page="0" chnl="15"/><char id="12503" x="613" y="232" width="71" height="72" xoffset="2" yoffset="-10" xadvance="72" page="0" chnl="15"/><char id="12505" x="254" y="643" width="76" height="57" xoffset="-2" yoffset="0" xadvance="72" page="0" chnl="15"/><char id="12506" x="17" y="643" width="76" height="58" xoffset="-2" yoffset="-1" xadvance="72" page="0" chnl="15"/><char id="12508" x="0" y="307" width="76" height="71" xoffset="-2" yoffset="-9" xadvance="72" page="0" chnl="15"/><char id="12509" x="536" y="232" width="76" height="72" xoffset="-2" yoffset="-10" xadvance="72" page="0" chnl="15"/><char id="12510" x="500" y="580" width="71" height="60" xoffset="2" yoffset="2" xadvance="72" page="0" chnl="15"/><char id="12515" x="331" y="643" width="60" height="57" xoffset="5" yoffset="6" xadvance="72" page="0" chnl="15"/><char id="12517" x="0" y="815" width="63" height="48" xoffset="3" yoffset="13" xadvance="72" page="0" chnl="15"/><char id="12521" x="555" y="515" width="63" height="63" xoffset="5" yoffset="-1" xadvance="72" page="0" chnl="15"/><char id="12522" x="822" y="79" width="53" height="65" xoffset="10" yoffset="-3" xadvance="72" page="0" chnl="15"/><char id="12523" x="0" y="515" width="78" height="64" xoffset="-3" yoffset="-2" xadvance="72" page="0" chnl="15"/><char id="12524" x="763" y="448" width="63" height="64" xoffset="9" yoffset="-2" xadvance="72" page="0" chnl="15"/><char id="12525" x="521" y="643" width="62" height="57" xoffset="5" yoffset="3" xadvance="72" page="0" chnl="15"/><char id="12527" x="67" y="580" width="63" height="62" xoffset="5" yoffset="0" xadvance="72" page="0" chnl="15"/><char id="12531" x="0" y="580" width="66" height="62" xoffset="5" yoffset="-1" xadvance="72" page="0" chnl="15"/><char id="12540" x="77" y="864" width="64" height="11" xoffset="4" yoffset="25" xadvance="72" page="0" chnl="15"/><char id="19968" x="0" y="864" width="76" height="13" xoffset="-2" yoffset="22" xadvance="72" page="0" chnl="15"/><char id="20013" x="698" y="0" width="66" height="76" xoffset="3" yoffset="-7" xadvance="72" page="0" chnl="15"/><char id="20102" x="599" y="306" width="68" height="69" xoffset="1" yoffset="-2" xadvance="72" page="0" chnl="15"/><char id="20107" x="380" y="156" width="75" height="75" xoffset="-1" yoffset="-7" xadvance="72" page="0" chnl="15"/><char id="20154" x="0" y="232" width="76" height="74" xoffset="-2" yoffset="-6" xadvance="72" page="0" chnl="15"/><char id="20316" x="308" y="79" width="76" height="76" xoffset="-2" yoffset="-7" xadvance="72" page="0" chnl="15"/><char id="21021" x="319" y="0" width="72" height="77" xoffset="-2" yoffset="-8" xadvance="72" page="0" chnl="15"/><char id="21040" x="229" y="156" width="73" height="75" xoffset="-2" yoffset="-7" xadvance="72" page="0" chnl="15"/><char id="21578" x="0" y="156" width="74" height="75" xoffset="-1" yoffset="-7" xadvance="72" page="0" chnl="15"/><char id="22577" x="610" y="156" width="76" height="75" xoffset="-2" yoffset="-6" xadvance="72" page="0" chnl="15"/><char id="22987" x="745" y="79" width="76" height="76" xoffset="-2" yoffset="-7" xadvance="72" page="0" chnl="15"/><char id="23436" x="166" y="0" width="75" height="77" xoffset="-1" yoffset="-8" xadvance="72" page="0" chnl="15"/><char id="23450" x="468" y="0" width="76" height="77" xoffset="-2" yoffset="-8" xadvance="72" page="0" chnl="15"/><char id="24195" x="90" y="0" width="75" height="77" xoffset="-2" yoffset="-8" xadvance="72" page="0" chnl="15"/><char id="24230" x="545" y="0" width="75" height="77" xoffset="-2" yoffset="-8" xadvance="72" page="0" chnl="15"/><char id="24403" x="538" y="79" width="67" height="76" xoffset="1" yoffset="-7" xadvance="72" page="0" chnl="15"/><char id="24471" x="0" y="79" width="76" height="76" xoffset="-2" yoffset="-7" xadvance="72" page="0" chnl="15"/><char id="24565" x="760" y="156" width="76" height="74" xoffset="-2" yoffset="-7" xadvance="72" page="0" chnl="15"/><char id="26032" x="242" y="0" width="76" height="77" xoffset="-2" yoffset="-8" xadvance="72" page="0" chnl="15"/><char id="26368" x="229" y="232" width="76" height="73" xoffset="-2" yoffset="-4" xadvance="72" page="0" chnl="15"/><char id="26412" x="462" y="79" width="75" height="76" xoffset="-2" yoffset="-7" xadvance="72" page="0" chnl="15"/><char id="27161" x="77" y="79" width="76" height="76" xoffset="-2" yoffset="-7" xadvance="72" page="0" chnl="15"/><char id="27178" x="456" y="156" width="76" height="75" xoffset="-2" yoffset="-7" xadvance="72" page="0" chnl="15"/><char id="27425" x="154" y="79" width="76" height="76" xoffset="-2" yoffset="-7" xadvance="72" page="0" chnl="15"/><char id="27531" x="75" y="156" width="76" height="75" xoffset="-2" yoffset="-7" xadvance="72" page="0" chnl="15"/><char id="29554" x="765" y="0" width="76" height="76" xoffset="-2" yoffset="-7" xadvance="72" page="0" chnl="15"/><char id="29983" x="77" y="306" width="75" height="71" xoffset="-2" yoffset="-7" xadvance="72" page="0" chnl="15"/><char id="30003" x="606" y="79" width="62" height="76" xoffset="5" yoffset="-7" xadvance="72" page="0" chnl="15"/><char id="30446" x="407" y="232" width="56" height="72" xoffset="8" yoffset="-4" xadvance="72" page="0" chnl="15"/><char id="30452" x="306" y="232" width="75" height="73" xoffset="-1" yoffset="-7" xadvance="72" page="0" chnl="15"/><char id="30906" x="392" y="0" width="75" height="77" xoffset="-2" yoffset="-8" xadvance="72" page="0" chnl="15"/><char id="31034" x="381" y="306" width="76" height="70" xoffset="-2" yoffset="-3" xadvance="72" page="0" chnl="15"/><char id="31354" x="77" y="232" width="75" height="73" xoffset="-2" yoffset="-8" xadvance="72" page="0" chnl="15"/><char id="32154" x="385" y="79" width="76" height="76" xoffset="-2" yoffset="-7" xadvance="72" page="0" chnl="15"/><char id="32294" x="231" y="79" width="76" height="76" xoffset="-2" yoffset="-7" xadvance="72" page="0" chnl="15"/><char id="32622" x="229" y="306" width="76" height="71" xoffset="-2" yoffset="-4" xadvance="72" page="0" chnl="15"/><char id="34920" x="13" y="0" width="76" height="77" xoffset="-2" yoffset="-8" xadvance="72" page="0" chnl="15"/><char id="35211" x="153" y="232" width="75" height="73" xoffset="-1" yoffset="-4" xadvance="72" page="0" chnl="15"/><char id="35379" x="669" y="79" width="75" height="76" xoffset="-1" yoffset="-7" xadvance="72" page="0" chnl="15"/><char id="35501" x="621" y="0" width="76" height="76" xoffset="-2" yoffset="-7" xadvance="72" page="0" chnl="15"/><char id="36796" x="152" y="156" width="76" height="75" xoffset="-2" yoffset="-7" xadvance="72" page="0" chnl="15"/><char id="36899" x="533" y="156" width="76" height="75" xoffset="-2" yoffset="-7" xadvance="72" page="0" chnl="15"/><char id="36948" x="303" y="156" width="76" height="75" xoffset="-2" yoffset="-7" xadvance="72" page="0" chnl="15"/><char id="37197" x="153" y="306" width="75" height="71" xoffset="-1" yoffset="-3" xadvance="72" page="0" chnl="15"/><char id="37228" x="687" y="156" width="72" height="75" xoffset="-1" yoffset="-6" xadvance="72" page="0" chnl="15"/><char id="65281" x="131" y="580" width="14" height="62" xoffset="11" yoffset="-2" xadvance="72" page="0" chnl="15"/><char id="65311" x="807" y="515" width="33" height="63" xoffset="3" yoffset="-3" xadvance="72" page="0" chnl="15"/></chars><kernings count="792"><kerning first="32" second="84" amount="-3"/><kerning first="32" second="86" amount="-3"/><kerning first="32" second="87" amount="-3"/><kerning first="32" second="89" amount="-3"/><kerning first="40" second="65" amount="-1"/><kerning first="40" second="67" amount="-2"/><kerning first="40" second="71" amount="-2"/><kerning first="40" second="74" amount="1"/><kerning first="40" second="79" amount="-2"/><kerning first="40" second="81" amount="-2"/><kerning first="40" second="84" amount="2"/><kerning first="40" second="86" amount="2"/><kerning first="40" second="87" amount="2"/><kerning first="40" second="89" amount="2"/><kerning first="40" second="106" amount="4"/><kerning first="45" second="67" amount="1"/><kerning first="45" second="71" amount="1"/><kerning first="45" second="79" amount="1"/><kerning first="45" second="81" amount="1"/><kerning first="45" second="84" amount="-4"/><kerning first="45" second="86" amount="-2"/><kerning first="45" second="87" amount="-2"/><kerning first="45" second="88" amount="-1"/><kerning first="45" second="89" amount="-4"/><kerning first="45" second="99" amount="1"/><kerning first="45" second="100" amount="1"/><kerning first="45" second="101" amount="1"/><kerning first="45" second="111" amount="1"/><kerning first="45" second="113" amount="1"/><kerning first="34" second="65" amount="-3"/><kerning first="34" second="67" amount="-1"/><kerning first="34" second="71" amount="-1"/><kerning first="34" second="74" amount="-4"/><kerning first="34" second="79" amount="-1"/><kerning first="34" second="81" amount="-1"/><kerning first="34" second="84" amount="1"/><kerning first="34" second="86" amount="1"/><kerning first="34" second="87" amount="1"/><kerning first="34" second="89" amount="1"/><kerning first="34" second="99" amount="-1"/><kerning first="34" second="100" amount="-1"/><kerning first="34" second="101" amount="-1"/><kerning first="34" second="102" amount="2"/><kerning first="34" second="103" amount="-1"/><kerning first="34" second="111" amount="-1"/><kerning first="34" second="113" amount="-1"/><kerning first="34" second="116" amount="2"/><kerning first="34" second="44" amount="-9"/><kerning first="34" second="46" amount="-9"/><kerning first="39" second="65" amount="-3"/><kerning first="39" second="67" amount="-1"/><kerning first="39" second="71" amount="-1"/><kerning first="39" second="74" amount="-4"/><kerning first="39" second="79" amount="-1"/><kerning first="39" second="81" amount="-1"/><kerning first="39" second="84" amount="1"/><kerning first="39" second="86" amount="1"/><kerning first="39" second="87" amount="1"/><kerning first="39" second="89" amount="1"/><kerning first="39" second="99" amount="-1"/><kerning first="39" second="100" amount="-1"/><kerning first="39" second="101" amount="-1"/><kerning first="39" second="102" amount="2"/><kerning first="39" second="103" amount="-1"/><kerning first="39" second="111" amount="-1"/><kerning first="39" second="113" amount="-1"/><kerning first="39" second="116" amount="2"/><kerning first="39" second="44" amount="-9"/><kerning first="39" second="46" amount="-9"/><kerning first="123" second="65" amount="-1"/><kerning first="123" second="67" amount="-2"/><kerning first="123" second="71" amount="-2"/><kerning first="123" second="74" amount="1"/><kerning first="123" second="79" amount="-2"/><kerning first="123" second="81" amount="-2"/><kerning first="123" second="84" amount="2"/><kerning first="123" second="86" amount="2"/><kerning first="123" second="87" amount="2"/><kerning first="123" second="89" amount="2"/><kerning first="123" second="106" amount="4"/><kerning first="65" second="41" amount="-1"/><kerning first="65" second="45" amount="-1"/><kerning first="65" second="34" amount="-3"/><kerning first="65" second="39" amount="-3"/><kerning first="65" second="125" amount="-1"/><kerning first="65" second="93" amount="-1"/><kerning first="65" second="67" amount="-2"/><kerning first="65" second="71" amount="-2"/><kerning first="65" second="74" amount="1"/><kerning first="65" second="79" amount="-2"/><kerning first="65" second="81" amount="-2"/><kerning first="65" second="84" amount="-6"/><kerning first="65" second="85" amount="-3"/><kerning first="65" second="86" amount="-4"/><kerning first="65" second="87" amount="-4"/><kerning first="65" second="88" amount="-2"/><kerning first="65" second="89" amount="-7"/><kerning first="65" second="99" amount="-1"/><kerning first="65" second="100" amount="-1"/><kerning first="65" second="101" amount="-1"/><kerning first="65" second="102" amount="-1"/><kerning first="65" second="103" amount="-1"/><kerning first="65" second="111" amount="-1"/><kerning first="65" second="113" amount="-1"/><kerning first="65" second="116" amount="-1"/><kerning first="65" second="117" amount="-1"/><kerning first="65" second="118" amount="-2"/><kerning first="65" second="119" amount="-2"/><kerning first="65" second="121" amount="-2"/><kerning first="66" second="45" amount="1"/><kerning first="66" second="84" amount="-1"/><kerning first="66" second="86" amount="-1"/><kerning first="66" second="87" amount="-1"/><kerning first="66" second="89" amount="-2"/><kerning first="66" second="44" amount="-1"/><kerning first="66" second="46" amount="-1"/><kerning first="67" second="41" amount="1"/><kerning first="67" second="125" amount="1"/><kerning first="67" second="93" amount="1"/><kerning first="67" second="65" amount="1"/><kerning first="67" second="67" amount="-2"/><kerning first="67" second="71" amount="-2"/><kerning first="67" second="74" amount="1"/><kerning first="67" second="79" amount="-2"/><kerning first="67" second="81" amount="-2"/><kerning first="67" second="84" amount="1"/><kerning first="67" second="86" amount="1"/><kerning first="67" second="87" amount="1"/><kerning first="67" second="89" amount="1"/><kerning first="67" second="97" amount="-1"/><kerning first="67" second="99" amount="-1"/><kerning first="67" second="100" amount="-1"/><kerning first="67" second="101" amount="-1"/><kerning first="67" second="111" amount="-1"/><kerning first="67" second="113" amount="-1"/><kerning first="67" second="117" amount="-1"/><kerning first="67" second="118" amount="-2"/><kerning first="67" second="119" amount="-2"/><kerning first="67" second="121" amount="-2"/><kerning first="67" second="122" amount="1"/><kerning first="68" second="41" amount="-1"/><kerning first="68" second="45" amount="1"/><kerning first="68" second="125" amount="-1"/><kerning first="68" second="93" amount="-1"/><kerning first="68" second="65" amount="-1"/><kerning first="68" second="84" amount="-2"/><kerning first="68" second="86" amount="-1"/><kerning first="68" second="87" amount="-1"/><kerning first="68" second="88" amount="-2"/><kerning first="68" second="89" amount="-3"/><kerning first="68" second="102" amount="1"/><kerning first="68" second="116" amount="1"/><kerning first="68" second="118" amount="1"/><kerning first="68" second="119" amount="1"/><kerning first="68" second="120" amount="-1"/><kerning first="68" second="121" amount="1"/><kerning first="68" second="44" amount="-3"/><kerning first="68" second="46" amount="-3"/><kerning first="69" second="74" amount="2"/><kerning first="69" second="86" amount="1"/><kerning first="69" second="87" amount="1"/><kerning first="69" second="103" amount="-1"/><kerning first="69" second="117" amount="-1"/><kerning first="69" second="118" amount="-1"/><kerning first="69" second="119" amount="-1"/><kerning first="69" second="121" amount="-1"/><kerning first="69" second="44" amount="-1"/><kerning first="69" second="46" amount="-1"/><kerning first="70" second="58" amount="-1"/><kerning first="70" second="65" amount="-5"/><kerning first="70" second="74" amount="-5"/><kerning first="70" second="77" amount="-1"/><kerning first="70" second="97" amount="-3"/><kerning first="70" second="98" amount="-1"/><kerning first="70" second="99" amount="-2"/><kerning first="70" second="100" amount="-2"/><kerning first="70" second="101" amount="-2"/><kerning first="70" second="103" amount="-1"/><kerning first="70" second="104" amount="-1"/><kerning first="70" second="105" amount="-1"/><kerning first="70" second="107" amount="-1"/><kerning first="70" second="108" amount="-1"/><kerning first="70" second="109" amount="-1"/><kerning first="70" second="110" amount="-1"/><kerning first="70" second="111" amount="-2"/><kerning first="70" second="112" amount="-1"/><kerning first="70" second="113" amount="-2"/><kerning first="70" second="114" amount="-1"/><kerning first="70" second="117" amount="-2"/><kerning first="70" second="118" amount="-1"/><kerning first="70" second="119" amount="-1"/><kerning first="70" second="121" amount="-1"/><kerning first="70" second="44" amount="-6"/><kerning first="70" second="46" amount="-6"/><kerning first="71" second="97" amount="1"/><kerning first="71" second="118" amount="-1"/><kerning first="71" second="119" amount="-1"/><kerning first="71" second="121" amount="-1"/><kerning first="72" second="89" amount="-1"/><kerning first="72" second="116" amount="1"/><kerning first="73" second="89" amount="-1"/><kerning first="73" second="116" amount="1"/><kerning first="74" second="41" amount="1"/><kerning first="74" second="125" amount="1"/><kerning first="74" second="93" amount="1"/><kerning first="74" second="44" amount="-1"/><kerning first="74" second="46" amount="-1"/><kerning first="75" second="58" amount="1"/><kerning first="75" second="41" amount="1"/><kerning first="75" second="45" amount="-2"/><kerning first="75" second="125" amount="1"/><kerning first="75" second="93" amount="1"/><kerning first="75" second="65" amount="1"/><kerning first="75" second="67" amount="-2"/><kerning first="75" second="71" amount="-2"/><kerning first="75" second="74" amount="2"/><kerning first="75" second="79" amount="-2"/><kerning first="75" second="81" amount="-2"/><kerning first="75" second="89" amount="-1"/><kerning first="75" second="90" amount="1"/><kerning first="75" second="99" amount="-1"/><kerning first="75" second="100" amount="-1"/><kerning first="75" second="101" amount="-1"/><kerning first="75" second="103" amount="-1"/><kerning first="75" second="111" amount="-1"/><kerning first="75" second="113" amount="-1"/><kerning first="75" second="117" amount="-1"/><kerning first="75" second="118" amount="-3"/><kerning first="75" second="119" amount="-3"/><kerning first="75" second="121" amount="-3"/><kerning first="75" second="44" amount="1"/><kerning first="75" second="46" amount="1"/><kerning first="76" second="45" amount="-1"/><kerning first="76" second="34" amount="-7"/><kerning first="76" second="39" amount="-7"/><kerning first="76" second="67" amount="-3"/><kerning first="76" second="71" amount="-3"/><kerning first="76" second="74" amount="2"/><kerning first="76" second="79" amount="-3"/><kerning first="76" second="81" amount="-3"/><kerning first="76" second="84" amount="-7"/><kerning first="76" second="85" amount="-2"/><kerning first="76" second="86" amount="-5"/><kerning first="76" second="87" amount="-5"/><kerning first="76" second="89" amount="-6"/><kerning first="76" second="99" amount="-1"/><kerning first="76" second="100" amount="-1"/><kerning first="76" second="101" amount="-1"/><kerning first="76" second="111" amount="-1"/><kerning first="76" second="113" amount="-1"/><kerning first="76" second="117" amount="-1"/><kerning first="76" second="118" amount="-3"/><kerning first="76" second="119" amount="-3"/><kerning first="76" second="121" amount="-3"/><kerning first="77" second="84" amount="-1"/><kerning first="78" second="89" amount="-1"/><kerning first="78" second="116" amount="1"/><kerning first="79" second="41" amount="-1"/><kerning first="79" second="45" amount="1"/><kerning first="79" second="125" amount="-1"/><kerning first="79" second="93" amount="-1"/><kerning first="79" second="65" amount="-1"/><kerning first="79" second="84" amount="-2"/><kerning first="79" second="86" amount="-1"/><kerning first="79" second="87" amount="-1"/><kerning first="79" second="88" amount="-2"/><kerning first="79" second="89" amount="-3"/><kerning first="79" second="102" amount="1"/><kerning first="79" second="116" amount="1"/><kerning first="79" second="118" amount="1"/><kerning first="79" second="119" amount="1"/><kerning first="79" second="120" amount="-1"/><kerning first="79" second="121" amount="1"/><kerning first="79" second="44" amount="-3"/><kerning first="79" second="46" amount="-3"/><kerning first="80" second="58" amount="-1"/><kerning first="80" second="45" amount="-1"/><kerning first="80" second="65" amount="-4"/><kerning first="80" second="74" amount="-5"/><kerning first="80" second="77" amount="-1"/><kerning first="80" second="86" amount="-1"/><kerning first="80" second="87" amount="-1"/><kerning first="80" second="88" amount="-2"/><kerning first="80" second="89" amount="-1"/><kerning first="80" second="90" amount="-1"/><kerning first="80" second="97" amount="-1"/><kerning first="80" second="99" amount="-2"/><kerning first="80" second="100" amount="-2"/><kerning first="80" second="101" amount="-2"/><kerning first="80" second="103" amount="-2"/><kerning first="80" second="105" amount="-1"/><kerning first="80" second="109" amount="-1"/><kerning first="80" second="110" amount="-1"/><kerning first="80" second="111" amount="-2"/><kerning first="80" second="112" amount="-1"/><kerning first="80" second="113" amount="-2"/><kerning first="80" second="114" amount="-1"/><kerning first="80" second="115" amount="-2"/><kerning first="80" second="116" amount="1"/><kerning first="80" second="117" amount="-1"/><kerning first="80" second="118" amount="1"/><kerning first="80" second="119" amount="1"/><kerning first="80" second="121" amount="1"/><kerning first="80" second="44" amount="-10"/><kerning first="80" second="46" amount="-10"/><kerning first="81" second="41" amount="-1"/><kerning first="81" second="45" amount="1"/><kerning first="81" second="125" amount="-1"/><kerning first="81" second="93" amount="-1"/><kerning first="81" second="65" amount="-1"/><kerning first="81" second="84" amount="-2"/><kerning first="81" second="86" amount="-1"/><kerning first="81" second="87" amount="-1"/><kerning first="81" second="88" amount="-2"/><kerning first="81" second="89" amount="-3"/><kerning first="81" second="102" amount="1"/><kerning first="81" second="116" amount="1"/><kerning first="81" second="118" amount="1"/><kerning first="81" second="119" amount="1"/><kerning first="81" second="120" amount="-1"/><kerning first="81" second="121" amount="1"/><kerning first="81" second="44" amount="-3"/><kerning first="81" second="46" amount="-3"/><kerning first="82" second="65" amount="1"/><kerning first="82" second="88" amount="1"/><kerning first="82" second="89" amount="-1"/><kerning first="82" second="97" amount="1"/><kerning first="82" second="98" amount="1"/><kerning first="82" second="104" amount="1"/><kerning first="82" second="105" amount="1"/><kerning first="82" second="107" amount="1"/><kerning first="82" second="108" amount="1"/><kerning first="82" second="109" amount="1"/><kerning first="82" second="110" amount="1"/><kerning first="82" second="112" amount="1"/><kerning first="82" second="114" amount="1"/><kerning first="82" second="116" amount="1"/><kerning first="83" second="45" amount="1"/><kerning first="83" second="97" amount="1"/><kerning first="83" second="99" amount="1"/><kerning first="83" second="100" amount="1"/><kerning first="83" second="101" amount="1"/><kerning first="83" second="111" amount="1"/><kerning first="83" second="113" amount="1"/><kerning first="83" second="118" amount="-1"/><kerning first="83" second="119" amount="-1"/><kerning first="83" second="121" amount="-1"/><kerning first="83" second="106" amount="-1"/><kerning first="84" second="58" amount="-3"/><kerning first="84" second="41" amount="2"/><kerning first="84" second="45" amount="-4"/><kerning first="84" second="34" amount="1"/><kerning first="84" second="39" amount="1"/><kerning first="84" second="125" amount="2"/><kerning first="84" second="93" amount="2"/><kerning first="84" second="65" amount="-5"/><kerning first="84" second="67" amount="-2"/><kerning first="84" second="71" amount="-2"/><kerning first="84" second="74" amount="-4"/><kerning first="84" second="79" amount="-2"/><kerning first="84" second="81" amount="-2"/><kerning first="84" second="83" amount="-1"/><kerning first="84" second="84" amount="2"/><kerning first="84" second="86" amount="2"/><kerning first="84" second="87" amount="2"/><kerning first="84" second="88" amount="1"/><kerning first="84" second="89" amount="1"/><kerning first="84" second="97" amount="-5"/><kerning first="84" second="98" amount="-1"/><kerning first="84" second="99" amount="-6"/><kerning first="84" second="100" amount="-6"/><kerning first="84" second="101" amount="-6"/><kerning first="84" second="103" amount="-4"/><kerning first="84" second="104" amount="-1"/><kerning first="84" second="105" amount="-2"/><kerning first="84" second="107" amount="-1"/><kerning first="84" second="108" amount="-1"/><kerning first="84" second="109" amount="-4"/><kerning first="84" second="110" amount="-4"/><kerning first="84" second="111" amount="-6"/><kerning first="84" second="112" amount="-4"/><kerning first="84" second="113" amount="-6"/><kerning first="84" second="114" amount="-4"/><kerning first="84" second="115" amount="-5"/><kerning first="84" second="117" amount="-4"/><kerning first="84" second="118" amount="-4"/><kerning first="84" second="119" amount="-4"/><kerning first="84" second="120" amount="-1"/><kerning first="84" second="121" amount="-4"/><kerning first="84" second="122" amount="-4"/><kerning first="84" second="44" amount="-6"/><kerning first="84" second="46" amount="-6"/><kerning first="85" second="65" amount="-2"/><kerning first="85" second="115" amount="-1"/><kerning first="85" second="120" amount="-1"/><kerning first="85" second="122" amount="-1"/><kerning first="85" second="44" amount="-2"/><kerning first="85" second="46" amount="-2"/><kerning first="86" second="58" amount="-2"/><kerning first="86" second="41" amount="2"/><kerning first="86" second="45" amount="-2"/><kerning first="86" second="34" amount="1"/><kerning first="86" second="39" amount="1"/><kerning first="86" second="125" amount="2"/><kerning first="86" second="93" amount="2"/><kerning first="86" second="65" amount="-4"/><kerning first="86" second="67" amount="-1"/><kerning first="86" second="71" amount="-1"/><kerning first="86" second="74" amount="-3"/><kerning first="86" second="79" amount="-1"/><kerning first="86" second="81" amount="-1"/><kerning first="86" second="83" amount="-1"/><kerning first="86" second="84" amount="2"/><kerning first="86" second="97" amount="-3"/><kerning first="86" second="98" amount="-1"/><kerning first="86" second="99" amount="-3"/><kerning first="86" second="100" amount="-3"/><kerning first="86" second="101" amount="-3"/><kerning first="86" second="103" amount="-1"/><kerning first="86" second="104" amount="-1"/><kerning first="86" second="105" amount="-2"/><kerning first="86" second="107" amount="-1"/><kerning first="86" second="108" amount="-1"/><kerning first="86" second="109" amount="-2"/><kerning first="86" second="110" amount="-2"/><kerning first="86" second="111" amount="-3"/><kerning first="86" second="112" amount="-2"/><kerning first="86" second="113" amount="-3"/><kerning first="86" second="114" amount="-2"/><kerning first="86" second="115" amount="-3"/><kerning first="86" second="116" amount="-1"/><kerning first="86" second="117" amount="-2"/><kerning first="86" second="118" amount="-1"/><kerning first="86" second="119" amount="-1"/><kerning first="86" second="121" amount="-1"/><kerning first="86" second="44" amount="-5"/><kerning first="86" second="46" amount="-5"/><kerning first="87" second="58" amount="-2"/><kerning first="87" second="41" amount="2"/><kerning first="87" second="45" amount="-2"/><kerning first="87" second="34" amount="1"/><kerning first="87" second="39" amount="1"/><kerning first="87" second="125" amount="2"/><kerning first="87" second="93" amount="2"/><kerning first="87" second="65" amount="-4"/><kerning first="87" second="67" amount="-1"/><kerning first="87" second="71" amount="-1"/><kerning first="87" second="74" amount="-3"/><kerning first="87" second="79" amount="-1"/><kerning first="87" second="81" amount="-1"/><kerning first="87" second="83" amount="-1"/><kerning first="87" second="84" amount="2"/><kerning first="87" second="97" amount="-3"/><kerning first="87" second="98" amount="-1"/><kerning first="87" second="99" amount="-3"/><kerning first="87" second="100" amount="-3"/><kerning first="87" second="101" amount="-3"/><kerning first="87" second="103" amount="-1"/><kerning first="87" second="104" amount="-1"/><kerning first="87" second="105" amount="-2"/><kerning first="87" second="107" amount="-1"/><kerning first="87" second="108" amount="-1"/><kerning first="87" second="109" amount="-2"/><kerning first="87" second="110" amount="-2"/><kerning first="87" second="111" amount="-3"/><kerning first="87" second="112" amount="-2"/><kerning first="87" second="113" amount="-3"/><kerning first="87" second="114" amount="-2"/><kerning first="87" second="115" amount="-3"/><kerning first="87" second="116" amount="-1"/><kerning first="87" second="117" amount="-2"/><kerning first="87" second="118" amount="-1"/><kerning first="87" second="119" amount="-1"/><kerning first="87" second="121" amount="-1"/><kerning first="87" second="44" amount="-5"/><kerning first="87" second="46" amount="-5"/><kerning first="88" second="45" amount="-1"/><kerning first="88" second="65" amount="-1"/><kerning first="88" second="67" amount="-3"/><kerning first="88" second="71" amount="-3"/><kerning first="88" second="74" amount="1"/><kerning first="88" second="79" amount="-3"/><kerning first="88" second="81" amount="-3"/><kerning first="88" second="86" amount="1"/><kerning first="88" second="87" amount="1"/><kerning first="88" second="88" amount="-1"/><kerning first="88" second="89" amount="1"/><kerning first="88" second="97" amount="-1"/><kerning first="88" second="99" amount="-1"/><kerning first="88" second="100" amount="-1"/><kerning first="88" second="101" amount="-1"/><kerning first="88" second="111" amount="-1"/><kerning first="88" second="113" amount="-1"/><kerning first="88" second="117" amount="-1"/><kerning first="88" second="118" amount="-3"/><kerning first="88" second="119" amount="-3"/><kerning first="88" second="121" amount="-3"/><kerning first="89" second="58" amount="-4"/><kerning first="89" second="41" amount="2"/><kerning first="89" second="45" amount="-4"/><kerning first="89" second="34" amount="1"/><kerning first="89" second="39" amount="1"/><kerning first="89" second="125" amount="2"/><kerning first="89" second="93" amount="2"/><kerning first="89" second="65" amount="-7"/><kerning first="89" second="66" amount="-1"/><kerning first="89" second="67" amount="-3"/><kerning first="89" second="68" amount="-1"/><kerning first="89" second="69" amount="-1"/><kerning first="89" second="70" amount="-1"/><kerning first="89" second="71" amount="-3"/><kerning first="89" second="72" amount="-1"/><kerning first="89" second="73" amount="-1"/><kerning first="89" second="74" amount="-5"/><kerning first="89" second="75" amount="-1"/><kerning first="89" second="76" amount="-1"/><kerning first="89" second="77" amount="-2"/><kerning first="89" second="78" amount="-1"/><kerning first="89" second="79" amount="-3"/><kerning first="89" second="80" amount="-1"/><kerning first="89" second="81" amount="-3"/><kerning first="89" second="82" amount="-1"/><kerning first="89" second="83" amount="-2"/><kerning first="89" second="86" amount="1"/><kerning first="89" second="87" amount="1"/><kerning first="89" second="88" amount="-2"/><kerning first="89" second="89" amount="-2"/><kerning first="89" second="97" amount="-7"/><kerning first="89" second="98" amount="-1"/><kerning first="89" second="99" amount="-8"/><kerning first="89" second="100" amount="-8"/><kerning first="89" second="101" amount="-8"/><kerning first="89" second="103" amount="-6"/><kerning first="89" second="104" amount="-1"/><kerning first="89" second="105" amount="-2"/><kerning first="89" second="107" amount="-1"/><kerning first="89" second="108" amount="-1"/><kerning first="89" second="109" amount="-2"/><kerning first="89" second="110" amount="-2"/><kerning first="89" second="111" amount="-8"/><kerning first="89" second="112" amount="-2"/><kerning first="89" second="113" amount="-8"/><kerning first="89" second="114" amount="-2"/><kerning first="89" second="115" amount="-5"/><kerning first="89" second="116" amount="-3"/><kerning first="89" second="117" amount="-5"/><kerning first="89" second="118" amount="-4"/><kerning first="89" second="119" amount="-4"/><kerning first="89" second="120" amount="-4"/><kerning first="89" second="121" amount="-4"/><kerning first="89" second="122" amount="-4"/><kerning first="89" second="44" amount="-8"/><kerning first="89" second="46" amount="-8"/><kerning first="90" second="45" amount="-1"/><kerning first="90" second="65" amount="1"/><kerning first="90" second="67" amount="-2"/><kerning first="90" second="71" amount="-2"/><kerning first="90" second="74" amount="2"/><kerning first="90" second="79" amount="-2"/><kerning first="90" second="81" amount="-2"/><kerning first="90" second="99" amount="-1"/><kerning first="90" second="100" amount="-1"/><kerning first="90" second="101" amount="-1"/><kerning first="90" second="111" amount="-1"/><kerning first="90" second="113" amount="-1"/><kerning first="90" second="117" amount="-1"/><kerning first="90" second="118" amount="-1"/><kerning first="90" second="119" amount="-1"/><kerning first="90" second="121" amount="-1"/><kerning first="97" second="34" amount="-1"/><kerning first="97" second="39" amount="-1"/><kerning first="97" second="84" amount="-4"/><kerning first="97" second="116" amount="-1"/><kerning first="97" second="118" amount="-1"/><kerning first="97" second="119" amount="-1"/><kerning first="97" second="121" amount="-1"/><kerning first="98" second="41" amount="-1"/><kerning first="98" second="45" amount="1"/><kerning first="98" second="34" amount="-1"/><kerning first="98" second="39" amount="-1"/><kerning first="98" second="125" amount="-1"/><kerning first="98" second="93" amount="-1"/><kerning first="98" second="84" amount="-4"/><kerning first="98" second="118" amount="-1"/><kerning first="98" second="119" amount="-1"/><kerning first="98" second="120" amount="-2"/><kerning first="98" second="121" amount="-1"/><kerning first="98" second="122" amount="-1"/><kerning first="98" second="44" amount="-2"/><kerning first="98" second="46" amount="-2"/><kerning first="99" second="45" amount="1"/><kerning first="99" second="84" amount="-1"/><kerning first="99" second="99" amount="-1"/><kerning first="99" second="100" amount="-1"/><kerning first="99" second="101" amount="-1"/><kerning first="99" second="102" amount="1"/><kerning first="99" second="111" amount="-1"/><kerning first="99" second="113" amount="-1"/><kerning first="99" second="116" amount="1"/><kerning first="99" second="118" amount="1"/><kerning first="99" second="119" amount="1"/><kerning first="99" second="121" amount="1"/><kerning first="99" second="44" amount="-1"/><kerning first="99" second="46" amount="-1"/><kerning first="100" second="44" amount="-1"/><kerning first="100" second="46" amount="-1"/><kerning first="101" second="45" amount="2"/><kerning first="101" second="84" amount="-3"/><kerning first="101" second="120" amount="-1"/><kerning first="101" second="44" amount="-1"/><kerning first="101" second="46" amount="-1"/><kerning first="102" second="58" amount="2"/><kerning first="102" second="41" amount="5"/><kerning first="102" second="34" amount="3"/><kerning first="102" second="39" amount="3"/><kerning first="102" second="125" amount="5"/><kerning first="102" second="93" amount="5"/><kerning first="102" second="99" amount="-1"/><kerning first="102" second="100" amount="-1"/><kerning first="102" second="101" amount="-1"/><kerning first="102" second="103" amount="-1"/><kerning first="102" second="111" amount="-1"/><kerning first="102" second="113" amount="-1"/><kerning first="102" second="116" amount="1"/><kerning first="102" second="44" amount="-3"/><kerning first="102" second="46" amount="-3"/><kerning first="103" second="84" amount="-2"/><kerning first="103" second="44" amount="-1"/><kerning first="103" second="46" amount="-1"/><kerning first="104" second="34" amount="-1"/><kerning first="104" second="39" amount="-1"/><kerning first="104" second="84" amount="-4"/><kerning first="104" second="118" amount="-1"/><kerning first="104" second="119" amount="-1"/><kerning first="104" second="121" amount="-1"/><kerning first="107" second="84" amount="-2"/><kerning first="107" second="98" amount="1"/><kerning first="107" second="99" amount="-1"/><kerning first="107" second="100" amount="-1"/><kerning first="107" second="101" amount="-1"/><kerning first="107" second="103" amount="-1"/><kerning first="107" second="104" amount="1"/><kerning first="107" second="105" amount="1"/><kerning first="107" second="107" amount="1"/><kerning first="107" second="108" amount="1"/><kerning first="107" second="109" amount="1"/><kerning first="107" second="110" amount="1"/><kerning first="107" second="111" amount="-1"/><kerning first="107" second="112" amount="1"/><kerning first="107" second="113" amount="-1"/><kerning first="107" second="114" amount="1"/><kerning first="108" second="44" amount="-1"/><kerning first="108" second="46" amount="-1"/><kerning first="109" second="34" amount="-1"/><kerning first="109" second="39" amount="-1"/><kerning first="109" second="84" amount="-4"/><kerning first="109" second="118" amount="-1"/><kerning first="109" second="119" amount="-1"/><kerning first="109" second="121" amount="-1"/><kerning first="110" second="34" amount="-1"/><kerning first="110" second="39" amount="-1"/><kerning first="110" second="84" amount="-4"/><kerning first="110" second="118" amount="-1"/><kerning first="110" second="119" amount="-1"/><kerning first="110" second="121" amount="-1"/><kerning first="111" second="41" amount="-1"/><kerning first="111" second="45" amount="1"/><kerning first="111" second="34" amount="-1"/><kerning first="111" second="39" amount="-1"/><kerning first="111" second="125" amount="-1"/><kerning first="111" second="93" amount="-1"/><kerning first="111" second="84" amount="-4"/><kerning first="111" second="118" amount="-1"/><kerning first="111" second="119" amount="-1"/><kerning first="111" second="120" amount="-2"/><kerning first="111" second="121" amount="-1"/><kerning first="111" second="122" amount="-1"/><kerning first="111" second="44" amount="-2"/><kerning first="111" second="46" amount="-2"/><kerning first="112" second="41" amount="-1"/><kerning first="112" second="45" amount="1"/><kerning first="112" second="34" amount="-1"/><kerning first="112" second="39" amount="-1"/><kerning first="112" second="125" amount="-1"/><kerning first="112" second="93" amount="-1"/><kerning first="112" second="84" amount="-4"/><kerning first="112" second="118" amount="-1"/><kerning first="112" second="119" amount="-1"/><kerning first="112" second="120" amount="-2"/><kerning first="112" second="121" amount="-1"/><kerning first="112" second="122" amount="-1"/><kerning first="112" second="44" amount="-2"/><kerning first="112" second="46" amount="-2"/><kerning first="113" second="84" amount="-3"/><kerning first="113" second="44" amount="-1"/><kerning first="113" second="46" amount="-1"/><kerning first="114" second="84" amount="-1"/><kerning first="114" second="97" amount="-1"/><kerning first="114" second="99" amount="-1"/><kerning first="114" second="100" amount="-1"/><kerning first="114" second="101" amount="-1"/><kerning first="114" second="102" amount="2"/><kerning first="114" second="103" amount="-1"/><kerning first="114" second="111" amount="-1"/><kerning first="114" second="113" amount="-1"/><kerning first="114" second="116" amount="2"/><kerning first="114" second="118" amount="1"/><kerning first="114" second="119" amount="1"/><kerning first="114" second="120" amount="1"/><kerning first="114" second="121" amount="1"/><kerning first="114" second="122" amount="1"/><kerning first="114" second="44" amount="-5"/><kerning first="114" second="46" amount="-5"/><kerning first="115" second="84" amount="-3"/><kerning first="115" second="44" amount="-1"/><kerning first="115" second="46" amount="-1"/><kerning first="116" second="44" amount="-1"/><kerning first="116" second="46" amount="-1"/><kerning first="117" second="84" amount="-3"/><kerning first="117" second="44" amount="-1"/><kerning first="117" second="46" amount="-1"/><kerning first="118" second="45" amount="-1"/><kerning first="118" second="84" amount="-3"/><kerning first="118" second="97" amount="-1"/><kerning first="118" second="99" amount="-1"/><kerning first="118" second="100" amount="-1"/><kerning first="118" second="101" amount="-1"/><kerning first="118" second="103" amount="-1"/><kerning first="118" second="111" amount="-1"/><kerning first="118" second="113" amount="-1"/><kerning first="118" second="115" amount="-1"/><kerning first="118" second="118" amount="1"/><kerning first="118" second="119" amount="1"/><kerning first="118" second="121" amount="1"/><kerning first="118" second="44" amount="-3"/><kerning first="118" second="46" amount="-3"/><kerning first="119" second="45" amount="-1"/><kerning first="119" second="84" amount="-3"/><kerning first="119" second="97" amount="-1"/><kerning first="119" second="99" amount="-1"/><kerning first="119" second="100" amount="-1"/><kerning first="119" second="101" amount="-1"/><kerning first="119" second="103" amount="-1"/><kerning first="119" second="111" amount="-1"/><kerning first="119" second="113" amount="-1"/><kerning first="119" second="115" amount="-1"/><kerning first="119" second="118" amount="1"/><kerning first="119" second="119" amount="1"/><kerning first="119" second="121" amount="1"/><kerning first="119" second="44" amount="-3"/><kerning first="119" second="46" amount="-3"/><kerning first="120" second="84" amount="-2"/><kerning first="120" second="99" amount="-2"/><kerning first="120" second="100" amount="-2"/><kerning first="120" second="101" amount="-2"/><kerning first="120" second="111" amount="-2"/><kerning first="120" second="113" amount="-2"/><kerning first="120" second="115" amount="-1"/><kerning first="120" second="116" amount="1"/><kerning first="120" second="118" amount="1"/><kerning first="120" second="119" amount="1"/><kerning first="120" second="121" amount="1"/><kerning first="121" second="45" amount="-1"/><kerning first="121" second="84" amount="-3"/><kerning first="121" second="97" amount="-1"/><kerning first="121" second="99" amount="-1"/><kerning first="121" second="100" amount="-1"/><kerning first="121" second="101" amount="-1"/><kerning first="121" second="103" amount="-1"/><kerning first="121" second="111" amount="-1"/><kerning first="121" second="113" amount="-1"/><kerning first="121" second="115" amount="-1"/><kerning first="121" second="118" amount="1"/><kerning first="121" second="119" amount="1"/><kerning first="121" second="121" amount="1"/><kerning first="121" second="44" amount="-3"/><kerning first="121" second="46" amount="-3"/><kerning first="122" second="84" amount="-2"/><kerning first="122" second="99" amount="-1"/><kerning first="122" second="100" amount="-1"/><kerning first="122" second="101" amount="-1"/><kerning first="122" second="111" amount="-1"/><kerning first="122" second="113" amount="-1"/><kerning first="122" second="118" amount="1"/><kerning first="122" second="119" amount="1"/><kerning first="122" second="121" amount="1"/><kerning first="44" second="34" amount="-9"/><kerning first="44" second="39" amount="-9"/><kerning first="46" second="34" amount="-9"/><kerning first="46" second="39" amount="-9"/><kerning first="106" second="44" amount="-1"/><kerning first="106" second="46" amount="-1"/></kernings></font>