{ "compressionlevel":-1,
 "height":9,
 "infinite":false,
 "layers":[
        {
         "data":[0, 0, 0, 12, 2, 0, 0, 0, 0,
            0, 0, 0, 2, 0, 2, 0, 0, 0,
            0, 0, 0, 0, 0, 0, 0, 0, 0,
            0, 2, 0, 0, 0, 0, 0, 2, 13,
            2, 0, 0, 0, 0, 0, 0, 0, 2,
            13, 2, 0, 0, 0, 0, 0, 2, 0,
            0, 0, 0, 0, 0, 0, 0, 0, 0,
            0, 0, 0, 2, 0, 2, 0, 0, 0,
            0, 0, 0, 0, 2, 12, 0, 0, 0],
         "height":9,
         "id":1,
         "name":"map",
         "opacity":1,
         "properties":[
                {
                 "name":"segment1",
                 "propertytype":"segment",
                 "type":"class",
                 "value":
                    {
                     "avgScore":3.3,
                     "piece1":"{min: 1, max: 10}",
                     "piece5":"{min: 1, max: 10}",
                     "pieceDistancePerGem":1,
                     "score":100
                    }
                }],
         "type":"tilelayer",
         "visible":true,
         "width":9,
         "x":0,
         "y":0
        }, 
        {
         "draworder":"topdown",
         "id":2,
         "name":"spawnOrder",
         "objects":[
                {
                 "gid":128,
                 "height":30,
                 "id":1805,
                 "name":"S2",
                 "properties":[
                        {
                         "name":"gem_id",
                         "type":"string",
                         "value":"11"
                        }, 
                        {
                         "name":"gem_position",
                         "type":"string",
                         "value":"0"
                        }],
                 "rotation":0,
                 "type":"S2",
                 "visible":true,
                 "width":20,
                 "x":-21,
                 "y":149
                }, 
                {
                 "gid":107,
                 "height":10,
                 "id":1806,
                 "name":"II3",
                 "rotation":0,
                 "type":"II3",
                 "visible":true,
                 "width":30,
                 "x":33,
                 "y":138
                }, 
                {
                 "gid":136,
                 "height":30,
                 "id":1807,
                 "name":"TT4",
                 "rotation":0,
                 "type":"TT4",
                 "visible":true,
                 "width":30,
                 "x":90,
                 "y":148
                }, 
                {
                 "gid":130,
                 "height":30,
                 "id":1808,
                 "name":"T2",
                 "rotation":0,
                 "type":"T2",
                 "visible":true,
                 "width":20,
                 "x":-21,
                 "y":202
                }, 
                {
                 "gid":146,
                 "height":30,
                 "id":1809,
                 "name":"VV2",
                 "properties":[
                        {
                         "name":"gem_id",
                         "type":"string",
                         "value":"12"
                        }, 
                        {
                         "name":"gem_position",
                         "type":"string",
                         "value":"0"
                        }],
                 "rotation":0,
                 "type":"VV2",
                 "visible":true,
                 "width":30,
                 "x":33,
                 "y":202
                }, 
                {
                 "gid":142,
                 "height":20,
                 "id":1810,
                 "name":"V2",
                 "rotation":0,
                 "type":"V2",
                 "visible":true,
                 "width":20,
                 "x":94,
                 "y":196
                }, 
                {
                 "gid":145,
                 "height":30,
                 "id":1811,
                 "name":"VV1",
                 "rotation":0,
                 "type":"VV1",
                 "visible":true,
                 "width":30,
                 "x":-26,
                 "y":255
                }, 
                {
                 "gid":110,
                 "height":30,
                 "id":1812,
                 "name":"J1",
                 "rotation":0,
                 "type":"J1",
                 "visible":true,
                 "width":20,
                 "x":37,
                 "y":255
                }, 
                {
                 "gid":118,
                 "height":20,
                 "id":1813,
                 "name":"O",
                 "rotation":0,
                 "type":"O",
                 "visible":true,
                 "width":20,
                 "x":95,
                 "y":250
                },
            
                {
                 "gid":102,
                 "height":20,
                 "id":1814,
                 "name":"I2",
                 "rotation":0,
                 "type":"I2",
                 "visible":true,
                 "width":10,
                 "x":-15,
                 "y":304
                }, 
                {
                 "gid":118,
                 "height":20,
                 "id":1815,
                 "name":"O",
                 "properties":[
                        {
                         "name":"gem_id",
                         "type":"string",
                         "value":"11"
                        }, 
                        {
                         "name":"gem_position",
                         "type":"string",
                         "value":"1"
                        }],
                 "rotation":0,
                 "type":"O",
                 "visible":true,
                 "width":20,
                 "x":37,
                 "y":303
                }, 
                {
                 "gid":108,
                 "height":10,
                 "id":1816,
                 "name":"II4",
                 "rotation":0,
                 "type":"II4",
                 "visible":true,
                 "width":40,
                 "x":85,
                 "y":299
                }, 
                {
                 "gid":108,
                 "height":10,
                 "id":1817,
                 "name":"II4",
                 "rotation":0,
                 "type":"II4",
                 "visible":true,
                 "width":40,
                 "x":-31,
                 "y":352
                }, 
                {
                 "gid":116,
                 "height":30,
                 "id":1818,
                 "name":"L3",
                 "properties":[
                        {
                         "name":"gem_id",
                         "type":"string",
                         "value":"12"
                        }, 
                        {
                         "name":"gem_position",
                         "type":"string",
                         "value":"0"
                        }],
                 "rotation":0,
                 "type":"L3",
                 "visible":true,
                 "width":20,
                 "x":37,
                 "y":363
                }, 
                {
                 "gid":142,
                 "height":20,
                 "id":1819,
                 "name":"V2",
                 "rotation":0,
                 "type":"V2",
                 "visible":true,
                 "width":20,
                 "x":94,
                 "y":358
                }, 
                {
                 "gid":118,
                 "height":20,
                 "id":1820,
                 "name":"O",
                 "rotation":0,
                 "type":"O",
                 "visible":true,
                 "width":20,
                 "x":-20,
                 "y":411
                }, 
                {
                 "gid":132,
                 "height":30,
                 "id":1821,
                 "name":"T4",
                 "properties":[
                        {
                         "name":"gem_id",
                         "type":"string",
                         "value":"11"
                        }, 
                        {
                         "name":"gem_position",
                         "type":"string",
                         "value":"1"
                        }],
                 "rotation":0,
                 "type":"T4",
                 "visible":true,
                 "width":20,
                 "x":38,
                 "y":416
                }, 
                {
                 "gid":146,
                 "height":30,
                 "id":1822,
                 "name":"VV2",
                 "rotation":0,
                 "type":"VV2",
                 "visible":true,
                 "width":30,
                 "x":89,
                 "y":416
                },
            
                {
                 "gid":116,
                 "height":30,
                 "id":1823,
                 "name":"L3",
                 "rotation":0,
                 "type":"L3",
                 "visible":true,
                 "width":20,
                 "x":-20,
                 "y":470
                }, 
                {
                 "gid":146,
                 "height":30,
                 "id":1824,
                 "name":"VV2",
                 "properties":[
                        {
                         "name":"gem_id",
                         "type":"string",
                         "value":"11"
                        }, 
                        {
                         "name":"gem_position",
                         "type":"string",
                         "value":"3"
                        }],
                 "rotation":0,
                 "type":"VV2",
                 "visible":true,
                 "width":30,
                 "x":32,
                 "y":470
                }, 
                {
                 "gid":105,
                 "height":50,
                 "id":1825,
                 "name":"I5",
                 "rotation":0,
                 "type":"I5",
                 "visible":true,
                 "width":10,
                 "x":99,
                 "y":480
                }, 
                {
                 "gid":116,
                 "height":30,
                 "id":1826,
                 "name":"L3",
                 "properties":[
                        {
                         "name":"gem_id",
                         "type":"string",
                         "value":"12"
                        }, 
                        {
                         "name":"gem_position",
                         "type":"string",
                         "value":"0"
                        }],
                 "rotation":0,
                 "type":"L3",
                 "visible":true,
                 "width":20,
                 "x":-20,
                 "y":524
                }, 
                {
                 "gid":148,
                 "height":30,
                 "id":1827,
                 "name":"VV4",
                 "rotation":0,
                 "type":"VV4",
                 "visible":true,
                 "width":30,
                 "x":32,
                 "y":524
                }, 
                {
                 "gid":109,
                 "height":10,
                 "id":1828,
                 "name":"II5",
                 "rotation":0,
                 "type":"II5",
                 "visible":true,
                 "width":50,
                 "x":79,
                 "y":514
                }, 
                {
                 "gid":136,
                 "height":30,
                 "id":1829,
                 "name":"TT4",
                 "properties":[
                        {
                         "name":"gem_id",
                         "type":"string",
                         "value":"12"
                        }, 
                        {
                         "name":"gem_position",
                         "type":"string",
                         "value":"2"
                        }],
                 "rotation":0,
                 "type":"TT4",
                 "visible":true,
                 "width":30,
                 "x":-26,
                 "y":578
                }, 
                {
                 "gid":109,
                 "height":10,
                 "id":1830,
                 "name":"II5",
                 "rotation":0,
                 "type":"II5",
                 "visible":true,
                 "width":50,
                 "x":22,
                 "y":568
                }, 
                {
                 "gid":118,
                 "height":20,
                 "id":1831,
                 "name":"O",
                 "rotation":0,
                 "type":"O",
                 "visible":true,
                 "width":20,
                 "x":95,
                 "y":573
                },
            
                {
                 "gid":118,
                 "height":20,
                 "id":1832,
                 "name":"O",
                 "rotation":0,
                 "type":"O",
                 "visible":true,
                 "width":20,
                 "x":-20,
                 "y":626
                }, 
                {
                 "gid":149,
                 "height":30,
                 "id":1833,
                 "name":"X",
                 "properties":[
                        {
                         "name":"gem_id",
                         "type":"string",
                         "value":"12"
                        }, 
                        {
                         "name":"gem_position",
                         "type":"string",
                         "value":"1"
                        }],
                 "rotation":0,
                 "type":"X",
                 "visible":true,
                 "width":30,
                 "x":33,
                 "y":631
                }, 
                {
                 "gid":104,
                 "height":40,
                 "id":1834,
                 "name":"I4",
                 "rotation":0,
                 "type":"I4",
                 "visible":true,
                 "width":10,
                 "x":100,
                 "y":635
                }, 
                {
                 "gid":125,
                 "height":40,
                 "id":1835,
                 "name":"polyplet-right-4",
                 "rotation":0,
                 "type":"polyplet-right-4",
                 "visible":true,
                 "width":40,
                 "x":-31,
                 "y":690
                }, 
                {
                 "gid":110,
                 "height":30,
                 "id":1836,
                 "name":"J1",
                 "properties":[
                        {
                         "name":"gem_id",
                         "type":"string",
                         "value":"12"
                        }, 
                        {
                         "name":"gem_position",
                         "type":"string",
                         "value":"1"
                        }],
                 "rotation":0,
                 "type":"J1",
                 "visible":true,
                 "width":20,
                 "x":38,
                 "y":685
                }, 
                {
                 "gid":117,
                 "height":20,
                 "id":1837,
                 "name":"L4",
                 "rotation":0,
                 "type":"L4",
                 "visible":true,
                 "width":30,
                 "x":90,
                 "y":680
                }, 
                {
                 "gid":123,
                 "height":20,
                 "id":1838,
                 "name":"polyplet-right-2",
                 "properties":[
                        {
                         "name":"gem_id",
                         "type":"string",
                         "value":"12"
                        }, 
                        {
                         "name":"gem_position",
                         "type":"string",
                         "value":"0"
                        }],
                 "rotation":0,
                 "type":"polyplet-right-2",
                 "visible":true,
                 "width":20,
                 "x":-20,
                 "y":734
                }, 
                {
                 "gid":120,
                 "height":30,
                 "id":1839,
                 "name":"polyplet-left-3",
                 "rotation":0,
                 "type":"polyplet-left-3",
                 "visible":true,
                 "width":30,
                 "x":32,
                 "y":738
                }, 
                {
                 "gid":116,
                 "height":30,
                 "id":1840,
                 "name":"L3",
                 "rotation":0,
                 "type":"L3",
                 "visible":true,
                 "width":20,
                 "x":94,
                 "y":739
                },
            
                {
                 "gid":146,
                 "height":30,
                 "id":1841,
                 "name":"VV2",
                 "rotation":0,
                 "type":"VV2",
                 "visible":true,
                 "width":30,
                 "x":-25,
                 "y":792
                }, 
                {
                 "gid":123,
                 "height":20,
                 "id":1842,
                 "name":"polyplet-right-2",
                 "properties":[
                        {
                         "name":"gem_id",
                         "type":"string",
                         "value":"11"
                        }, 
                        {
                         "name":"gem_position",
                         "type":"string",
                         "value":"0"
                        }],
                 "rotation":0,
                 "type":"polyplet-right-2",
                 "visible":true,
                 "width":20,
                 "x":37,
                 "y":788
                }, 
                {
                 "gid":109,
                 "height":10,
                 "id":1843,
                 "name":"II5",
                 "rotation":0,
                 "type":"II5",
                 "visible":true,
                 "width":50,
                 "x":79,
                 "y":782
                }, 
                {
                 "gid":130,
                 "height":30,
                 "id":1844,
                 "name":"T2",
                 "properties":[
                        {
                         "name":"gem_id",
                         "type":"string",
                         "value":"12"
                        }, 
                        {
                         "name":"gem_position",
                         "type":"string",
                         "value":"1"
                        }],
                 "rotation":0,
                 "type":"T2",
                 "visible":true,
                 "width":20,
                 "x":-21,
                 "y":845
                }, 
                {
                 "gid":143,
                 "height":20,
                 "id":1845,
                 "name":"V3",
                 "rotation":0,
                 "type":"V3",
                 "visible":true,
                 "width":20,
                 "x":37,
                 "y":841
                }, 
                {
                 "gid":149,
                 "height":30,
                 "id":1846,
                 "name":"X",
                 "rotation":0,
                 "type":"X",
                 "visible":true,
                 "width":30,
                 "x":89,
                 "y":846
                }, 
                {
                 "gid":118,
                 "height":20,
                 "id":1847,
                 "name":"O",
                 "properties":[
                        {
                         "name":"gem_id",
                         "type":"string",
                         "value":"11"
                        }, 
                        {
                         "name":"gem_position",
                         "type":"string",
                         "value":"1"
                        }],
                 "rotation":0,
                 "type":"O",
                 "visible":true,
                 "width":20,
                 "x":-20,
                 "y":895
                }, 
                {
                 "gid":121,
                 "height":40,
                 "id":1848,
                 "name":"polyplet-left-4",
                 "rotation":0,
                 "type":"polyplet-left-4",
                 "visible":true,
                 "width":40,
                 "x":28,
                 "y":905
                }, 
                {
                 "gid":127,
                 "height":20,
                 "id":1849,
                 "name":"S1",
                 "rotation":0,
                 "type":"S1",
                 "visible":true,
                 "width":30,
                 "x":90,
                 "y":895
                },
            
                {
                 "gid":147,
                 "height":30,
                 "id":1850,
                 "name":"VV3",
                 "rotation":0,
                 "type":"VV3",
                 "visible":true,
                 "width":30,
                 "x":-26,
                 "y":953
                }, 
                {
                 "gid":132,
                 "height":30,
                 "id":1851,
                 "name":"T4",
                 "rotation":0,
                 "type":"T4",
                 "visible":true,
                 "width":20,
                 "x":38,
                 "y":953
                }, 
                {
                 "gid":136,
                 "height":30,
                 "id":1852,
                 "name":"TT4",
                 "rotation":0,
                 "type":"TT4",
                 "visible":true,
                 "width":30,
                 "x":89,
                 "y":952
                }, 
                {
                 "gid":111,
                 "height":20,
                 "id":1853,
                 "name":"J2",
                 "rotation":0,
                 "type":"J2",
                 "visible":true,
                 "width":30,
                 "x":-26,
                 "y":1002
                }, 
                {
                 "gid":150,
                 "height":20,
                 "id":1854,
                 "name":"Z1",
                 "properties":[
                        {
                         "name":"gem_id",
                         "type":"string",
                         "value":"12"
                        }, 
                        {
                         "name":"gem_position",
                         "type":"string",
                         "value":"2"
                        }],
                 "rotation":0,
                 "type":"Z1",
                 "visible":true,
                 "width":30,
                 "x":32,
                 "y":1002
                }, 
                {
                 "gid":109,
                 "height":10,
                 "id":1855,
                 "name":"II5",
                 "rotation":0,
                 "type":"II5",
                 "visible":true,
                 "width":50,
                 "x":80,
                 "y":996
                }, 
                {
                 "gid":105,
                 "height":50,
                 "id":1856,
                 "name":"I5",
                 "properties":[
                        {
                         "name":"gem_id",
                         "type":"string",
                         "value":"12"
                        }, 
                        {
                         "name":"gem_position",
                         "type":"string",
                         "value":"2"
                        }],
                 "rotation":0,
                 "type":"I5",
                 "visible":true,
                 "width":10,
                 "x":-16,
                 "y":1070
                }, 
                {
                 "gid":149,
                 "height":30,
                 "id":1857,
                 "name":"X",
                 "rotation":0,
                 "type":"X",
                 "visible":true,
                 "width":30,
                 "x":32,
                 "y":1061
                }, 
                {
                 "gid":134,
                 "height":30,
                 "id":1858,
                 "name":"TT2",
                 "rotation":0,
                 "type":"TT2",
                 "visible":true,
                 "width":30,
                 "x":89,
                 "y":1060
                },
            
                {
                 "gid":139,
                 "height":20,
                 "id":1859,
                 "name":"U3",
                 "rotation":0,
                 "type":"U3",
                 "visible":true,
                 "width":30,
                 "x":-25,
                 "y":1109
                }, 
                {
                 "gid":149,
                 "height":30,
                 "id":1860,
                 "name":"X",
                 "properties":[
                        {
                         "name":"gem_id",
                         "type":"string",
                         "value":"11"
                        }, 
                        {
                         "name":"gem_position",
                         "type":"string",
                         "value":"3"
                        }],
                 "rotation":0,
                 "type":"X",
                 "visible":true,
                 "width":30,
                 "x":32,
                 "y":1114
                }, 
                {
                 "gid":118,
                 "height":20,
                 "id":1861,
                 "name":"O",
                 "rotation":0,
                 "type":"O",
                 "visible":true,
                 "width":20,
                 "x":94,
                 "y":1109
                }, 
                {
                 "gid":142,
                 "height":20,
                 "id":1862,
                 "name":"V2",
                 "rotation":0,
                 "type":"V2",
                 "visible":true,
                 "width":20,
                 "x":-20,
                 "y":1163
                }, 
                {
                 "gid":148,
                 "height":30,
                 "id":1863,
                 "name":"VV4",
                 "properties":[
                        {
                         "name":"gem_id",
                         "type":"string",
                         "value":"11"
                        }, 
                        {
                         "name":"gem_position",
                         "type":"string",
                         "value":"0"
                        }],
                 "rotation":0,
                 "type":"VV4",
                 "visible":true,
                 "width":30,
                 "x":33,
                 "y":1168
                }, 
                {
                 "gid":132,
                 "height":30,
                 "id":1864,
                 "name":"T4",
                 "rotation":0,
                 "type":"T4",
                 "visible":true,
                 "width":20,
                 "x":94,
                 "y":1168
                }, 
                {
                 "gid":148,
                 "height":30,
                 "id":1865,
                 "name":"VV4",
                 "properties":[
                        {
                         "name":"gem_id",
                         "type":"string",
                         "value":"11"
                        }, 
                        {
                         "name":"gem_position",
                         "type":"string",
                         "value":"1"
                        }],
                 "rotation":0,
                 "type":"VV4",
                 "visible":true,
                 "width":30,
                 "x":-26,
                 "y":1222
                }, 
                {
                 "gid":136,
                 "height":30,
                 "id":1866,
                 "name":"TT4",
                 "rotation":0,
                 "type":"TT4",
                 "visible":true,
                 "width":30,
                 "x":32,
                 "y":1221
                }, 
                {
                 "gid":130,
                 "height":30,
                 "id":1867,
                 "name":"T2",
                 "rotation":0,
                 "type":"T2",
                 "visible":true,
                 "width":20,
                 "x":95,
                 "y":1222
                },
            
                {
                 "gid":145,
                 "height":30,
                 "id":1868,
                 "name":"VV1",
                 "rotation":0,
                 "type":"VV1",
                 "visible":true,
                 "width":30,
                 "x":-25,
                 "y":1276
                }, 
                {
                 "gid":113,
                 "height":20,
                 "id":1869,
                 "name":"J4",
                 "properties":[
                        {
                         "name":"gem_id",
                         "type":"string",
                         "value":"11"
                        }, 
                        {
                         "name":"gem_position",
                         "type":"string",
                         "value":"0"
                        }],
                 "rotation":0,
                 "type":"J4",
                 "visible":true,
                 "width":30,
                 "x":32,
                 "y":1271
                }, 
                {
                 "gid":123,
                 "height":20,
                 "id":1870,
                 "name":"polyplet-right-2",
                 "rotation":0,
                 "type":"polyplet-right-2",
                 "visible":true,
                 "width":20,
                 "x":95,
                 "y":1271
                }, 
                {
                 "gid":150,
                 "height":20,
                 "id":1871,
                 "name":"Z1",
                 "properties":[
                        {
                         "name":"gem_id",
                         "type":"string",
                         "value":"11"
                        }, 
                        {
                         "name":"gem_position",
                         "type":"string",
                         "value":"2"
                        }],
                 "rotation":0,
                 "type":"Z1",
                 "visible":true,
                 "width":30,
                 "x":-25,
                 "y":1325
                }, 
                {
                 "gid":139,
                 "height":20,
                 "id":1872,
                 "name":"U3",
                 "rotation":0,
                 "type":"U3",
                 "visible":true,
                 "width":30,
                 "x":32,
                 "y":1324
                }, 
                {
                 "gid":115,
                 "height":20,
                 "id":1873,
                 "name":"L2",
                 "rotation":0,
                 "type":"L2",
                 "visible":true,
                 "width":30,
                 "x":90,
                 "y":1325
                }],
         "opacity":1,
         "type":"objectgroup",
         "visible":true,
         "x":0,
         "y":0
        }],
 "nextlayerid":12,
 "nextobjectid":1958,
 "orientation":"orthogonal",
 "properties":[
        {
         "name":"target",
         "type":"string",
         "value":"{12: 7, 11: 7}"
        }, 
        {
         "name":"typeLevel",
         "type":"string",
         "value":"collect"
        }],
 "renderorder":"right-down",
 "tiledversion":"1.8.5",
 "tileheight":10,
 "tilesets":[
        {
         "columns":0,
         "firstgid":1,
         "grid":
            {
             "height":1,
             "orientation":"orthogonal",
             "width":1
            },
         "margin":0,
         "name":"Pieces",
         "spacing":0,
         "tilecount":57,
         "tileheight":50,
         "tiles":[
                {
                 "id":1,
                 "image":"assets\/pieces\/1.png",
                 "imageheight":10,
                 "imagewidth":10,
                 "type":"1"
                }, 
                {
                 "id":101,
                 "image":"assets\/pieces\/I2.png",
                 "imageheight":20,
                 "imagewidth":10,
                 "type":"I2"
                }, 
                {
                 "id":102,
                 "image":"assets\/pieces\/I3.png",
                 "imageheight":30,
                 "imagewidth":10,
                 "type":"I3"
                }, 
                {
                 "id":103,
                 "image":"assets\/pieces\/I4.png",
                 "imageheight":40,
                 "imagewidth":10,
                 "type":"I4"
                }, 
                {
                 "id":104,
                 "image":"assets\/pieces\/I5.png",
                 "imageheight":50,
                 "imagewidth":10,
                 "type":"I5"
                }, 
                {
                 "id":105,
                 "image":"assets\/pieces\/II2.png",
                 "imageheight":10,
                 "imagewidth":20,
                 "type":"II2"
                }, 
                {
                 "id":106,
                 "image":"assets\/pieces\/II3.png",
                 "imageheight":10,
                 "imagewidth":30,
                 "type":"II3"
                }, 
                {
                 "id":107,
                 "image":"assets\/pieces\/II4.png",
                 "imageheight":10,
                 "imagewidth":40,
                 "type":"II4"
                }, 
                {
                 "id":108,
                 "image":"assets\/pieces\/II5.png",
                 "imageheight":10,
                 "imagewidth":50,
                 "type":"II5"
                },
            
                {
                 "id":109,
                 "image":"assets\/pieces\/J1.png",
                 "imageheight":30,
                 "imagewidth":20,
                 "type":"J1"
                }, 
                {
                 "id":110,
                 "image":"assets\/pieces\/J2.png",
                 "imageheight":20,
                 "imagewidth":30,
                 "type":"J2"
                }, 
                {
                 "id":111,
                 "image":"assets\/pieces\/J3.png",
                 "imageheight":30,
                 "imagewidth":20,
                 "type":"J3"
                }, 
                {
                 "id":112,
                 "image":"assets\/pieces\/J4.png",
                 "imageheight":20,
                 "imagewidth":30,
                 "type":"J4"
                }, 
                {
                 "id":113,
                 "image":"assets\/pieces\/L1.png",
                 "imageheight":30,
                 "imagewidth":20,
                 "type":"L1"
                }, 
                {
                 "id":114,
                 "image":"assets\/pieces\/L2.png",
                 "imageheight":20,
                 "imagewidth":30,
                 "type":"L2"
                }, 
                {
                 "id":115,
                 "image":"assets\/pieces\/L3.png",
                 "imageheight":30,
                 "imagewidth":20,
                 "type":"L3"
                }, 
                {
                 "id":116,
                 "image":"assets\/pieces\/L4.png",
                 "imageheight":20,
                 "imagewidth":30,
                 "type":"L4"
                }, 
                {
                 "id":117,
                 "image":"assets\/pieces\/O.png",
                 "imageheight":20,
                 "imagewidth":20,
                 "type":"O"
                },
            
                {
                 "id":118,
                 "image":"assets\/pieces\/polyplet-left-2.png",
                 "imageheight":20,
                 "imagewidth":20,
                 "type":"polyplet-left-2"
                }, 
                {
                 "id":119,
                 "image":"assets\/pieces\/polyplet-left-3.png",
                 "imageheight":30,
                 "imagewidth":30,
                 "type":"polyplet-left-3"
                }, 
                {
                 "id":120,
                 "image":"assets\/pieces\/polyplet-left-4.png",
                 "imageheight":40,
                 "imagewidth":40,
                 "type":"polyplet-left-4"
                }, 
                {
                 "id":121,
                 "image":"assets\/pieces\/polyplet-left-5.png",
                 "imageheight":50,
                 "imagewidth":50,
                 "type":"polyplet-left-5"
                }, 
                {
                 "id":122,
                 "image":"assets\/pieces\/polyplet-right-2.png",
                 "imageheight":20,
                 "imagewidth":20,
                 "type":"polyplet-right-2"
                }, 
                {
                 "id":123,
                 "image":"assets\/pieces\/polyplet-right-3.png",
                 "imageheight":30,
                 "imagewidth":30,
                 "type":"polyplet-right-3"
                }, 
                {
                 "id":124,
                 "image":"assets\/pieces\/polyplet-right-4.png",
                 "imageheight":40,
                 "imagewidth":40,
                 "type":"polyplet-right-4"
                }, 
                {
                 "id":125,
                 "image":"assets\/pieces\/polyplet-right-5.png",
                 "imageheight":50,
                 "imagewidth":50,
                 "type":"polyplet-right-5"
                }, 
                {
                 "id":126,
                 "image":"assets\/pieces\/S1.png",
                 "imageheight":20,
                 "imagewidth":30,
                 "type":"S1"
                },
            
                {
                 "id":127,
                 "image":"assets\/pieces\/S2.png",
                 "imageheight":30,
                 "imagewidth":20,
                 "type":"S2"
                }, 
                {
                 "id":128,
                 "image":"assets\/pieces\/T1.png",
                 "imageheight":20,
                 "imagewidth":30,
                 "type":"T1"
                }, 
                {
                 "id":129,
                 "image":"assets\/pieces\/T2.png",
                 "imageheight":30,
                 "imagewidth":20,
                 "type":"T2"
                }, 
                {
                 "id":130,
                 "image":"assets\/pieces\/T3.png",
                 "imageheight":20,
                 "imagewidth":30,
                 "type":"T3"
                }, 
                {
                 "id":131,
                 "image":"assets\/pieces\/T4.png",
                 "imageheight":30,
                 "imagewidth":20,
                 "type":"T4"
                }, 
                {
                 "id":132,
                 "image":"assets\/pieces\/TT1.png",
                 "imageheight":30,
                 "imagewidth":30,
                 "type":"TT1"
                }, 
                {
                 "id":133,
                 "image":"assets\/pieces\/TT2.png",
                 "imageheight":30,
                 "imagewidth":30,
                 "type":"TT2"
                }, 
                {
                 "id":134,
                 "image":"assets\/pieces\/TT3.png",
                 "imageheight":30,
                 "imagewidth":30,
                 "type":"TT3"
                }, 
                {
                 "id":135,
                 "image":"assets\/pieces\/TT4.png",
                 "imageheight":30,
                 "imagewidth":30,
                 "type":"TT4"
                },
            
                {
                 "id":136,
                 "image":"assets\/pieces\/U1.png",
                 "imageheight":20,
                 "imagewidth":30,
                 "type":"U1"
                }, 
                {
                 "id":137,
                 "image":"assets\/pieces\/U2.png",
                 "imageheight":30,
                 "imagewidth":20,
                 "type":"U2"
                }, 
                {
                 "id":138,
                 "image":"assets\/pieces\/U3.png",
                 "imageheight":20,
                 "imagewidth":30,
                 "type":"U3"
                }, 
                {
                 "id":139,
                 "image":"assets\/pieces\/U4.png",
                 "imageheight":30,
                 "imagewidth":20,
                 "type":"U4"
                }, 
                {
                 "id":140,
                 "image":"assets\/pieces\/V1.png",
                 "imageheight":20,
                 "imagewidth":20,
                 "type":"V1"
                }, 
                {
                 "id":141,
                 "image":"assets\/pieces\/V2.png",
                 "imageheight":20,
                 "imagewidth":20,
                 "type":"V2"
                }, 
                {
                 "id":142,
                 "image":"assets\/pieces\/V3.png",
                 "imageheight":20,
                 "imagewidth":20,
                 "type":"V3"
                }, 
                {
                 "id":143,
                 "image":"assets\/pieces\/V4.png",
                 "imageheight":20,
                 "imagewidth":20,
                 "type":"V4"
                }, 
                {
                 "id":144,
                 "image":"assets\/pieces\/VV1.png",
                 "imageheight":30,
                 "imagewidth":30,
                 "type":"VV1"
                },
            
                {
                 "id":145,
                 "image":"assets\/pieces\/VV2.png",
                 "imageheight":30,
                 "imagewidth":30,
                 "type":"VV2"
                }, 
                {
                 "id":146,
                 "image":"assets\/pieces\/VV3.png",
                 "imageheight":30,
                 "imagewidth":30,
                 "type":"VV3"
                }, 
                {
                 "id":147,
                 "image":"assets\/pieces\/VV4.png",
                 "imageheight":30,
                 "imagewidth":30,
                 "type":"VV4"
                }, 
                {
                 "id":148,
                 "image":"assets\/pieces\/X.png",
                 "imageheight":30,
                 "imagewidth":30,
                 "type":"X"
                }, 
                {
                 "id":149,
                 "image":"assets\/pieces\/Z1.png",
                 "imageheight":20,
                 "imagewidth":30,
                 "type":"Z1"
                }, 
                {
                 "id":150,
                 "image":"assets\/pieces\/Z2.png",
                 "imageheight":30,
                 "imagewidth":20,
                 "type":"Z2"
                }, 
                {
                 "id":10,
                 "image":"assets\/pieces\/diamond-10.png",
                 "imageheight":10,
                 "imagewidth":10,
                 "type":"diamond-10"
                }, 
                {
                 "id":11,
                 "image":"assets\/pieces\/diamond-11.png",
                 "imageheight":10,
                 "imagewidth":10,
                 "type":"diamond-11"
                }, 
                {
                 "id":12,
                 "image":"assets\/pieces\/diamond-12.png",
                 "imageheight":10,
                 "imagewidth":10,
                 "type":"diamond-12"
                },
            
                {
                 "id":13,
                 "image":"assets\/pieces\/diamond-13.png",
                 "imageheight":10,
                 "imagewidth":10,
                 "type":"diamond-13"
                }, 
                {
                 "id":14,
                 "image":"assets\/pieces\/diamond-14.png",
                 "imageheight":10,
                 "imagewidth":10,
                 "type":"diamond-14"
                }, 
                {
                 "id":15,
                 "image":"assets\/pieces\/diamond-15.png",
                 "imageheight":10,
                 "imagewidth":10,
                 "type":"diamond-15"
                }],
         "tilewidth":50
        }],
 "tilewidth":10,
 "type":"map",
 "version":"1.8",
 "width":9
}