{ "compressionlevel":-1,
 "height":9,
 "infinite":false,
 "layers":[
        {
         "data":[0, 0, 0, 0, 0, 0, 0, 0, 0,
            0, 0, 0, 0, 0, 0, 0, 0, 0,
            0, 0, 2, 0, 0, 0, 0, 0, 16,
            0, 16, 0, 0, 0, 0, 2, 0, 2,
            2, 2, 2, 0, 0, 2, 0, 16, 0,
            0, 16, 0, 0, 0, 0, 2, 0, 2,
            0, 0, 2, 0, 0, 0, 0, 0, 16,
            0, 0, 0, 0, 0, 0, 0, 0, 0,
            0, 0, 0, 0, 0, 0, 0, 0, 0],
         "height":9,
         "id":1,
         "name":"map",
         "opacity":1,
         "properties":[
                {
                 "name":"segment1",
                 "propertytype":"segment",
                 "type":"class",
                 "value":
                    {
                     "avgScore":3.5,
                     "piece1":"{min: 1, max: 10}",
                     "piece5":"{min: 1, max: 10}",
                     "pieceDistancePerGem":0,
                     "score":100
                    }
                }],
         "type":"tilelayer",
         "visible":true,
         "width":9,
         "x":0,
         "y":0
        }, 
        {
         "draworder":"topdown",
         "id":2,
         "name":"spawnOrder",
         "objects":[
                {
                 "gid":113,
                 "height":20,
                 "id":2149,
                 "name":"J4",
                 "rotation":0,
                 "type":"J4",
                 "visible":true,
                 "width":30,
                 "x":-40,
                 "y":134
                }, 
                {
                 "gid":115,
                 "height":20,
                 "id":2150,
                 "name":"L2",
                 "rotation":0,
                 "type":"L2",
                 "visible":true,
                 "width":30,
                 "x":35,
                 "y":134
                }, 
                {
                 "gid":131,
                 "height":20,
                 "id":2151,
                 "name":"T3",
                 "rotation":0,
                 "type":"T3",
                 "visible":true,
                 "width":30,
                 "x":110,
                 "y":134
                }, 
                {
                 "gid":131,
                 "height":20,
                 "id":2152,
                 "name":"T3",
                 "rotation":0,
                 "type":"T3",
                 "visible":true,
                 "width":30,
                 "x":-40,
                 "y":174
                }, 
                {
                 "gid":145,
                 "height":30,
                 "id":2153,
                 "name":"VV1",
                 "rotation":0,
                 "type":"VV1",
                 "visible":true,
                 "width":30,
                 "x":35,
                 "y":175
                }, 
                {
                 "gid":146,
                 "height":30,
                 "id":2156,
                 "name":"VV2",
                 "rotation":0,
                 "type":"VV2",
                 "visible":true,
                 "width":30,
                 "x":110,
                 "y":175
                }, 
                {
                 "gid":118,
                 "height":20,
                 "id":2157,
                 "name":"O",
                 "rotation":0,
                 "type":"O",
                 "visible":true,
                 "width":20,
                 "x":-40,
                 "y":209
                }, 
                {
                 "gid":141,
                 "height":20,
                 "id":2160,
                 "name":"V1",
                 "rotation":0,
                 "type":"V1",
                 "visible":true,
                 "width":20,
                 "x":35,
                 "y":209
                }, 
                {
                 "gid":142,
                 "height":20,
                 "id":2161,
                 "name":"V2",
                 "rotation":0,
                 "type":"V2",
                 "visible":true,
                 "width":20,
                 "x":110,
                 "y":209
                },
            
                {
                 "gid":130,
                 "height":30,
                 "id":2162,
                 "name":"T2",
                 "rotation":0,
                 "type":"T2",
                 "visible":true,
                 "width":20,
                 "x":-40,
                 "y":256
                }, 
                {
                 "gid":132,
                 "height":30,
                 "id":2163,
                 "name":"T4",
                 "rotation":0,
                 "type":"T4",
                 "visible":true,
                 "width":20,
                 "x":35,
                 "y":256
                }, 
                {
                 "gid":107,
                 "height":10,
                 "id":2164,
                 "name":"II3",
                 "rotation":0,
                 "type":"II3",
                 "visible":true,
                 "width":30,
                 "x":110,
                 "y":246
                }, 
                {
                 "gid":115,
                 "height":20,
                 "id":2165,
                 "name":"L2",
                 "rotation":0,
                 "type":"L2",
                 "visible":true,
                 "width":30,
                 "x":-40,
                 "y":293
                }, 
                {
                 "gid":118,
                 "height":20,
                 "id":2166,
                 "name":"O",
                 "rotation":0,
                 "type":"O",
                 "visible":true,
                 "width":20,
                 "x":35,
                 "y":293
                }, 
                {
                 "gid":111,
                 "height":20,
                 "id":2167,
                 "name":"J2",
                 "rotation":0,
                 "type":"J2",
                 "visible":true,
                 "width":30,
                 "x":110,
                 "y":293
                }, 
                {
                 "gid":111,
                 "height":20,
                 "id":2168,
                 "name":"J2",
                 "rotation":0,
                 "type":"J2",
                 "visible":true,
                 "width":30,
                 "x":-40,
                 "y":333
                }, 
                {
                 "gid":113,
                 "height":20,
                 "id":2169,
                 "name":"J4",
                 "rotation":0,
                 "type":"J4",
                 "visible":true,
                 "width":30,
                 "x":35,
                 "y":333
                }, 
                {
                 "gid":117,
                 "height":20,
                 "id":2170,
                 "name":"L4",
                 "rotation":0,
                 "type":"L4",
                 "visible":true,
                 "width":30,
                 "x":110,
                 "y":333
                },
            
                {
                 "gid":114,
                 "height":30,
                 "id":2171,
                 "name":"L1",
                 "rotation":0,
                 "type":"L1",
                 "visible":true,
                 "width":20,
                 "x":-40,
                 "y":376
                }, 
                {
                 "gid":118,
                 "height":20,
                 "id":2172,
                 "name":"O",
                 "rotation":0,
                 "type":"O",
                 "visible":true,
                 "width":20,
                 "x":35,
                 "y":370
                }, 
                {
                 "gid":127,
                 "height":20,
                 "id":2173,
                 "name":"S1",
                 "rotation":0,
                 "type":"S1",
                 "visible":true,
                 "width":30,
                 "x":110,
                 "y":374
                }, 
                {
                 "gid":133,
                 "height":30,
                 "id":2174,
                 "name":"TT1",
                 "rotation":0,
                 "type":"TT1",
                 "visible":true,
                 "width":30,
                 "x":-40,
                 "y":427
                }, 
                {
                 "gid":150,
                 "height":20,
                 "id":2175,
                 "name":"Z1",
                 "rotation":0,
                 "type":"Z1",
                 "visible":true,
                 "width":30,
                 "x":35,
                 "y":427
                }, 
                {
                 "gid":128,
                 "height":30,
                 "id":2176,
                 "name":"S2",
                 "rotation":0,
                 "type":"S2",
                 "visible":true,
                 "width":20,
                 "x":110,
                 "y":429
                }, 
                {
                 "gid":116,
                 "height":30,
                 "id":2177,
                 "name":"L3",
                 "rotation":0,
                 "type":"L3",
                 "visible":true,
                 "width":20,
                 "x":-40,
                 "y":471
                }, 
                {
                 "gid":138,
                 "height":30,
                 "id":2178,
                 "name":"U2",
                 "rotation":0,
                 "type":"U2",
                 "visible":true,
                 "width":20,
                 "x":35,
                 "y":472
                }, 
                {
                 "gid":149,
                 "height":30,
                 "id":2179,
                 "name":"X",
                 "rotation":0,
                 "type":"X",
                 "visible":true,
                 "width":30,
                 "x":110,
                 "y":472
                },
            
                {
                 "gid":140,
                 "height":30,
                 "id":2180,
                 "name":"U4",
                 "rotation":0,
                 "type":"U4",
                 "visible":true,
                 "width":20,
                 "x":-40,
                 "y":522
                }, 
                {
                 "gid":129,
                 "height":20,
                 "id":2181,
                 "name":"T1",
                 "rotation":0,
                 "type":"T1",
                 "visible":true,
                 "width":30,
                 "x":35,
                 "y":521
                }, 
                {
                 "gid":147,
                 "height":30,
                 "id":2182,
                 "name":"VV3",
                 "rotation":0,
                 "type":"VV3",
                 "visible":true,
                 "width":30,
                 "x":110,
                 "y":522
                }, 
                {
                 "gid":123,
                 "height":20,
                 "id":2183,
                 "name":"polyplet-right-2",
                 "rotation":0,
                 "type":"polyplet-right-2",
                 "visible":true,
                 "width":20,
                 "x":-40,
                 "y":561
                }, 
                {
                 "gid":151,
                 "height":30,
                 "id":2184,
                 "name":"Z2",
                 "rotation":0,
                 "type":"Z2",
                 "visible":true,
                 "width":20,
                 "x":35,
                 "y":567
                }, 
                {
                 "gid":103,
                 "height":30,
                 "id":2185,
                 "name":"I3",
                 "rotation":0,
                 "type":"I3",
                 "visible":true,
                 "width":10,
                 "x":110,
                 "y":571
                }, 
                {
                 "gid":109,
                 "height":10,
                 "id":2186,
                 "name":"II5",
                 "rotation":0,
                 "type":"II5",
                 "visible":true,
                 "width":50,
                 "x":-40,
                 "y":608
                }, 
                {
                 "gid":135,
                 "height":30,
                 "id":2187,
                 "name":"TT3",
                 "rotation":0,
                 "type":"TT3",
                 "visible":true,
                 "width":30,
                 "x":35,
                 "y":622
                }, 
                {
                 "gid":110,
                 "height":30,
                 "id":2188,
                 "name":"J1",
                 "rotation":0,
                 "type":"J1",
                 "visible":true,
                 "width":20,
                 "x":110,
                 "y":621
                },
            
                {
                 "gid":125,
                 "height":40,
                 "id":2189,
                 "name":"polyplet-right-4",
                 "rotation":0,
                 "type":"polyplet-right-4",
                 "visible":true,
                 "width":40,
                 "x":-40,
                 "y":688
                }, 
                {
                 "gid":144,
                 "height":20,
                 "id":2190,
                 "name":"V4",
                 "rotation":0,
                 "type":"V4",
                 "visible":true,
                 "width":20,
                 "x":35,
                 "y":684
                }, 
                {
                 "gid":110,
                 "height":30,
                 "id":2191,
                 "name":"J1",
                 "rotation":0,
                 "type":"J1",
                 "visible":true,
                 "width":20,
                 "x":110,
                 "y":686
                }, 
                {
                 "gid":121,
                 "height":40,
                 "id":2192,
                 "name":"polyplet-left-4",
                 "rotation":0,
                 "type":"polyplet-left-4",
                 "visible":true,
                 "width":40,
                 "x":-40,
                 "y":764
                }, 
                {
                 "gid":143,
                 "height":20,
                 "id":2193,
                 "name":"V3",
                 "rotation":0,
                 "type":"V3",
                 "visible":true,
                 "width":20,
                 "x":35,
                 "y":760
                }, 
                {
                 "gid":120,
                 "height":30,
                 "id":2194,
                 "name":"polyplet-left-3",
                 "rotation":0,
                 "type":"polyplet-left-3",
                 "visible":true,
                 "width":30,
                 "x":110,
                 "y":761
                }, 
                {
                 "gid":136,
                 "height":30,
                 "id":2195,
                 "name":"TT4",
                 "rotation":0,
                 "type":"TT4",
                 "visible":true,
                 "width":30,
                 "x":-40,
                 "y":831
                }, 
                {
                 "gid":139,
                 "height":20,
                 "id":2196,
                 "name":"U3",
                 "rotation":0,
                 "type":"U3",
                 "visible":true,
                 "width":30,
                 "x":35,
                 "y":826
                }, 
                {
                 "gid":137,
                 "height":20,
                 "id":2197,
                 "name":"U1",
                 "rotation":0,
                 "type":"U1",
                 "visible":true,
                 "width":30,
                 "x":110,
                 "y":829
                },
            
                {
                 "gid":108,
                 "height":10,
                 "id":2198,
                 "name":"II4",
                 "rotation":0,
                 "type":"II4",
                 "visible":true,
                 "width":40,
                 "x":-40,
                 "y":884
                }, 
                {
                 "gid":105,
                 "height":50,
                 "id":2199,
                 "name":"I5",
                 "rotation":0,
                 "type":"I5",
                 "visible":true,
                 "width":10,
                 "x":35,
                 "y":917
                }, 
                {
                 "gid":106,
                 "height":10,
                 "id":2200,
                 "name":"II2",
                 "rotation":0,
                 "type":"II2",
                 "visible":true,
                 "width":20,
                 "x":110,
                 "y":889
                }, 
                {
                 "gid":102,
                 "height":20,
                 "id":2201,
                 "name":"I2",
                 "rotation":0,
                 "type":"I2",
                 "visible":true,
                 "width":10,
                 "x":-40,
                 "y":969
                }, 
                {
                 "gid":112,
                 "height":30,
                 "id":2202,
                 "name":"J3",
                 "rotation":0,
                 "type":"J3",
                 "visible":true,
                 "width":20,
                 "x":35,
                 "y":977
                }, 
                {
                 "gid":144,
                 "height":20,
                 "id":2203,
                 "name":"V4",
                 "rotation":0,
                 "type":"V4",
                 "visible":true,
                 "width":20,
                 "x":110,
                 "y":966
                }, 
                {
                 "gid":148,
                 "height":30,
                 "id":2204,
                 "name":"VV4",
                 "rotation":0,
                 "type":"VV4",
                 "visible":true,
                 "width":30,
                 "x":-40,
                 "y":1042
                }, 
                {
                 "gid":124,
                 "height":30,
                 "id":2205,
                 "name":"polyplet-right-3",
                 "rotation":0,
                 "type":"polyplet-right-3",
                 "visible":true,
                 "width":30,
                 "x":35,
                 "y":1044
                }, 
                {
                 "gid":2,
                 "height":10,
                 "id":2206,
                 "name":"1",
                 "rotation":0,
                 "type":"1",
                 "visible":true,
                 "width":10,
                 "x":110,
                 "y":1031
                },
            
                {
                 "gid":134,
                 "height":30,
                 "id":2207,
                 "name":"TT2",
                 "rotation":0,
                 "type":"TT2",
                 "visible":true,
                 "width":30,
                 "x":-40,
                 "y":1111
                }, 
                {
                 "gid":119,
                 "height":20,
                 "id":2208,
                 "name":"polyplet-left-2",
                 "rotation":0,
                 "type":"polyplet-left-2",
                 "visible":true,
                 "width":20,
                 "x":35,
                 "y":1106
                }, 
                {
                 "gid":108,
                 "height":10,
                 "id":2209,
                 "name":"II4",
                 "rotation":0,
                 "type":"II4",
                 "visible":true,
                 "width":40,
                 "x":110,
                 "y":1097
                }, 
                {
                 "gid":104,
                 "height":40,
                 "id":2210,
                 "name":"I4",
                 "rotation":0,
                 "type":"I4",
                 "visible":true,
                 "width":10,
                 "x":-40,
                 "y":1193
                }, 
                {
                 "gid":108,
                 "height":10,
                 "id":2211,
                 "name":"II4",
                 "rotation":0,
                 "type":"II4",
                 "visible":true,
                 "width":40,
                 "x":35,
                 "y":1178
                }, 
                {
                 "gid":133,
                 "height":30,
                 "id":2212,
                 "name":"TT1",
                 "rotation":0,
                 "type":"TT1",
                 "visible":true,
                 "width":30,
                 "x":110,
                 "y":1185
                }, 
                {
                 "gid":2,
                 "height":10,
                 "id":2262,
                 "name":"1",
                 "rotation":0,
                 "type":"1",
                 "visible":true,
                 "width":10,
                 "x":-40,
                 "y":1237
                }, 
                {
                 "gid":102,
                 "height":20,
                 "id":2263,
                 "name":"I2",
                 "rotation":0,
                 "type":"I2",
                 "visible":true,
                 "width":10,
                 "x":35,
                 "y":1241
                }, 
                {
                 "gid":103,
                 "height":30,
                 "id":2264,
                 "name":"I3",
                 "rotation":0,
                 "type":"I3",
                 "visible":true,
                 "width":10,
                 "x":110,
                 "y":1245
                },
            
                {
                 "gid":104,
                 "height":40,
                 "id":2265,
                 "name":"I4",
                 "rotation":0,
                 "type":"I4",
                 "visible":true,
                 "width":10,
                 "x":-40,
                 "y":1316
                }, 
                {
                 "gid":105,
                 "height":50,
                 "id":2266,
                 "name":"I5",
                 "rotation":0,
                 "type":"I5",
                 "visible":true,
                 "width":10,
                 "x":35,
                 "y":1319
                }, 
                {
                 "gid":106,
                 "height":10,
                 "id":2267,
                 "name":"II2",
                 "rotation":0,
                 "type":"II2",
                 "visible":true,
                 "width":20,
                 "x":110,
                 "y":1301
                }, 
                {
                 "gid":107,
                 "height":10,
                 "id":2268,
                 "name":"II3",
                 "rotation":0,
                 "type":"II3",
                 "visible":true,
                 "width":30,
                 "x":-40,
                 "y":1378
                }, 
                {
                 "gid":108,
                 "height":10,
                 "id":2269,
                 "name":"II4",
                 "rotation":0,
                 "type":"II4",
                 "visible":true,
                 "width":40,
                 "x":35,
                 "y":1378
                }, 
                {
                 "gid":109,
                 "height":10,
                 "id":2270,
                 "name":"II5",
                 "rotation":0,
                 "type":"II5",
                 "visible":true,
                 "width":50,
                 "x":110,
                 "y":1378
                }, 
                {
                 "gid":110,
                 "height":30,
                 "id":2271,
                 "name":"J1",
                 "rotation":0,
                 "type":"J1",
                 "visible":true,
                 "width":20,
                 "x":-40,
                 "y":1440
                }, 
                {
                 "gid":111,
                 "height":20,
                 "id":2272,
                 "name":"J2",
                 "rotation":0,
                 "type":"J2",
                 "visible":true,
                 "width":30,
                 "x":35,
                 "y":1435
                }, 
                {
                 "gid":112,
                 "height":30,
                 "id":2273,
                 "name":"J3",
                 "rotation":0,
                 "type":"J3",
                 "visible":true,
                 "width":20,
                 "x":110,
                 "y":1441
                },
            
                {
                 "gid":113,
                 "height":20,
                 "id":2274,
                 "name":"J4",
                 "rotation":0,
                 "type":"J4",
                 "visible":true,
                 "width":30,
                 "x":-40,
                 "y":1518
                }, 
                {
                 "gid":114,
                 "height":30,
                 "id":2275,
                 "name":"L1",
                 "rotation":0,
                 "type":"L1",
                 "visible":true,
                 "width":20,
                 "x":35,
                 "y":1524
                }, 
                {
                 "gid":115,
                 "height":20,
                 "id":2276,
                 "name":"L2",
                 "rotation":0,
                 "type":"L2",
                 "visible":true,
                 "width":30,
                 "x":110,
                 "y":1518
                }, 
                {
                 "gid":116,
                 "height":30,
                 "id":2277,
                 "name":"L3",
                 "rotation":0,
                 "type":"L3",
                 "visible":true,
                 "width":20,
                 "x":-40,
                 "y":1586
                }, 
                {
                 "gid":117,
                 "height":20,
                 "id":2278,
                 "name":"L4",
                 "rotation":0,
                 "type":"L4",
                 "visible":true,
                 "width":30,
                 "x":35,
                 "y":1577
                }, 
                {
                 "gid":118,
                 "height":20,
                 "id":2279,
                 "name":"O",
                 "rotation":0,
                 "type":"O",
                 "visible":true,
                 "width":20,
                 "x":110,
                 "y":1580
                }, 
                {
                 "gid":119,
                 "height":20,
                 "id":2280,
                 "name":"polyplet-left-2",
                 "rotation":0,
                 "type":"polyplet-left-2",
                 "visible":true,
                 "width":20,
                 "x":-40,
                 "y":1641
                }, 
                {
                 "gid":120,
                 "height":30,
                 "id":2281,
                 "name":"polyplet-left-3",
                 "rotation":0,
                 "type":"polyplet-left-3",
                 "visible":true,
                 "width":30,
                 "x":35,
                 "y":1644
                }, 
                {
                 "gid":121,
                 "height":40,
                 "id":2282,
                 "name":"polyplet-left-4",
                 "rotation":0,
                 "type":"polyplet-left-4",
                 "visible":true,
                 "width":40,
                 "x":110,
                 "y":1649
                },
            
                {
                 "gid":123,
                 "height":20,
                 "id":2283,
                 "name":"polyplet-right-2",
                 "rotation":0,
                 "type":"polyplet-right-2",
                 "visible":true,
                 "width":20,
                 "x":-40,
                 "y":1708
                }, 
                {
                 "gid":124,
                 "height":30,
                 "id":2284,
                 "name":"polyplet-right-3",
                 "rotation":0,
                 "type":"polyplet-right-3",
                 "visible":true,
                 "width":30,
                 "x":35,
                 "y":1719
                }, 
                {
                 "gid":125,
                 "height":40,
                 "id":2285,
                 "name":"polyplet-right-4",
                 "rotation":0,
                 "type":"polyplet-right-4",
                 "visible":true,
                 "width":40,
                 "x":110,
                 "y":1719
                }, 
                {
                 "gid":127,
                 "height":20,
                 "id":2286,
                 "name":"S1",
                 "rotation":0,
                 "type":"S1",
                 "visible":true,
                 "width":30,
                 "x":-40,
                 "y":1778
                }, 
                {
                 "gid":128,
                 "height":30,
                 "id":2287,
                 "name":"S2",
                 "rotation":0,
                 "type":"S2",
                 "visible":true,
                 "width":20,
                 "x":35,
                 "y":1780
                }, 
                {
                 "gid":150,
                 "height":20,
                 "id":2288,
                 "name":"Z1",
                 "rotation":0,
                 "type":"Z1",
                 "visible":true,
                 "width":30,
                 "x":110,
                 "y":1778
                }, 
                {
                 "gid":151,
                 "height":30,
                 "id":2289,
                 "name":"Z2",
                 "rotation":0,
                 "type":"Z2",
                 "visible":true,
                 "width":20,
                 "x":-40,
                 "y":1843
                }, 
                {
                 "gid":129,
                 "height":20,
                 "id":2290,
                 "name":"T1",
                 "rotation":0,
                 "type":"T1",
                 "visible":true,
                 "width":30,
                 "x":35,
                 "y":1839
                }, 
                {
                 "gid":130,
                 "height":30,
                 "id":2291,
                 "name":"T2",
                 "rotation":0,
                 "type":"T2",
                 "visible":true,
                 "width":20,
                 "x":110,
                 "y":1845
                },
            
                {
                 "gid":131,
                 "height":20,
                 "id":2292,
                 "name":"T3",
                 "rotation":0,
                 "type":"T3",
                 "visible":true,
                 "width":30,
                 "x":-40,
                 "y":1903
                }, 
                {
                 "gid":132,
                 "height":30,
                 "id":2293,
                 "name":"T4",
                 "rotation":0,
                 "type":"T4",
                 "visible":true,
                 "width":20,
                 "x":35,
                 "y":1907
                }, 
                {
                 "gid":133,
                 "height":30,
                 "id":2294,
                 "name":"TT1",
                 "rotation":0,
                 "type":"TT1",
                 "visible":true,
                 "width":30,
                 "x":110,
                 "y":1907
                }, 
                {
                 "gid":134,
                 "height":30,
                 "id":2295,
                 "name":"TT2",
                 "rotation":0,
                 "type":"TT2",
                 "visible":true,
                 "width":30,
                 "x":-40,
                 "y":1970
                }, 
                {
                 "gid":135,
                 "height":30,
                 "id":2296,
                 "name":"TT3",
                 "rotation":0,
                 "type":"TT3",
                 "visible":true,
                 "width":30,
                 "x":35,
                 "y":1969
                }, 
                {
                 "gid":136,
                 "height":30,
                 "id":2297,
                 "name":"TT4",
                 "rotation":0,
                 "type":"TT4",
                 "visible":true,
                 "width":30,
                 "x":110,
                 "y":1969
                }, 
                {
                 "gid":137,
                 "height":20,
                 "id":2298,
                 "name":"U1",
                 "rotation":0,
                 "type":"U1",
                 "visible":true,
                 "width":30,
                 "x":-40,
                 "y":2026
                }, 
                {
                 "gid":138,
                 "height":30,
                 "id":2299,
                 "name":"U2",
                 "rotation":0,
                 "type":"U2",
                 "visible":true,
                 "width":20,
                 "x":35,
                 "y":2031
                }, 
                {
                 "gid":139,
                 "height":20,
                 "id":2300,
                 "name":"U3",
                 "rotation":0,
                 "type":"U3",
                 "visible":true,
                 "width":30,
                 "x":110,
                 "y":2026
                },
            
                {
                 "gid":140,
                 "height":30,
                 "id":2301,
                 "name":"U4",
                 "rotation":0,
                 "type":"U4",
                 "visible":true,
                 "width":20,
                 "x":-40,
                 "y":2088
                }, 
                {
                 "gid":141,
                 "height":20,
                 "id":2302,
                 "name":"V1",
                 "rotation":0,
                 "type":"V1",
                 "visible":true,
                 "width":20,
                 "x":35,
                 "y":2082
                }, 
                {
                 "gid":142,
                 "height":20,
                 "id":2303,
                 "name":"V2",
                 "rotation":0,
                 "type":"V2",
                 "visible":true,
                 "width":20,
                 "x":110,
                 "y":2081
                }, 
                {
                 "gid":143,
                 "height":20,
                 "id":2304,
                 "name":"V3",
                 "rotation":0,
                 "type":"V3",
                 "visible":true,
                 "width":20,
                 "x":-40,
                 "y":2136
                }, 
                {
                 "gid":144,
                 "height":20,
                 "id":2305,
                 "name":"V4",
                 "rotation":0,
                 "type":"V4",
                 "visible":true,
                 "width":20,
                 "x":35,
                 "y":2136
                }, 
                {
                 "gid":145,
                 "height":30,
                 "id":2306,
                 "name":"VV1",
                 "rotation":0,
                 "type":"VV1",
                 "visible":true,
                 "width":30,
                 "x":110,
                 "y":2139
                }, 
                {
                 "gid":146,
                 "height":30,
                 "id":2307,
                 "name":"VV2",
                 "rotation":0,
                 "type":"VV2",
                 "visible":true,
                 "width":30,
                 "x":-40,
                 "y":2199
                }, 
                {
                 "gid":147,
                 "height":30,
                 "id":2308,
                 "name":"VV3",
                 "rotation":0,
                 "type":"VV3",
                 "visible":true,
                 "width":30,
                 "x":35,
                 "y":2199
                }, 
                {
                 "gid":148,
                 "height":30,
                 "id":2309,
                 "name":"VV4",
                 "rotation":0,
                 "type":"VV4",
                 "visible":true,
                 "width":30,
                 "x":110,
                 "y":2201
                },
            
                {
                 "gid":149,
                 "height":30,
                 "id":2310,
                 "name":"X",
                 "rotation":0,
                 "type":"X",
                 "visible":true,
                 "width":30,
                 "x":-40,
                 "y":2261
                }],
         "opacity":1,
         "type":"objectgroup",
         "visible":true,
         "x":0,
         "y":0
        }],
 "nextlayerid":12,
 "nextobjectid":2311,
 "orientation":"orthogonal",
 "properties":[
        {
         "name":"target",
         "type":"string",
         "value":"{15: 5}"
        }, 
        {
         "name":"typeLevel",
         "type":"string",
         "value":"collect"
        }],
 "renderorder":"right-down",
 "tiledversion":"1.8.5",
 "tileheight":10,
 "tilesets":[
        {
         "columns":0,
         "firstgid":1,
         "grid":
            {
             "height":1,
             "orientation":"orthogonal",
             "width":1
            },
         "margin":0,
         "name":"Pieces",
         "spacing":0,
         "tilecount":57,
         "tileheight":50,
         "tiles":[
                {
                 "id":1,
                 "image":"assets\/pieces\/1.png",
                 "imageheight":10,
                 "imagewidth":10,
                 "type":"1"
                }, 
                {
                 "id":101,
                 "image":"assets\/pieces\/I2.png",
                 "imageheight":20,
                 "imagewidth":10,
                 "type":"I2"
                }, 
                {
                 "id":102,
                 "image":"assets\/pieces\/I3.png",
                 "imageheight":30,
                 "imagewidth":10,
                 "type":"I3"
                }, 
                {
                 "id":103,
                 "image":"assets\/pieces\/I4.png",
                 "imageheight":40,
                 "imagewidth":10,
                 "type":"I4"
                }, 
                {
                 "id":104,
                 "image":"assets\/pieces\/I5.png",
                 "imageheight":50,
                 "imagewidth":10,
                 "type":"I5"
                }, 
                {
                 "id":105,
                 "image":"assets\/pieces\/II2.png",
                 "imageheight":10,
                 "imagewidth":20,
                 "type":"II2"
                }, 
                {
                 "id":106,
                 "image":"assets\/pieces\/II3.png",
                 "imageheight":10,
                 "imagewidth":30,
                 "type":"II3"
                }, 
                {
                 "id":107,
                 "image":"assets\/pieces\/II4.png",
                 "imageheight":10,
                 "imagewidth":40,
                 "type":"II4"
                }, 
                {
                 "id":108,
                 "image":"assets\/pieces\/II5.png",
                 "imageheight":10,
                 "imagewidth":50,
                 "type":"II5"
                },
            
                {
                 "id":109,
                 "image":"assets\/pieces\/J1.png",
                 "imageheight":30,
                 "imagewidth":20,
                 "type":"J1"
                }, 
                {
                 "id":110,
                 "image":"assets\/pieces\/J2.png",
                 "imageheight":20,
                 "imagewidth":30,
                 "type":"J2"
                }, 
                {
                 "id":111,
                 "image":"assets\/pieces\/J3.png",
                 "imageheight":30,
                 "imagewidth":20,
                 "type":"J3"
                }, 
                {
                 "id":112,
                 "image":"assets\/pieces\/J4.png",
                 "imageheight":20,
                 "imagewidth":30,
                 "type":"J4"
                }, 
                {
                 "id":113,
                 "image":"assets\/pieces\/L1.png",
                 "imageheight":30,
                 "imagewidth":20,
                 "type":"L1"
                }, 
                {
                 "id":114,
                 "image":"assets\/pieces\/L2.png",
                 "imageheight":20,
                 "imagewidth":30,
                 "type":"L2"
                }, 
                {
                 "id":115,
                 "image":"assets\/pieces\/L3.png",
                 "imageheight":30,
                 "imagewidth":20,
                 "type":"L3"
                }, 
                {
                 "id":116,
                 "image":"assets\/pieces\/L4.png",
                 "imageheight":20,
                 "imagewidth":30,
                 "type":"L4"
                }, 
                {
                 "id":117,
                 "image":"assets\/pieces\/O.png",
                 "imageheight":20,
                 "imagewidth":20,
                 "type":"O"
                },
            
                {
                 "id":118,
                 "image":"assets\/pieces\/polyplet-left-2.png",
                 "imageheight":20,
                 "imagewidth":20,
                 "type":"polyplet-left-2"
                }, 
                {
                 "id":119,
                 "image":"assets\/pieces\/polyplet-left-3.png",
                 "imageheight":30,
                 "imagewidth":30,
                 "type":"polyplet-left-3"
                }, 
                {
                 "id":120,
                 "image":"assets\/pieces\/polyplet-left-4.png",
                 "imageheight":40,
                 "imagewidth":40,
                 "type":"polyplet-left-4"
                }, 
                {
                 "id":121,
                 "image":"assets\/pieces\/polyplet-left-5.png",
                 "imageheight":50,
                 "imagewidth":50,
                 "type":"polyplet-left-5"
                }, 
                {
                 "id":122,
                 "image":"assets\/pieces\/polyplet-right-2.png",
                 "imageheight":20,
                 "imagewidth":20,
                 "type":"polyplet-right-2"
                }, 
                {
                 "id":123,
                 "image":"assets\/pieces\/polyplet-right-3.png",
                 "imageheight":30,
                 "imagewidth":30,
                 "type":"polyplet-right-3"
                }, 
                {
                 "id":124,
                 "image":"assets\/pieces\/polyplet-right-4.png",
                 "imageheight":40,
                 "imagewidth":40,
                 "type":"polyplet-right-4"
                }, 
                {
                 "id":125,
                 "image":"assets\/pieces\/polyplet-right-5.png",
                 "imageheight":50,
                 "imagewidth":50,
                 "type":"polyplet-right-5"
                }, 
                {
                 "id":126,
                 "image":"assets\/pieces\/S1.png",
                 "imageheight":20,
                 "imagewidth":30,
                 "type":"S1"
                },
            
                {
                 "id":127,
                 "image":"assets\/pieces\/S2.png",
                 "imageheight":30,
                 "imagewidth":20,
                 "type":"S2"
                }, 
                {
                 "id":128,
                 "image":"assets\/pieces\/T1.png",
                 "imageheight":20,
                 "imagewidth":30,
                 "type":"T1"
                }, 
                {
                 "id":129,
                 "image":"assets\/pieces\/T2.png",
                 "imageheight":30,
                 "imagewidth":20,
                 "type":"T2"
                }, 
                {
                 "id":130,
                 "image":"assets\/pieces\/T3.png",
                 "imageheight":20,
                 "imagewidth":30,
                 "type":"T3"
                }, 
                {
                 "id":131,
                 "image":"assets\/pieces\/T4.png",
                 "imageheight":30,
                 "imagewidth":20,
                 "type":"T4"
                }, 
                {
                 "id":132,
                 "image":"assets\/pieces\/TT1.png",
                 "imageheight":30,
                 "imagewidth":30,
                 "type":"TT1"
                }, 
                {
                 "id":133,
                 "image":"assets\/pieces\/TT2.png",
                 "imageheight":30,
                 "imagewidth":30,
                 "type":"TT2"
                }, 
                {
                 "id":134,
                 "image":"assets\/pieces\/TT3.png",
                 "imageheight":30,
                 "imagewidth":30,
                 "type":"TT3"
                }, 
                {
                 "id":135,
                 "image":"assets\/pieces\/TT4.png",
                 "imageheight":30,
                 "imagewidth":30,
                 "type":"TT4"
                },
            
                {
                 "id":136,
                 "image":"assets\/pieces\/U1.png",
                 "imageheight":20,
                 "imagewidth":30,
                 "type":"U1"
                }, 
                {
                 "id":137,
                 "image":"assets\/pieces\/U2.png",
                 "imageheight":30,
                 "imagewidth":20,
                 "type":"U2"
                }, 
                {
                 "id":138,
                 "image":"assets\/pieces\/U3.png",
                 "imageheight":20,
                 "imagewidth":30,
                 "type":"U3"
                }, 
                {
                 "id":139,
                 "image":"assets\/pieces\/U4.png",
                 "imageheight":30,
                 "imagewidth":20,
                 "type":"U4"
                }, 
                {
                 "id":140,
                 "image":"assets\/pieces\/V1.png",
                 "imageheight":20,
                 "imagewidth":20,
                 "type":"V1"
                }, 
                {
                 "id":141,
                 "image":"assets\/pieces\/V2.png",
                 "imageheight":20,
                 "imagewidth":20,
                 "type":"V2"
                }, 
                {
                 "id":142,
                 "image":"assets\/pieces\/V3.png",
                 "imageheight":20,
                 "imagewidth":20,
                 "type":"V3"
                }, 
                {
                 "id":143,
                 "image":"assets\/pieces\/V4.png",
                 "imageheight":20,
                 "imagewidth":20,
                 "type":"V4"
                }, 
                {
                 "id":144,
                 "image":"assets\/pieces\/VV1.png",
                 "imageheight":30,
                 "imagewidth":30,
                 "type":"VV1"
                },
            
                {
                 "id":145,
                 "image":"assets\/pieces\/VV2.png",
                 "imageheight":30,
                 "imagewidth":30,
                 "type":"VV2"
                }, 
                {
                 "id":146,
                 "image":"assets\/pieces\/VV3.png",
                 "imageheight":30,
                 "imagewidth":30,
                 "type":"VV3"
                }, 
                {
                 "id":147,
                 "image":"assets\/pieces\/VV4.png",
                 "imageheight":30,
                 "imagewidth":30,
                 "type":"VV4"
                }, 
                {
                 "id":148,
                 "image":"assets\/pieces\/X.png",
                 "imageheight":30,
                 "imagewidth":30,
                 "type":"X"
                }, 
                {
                 "id":149,
                 "image":"assets\/pieces\/Z1.png",
                 "imageheight":20,
                 "imagewidth":30,
                 "type":"Z1"
                }, 
                {
                 "id":150,
                 "image":"assets\/pieces\/Z2.png",
                 "imageheight":30,
                 "imagewidth":20,
                 "type":"Z2"
                }, 
                {
                 "id":10,
                 "image":"assets\/pieces\/diamond-10.png",
                 "imageheight":10,
                 "imagewidth":10,
                 "type":"diamond-10"
                }, 
                {
                 "id":11,
                 "image":"assets\/pieces\/diamond-11.png",
                 "imageheight":10,
                 "imagewidth":10,
                 "type":"diamond-11"
                }, 
                {
                 "id":12,
                 "image":"assets\/pieces\/diamond-12.png",
                 "imageheight":10,
                 "imagewidth":10,
                 "type":"diamond-12"
                },
            
                {
                 "id":13,
                 "image":"assets\/pieces\/diamond-13.png",
                 "imageheight":10,
                 "imagewidth":10,
                 "type":"diamond-13"
                }, 
                {
                 "id":14,
                 "image":"assets\/pieces\/diamond-14.png",
                 "imageheight":10,
                 "imagewidth":10,
                 "type":"diamond-14"
                }, 
                {
                 "id":15,
                 "image":"assets\/pieces\/diamond-15.png",
                 "imageheight":10,
                 "imagewidth":10,
                 "type":"diamond-15"
                }],
         "tilewidth":50
        }],
 "tilewidth":10,
 "type":"map",
 "version":"1.8",
 "width":9
}