{"textures":[{"image":"effects-resources.png","format":"RGBA8888","size":{"w":788,"h":788},"scale":1,"frames":[{"filename":"ribbon","rotated":false,"trimmed":false,"sourceSize":{"w":64,"h":2},"spriteSourceSize":{"x":0,"y":0,"w":64,"h":2},"frame":{"x":1,"y":1,"w":64,"h":2}},{"filename":"ribbon/falling-confetti/confetti-b/confetti-b-4","rotated":false,"trimmed":false,"sourceSize":{"w":26,"h":2},"spriteSourceSize":{"x":0,"y":0,"w":26,"h":2},"frame":{"x":67,"y":1,"w":26,"h":2}},{"filename":"ribbon/falling-confetti/confetti-a/confetti-a-3","rotated":false,"trimmed":false,"sourceSize":{"w":21,"h":3},"spriteSourceSize":{"x":0,"y":0,"w":21,"h":3},"frame":{"x":95,"y":1,"w":21,"h":3}},{"filename":"ribbon/falling-confetti/confetti-d/confetti-d-4","rotated":false,"trimmed":false,"sourceSize":{"w":23,"h":4},"spriteSourceSize":{"x":0,"y":0,"w":23,"h":4},"frame":{"x":118,"y":1,"w":23,"h":4}},{"filename":"ribbon/falling-confetti/confetti-b/confetti-b-3","rotated":false,"trimmed":false,"sourceSize":{"w":25,"h":5},"spriteSourceSize":{"x":0,"y":0,"w":25,"h":5},"frame":{"x":143,"y":1,"w":25,"h":5}},{"filename":"ribbon/falling-confetti/confetti-c/confetti-c-4","rotated":false,"trimmed":false,"sourceSize":{"w":22,"h":6},"spriteSourceSize":{"x":0,"y":0,"w":22,"h":6},"frame":{"x":170,"y":1,"w":22,"h":6}},{"filename":"ribbon/falling-confetti/confetti-d/confetti-d-3","rotated":false,"trimmed":false,"sourceSize":{"w":23,"h":6},"spriteSourceSize":{"x":0,"y":0,"w":23,"h":6},"frame":{"x":194,"y":1,"w":23,"h":6}},{"filename":"ribbon/falling-confetti/confetti-a/confetti-a-2","rotated":false,"trimmed":false,"sourceSize":{"w":21,"h":7},"spriteSourceSize":{"x":0,"y":0,"w":21,"h":7},"frame":{"x":219,"y":1,"w":21,"h":7}},{"filename":"ribbon/falling-confetti/confetti-c/confetti-c-3","rotated":false,"trimmed":false,"sourceSize":{"w":23,"h":7},"spriteSourceSize":{"x":0,"y":0,"w":23,"h":7},"frame":{"x":242,"y":1,"w":23,"h":7}},{"filename":"star-x/star-4","rotated":false,"trimmed":true,"sourceSize":{"w":21,"h":20},"spriteSourceSize":{"x":0,"y":6,"w":21,"h":8},"frame":{"x":267,"y":1,"w":21,"h":8}},{"filename":"dust","rotated":false,"trimmed":false,"sourceSize":{"w":9,"h":9},"spriteSourceSize":{"x":0,"y":0,"w":9,"h":9},"frame":{"x":290,"y":1,"w":9,"h":9}},{"filename":"ribbon/falling-confetti/confetti-b/confetti-b-2","rotated":false,"trimmed":false,"sourceSize":{"w":23,"h":9},"spriteSourceSize":{"x":0,"y":0,"w":23,"h":9},"frame":{"x":301,"y":1,"w":23,"h":9}},{"filename":"ribbon/falling-confetti/confetti-d/confetti-d-2","rotated":false,"trimmed":false,"sourceSize":{"w":23,"h":9},"spriteSourceSize":{"x":0,"y":0,"w":23,"h":9},"frame":{"x":326,"y":1,"w":23,"h":9}},{"filename":"ribbon/falling-confetti/confetti-c/confetti-c-2","rotated":false,"trimmed":false,"sourceSize":{"w":25,"h":10},"spriteSourceSize":{"x":0,"y":0,"w":25,"h":10},"frame":{"x":351,"y":1,"w":25,"h":10}},{"filename":"rock-4","rotated":false,"trimmed":false,"sourceSize":{"w":14,"h":12},"spriteSourceSize":{"x":0,"y":0,"w":14,"h":12},"frame":{"x":378,"y":1,"w":14,"h":12}},{"filename":"rocks/blue-2","rotated":false,"trimmed":false,"sourceSize":{"w":14,"h":12},"spriteSourceSize":{"x":0,"y":0,"w":14,"h":12},"frame":{"x":394,"y":1,"w":14,"h":12}},{"filename":"rocks/green-2","rotated":false,"trimmed":false,"sourceSize":{"w":14,"h":12},"spriteSourceSize":{"x":0,"y":0,"w":14,"h":12},"frame":{"x":410,"y":1,"w":14,"h":12}},{"filename":"rocks/pink-2","rotated":false,"trimmed":false,"sourceSize":{"w":14,"h":12},"spriteSourceSize":{"x":0,"y":0,"w":14,"h":12},"frame":{"x":426,"y":1,"w":14,"h":12}},{"filename":"rocks/red-2","rotated":false,"trimmed":false,"sourceSize":{"w":14,"h":12},"spriteSourceSize":{"x":0,"y":0,"w":14,"h":12},"frame":{"x":442,"y":1,"w":14,"h":12}},{"filename":"rocks/violet-2","rotated":false,"trimmed":false,"sourceSize":{"w":14,"h":12},"spriteSourceSize":{"x":0,"y":0,"w":14,"h":12},"frame":{"x":458,"y":1,"w":14,"h":12}},{"filename":"rocks/yellow-2","rotated":false,"trimmed":false,"sourceSize":{"w":14,"h":12},"spriteSourceSize":{"x":0,"y":0,"w":14,"h":12},"frame":{"x":474,"y":1,"w":14,"h":12}},{"filename":"ribbon/falling-confetti/confetti-a/confetti-a-1","rotated":false,"trimmed":false,"sourceSize":{"w":21,"h":14},"spriteSourceSize":{"x":0,"y":0,"w":21,"h":14},"frame":{"x":490,"y":1,"w":21,"h":14}},{"filename":"ribbon/falling-confetti/confetti-b/confetti-b-1","rotated":false,"trimmed":false,"sourceSize":{"w":23,"h":14},"spriteSourceSize":{"x":0,"y":0,"w":23,"h":14},"frame":{"x":513,"y":1,"w":23,"h":14}},{"filename":"ribbon/falling-confetti/confetti-d/confetti-d-1","rotated":false,"trimmed":false,"sourceSize":{"w":21,"h":14},"spriteSourceSize":{"x":0,"y":0,"w":21,"h":14},"frame":{"x":538,"y":1,"w":21,"h":14}},{"filename":"star-x/star-3","rotated":false,"trimmed":true,"sourceSize":{"w":21,"h":20},"spriteSourceSize":{"x":0,"y":3,"w":21,"h":14},"frame":{"x":561,"y":1,"w":21,"h":14}},{"filename":"dust-yellow","rotated":false,"trimmed":false,"sourceSize":{"w":15,"h":16},"spriteSourceSize":{"x":0,"y":0,"w":15,"h":16},"frame":{"x":584,"y":1,"w":15,"h":16}},{"filename":"ribbon/falling-confetti/confetti-c/confetti-c-1","rotated":false,"trimmed":false,"sourceSize":{"w":24,"h":16},"spriteSourceSize":{"x":0,"y":0,"w":24,"h":16},"frame":{"x":601,"y":1,"w":24,"h":16}},{"filename":"rock-5","rotated":false,"trimmed":false,"sourceSize":{"w":16,"h":16},"spriteSourceSize":{"x":0,"y":0,"w":16,"h":16},"frame":{"x":627,"y":1,"w":16,"h":16}},{"filename":"rocks/blue-1","rotated":false,"trimmed":false,"sourceSize":{"w":16,"h":16},"spriteSourceSize":{"x":0,"y":0,"w":16,"h":16},"frame":{"x":645,"y":1,"w":16,"h":16}},{"filename":"rocks/green-1","rotated":false,"trimmed":false,"sourceSize":{"w":16,"h":16},"spriteSourceSize":{"x":0,"y":0,"w":16,"h":16},"frame":{"x":663,"y":1,"w":16,"h":16}},{"filename":"rocks/pink-1","rotated":false,"trimmed":false,"sourceSize":{"w":16,"h":16},"spriteSourceSize":{"x":0,"y":0,"w":16,"h":16},"frame":{"x":681,"y":1,"w":16,"h":16}},{"filename":"rocks/red-1","rotated":false,"trimmed":false,"sourceSize":{"w":16,"h":16},"spriteSourceSize":{"x":0,"y":0,"w":16,"h":16},"frame":{"x":699,"y":1,"w":16,"h":16}},{"filename":"rocks/violet-1","rotated":false,"trimmed":false,"sourceSize":{"w":16,"h":16},"spriteSourceSize":{"x":0,"y":0,"w":16,"h":16},"frame":{"x":717,"y":1,"w":16,"h":16}},{"filename":"rocks/yellow-1","rotated":false,"trimmed":false,"sourceSize":{"w":16,"h":16},"spriteSourceSize":{"x":0,"y":0,"w":16,"h":16},"frame":{"x":735,"y":1,"w":16,"h":16}},{"filename":"rock-1","rotated":false,"trimmed":false,"sourceSize":{"w":16,"h":18},"spriteSourceSize":{"x":0,"y":0,"w":16,"h":18},"frame":{"x":753,"y":1,"w":16,"h":18}},{"filename":"rocks/blue-5","rotated":false,"trimmed":false,"sourceSize":{"w":16,"h":18},"spriteSourceSize":{"x":0,"y":0,"w":16,"h":18},"frame":{"x":771,"y":1,"w":16,"h":18}},{"filename":"rocks/green-5","rotated":false,"trimmed":false,"sourceSize":{"w":16,"h":18},"spriteSourceSize":{"x":0,"y":0,"w":16,"h":18},"frame":{"x":1,"y":21,"w":16,"h":18}},{"filename":"rocks/pink-5","rotated":false,"trimmed":false,"sourceSize":{"w":16,"h":18},"spriteSourceSize":{"x":0,"y":0,"w":16,"h":18},"frame":{"x":19,"y":21,"w":16,"h":18}},{"filename":"rocks/red-5","rotated":false,"trimmed":false,"sourceSize":{"w":16,"h":18},"spriteSourceSize":{"x":0,"y":0,"w":16,"h":18},"frame":{"x":37,"y":21,"w":16,"h":18}},{"filename":"rocks/violet-5","rotated":false,"trimmed":false,"sourceSize":{"w":16,"h":18},"spriteSourceSize":{"x":0,"y":0,"w":16,"h":18},"frame":{"x":55,"y":21,"w":16,"h":18}},{"filename":"rocks/yellow-5","rotated":false,"trimmed":false,"sourceSize":{"w":16,"h":18},"spriteSourceSize":{"x":0,"y":0,"w":16,"h":18},"frame":{"x":73,"y":21,"w":16,"h":18}},{"filename":"star-x/star-2","rotated":false,"trimmed":true,"sourceSize":{"w":21,"h":20},"spriteSourceSize":{"x":0,"y":1,"w":21,"h":18},"frame":{"x":91,"y":21,"w":21,"h":18}},{"filename":"rock-2","rotated":false,"trimmed":false,"sourceSize":{"w":26,"h":19},"spriteSourceSize":{"x":0,"y":0,"w":26,"h":19},"frame":{"x":114,"y":21,"w":26,"h":19}},{"filename":"rock-3","rotated":false,"trimmed":false,"sourceSize":{"w":20,"h":19},"spriteSourceSize":{"x":0,"y":0,"w":20,"h":19},"frame":{"x":142,"y":21,"w":20,"h":19}},{"filename":"rocks/blue-3","rotated":false,"trimmed":false,"sourceSize":{"w":20,"h":19},"spriteSourceSize":{"x":0,"y":0,"w":20,"h":19},"frame":{"x":164,"y":21,"w":20,"h":19}},{"filename":"rocks/blue-4","rotated":false,"trimmed":false,"sourceSize":{"w":26,"h":19},"spriteSourceSize":{"x":0,"y":0,"w":26,"h":19},"frame":{"x":186,"y":21,"w":26,"h":19}},{"filename":"rocks/green-3","rotated":false,"trimmed":false,"sourceSize":{"w":20,"h":19},"spriteSourceSize":{"x":0,"y":0,"w":20,"h":19},"frame":{"x":214,"y":21,"w":20,"h":19}},{"filename":"rocks/green-4","rotated":false,"trimmed":false,"sourceSize":{"w":26,"h":19},"spriteSourceSize":{"x":0,"y":0,"w":26,"h":19},"frame":{"x":236,"y":21,"w":26,"h":19}},{"filename":"rocks/pink-3","rotated":false,"trimmed":false,"sourceSize":{"w":20,"h":19},"spriteSourceSize":{"x":0,"y":0,"w":20,"h":19},"frame":{"x":264,"y":21,"w":20,"h":19}},{"filename":"rocks/pink-4","rotated":false,"trimmed":false,"sourceSize":{"w":26,"h":19},"spriteSourceSize":{"x":0,"y":0,"w":26,"h":19},"frame":{"x":286,"y":21,"w":26,"h":19}},{"filename":"rocks/red-3","rotated":false,"trimmed":false,"sourceSize":{"w":20,"h":19},"spriteSourceSize":{"x":0,"y":0,"w":20,"h":19},"frame":{"x":314,"y":21,"w":20,"h":19}},{"filename":"rocks/red-4","rotated":false,"trimmed":false,"sourceSize":{"w":26,"h":19},"spriteSourceSize":{"x":0,"y":0,"w":26,"h":19},"frame":{"x":336,"y":21,"w":26,"h":19}},{"filename":"rocks/violet-3","rotated":false,"trimmed":false,"sourceSize":{"w":20,"h":19},"spriteSourceSize":{"x":0,"y":0,"w":20,"h":19},"frame":{"x":364,"y":21,"w":20,"h":19}},{"filename":"rocks/violet-4","rotated":false,"trimmed":false,"sourceSize":{"w":26,"h":19},"spriteSourceSize":{"x":0,"y":0,"w":26,"h":19},"frame":{"x":386,"y":21,"w":26,"h":19}},{"filename":"rocks/yellow-3","rotated":false,"trimmed":false,"sourceSize":{"w":20,"h":19},"spriteSourceSize":{"x":0,"y":0,"w":20,"h":19},"frame":{"x":414,"y":21,"w":20,"h":19}},{"filename":"rocks/yellow-4","rotated":false,"trimmed":false,"sourceSize":{"w":26,"h":19},"spriteSourceSize":{"x":0,"y":0,"w":26,"h":19},"frame":{"x":436,"y":21,"w":26,"h":19}},{"filename":"star-x/star-1","rotated":false,"trimmed":false,"sourceSize":{"w":21,"h":20},"spriteSourceSize":{"x":0,"y":0,"w":21,"h":20},"frame":{"x":464,"y":21,"w":21,"h":20}},{"filename":"star-y/star-1","rotated":false,"trimmed":false,"sourceSize":{"w":21,"h":20},"spriteSourceSize":{"x":0,"y":0,"w":21,"h":20},"frame":{"x":464,"y":21,"w":21,"h":20}},{"filename":"star-y/star-2","rotated":false,"trimmed":true,"sourceSize":{"w":21,"h":20},"spriteSourceSize":{"x":4,"y":0,"w":15,"h":20},"frame":{"x":487,"y":21,"w":15,"h":20}},{"filename":"star-y/star-3","rotated":false,"trimmed":true,"sourceSize":{"w":21,"h":20},"spriteSourceSize":{"x":7,"y":0,"w":8,"h":20},"frame":{"x":504,"y":21,"w":8,"h":20}},{"filename":"star-y/star-4","rotated":false,"trimmed":true,"sourceSize":{"w":21,"h":20},"spriteSourceSize":{"x":1,"y":0,"w":20,"h":20},"frame":{"x":514,"y":21,"w":20,"h":20}},{"filename":"rock","rotated":false,"trimmed":false,"sourceSize":{"w":21,"h":22},"spriteSourceSize":{"x":0,"y":0,"w":21,"h":22},"frame":{"x":536,"y":21,"w":21,"h":22}},{"filename":"rocks/blue-6","rotated":false,"trimmed":false,"sourceSize":{"w":21,"h":22},"spriteSourceSize":{"x":0,"y":0,"w":21,"h":22},"frame":{"x":559,"y":21,"w":21,"h":22}},{"filename":"rocks/green-6","rotated":false,"trimmed":false,"sourceSize":{"w":21,"h":22},"spriteSourceSize":{"x":0,"y":0,"w":21,"h":22},"frame":{"x":582,"y":21,"w":21,"h":22}},{"filename":"rocks/pink-6","rotated":false,"trimmed":false,"sourceSize":{"w":21,"h":22},"spriteSourceSize":{"x":0,"y":0,"w":21,"h":22},"frame":{"x":605,"y":21,"w":21,"h":22}},{"filename":"rocks/red-6","rotated":false,"trimmed":false,"sourceSize":{"w":21,"h":22},"spriteSourceSize":{"x":0,"y":0,"w":21,"h":22},"frame":{"x":628,"y":21,"w":21,"h":22}},{"filename":"rocks/violet-6","rotated":false,"trimmed":false,"sourceSize":{"w":21,"h":22},"spriteSourceSize":{"x":0,"y":0,"w":21,"h":22},"frame":{"x":651,"y":21,"w":21,"h":22}},{"filename":"rocks/yellow-6","rotated":false,"trimmed":false,"sourceSize":{"w":21,"h":22},"spriteSourceSize":{"x":0,"y":0,"w":21,"h":22},"frame":{"x":674,"y":21,"w":21,"h":22}},{"filename":"confetti/small-2","rotated":false,"trimmed":false,"sourceSize":{"w":22,"h":23},"spriteSourceSize":{"x":0,"y":0,"w":22,"h":23},"frame":{"x":697,"y":21,"w":22,"h":23}},{"filename":"confetti/small-5","rotated":false,"trimmed":false,"sourceSize":{"w":22,"h":23},"spriteSourceSize":{"x":0,"y":0,"w":22,"h":23},"frame":{"x":721,"y":21,"w":22,"h":23}},{"filename":"confetti/small-3","rotated":false,"trimmed":false,"sourceSize":{"w":16,"h":24},"spriteSourceSize":{"x":0,"y":0,"w":16,"h":24},"frame":{"x":745,"y":21,"w":16,"h":24}},{"filename":"confetti/small-4","rotated":false,"trimmed":true,"sourceSize":{"w":28,"h":31},"spriteSourceSize":{"x":4,"y":2,"w":20,"h":28},"frame":{"x":763,"y":21,"w":20,"h":28}},{"filename":"confetti/small-1","rotated":false,"trimmed":false,"sourceSize":{"w":26,"h":29},"spriteSourceSize":{"x":0,"y":0,"w":26,"h":29},"frame":{"x":1,"y":51,"w":26,"h":29}},{"filename":"bubble-water","rotated":false,"trimmed":false,"sourceSize":{"w":33,"h":33},"spriteSourceSize":{"x":0,"y":0,"w":33,"h":33},"frame":{"x":29,"y":51,"w":33,"h":33}},{"filename":"confetti/hexagon-2","rotated":false,"trimmed":true,"sourceSize":{"w":50,"h":50},"spriteSourceSize":{"x":4,"y":8,"w":42,"h":35},"frame":{"x":64,"y":51,"w":42,"h":35}},{"filename":"confetti/hexagon-3","rotated":false,"trimmed":true,"sourceSize":{"w":50,"h":50},"spriteSourceSize":{"x":8,"y":7,"w":36,"h":36},"frame":{"x":108,"y":51,"w":36,"h":36}},{"filename":"star","rotated":false,"trimmed":false,"sourceSize":{"w":36,"h":36},"spriteSourceSize":{"x":0,"y":0,"w":36,"h":36},"frame":{"x":146,"y":51,"w":36,"h":36}},{"filename":"confetti/hexagon-1","rotated":false,"trimmed":true,"sourceSize":{"w":50,"h":50},"spriteSourceSize":{"x":1,"y":6,"w":49,"h":39},"frame":{"x":184,"y":51,"w":49,"h":39}},{"filename":"confetti/hexagon-4","rotated":false,"trimmed":true,"sourceSize":{"w":50,"h":50},"spriteSourceSize":{"x":4,"y":4,"w":43,"h":42},"frame":{"x":235,"y":51,"w":43,"h":42}},{"filename":"confetti/hexagon-0","rotated":false,"trimmed":true,"sourceSize":{"w":50,"h":50},"spriteSourceSize":{"x":0,"y":2,"w":50,"h":46},"frame":{"x":280,"y":51,"w":50,"h":46}},{"filename":"glare-cross","rotated":false,"trimmed":false,"sourceSize":{"w":60,"h":60},"spriteSourceSize":{"x":0,"y":0,"w":60,"h":60},"frame":{"x":332,"y":51,"w":60,"h":60}},{"filename":"blank","rotated":false,"trimmed":false,"sourceSize":{"w":100,"h":100},"spriteSourceSize":{"x":0,"y":0,"w":100,"h":100},"frame":{"x":394,"y":51,"w":100,"h":100}},{"filename":"text/text-cool","rotated":false,"trimmed":false,"sourceSize":{"w":269,"h":112},"spriteSourceSize":{"x":0,"y":0,"w":269,"h":112},"frame":{"x":496,"y":51,"w":269,"h":112}},{"filename":"text/text-excellent","rotated":false,"trimmed":false,"sourceSize":{"w":422,"h":117},"spriteSourceSize":{"x":0,"y":0,"w":422,"h":117},"frame":{"x":1,"y":165,"w":422,"h":117}},{"filename":"text/text-perfect","rotated":false,"trimmed":false,"sourceSize":{"w":350,"h":121},"spriteSourceSize":{"x":0,"y":0,"w":350,"h":121},"frame":{"x":425,"y":165,"w":350,"h":121}},{"filename":"text/text-unbelievable","rotated":false,"trimmed":false,"sourceSize":{"w":569,"h":141},"spriteSourceSize":{"x":0,"y":0,"w":569,"h":141},"frame":{"x":1,"y":288,"w":569,"h":141}},{"filename":"star-yellow","rotated":false,"trimmed":false,"sourceSize":{"w":170,"h":144},"spriteSourceSize":{"x":0,"y":0,"w":170,"h":144},"frame":{"x":572,"y":288,"w":170,"h":144}},{"filename":"glow-circle","rotated":false,"trimmed":false,"sourceSize":{"w":200,"h":200},"spriteSourceSize":{"x":0,"y":0,"w":200,"h":200},"frame":{"x":1,"y":434,"w":200,"h":200}},{"filename":"smoke","rotated":false,"trimmed":false,"sourceSize":{"w":423,"h":329},"spriteSourceSize":{"x":0,"y":0,"w":423,"h":329},"frame":{"x":203,"y":434,"w":423,"h":329}}]}],"meta":{"app":"https://www.codeandweb.com/texturepacker","version":"3.0","smartupdate":"$TexturePacker:SmartUpdate:b5e098b19e37d2357238809387506d1f:48fa371e38b3debf720de35a4290bfe9:fcf0ca429d8c303c4783c89b34559bdb$"}}