{"textures":[{"image":"gameplay-resources-0.png","format":"RGBA8888","size":{"w":1884,"h":1073},"scale":1,"frames":[{"filename":"dust","rotated":false,"trimmed":false,"sourceSize":{"w":15,"h":16},"spriteSourceSize":{"x":0,"y":0,"w":15,"h":16},"frame":{"x":1,"y":1,"w":15,"h":16}},{"filename":"mask","rotated":false,"trimmed":false,"sourceSize":{"w":29,"h":29},"spriteSourceSize":{"x":0,"y":0,"w":29,"h":29},"frame":{"x":18,"y":1,"w":29,"h":29}},{"filename":"icons/icon-plus","rotated":false,"trimmed":false,"sourceSize":{"w":29,"h":30},"spriteSourceSize":{"x":0,"y":0,"w":29,"h":30},"frame":{"x":49,"y":1,"w":29,"h":30}},{"filename":"icons/check","rotated":false,"trimmed":false,"sourceSize":{"w":35,"h":33},"spriteSourceSize":{"x":0,"y":0,"w":35,"h":33},"frame":{"x":80,"y":1,"w":35,"h":33}},{"filename":"text/new-game","rotated":false,"trimmed":false,"sourceSize":{"w":201,"h":37},"spriteSourceSize":{"x":0,"y":0,"w":201,"h":37},"frame":{"x":117,"y":1,"w":201,"h":37}},{"filename":"text/continue","rotated":false,"trimmed":false,"sourceSize":{"w":175,"h":38},"spriteSourceSize":{"x":0,"y":0,"w":175,"h":38},"frame":{"x":320,"y":1,"w":175,"h":38}},{"filename":"text/retry","rotated":false,"trimmed":false,"sourceSize":{"w":108,"h":46},"spriteSourceSize":{"x":0,"y":0,"w":108,"h":46},"frame":{"x":497,"y":1,"w":108,"h":46}},{"filename":"icons/icon-global","rotated":false,"trimmed":false,"sourceSize":{"w":47,"h":47},"spriteSourceSize":{"x":0,"y":0,"w":47,"h":47},"frame":{"x":607,"y":1,"w":47,"h":47}},{"filename":"text/best","rotated":false,"trimmed":false,"sourceSize":{"w":114,"h":47},"spriteSourceSize":{"x":0,"y":0,"w":114,"h":47},"frame":{"x":656,"y":1,"w":114,"h":47}},{"filename":"text/score","rotated":false,"trimmed":false,"sourceSize":{"w":142,"h":47},"spriteSourceSize":{"x":0,"y":0,"w":142,"h":47},"frame":{"x":772,"y":1,"w":142,"h":47}},{"filename":"icons/icon-add-friend","rotated":false,"trimmed":false,"sourceSize":{"w":51,"h":49},"spriteSourceSize":{"x":0,"y":0,"w":51,"h":49},"frame":{"x":916,"y":1,"w":51,"h":49}},{"filename":"board/bottom-left","rotated":false,"trimmed":false,"sourceSize":{"w":95,"h":50},"spriteSourceSize":{"x":0,"y":0,"w":95,"h":50},"frame":{"x":969,"y":1,"w":95,"h":50}},{"filename":"board/bottom-middle","rotated":false,"trimmed":false,"sourceSize":{"w":466,"h":50},"spriteSourceSize":{"x":0,"y":0,"w":466,"h":50},"frame":{"x":1066,"y":1,"w":466,"h":50}},{"filename":"board/bottom-right","rotated":false,"trimmed":false,"sourceSize":{"w":97,"h":50},"spriteSourceSize":{"x":0,"y":0,"w":97,"h":50},"frame":{"x":1534,"y":1,"w":97,"h":50}},{"filename":"board/top-left","rotated":false,"trimmed":false,"sourceSize":{"w":97,"h":50},"spriteSourceSize":{"x":0,"y":0,"w":97,"h":50},"frame":{"x":1633,"y":1,"w":97,"h":50}},{"filename":"board/top-middle","rotated":false,"trimmed":false,"sourceSize":{"w":466,"h":50},"spriteSourceSize":{"x":0,"y":0,"w":466,"h":50},"frame":{"x":1,"y":53,"w":466,"h":50}},{"filename":"board/top-right","rotated":false,"trimmed":false,"sourceSize":{"w":97,"h":50},"spriteSourceSize":{"x":0,"y":0,"w":97,"h":50},"frame":{"x":469,"y":53,"w":97,"h":50}},{"filename":"text/level","rotated":false,"trimmed":false,"sourceSize":{"w":128,"h":50},"spriteSourceSize":{"x":0,"y":0,"w":128,"h":50},"frame":{"x":568,"y":53,"w":128,"h":50}},{"filename":"text/completed","rotated":false,"trimmed":false,"sourceSize":{"w":319,"h":54},"spriteSourceSize":{"x":0,"y":0,"w":319,"h":54},"frame":{"x":698,"y":53,"w":319,"h":54}},{"filename":"text/failed","rotated":false,"trimmed":false,"sourceSize":{"w":188,"h":54},"spriteSourceSize":{"x":0,"y":0,"w":188,"h":54},"frame":{"x":1019,"y":53,"w":188,"h":54}},{"filename":"text/game-over","rotated":false,"trimmed":false,"sourceSize":{"w":310,"h":54},"spriteSourceSize":{"x":0,"y":0,"w":310,"h":54},"frame":{"x":1209,"y":53,"w":310,"h":54}},{"filename":"text/waiting","rotated":false,"trimmed":false,"sourceSize":{"w":279,"h":54},"spriteSourceSize":{"x":0,"y":0,"w":279,"h":54},"frame":{"x":1521,"y":53,"w":279,"h":54}},{"filename":"text/you-draw","rotated":false,"trimmed":false,"sourceSize":{"w":288,"h":56},"spriteSourceSize":{"x":0,"y":0,"w":288,"h":56},"frame":{"x":1,"y":109,"w":288,"h":56}},{"filename":"text/you-lose","rotated":false,"trimmed":false,"sourceSize":{"w":259,"h":56},"spriteSourceSize":{"x":0,"y":0,"w":259,"h":56},"frame":{"x":291,"y":109,"w":259,"h":56}},{"filename":"text/you-win","rotated":false,"trimmed":false,"sourceSize":{"w":237,"h":56},"spriteSourceSize":{"x":0,"y":0,"w":237,"h":56},"frame":{"x":552,"y":109,"w":237,"h":56}},{"filename":"icons/icon-restart","rotated":false,"trimmed":false,"sourceSize":{"w":59,"h":57},"spriteSourceSize":{"x":0,"y":0,"w":59,"h":57},"frame":{"x":791,"y":109,"w":59,"h":57}},{"filename":"icons/journey","rotated":false,"trimmed":false,"sourceSize":{"w":70,"h":58},"spriteSourceSize":{"x":0,"y":0,"w":70,"h":58},"frame":{"x":852,"y":109,"w":70,"h":58}},{"filename":"icons/icon-next","rotated":false,"trimmed":false,"sourceSize":{"w":50,"h":59},"spriteSourceSize":{"x":0,"y":0,"w":50,"h":59},"frame":{"x":924,"y":109,"w":50,"h":59}},{"filename":"icons/icon-share","rotated":false,"trimmed":false,"sourceSize":{"w":53,"h":60},"spriteSourceSize":{"x":0,"y":0,"w":53,"h":60},"frame":{"x":976,"y":109,"w":53,"h":60}},{"filename":"icons/icon-crown","rotated":false,"trimmed":false,"sourceSize":{"w":75,"h":61},"spriteSourceSize":{"x":0,"y":0,"w":75,"h":61},"frame":{"x":1031,"y":109,"w":75,"h":61}},{"filename":"panel/top-left","rotated":false,"trimmed":false,"sourceSize":{"w":117,"h":62},"spriteSourceSize":{"x":0,"y":0,"w":117,"h":62},"frame":{"x":1108,"y":109,"w":117,"h":62}},{"filename":"settings/top-left","rotated":false,"trimmed":false,"sourceSize":{"w":117,"h":62},"spriteSourceSize":{"x":0,"y":0,"w":117,"h":62},"frame":{"x":1108,"y":109,"w":117,"h":62}},{"filename":"panel/top-middle","rotated":false,"trimmed":false,"sourceSize":{"w":443,"h":62},"spriteSourceSize":{"x":0,"y":0,"w":443,"h":62},"frame":{"x":1227,"y":109,"w":443,"h":62}},{"filename":"panel/top-right","rotated":false,"trimmed":false,"sourceSize":{"w":117,"h":62},"spriteSourceSize":{"x":0,"y":0,"w":117,"h":62},"frame":{"x":1672,"y":109,"w":117,"h":62}},{"filename":"settings/top-right","rotated":false,"trimmed":false,"sourceSize":{"w":117,"h":62},"spriteSourceSize":{"x":0,"y":0,"w":117,"h":62},"frame":{"x":1672,"y":109,"w":117,"h":62}},{"filename":"settings/top-middle","rotated":false,"trimmed":false,"sourceSize":{"w":420,"h":62},"spriteSourceSize":{"x":0,"y":0,"w":420,"h":62},"frame":{"x":1,"y":173,"w":420,"h":62}},{"filename":"buttons/button-green-square","rotated":false,"trimmed":true,"sourceSize":{"w":51,"h":73},"spriteSourceSize":{"x":0,"y":10,"w":51,"h":63},"frame":{"x":423,"y":173,"w":51,"h":63}},{"filename":"panel/bottom-left","rotated":false,"trimmed":false,"sourceSize":{"w":117,"h":66},"spriteSourceSize":{"x":0,"y":0,"w":117,"h":66},"frame":{"x":476,"y":173,"w":117,"h":66}},{"filename":"settings/bottom-left","rotated":false,"trimmed":false,"sourceSize":{"w":117,"h":66},"spriteSourceSize":{"x":0,"y":0,"w":117,"h":66},"frame":{"x":476,"y":173,"w":117,"h":66}},{"filename":"panel/bottom-middle","rotated":false,"trimmed":false,"sourceSize":{"w":443,"h":66},"spriteSourceSize":{"x":0,"y":0,"w":443,"h":66},"frame":{"x":595,"y":173,"w":443,"h":66}},{"filename":"panel/bottom-right","rotated":false,"trimmed":false,"sourceSize":{"w":117,"h":66},"spriteSourceSize":{"x":0,"y":0,"w":117,"h":66},"frame":{"x":1040,"y":173,"w":117,"h":66}},{"filename":"settings/bottom-right","rotated":false,"trimmed":false,"sourceSize":{"w":117,"h":66},"spriteSourceSize":{"x":0,"y":0,"w":117,"h":66},"frame":{"x":1040,"y":173,"w":117,"h":66}},{"filename":"settings/bottom-middle","rotated":false,"trimmed":false,"sourceSize":{"w":420,"h":66},"spriteSourceSize":{"x":0,"y":0,"w":420,"h":66},"frame":{"x":1159,"y":173,"w":420,"h":66}},{"filename":"avatars/border","rotated":false,"trimmed":false,"sourceSize":{"w":72,"h":71},"spriteSourceSize":{"x":0,"y":0,"w":72,"h":71},"frame":{"x":1581,"y":173,"w":72,"h":71}},{"filename":"panel-best-score","rotated":false,"trimmed":false,"sourceSize":{"w":228,"h":73},"spriteSourceSize":{"x":0,"y":0,"w":228,"h":73},"frame":{"x":1655,"y":173,"w":228,"h":73}},{"filename":"panel-score","rotated":false,"trimmed":false,"sourceSize":{"w":167,"h":73},"spriteSourceSize":{"x":0,"y":0,"w":167,"h":73},"frame":{"x":1,"y":248,"w":167,"h":73}},{"filename":"panel-your-score","rotated":false,"trimmed":false,"sourceSize":{"w":228,"h":73},"spriteSourceSize":{"x":0,"y":0,"w":228,"h":73},"frame":{"x":170,"y":248,"w":228,"h":73}},{"filename":"icons/icon-cup","rotated":false,"trimmed":false,"sourceSize":{"w":91,"h":76},"spriteSourceSize":{"x":0,"y":0,"w":91,"h":76},"frame":{"x":400,"y":248,"w":91,"h":76}},{"filename":"panel/middle-left","rotated":false,"trimmed":false,"sourceSize":{"w":117,"h":79},"spriteSourceSize":{"x":0,"y":0,"w":117,"h":79},"frame":{"x":493,"y":248,"w":117,"h":79}},{"filename":"panel/middle-right","rotated":false,"trimmed":false,"sourceSize":{"w":117,"h":79},"spriteSourceSize":{"x":0,"y":0,"w":117,"h":79},"frame":{"x":612,"y":248,"w":117,"h":79}},{"filename":"text/vs","rotated":false,"trimmed":false,"sourceSize":{"w":127,"h":83},"spriteSourceSize":{"x":0,"y":0,"w":127,"h":83},"frame":{"x":731,"y":248,"w":127,"h":83}},{"filename":"panel-top","rotated":false,"trimmed":false,"sourceSize":{"w":512,"h":92},"spriteSourceSize":{"x":0,"y":0,"w":512,"h":92},"frame":{"x":860,"y":248,"w":512,"h":92}},{"filename":"blank","rotated":false,"trimmed":false,"sourceSize":{"w":100,"h":100},"spriteSourceSize":{"x":0,"y":0,"w":100,"h":100},"frame":{"x":1374,"y":248,"w":100,"h":100}},{"filename":"buttons/button-red-rectangle","rotated":false,"trimmed":true,"sourceSize":{"w":125,"h":122},"spriteSourceSize":{"x":0,"y":22,"w":125,"h":100},"frame":{"x":1476,"y":248,"w":125,"h":100}},{"filename":"panel/middle-middle","rotated":false,"trimmed":false,"sourceSize":{"w":100,"h":100},"spriteSourceSize":{"x":0,"y":0,"w":100,"h":100},"frame":{"x":1603,"y":248,"w":100,"h":100}},{"filename":"buttons/button-green-rectangle","rotated":false,"trimmed":true,"sourceSize":{"w":134,"h":132},"spriteSourceSize":{"x":0,"y":24,"w":134,"h":108},"frame":{"x":1705,"y":248,"w":134,"h":108}},{"filename":"buttons/button-pink-rectangle","rotated":false,"trimmed":true,"sourceSize":{"w":134,"h":132},"spriteSourceSize":{"x":0,"y":24,"w":134,"h":108},"frame":{"x":1,"y":358,"w":134,"h":108}},{"filename":"panel-bottom","rotated":false,"trimmed":true,"sourceSize":{"w":512,"h":116},"spriteSourceSize":{"x":0,"y":6,"w":512,"h":110},"frame":{"x":137,"y":358,"w":512,"h":110}},{"filename":"hand","rotated":false,"trimmed":true,"sourceSize":{"w":131,"h":111},"spriteSourceSize":{"x":8,"y":0,"w":118,"h":111},"frame":{"x":651,"y":358,"w":118,"h":111}},{"filename":"shadow","rotated":false,"trimmed":false,"sourceSize":{"w":128,"h":128},"spriteSourceSize":{"x":0,"y":0,"w":128,"h":128},"frame":{"x":771,"y":358,"w":128,"h":128}},{"filename":"buttons/button-blue-small","rotated":false,"trimmed":false,"sourceSize":{"w":120,"h":133},"spriteSourceSize":{"x":0,"y":0,"w":120,"h":133},"frame":{"x":901,"y":358,"w":120,"h":133}},{"filename":"buttons/button-green-long-rectangle","rotated":false,"trimmed":false,"sourceSize":{"w":353,"h":133},"spriteSourceSize":{"x":0,"y":0,"w":353,"h":133},"frame":{"x":1023,"y":358,"w":353,"h":133}},{"filename":"buttons/button-red-long-rectangle","rotated":false,"trimmed":false,"sourceSize":{"w":353,"h":133},"spriteSourceSize":{"x":0,"y":0,"w":353,"h":133},"frame":{"x":1378,"y":358,"w":353,"h":133}},{"filename":"buttons/button-red-small","rotated":false,"trimmed":false,"sourceSize":{"w":120,"h":133},"spriteSourceSize":{"x":0,"y":0,"w":120,"h":133},"frame":{"x":1733,"y":358,"w":120,"h":133}},{"filename":"buttons/button-blue-square","rotated":false,"trimmed":true,"sourceSize":{"w":111,"h":156},"spriteSourceSize":{"x":0,"y":22,"w":111,"h":134},"frame":{"x":1,"y":493,"w":111,"h":134}},{"filename":"avatars/avatar-bg","rotated":false,"trimmed":true,"sourceSize":{"w":157,"h":160},"spriteSourceSize":{"x":4,"y":6,"w":147,"h":145},"frame":{"x":114,"y":493,"w":147,"h":145}},{"filename":"buttons/button-black","rotated":false,"trimmed":false,"sourceSize":{"w":546,"h":156},"spriteSourceSize":{"x":0,"y":0,"w":546,"h":156},"frame":{"x":263,"y":493,"w":546,"h":156}},{"filename":"avatars/avatar-frame","rotated":false,"trimmed":false,"sourceSize":{"w":157,"h":160},"spriteSourceSize":{"x":0,"y":0,"w":157,"h":160},"frame":{"x":811,"y":493,"w":157,"h":160}},{"filename":"settings/middle-left","rotated":false,"trimmed":false,"sourceSize":{"w":117,"h":423},"spriteSourceSize":{"x":0,"y":0,"w":117,"h":423},"frame":{"x":970,"y":493,"w":117,"h":423}},{"filename":"settings/middle-right","rotated":false,"trimmed":false,"sourceSize":{"w":117,"h":423},"spriteSourceSize":{"x":0,"y":0,"w":117,"h":423},"frame":{"x":1089,"y":493,"w":117,"h":423}},{"filename":"board/middle-left","rotated":false,"trimmed":false,"sourceSize":{"w":95,"h":579},"spriteSourceSize":{"x":0,"y":0,"w":95,"h":579},"frame":{"x":1208,"y":493,"w":95,"h":579}},{"filename":"board/middle-middle","rotated":false,"trimmed":false,"sourceSize":{"w":466,"h":579},"spriteSourceSize":{"x":0,"y":0,"w":466,"h":579},"frame":{"x":1305,"y":493,"w":466,"h":579}},{"filename":"board/middle-right","rotated":false,"trimmed":false,"sourceSize":{"w":95,"h":579},"spriteSourceSize":{"x":0,"y":0,"w":95,"h":579},"frame":{"x":1773,"y":493,"w":95,"h":579}}]}],"meta":{"app":"https://www.codeandweb.com/texturepacker","version":"3.0","smartupdate":"$TexturePacker:SmartUpdate:fce2617dd861798fba0bbfe27d92ea2f:8729613bc60734561faf62db484f465d:46925f36d4f701533c420c2b9db28b7c$"}}