{"textures":[{"image":"gameplay-32-resources.png","format":"RGBA8888","size":{"w":252,"h":469},"scale":1,"frames":[{"filename":"gem/gem_transparent","rotated":false,"trimmed":true,"sourceSize":{"w":71,"h":71},"spriteSourceSize":{"x":0,"y":0,"w":3,"h":3},"frame":{"x":1,"y":1,"w":3,"h":3}},{"filename":"gem/diamond/gem-blue-small","rotated":false,"trimmed":false,"sourceSize":{"w":43,"h":43},"spriteSourceSize":{"x":0,"y":0,"w":43,"h":43},"frame":{"x":6,"y":1,"w":43,"h":43}},{"filename":"gem/diamond/gem-disable-small","rotated":false,"trimmed":false,"sourceSize":{"w":43,"h":43},"spriteSourceSize":{"x":0,"y":0,"w":43,"h":43},"frame":{"x":51,"y":1,"w":43,"h":43}},{"filename":"gem/diamond/gem-green-small","rotated":false,"trimmed":false,"sourceSize":{"w":43,"h":43},"spriteSourceSize":{"x":0,"y":0,"w":43,"h":43},"frame":{"x":96,"y":1,"w":43,"h":43}},{"filename":"gem/diamond/gem-orange-small","rotated":false,"trimmed":false,"sourceSize":{"w":43,"h":43},"spriteSourceSize":{"x":0,"y":0,"w":43,"h":43},"frame":{"x":141,"y":1,"w":43,"h":43}},{"filename":"gem/diamond/gem-pink-small","rotated":false,"trimmed":false,"sourceSize":{"w":43,"h":43},"spriteSourceSize":{"x":0,"y":0,"w":43,"h":43},"frame":{"x":186,"y":1,"w":43,"h":43}},{"filename":"gem/diamond/gem-red-small","rotated":false,"trimmed":false,"sourceSize":{"w":43,"h":43},"spriteSourceSize":{"x":0,"y":0,"w":43,"h":43},"frame":{"x":1,"y":46,"w":43,"h":43}},{"filename":"gem/diamond/gem-violet-small","rotated":false,"trimmed":false,"sourceSize":{"w":43,"h":43},"spriteSourceSize":{"x":0,"y":0,"w":43,"h":43},"frame":{"x":46,"y":46,"w":43,"h":43}},{"filename":"gem/bubbles/blue","rotated":false,"trimmed":false,"sourceSize":{"w":52,"h":52},"spriteSourceSize":{"x":0,"y":0,"w":52,"h":52},"frame":{"x":91,"y":46,"w":52,"h":52}},{"filename":"gem/bubbles/green","rotated":false,"trimmed":false,"sourceSize":{"w":52,"h":52},"spriteSourceSize":{"x":0,"y":0,"w":52,"h":52},"frame":{"x":145,"y":46,"w":52,"h":52}},{"filename":"gem/bubbles/orange","rotated":false,"trimmed":false,"sourceSize":{"w":52,"h":52},"spriteSourceSize":{"x":0,"y":0,"w":52,"h":52},"frame":{"x":199,"y":46,"w":52,"h":52}},{"filename":"gem/bubbles/pink","rotated":false,"trimmed":false,"sourceSize":{"w":52,"h":52},"spriteSourceSize":{"x":0,"y":0,"w":52,"h":52},"frame":{"x":1,"y":100,"w":52,"h":52}},{"filename":"gem/bubbles/violet","rotated":false,"trimmed":false,"sourceSize":{"w":52,"h":52},"spriteSourceSize":{"x":0,"y":0,"w":52,"h":52},"frame":{"x":55,"y":100,"w":52,"h":52}},{"filename":"gem/bubbles/yellow","rotated":false,"trimmed":false,"sourceSize":{"w":52,"h":52},"spriteSourceSize":{"x":0,"y":0,"w":52,"h":52},"frame":{"x":109,"y":100,"w":52,"h":52}},{"filename":"gem/diamond/diamond-red","rotated":false,"trimmed":true,"sourceSize":{"w":64,"h":64},"spriteSourceSize":{"x":0,"y":4,"w":64,"h":56},"frame":{"x":163,"y":100,"w":64,"h":56}},{"filename":"gem/diamond/diamond-blue","rotated":false,"trimmed":false,"sourceSize":{"w":64,"h":64},"spriteSourceSize":{"x":0,"y":0,"w":64,"h":64},"frame":{"x":1,"y":158,"w":64,"h":64}},{"filename":"gem/diamond/diamond-purple","rotated":false,"trimmed":false,"sourceSize":{"w":64,"h":64},"spriteSourceSize":{"x":0,"y":0,"w":64,"h":64},"frame":{"x":67,"y":158,"w":64,"h":64}},{"filename":"gem/diamond/diamond-yellow","rotated":false,"trimmed":true,"sourceSize":{"w":64,"h":64},"spriteSourceSize":{"x":6,"y":0,"w":52,"h":64},"frame":{"x":133,"y":158,"w":52,"h":64}},{"filename":"gem/highlight","rotated":false,"trimmed":true,"sourceSize":{"w":80,"h":80},"spriteSourceSize":{"x":3,"y":3,"w":74,"h":74},"frame":{"x":1,"y":224,"w":74,"h":74}},{"filename":"gem/block","rotated":false,"trimmed":false,"sourceSize":{"w":80,"h":80},"spriteSourceSize":{"x":0,"y":0,"w":80,"h":80},"frame":{"x":77,"y":224,"w":80,"h":80}},{"filename":"gem/diamond/gem-blue-target","rotated":false,"trimmed":false,"sourceSize":{"w":80,"h":80},"spriteSourceSize":{"x":0,"y":0,"w":80,"h":80},"frame":{"x":159,"y":224,"w":80,"h":80}},{"filename":"gem/diamond/gem-blue","rotated":false,"trimmed":false,"sourceSize":{"w":80,"h":80},"spriteSourceSize":{"x":0,"y":0,"w":80,"h":80},"frame":{"x":159,"y":224,"w":80,"h":80}},{"filename":"gem/diamond/gem-disable","rotated":false,"trimmed":false,"sourceSize":{"w":80,"h":80},"spriteSourceSize":{"x":0,"y":0,"w":80,"h":80},"frame":{"x":1,"y":306,"w":80,"h":80}},{"filename":"gem/diamond/gem-green-target","rotated":false,"trimmed":false,"sourceSize":{"w":80,"h":80},"spriteSourceSize":{"x":0,"y":0,"w":80,"h":80},"frame":{"x":83,"y":306,"w":80,"h":80}},{"filename":"gem/diamond/gem-green","rotated":false,"trimmed":false,"sourceSize":{"w":80,"h":80},"spriteSourceSize":{"x":0,"y":0,"w":80,"h":80},"frame":{"x":83,"y":306,"w":80,"h":80}},{"filename":"gem/diamond/gem-orange-target","rotated":false,"trimmed":false,"sourceSize":{"w":80,"h":80},"spriteSourceSize":{"x":0,"y":0,"w":80,"h":80},"frame":{"x":165,"y":306,"w":80,"h":80}},{"filename":"gem/diamond/gem-orange","rotated":false,"trimmed":false,"sourceSize":{"w":80,"h":80},"spriteSourceSize":{"x":0,"y":0,"w":80,"h":80},"frame":{"x":165,"y":306,"w":80,"h":80}},{"filename":"gem/diamond/gem-pink-target","rotated":false,"trimmed":false,"sourceSize":{"w":80,"h":80},"spriteSourceSize":{"x":0,"y":0,"w":80,"h":80},"frame":{"x":1,"y":388,"w":80,"h":80}},{"filename":"gem/diamond/gem-pink","rotated":false,"trimmed":false,"sourceSize":{"w":80,"h":80},"spriteSourceSize":{"x":0,"y":0,"w":80,"h":80},"frame":{"x":1,"y":388,"w":80,"h":80}},{"filename":"gem/diamond/gem-red-target","rotated":false,"trimmed":false,"sourceSize":{"w":80,"h":80},"spriteSourceSize":{"x":0,"y":0,"w":80,"h":80},"frame":{"x":83,"y":388,"w":80,"h":80}},{"filename":"gem/diamond/gem-red","rotated":false,"trimmed":false,"sourceSize":{"w":80,"h":80},"spriteSourceSize":{"x":0,"y":0,"w":80,"h":80},"frame":{"x":83,"y":388,"w":80,"h":80}},{"filename":"gem/diamond/gem-violet-target","rotated":false,"trimmed":false,"sourceSize":{"w":80,"h":80},"spriteSourceSize":{"x":0,"y":0,"w":80,"h":80},"frame":{"x":165,"y":388,"w":80,"h":80}},{"filename":"gem/diamond/gem-violet","rotated":false,"trimmed":false,"sourceSize":{"w":80,"h":80},"spriteSourceSize":{"x":0,"y":0,"w":80,"h":80},"frame":{"x":165,"y":388,"w":80,"h":80}}]}],"meta":{"app":"https://www.codeandweb.com/texturepacker","version":"3.0","smartupdate":"$TexturePacker:SmartUpdate:c78fd70d7e50cdb86bfcf4f6ef1a53e2:b1fdecceda1b57fe6a46784f75437baa:44b1e0ee5b8293a8cbb150ffdf2c4c24$"}}