{"textures":[{"image":"tutorial-resources.png","format":"RGBA8888","size":{"w":351,"h":113},"scale":1,"frames":[{"filename":"blank","rotated":false,"trimmed":false,"sourceSize":{"w":100,"h":100},"spriteSourceSize":{"x":0,"y":0,"w":100,"h":100},"frame":{"x":1,"y":1,"w":100,"h":100}},{"filename":"brown","rotated":false,"trimmed":false,"sourceSize":{"w":127,"h":109},"spriteSourceSize":{"x":0,"y":0,"w":127,"h":109},"frame":{"x":103,"y":1,"w":127,"h":109}},{"filename":"hand","rotated":false,"trimmed":true,"sourceSize":{"w":131,"h":111},"spriteSourceSize":{"x":8,"y":0,"w":118,"h":111},"frame":{"x":232,"y":1,"w":118,"h":111}}]}],"meta":{"app":"https://www.codeandweb.com/texturepacker","version":"3.0","smartupdate":"$TexturePacker:SmartUpdate:4db52f628dfe7f6bea334b624bf1099c:4e81363fc7d123553fdabdb60a8ff874:3998b16de870b2ed7b39522da8e735e5$"}}