{"textures":[{"image":"default-resources-0.png","format":"RGBA8888","size":{"w":1024,"h":1024},"scale":1,"frames":[{"filename":"leaderboards/bg-top","rotated":false,"trimmed":false,"sourceSize":{"w":949,"h":168},"spriteSourceSize":{"x":0,"y":0,"w":949,"h":168},"frame":{"x":2,"y":2,"w":949,"h":168}},{"filename":"bg/bg-middle","rotated":false,"trimmed":false,"sourceSize":{"w":719,"h":849},"spriteSourceSize":{"x":0,"y":0,"w":719,"h":849},"frame":{"x":2,"y":173,"w":719,"h":849}},{"filename":"icons/dot","rotated":false,"trimmed":false,"sourceSize":{"w":68,"h":70},"spriteSourceSize":{"x":0,"y":0,"w":68,"h":70},"frame":{"x":954,"y":2,"w":68,"h":70}},{"filename":"icons/icon-daily","rotated":false,"trimmed":false,"sourceSize":{"w":67,"h":67},"spriteSourceSize":{"x":0,"y":0,"w":67,"h":67},"frame":{"x":954,"y":75,"w":67,"h":67}},{"filename":"texts/lose","rotated":false,"trimmed":false,"sourceSize":{"w":296,"h":45},"spriteSourceSize":{"x":0,"y":0,"w":296,"h":45},"frame":{"x":724,"y":173,"w":296,"h":45}},{"filename":"texts/level-failed","rotated":false,"trimmed":false,"sourceSize":{"w":288,"h":36},"spriteSourceSize":{"x":0,"y":0,"w":288,"h":36},"frame":{"x":724,"y":221,"w":288,"h":36}},{"filename":"texts/setting","rotated":false,"trimmed":false,"sourceSize":{"w":285,"h":60},"spriteSourceSize":{"x":0,"y":0,"w":285,"h":60},"frame":{"x":724,"y":260,"w":285,"h":60}},{"filename":"daily-challenge/title-panel","rotated":false,"trimmed":false,"sourceSize":{"w":282,"h":69},"spriteSourceSize":{"x":0,"y":0,"w":282,"h":69},"frame":{"x":724,"y":323,"w":282,"h":69}},{"filename":"bottom-panel","rotated":false,"trimmed":false,"sourceSize":{"w":281,"h":171},"spriteSourceSize":{"x":0,"y":0,"w":281,"h":171},"frame":{"x":724,"y":395,"w":281,"h":171}},{"filename":"texts/congratulations","rotated":false,"trimmed":false,"sourceSize":{"w":274,"h":51},"spriteSourceSize":{"x":0,"y":0,"w":274,"h":51},"frame":{"x":724,"y":569,"w":274,"h":51}},{"filename":"texts/target-score","rotated":false,"trimmed":false,"sourceSize":{"w":265,"h":35},"spriteSourceSize":{"x":0,"y":0,"w":265,"h":35},"frame":{"x":724,"y":623,"w":265,"h":35}},{"filename":"texts/text-ranking","rotated":false,"trimmed":false,"sourceSize":{"w":260,"h":32},"spriteSourceSize":{"x":0,"y":0,"w":260,"h":32},"frame":{"x":724,"y":661,"w":260,"h":32}},{"filename":"icons/sword-blue","rotated":false,"trimmed":false,"sourceSize":{"w":35,"h":31},"spriteSourceSize":{"x":0,"y":0,"w":35,"h":31},"frame":{"x":987,"y":661,"w":35,"h":31}},{"filename":"icons/clock","rotated":false,"trimmed":false,"sourceSize":{"w":34,"h":35},"spriteSourceSize":{"x":0,"y":0,"w":34,"h":35},"frame":{"x":987,"y":695,"w":34,"h":35}},{"filename":"texts/play-with","rotated":false,"trimmed":false,"sourceSize":{"w":249,"h":34},"spriteSourceSize":{"x":0,"y":0,"w":249,"h":34},"frame":{"x":724,"y":696,"w":249,"h":34}},{"filename":"texts/refill-lives","rotated":false,"trimmed":false,"sourceSize":{"w":241,"h":71},"spriteSourceSize":{"x":0,"y":0,"w":241,"h":71},"frame":{"x":724,"y":733,"w":241,"h":71}},{"filename":"buttons/close","rotated":false,"trimmed":false,"sourceSize":{"w":52,"h":52},"spriteSourceSize":{"x":0,"y":0,"w":52,"h":52},"frame":{"x":968,"y":733,"w":52,"h":52}},{"filename":"icons/rank","rotated":false,"trimmed":false,"sourceSize":{"w":51,"h":49},"spriteSourceSize":{"x":0,"y":0,"w":51,"h":49},"frame":{"x":968,"y":788,"w":51,"h":49}},{"filename":"texts/text-tutorial","rotated":false,"trimmed":false,"sourceSize":{"w":241,"h":41},"spriteSourceSize":{"x":0,"y":0,"w":241,"h":41},"frame":{"x":724,"y":807,"w":241,"h":41}},{"filename":"ui-ngang/khung-best-score","rotated":false,"trimmed":false,"sourceSize":{"w":111,"h":169},"spriteSourceSize":{"x":0,"y":0,"w":111,"h":169},"frame":{"x":724,"y":851,"w":111,"h":169}},{"filename":"texts/start","rotated":false,"trimmed":false,"sourceSize":{"w":181,"h":39},"spriteSourceSize":{"x":0,"y":0,"w":181,"h":39},"frame":{"x":838,"y":851,"w":181,"h":39}},{"filename":"texts/text-share","rotated":false,"trimmed":false,"sourceSize":{"w":181,"h":27},"spriteSourceSize":{"x":0,"y":0,"w":181,"h":27},"frame":{"x":838,"y":893,"w":181,"h":27}},{"filename":"ui-ngang/khung-score","rotated":false,"trimmed":false,"sourceSize":{"w":173,"h":99},"spriteSourceSize":{"x":0,"y":0,"w":173,"h":99},"frame":{"x":838,"y":923,"w":173,"h":99}}]},{"image":"default-resources-1.png","format":"RGBA8888","size":{"w":1024,"h":1024},"scale":1,"frames":[{"filename":"leaderboards/bg-bottom","rotated":false,"trimmed":false,"sourceSize":{"w":949,"h":67},"spriteSourceSize":{"x":0,"y":0,"w":949,"h":67},"frame":{"x":2,"y":2,"w":949,"h":67}},{"filename":"icons/vibrate","rotated":false,"trimmed":false,"sourceSize":{"w":62,"h":73},"spriteSourceSize":{"x":0,"y":0,"w":62,"h":73},"frame":{"x":954,"y":2,"w":62,"h":73}},{"filename":"leaderboards/bg-middle","rotated":false,"trimmed":false,"sourceSize":{"w":949,"h":47},"spriteSourceSize":{"x":0,"y":0,"w":949,"h":47},"frame":{"x":2,"y":72,"w":949,"h":47}},{"filename":"icons/sound","rotated":false,"trimmed":false,"sourceSize":{"w":62,"h":54},"spriteSourceSize":{"x":0,"y":0,"w":62,"h":54},"frame":{"x":954,"y":78,"w":62,"h":54}},{"filename":"footer","rotated":false,"trimmed":false,"sourceSize":{"w":750,"h":153},"spriteSourceSize":{"x":0,"y":0,"w":750,"h":153},"frame":{"x":2,"y":122,"w":750,"h":153}},{"filename":"score-panel-dark","rotated":false,"trimmed":false,"sourceSize":{"w":187,"h":51},"spriteSourceSize":{"x":0,"y":0,"w":187,"h":51},"frame":{"x":755,"y":122,"w":187,"h":51}},{"filename":"icons/crown-big","rotated":false,"trimmed":false,"sourceSize":{"w":74,"h":70},"spriteSourceSize":{"x":0,"y":0,"w":74,"h":70},"frame":{"x":945,"y":135,"w":74,"h":70}},{"filename":"buttons/dark-blue-big","rotated":false,"trimmed":false,"sourceSize":{"w":179,"h":82},"spriteSourceSize":{"x":0,"y":0,"w":179,"h":82},"frame":{"x":755,"y":176,"w":179,"h":82}},{"filename":"buttons/minor","rotated":false,"trimmed":false,"sourceSize":{"w":82,"h":71},"spriteSourceSize":{"x":0,"y":0,"w":82,"h":71},"frame":{"x":937,"y":208,"w":82,"h":71}},{"filename":"buttons/green-big","rotated":false,"trimmed":false,"sourceSize":{"w":179,"h":82},"spriteSourceSize":{"x":0,"y":0,"w":179,"h":82},"frame":{"x":755,"y":261,"w":179,"h":82}},{"filename":"border-bottom-panel","rotated":false,"trimmed":false,"sourceSize":{"w":750,"h":36},"spriteSourceSize":{"x":0,"y":0,"w":750,"h":36},"frame":{"x":2,"y":278,"w":750,"h":36}},{"filename":"buttons/share","rotated":false,"trimmed":false,"sourceSize":{"w":79,"h":58},"spriteSourceSize":{"x":0,"y":0,"w":79,"h":58},"frame":{"x":937,"y":282,"w":79,"h":58}},{"filename":"texts/on","rotated":false,"trimmed":false,"sourceSize":{"w":74,"h":25},"spriteSourceSize":{"x":0,"y":0,"w":74,"h":25},"frame":{"x":937,"y":343,"w":74,"h":25}},{"filename":"ui-ngang/bg-middle","rotated":false,"trimmed":false,"sourceSize":{"w":719,"h":568},"spriteSourceSize":{"x":0,"y":0,"w":719,"h":568},"frame":{"x":2,"y":317,"w":719,"h":568}},{"filename":"leaf","rotated":false,"trimmed":false,"sourceSize":{"w":563,"h":132},"spriteSourceSize":{"x":0,"y":0,"w":563,"h":132},"frame":{"x":2,"y":888,"w":563,"h":132}},{"filename":"texts/collect","rotated":false,"trimmed":false,"sourceSize":{"w":205,"h":29},"spriteSourceSize":{"x":0,"y":0,"w":205,"h":29},"frame":{"x":724,"y":346,"w":205,"h":29}},{"filename":"texts/no","rotated":false,"trimmed":false,"sourceSize":{"w":90,"h":43},"spriteSourceSize":{"x":0,"y":0,"w":90,"h":43},"frame":{"x":932,"y":371,"w":90,"h":43}},{"filename":"ui-ngang/khung-next-block","rotated":false,"trimmed":false,"sourceSize":{"w":200,"h":600},"spriteSourceSize":{"x":0,"y":0,"w":200,"h":600},"frame":{"x":724,"y":378,"w":200,"h":600}},{"filename":"texts/first-milestone","rotated":false,"trimmed":false,"sourceSize":{"w":424,"h":41},"spriteSourceSize":{"x":0,"y":0,"w":424,"h":41},"frame":{"x":568,"y":981,"w":424,"h":41}},{"filename":"ui-ngang/khung-mission","rotated":false,"trimmed":false,"sourceSize":{"w":95,"h":464},"spriteSourceSize":{"x":0,"y":0,"w":95,"h":464},"frame":{"x":927,"y":417,"w":95,"h":464}},{"filename":"buttons/challenge_light","rotated":false,"trimmed":false,"sourceSize":{"w":88,"h":65},"spriteSourceSize":{"x":0,"y":0,"w":88,"h":65},"frame":{"x":927,"y":884,"w":88,"h":65}},{"filename":"bg/level-locked","rotated":false,"trimmed":false,"sourceSize":{"w":101,"h":83},"spriteSourceSize":{"x":0,"y":0,"w":101,"h":83},"frame":{"x":568,"y":888,"w":101,"h":83}},{"filename":"icons/play-green","rotated":false,"trimmed":false,"sourceSize":{"w":47,"h":47},"spriteSourceSize":{"x":0,"y":0,"w":47,"h":47},"frame":{"x":672,"y":888,"w":47,"h":47}},{"filename":"icons/white-journey","rotated":false,"trimmed":false,"sourceSize":{"w":42,"h":40},"spriteSourceSize":{"x":0,"y":0,"w":42,"h":40},"frame":{"x":672,"y":938,"w":42,"h":40}}]},{"image":"default-resources-2.png","format":"RGBA8888","size":{"w":1021,"h":1021},"scale":1,"frames":[{"filename":"ui-ngang/bg-top","rotated":false,"trimmed":false,"sourceSize":{"w":719,"h":178},"spriteSourceSize":{"x":0,"y":0,"w":719,"h":178},"frame":{"x":2,"y":2,"w":719,"h":178}},{"filename":"bg/bg-dark","rotated":false,"trimmed":false,"sourceSize":{"w":243,"h":303},"spriteSourceSize":{"x":0,"y":0,"w":243,"h":303},"frame":{"x":724,"y":2,"w":243,"h":303}},{"filename":"ui-ngang/bg-bottom","rotated":false,"trimmed":false,"sourceSize":{"w":719,"h":175},"spriteSourceSize":{"x":0,"y":0,"w":719,"h":175},"frame":{"x":2,"y":183,"w":719,"h":175}},{"filename":"icons/play","rotated":false,"trimmed":false,"sourceSize":{"w":47,"h":47},"spriteSourceSize":{"x":0,"y":0,"w":47,"h":47},"frame":{"x":970,"y":2,"w":47,"h":47}},{"filename":"icons/home","rotated":false,"trimmed":false,"sourceSize":{"w":47,"h":43},"spriteSourceSize":{"x":0,"y":0,"w":47,"h":43},"frame":{"x":970,"y":52,"w":47,"h":43}},{"filename":"icons/flat-ad","rotated":false,"trimmed":false,"sourceSize":{"w":47,"h":41},"spriteSourceSize":{"x":0,"y":0,"w":47,"h":41},"frame":{"x":970,"y":98,"w":47,"h":41}},{"filename":"texts/vs","rotated":false,"trimmed":false,"sourceSize":{"w":47,"h":28},"spriteSourceSize":{"x":0,"y":0,"w":47,"h":28},"frame":{"x":970,"y":142,"w":47,"h":28}},{"filename":"icons/sword","rotated":false,"trimmed":false,"sourceSize":{"w":46,"h":38},"spriteSourceSize":{"x":0,"y":0,"w":46,"h":38},"frame":{"x":970,"y":173,"w":46,"h":38}},{"filename":"icons/brown-journey","rotated":false,"trimmed":false,"sourceSize":{"w":45,"h":42},"spriteSourceSize":{"x":0,"y":0,"w":45,"h":42},"frame":{"x":970,"y":214,"w":45,"h":42}},{"filename":"icons/battle","rotated":false,"trimmed":false,"sourceSize":{"w":44,"h":41},"spriteSourceSize":{"x":0,"y":0,"w":44,"h":41},"frame":{"x":970,"y":259,"w":44,"h":41}},{"filename":"icons/check","rotated":false,"trimmed":false,"sourceSize":{"w":44,"h":35},"spriteSourceSize":{"x":0,"y":0,"w":44,"h":35},"frame":{"x":970,"y":303,"w":44,"h":35}},{"filename":"buttons/green","rotated":false,"trimmed":false,"sourceSize":{"w":238,"h":82},"spriteSourceSize":{"x":0,"y":0,"w":238,"h":82},"frame":{"x":724,"y":308,"w":238,"h":82}},{"filename":"bg/bg-bottom","rotated":false,"trimmed":false,"sourceSize":{"w":719,"h":111},"spriteSourceSize":{"x":0,"y":0,"w":719,"h":111},"frame":{"x":2,"y":361,"w":719,"h":111}},{"filename":"icons/retry","rotated":false,"trimmed":false,"sourceSize":{"w":50,"h":53},"spriteSourceSize":{"x":0,"y":0,"w":50,"h":53},"frame":{"x":965,"y":341,"w":50,"h":53}},{"filename":"texts/no-thank","rotated":false,"trimmed":false,"sourceSize":{"w":235,"h":32},"spriteSourceSize":{"x":0,"y":0,"w":235,"h":32},"frame":{"x":724,"y":393,"w":235,"h":32}},{"filename":"icons/music","rotated":false,"trimmed":false,"sourceSize":{"w":56,"h":61},"spriteSourceSize":{"x":0,"y":0,"w":56,"h":61},"frame":{"x":962,"y":397,"w":56,"h":61}},{"filename":"ui-ngang/text-next-block","rotated":false,"trimmed":false,"sourceSize":{"w":233,"h":30},"spriteSourceSize":{"x":0,"y":0,"w":233,"h":30},"frame":{"x":724,"y":428,"w":233,"h":30}},{"filename":"bg-progress-circle","rotated":false,"trimmed":false,"sourceSize":{"w":232,"h":231},"spriteSourceSize":{"x":0,"y":0,"w":232,"h":231},"frame":{"x":724,"y":461,"w":232,"h":231}},{"filename":"bg/bg-top","rotated":false,"trimmed":false,"sourceSize":{"w":719,"h":111},"spriteSourceSize":{"x":0,"y":0,"w":719,"h":111},"frame":{"x":2,"y":475,"w":719,"h":111}},{"filename":"buttons/dot-blue","rotated":false,"trimmed":false,"sourceSize":{"w":56,"h":54},"spriteSourceSize":{"x":0,"y":0,"w":56,"h":54},"frame":{"x":959,"y":461,"w":56,"h":54}},{"filename":"buttons/dot-green","rotated":false,"trimmed":false,"sourceSize":{"w":56,"h":54},"spriteSourceSize":{"x":0,"y":0,"w":56,"h":54},"frame":{"x":959,"y":518,"w":56,"h":54}},{"filename":"icons/back","rotated":false,"trimmed":false,"sourceSize":{"w":50,"h":38},"spriteSourceSize":{"x":0,"y":0,"w":50,"h":38},"frame":{"x":959,"y":575,"w":50,"h":38}},{"filename":"icons/cup-bronze","rotated":false,"trimmed":false,"sourceSize":{"w":43,"h":36},"spriteSourceSize":{"x":0,"y":0,"w":43,"h":36},"frame":{"x":959,"y":616,"w":43,"h":36}},{"filename":"icons/cup-gold","rotated":false,"trimmed":false,"sourceSize":{"w":43,"h":36},"spriteSourceSize":{"x":0,"y":0,"w":43,"h":36},"frame":{"x":959,"y":655,"w":43,"h":36}},{"filename":"icons/cup-silver","rotated":false,"trimmed":false,"sourceSize":{"w":43,"h":36},"spriteSourceSize":{"x":0,"y":0,"w":43,"h":36},"frame":{"x":959,"y":694,"w":43,"h":36}},{"filename":"daily-challenge/bg","rotated":false,"trimmed":false,"sourceSize":{"w":520,"h":285},"spriteSourceSize":{"x":0,"y":0,"w":520,"h":285},"frame":{"x":2,"y":733,"w":520,"h":285}},{"filename":"popup/middle","rotated":false,"trimmed":false,"sourceSize":{"w":431,"h":227},"spriteSourceSize":{"x":0,"y":0,"w":431,"h":227},"frame":{"x":525,"y":695,"w":431,"h":227}},{"filename":"texts/waiting-for-opponent","rotated":false,"trimmed":false,"sourceSize":{"w":520,"h":39},"spriteSourceSize":{"x":0,"y":0,"w":520,"h":39},"frame":{"x":2,"y":589,"w":520,"h":39}},{"filename":"bg/level-playing","rotated":false,"trimmed":false,"sourceSize":{"w":113,"h":94},"spriteSourceSize":{"x":0,"y":0,"w":113,"h":94},"frame":{"x":525,"y":925,"w":113,"h":94}},{"filename":"leaderboards/bg-item","rotated":false,"trimmed":false,"sourceSize":{"w":317,"h":61},"spriteSourceSize":{"x":0,"y":0,"w":317,"h":61},"frame":{"x":2,"y":631,"w":317,"h":61}},{"filename":"texts/play-single","rotated":false,"trimmed":false,"sourceSize":{"w":361,"h":35},"spriteSourceSize":{"x":0,"y":0,"w":361,"h":35},"frame":{"x":2,"y":695,"w":361,"h":35}},{"filename":"texts/text-retry","rotated":false,"trimmed":false,"sourceSize":{"w":156,"h":29},"spriteSourceSize":{"x":0,"y":0,"w":156,"h":29},"frame":{"x":366,"y":631,"w":156,"h":29}},{"filename":"buttons/circle-button","rotated":false,"trimmed":false,"sourceSize":{"w":41,"h":41},"spriteSourceSize":{"x":0,"y":0,"w":41,"h":41},"frame":{"x":322,"y":631,"w":41,"h":41}},{"filename":"buttons/play","rotated":false,"trimmed":false,"sourceSize":{"w":86,"h":65},"spriteSourceSize":{"x":0,"y":0,"w":86,"h":65},"frame":{"x":366,"y":663,"w":86,"h":65}},{"filename":"popup/score-panel","rotated":false,"trimmed":false,"sourceSize":{"w":299,"h":92},"spriteSourceSize":{"x":0,"y":0,"w":299,"h":92},"frame":{"x":641,"y":925,"w":299,"h":92}},{"filename":"texts/friends-disable","rotated":false,"trimmed":false,"sourceSize":{"w":127,"h":27},"spriteSourceSize":{"x":0,"y":0,"w":127,"h":27},"frame":{"x":455,"y":663,"w":127,"h":27}},{"filename":"buttons/skip","rotated":false,"trimmed":false,"sourceSize":{"w":120,"h":71},"spriteSourceSize":{"x":0,"y":0,"w":120,"h":71},"frame":{"x":525,"y":589,"w":120,"h":71}},{"filename":"icons/icon-journey","rotated":false,"trimmed":false,"sourceSize":{"w":73,"h":62},"spriteSourceSize":{"x":0,"y":0,"w":73,"h":62},"frame":{"x":648,"y":589,"w":73,"h":62}},{"filename":"texts/yes","rotated":false,"trimmed":false,"sourceSize":{"w":73,"h":35},"spriteSourceSize":{"x":0,"y":0,"w":73,"h":35},"frame":{"x":648,"y":654,"w":73,"h":35}},{"filename":"icons/crown","rotated":false,"trimmed":false,"sourceSize":{"w":31,"h":27},"spriteSourceSize":{"x":0,"y":0,"w":31,"h":27},"frame":{"x":585,"y":663,"w":31,"h":27}},{"filename":"icons/plus","rotated":false,"trimmed":false,"sourceSize":{"w":42,"h":44},"spriteSourceSize":{"x":0,"y":0,"w":42,"h":44},"frame":{"x":959,"y":733,"w":42,"h":44}},{"filename":"icons/setting","rotated":false,"trimmed":false,"sourceSize":{"w":42,"h":41},"spriteSourceSize":{"x":0,"y":0,"w":42,"h":41},"frame":{"x":959,"y":780,"w":42,"h":41}},{"filename":"icons/replay","rotated":false,"trimmed":false,"sourceSize":{"w":40,"h":47},"spriteSourceSize":{"x":0,"y":0,"w":40,"h":47},"frame":{"x":959,"y":824,"w":40,"h":47}},{"filename":"icons/share","rotated":false,"trimmed":false,"sourceSize":{"w":36,"h":47},"spriteSourceSize":{"x":0,"y":0,"w":36,"h":47},"frame":{"x":959,"y":874,"w":36,"h":47}},{"filename":"icons/share-blue","rotated":false,"trimmed":false,"sourceSize":{"w":32,"h":43},"spriteSourceSize":{"x":0,"y":0,"w":32,"h":43},"frame":{"x":959,"y":924,"w":32,"h":43}},{"filename":"icons/i-play","rotated":false,"trimmed":false,"sourceSize":{"w":31,"h":39},"spriteSourceSize":{"x":0,"y":0,"w":31,"h":39},"frame":{"x":943,"y":970,"w":31,"h":39}}]},{"image":"default-resources-3.png","format":"RGBA8888","size":{"w":1024,"h":1024},"scale":1,"frames":[{"filename":"texts/out-of-live","rotated":false,"trimmed":false,"sourceSize":{"w":543,"h":41},"spriteSourceSize":{"x":0,"y":0,"w":543,"h":41},"frame":{"x":2,"y":2,"w":543,"h":41}},{"filename":"texts/your-score","rotated":false,"trimmed":false,"sourceSize":{"w":461,"h":60},"spriteSourceSize":{"x":0,"y":0,"w":461,"h":60},"frame":{"x":548,"y":2,"w":461,"h":60}},{"filename":"score-panel","rotated":false,"trimmed":false,"sourceSize":{"w":526,"h":152},"spriteSourceSize":{"x":0,"y":0,"w":526,"h":152},"frame":{"x":2,"y":46,"w":526,"h":152}},{"filename":"texts/daily-challenge","rotated":false,"trimmed":false,"sourceSize":{"w":445,"h":55},"spriteSourceSize":{"x":0,"y":0,"w":445,"h":55},"frame":{"x":531,"y":65,"w":445,"h":55}},{"filename":"popup/top-dark","rotated":false,"trimmed":false,"sourceSize":{"w":431,"h":89},"spriteSourceSize":{"x":0,"y":0,"w":431,"h":89},"frame":{"x":531,"y":123,"w":431,"h":89}},{"filename":"daily-challenge/bottom-panel","rotated":false,"trimmed":false,"sourceSize":{"w":521,"h":30},"spriteSourceSize":{"x":0,"y":0,"w":521,"h":30},"frame":{"x":2,"y":201,"w":521,"h":30}},{"filename":"popup/top","rotated":false,"trimmed":false,"sourceSize":{"w":431,"h":89},"spriteSourceSize":{"x":0,"y":0,"w":431,"h":89},"frame":{"x":526,"y":215,"w":431,"h":89}},{"filename":"daily-challenge/top-panel","rotated":false,"trimmed":false,"sourceSize":{"w":521,"h":30},"spriteSourceSize":{"x":0,"y":0,"w":521,"h":30},"frame":{"x":2,"y":234,"w":521,"h":30}},{"filename":"daily-challenge/middle-panel","rotated":false,"trimmed":false,"sourceSize":{"w":521,"h":26},"spriteSourceSize":{"x":0,"y":0,"w":521,"h":26},"frame":{"x":2,"y":267,"w":521,"h":26}},{"filename":"border-daily","rotated":false,"trimmed":false,"sourceSize":{"w":518,"h":51},"spriteSourceSize":{"x":0,"y":0,"w":518,"h":51},"frame":{"x":2,"y":296,"w":518,"h":51}},{"filename":"popup/bottom","rotated":false,"trimmed":false,"sourceSize":{"w":431,"h":27},"spriteSourceSize":{"x":0,"y":0,"w":431,"h":27},"frame":{"x":523,"y":307,"w":431,"h":27}},{"filename":"texts/next-milestone","rotated":false,"trimmed":false,"sourceSize":{"w":418,"h":49},"spriteSourceSize":{"x":0,"y":0,"w":418,"h":49},"frame":{"x":523,"y":337,"w":418,"h":49}},{"filename":"texts/second-chance","rotated":false,"trimmed":false,"sourceSize":{"w":514,"h":31},"spriteSourceSize":{"x":0,"y":0,"w":514,"h":31},"frame":{"x":2,"y":350,"w":514,"h":31}},{"filename":"daily-challenge/bg-item-dark","rotated":false,"trimmed":false,"sourceSize":{"w":508,"h":81},"spriteSourceSize":{"x":0,"y":0,"w":508,"h":81},"frame":{"x":2,"y":384,"w":508,"h":81}},{"filename":"daily-challenge/bg-item-light","rotated":false,"trimmed":false,"sourceSize":{"w":508,"h":81},"spriteSourceSize":{"x":0,"y":0,"w":508,"h":81},"frame":{"x":513,"y":389,"w":508,"h":81}},{"filename":"texts/keep-playing","rotated":false,"trimmed":false,"sourceSize":{"w":508,"h":42},"spriteSourceSize":{"x":0,"y":0,"w":508,"h":42},"frame":{"x":2,"y":468,"w":508,"h":42}},{"filename":"texts/leader-board","rotated":false,"trimmed":false,"sourceSize":{"w":403,"h":60},"spriteSourceSize":{"x":0,"y":0,"w":403,"h":60},"frame":{"x":513,"y":473,"w":403,"h":60}},{"filename":"bg/level-played","rotated":false,"trimmed":false,"sourceSize":{"w":100,"h":82},"spriteSourceSize":{"x":0,"y":0,"w":100,"h":82},"frame":{"x":919,"y":473,"w":100,"h":82}},{"filename":"popup/background","rotated":false,"trimmed":false,"sourceSize":{"w":395,"h":221},"spriteSourceSize":{"x":0,"y":0,"w":395,"h":221},"frame":{"x":2,"y":513,"w":395,"h":221}},{"filename":"avatar/background","rotated":false,"trimmed":false,"sourceSize":{"w":105,"h":107},"spriteSourceSize":{"x":0,"y":0,"w":105,"h":107},"frame":{"x":400,"y":513,"w":105,"h":107}},{"filename":"lives/heart","rotated":false,"trimmed":false,"sourceSize":{"w":339,"h":279},"spriteSourceSize":{"x":0,"y":0,"w":339,"h":279},"frame":{"x":2,"y":737,"w":339,"h":279}},{"filename":"texts/invite-friends","rotated":false,"trimmed":false,"sourceSize":{"w":395,"h":34},"spriteSourceSize":{"x":0,"y":0,"w":395,"h":34},"frame":{"x":508,"y":536,"w":395,"h":34}},{"filename":"texts/play-with-blue","rotated":false,"trimmed":false,"sourceSize":{"w":115,"h":18},"spriteSourceSize":{"x":0,"y":0,"w":115,"h":18},"frame":{"x":906,"y":558,"w":115,"h":18}},{"filename":"best-score-frame-long","rotated":false,"trimmed":false,"sourceSize":{"w":386,"h":154},"spriteSourceSize":{"x":0,"y":0,"w":386,"h":154},"frame":{"x":508,"y":573,"w":386,"h":154}},{"filename":"avatar/border-challenge","rotated":false,"trimmed":false,"sourceSize":{"w":119,"h":118},"spriteSourceSize":{"x":0,"y":0,"w":119,"h":118},"frame":{"x":897,"y":579,"w":119,"h":118}},{"filename":"texts/world-disable","rotated":false,"trimmed":false,"sourceSize":{"w":118,"h":27},"spriteSourceSize":{"x":0,"y":0,"w":118,"h":27},"frame":{"x":897,"y":700,"w":118,"h":27}},{"filename":"text-target-panel","rotated":false,"trimmed":false,"sourceSize":{"w":98,"h":46},"spriteSourceSize":{"x":0,"y":0,"w":98,"h":46},"frame":{"x":400,"y":623,"w":98,"h":46}},{"filename":"buttons/random","rotated":false,"trimmed":false,"sourceSize":{"w":86,"h":65},"spriteSourceSize":{"x":0,"y":0,"w":86,"h":65},"frame":{"x":400,"y":672,"w":86,"h":65}},{"filename":"avatar/border-big","rotated":false,"trimmed":false,"sourceSize":{"w":175,"h":175},"spriteSourceSize":{"x":0,"y":0,"w":175,"h":175},"frame":{"x":344,"y":740,"w":175,"h":175}},{"filename":"lives/time-block","rotated":false,"trimmed":false,"sourceSize":{"w":346,"h":87},"spriteSourceSize":{"x":0,"y":0,"w":346,"h":87},"frame":{"x":344,"y":918,"w":346,"h":87}},{"filename":"buttons/brown","rotated":false,"trimmed":false,"sourceSize":{"w":329,"h":81},"spriteSourceSize":{"x":0,"y":0,"w":329,"h":81},"frame":{"x":693,"y":730,"w":329,"h":81}},{"filename":"texts/text-next-level","rotated":false,"trimmed":false,"sourceSize":{"w":327,"h":42},"spriteSourceSize":{"x":0,"y":0,"w":327,"h":42},"frame":{"x":693,"y":814,"w":327,"h":42}},{"filename":"wood-panel","rotated":false,"trimmed":false,"sourceSize":{"w":301,"h":56},"spriteSourceSize":{"x":0,"y":0,"w":301,"h":56},"frame":{"x":522,"y":859,"w":301,"h":56}},{"filename":"icon-journey","rotated":false,"trimmed":false,"sourceSize":{"w":150,"h":122},"spriteSourceSize":{"x":0,"y":0,"w":150,"h":122},"frame":{"x":522,"y":730,"w":150,"h":122}},{"filename":"best-score-frame","rotated":false,"trimmed":false,"sourceSize":{"w":111,"h":152},"spriteSourceSize":{"x":0,"y":0,"w":111,"h":152},"frame":{"x":826,"y":859,"w":111,"h":152}},{"filename":"texts/friends","rotated":false,"trimmed":false,"sourceSize":{"w":127,"h":27},"spriteSourceSize":{"x":0,"y":0,"w":127,"h":27},"frame":{"x":693,"y":918,"w":127,"h":27}},{"filename":"texts/world","rotated":false,"trimmed":false,"sourceSize":{"w":118,"h":27},"spriteSourceSize":{"x":0,"y":0,"w":118,"h":27},"frame":{"x":693,"y":948,"w":118,"h":27}},{"filename":"leaderboards/tab-off","rotated":false,"trimmed":false,"sourceSize":{"w":113,"h":36},"spriteSourceSize":{"x":0,"y":0,"w":113,"h":36},"frame":{"x":693,"y":978,"w":113,"h":36}}]},{"image":"default-resources-4.png","format":"RGBA8888","size":{"w":637,"h":637},"scale":1,"frames":[{"filename":"buttons/dark-blue","rotated":false,"trimmed":false,"sourceSize":{"w":365,"h":107},"spriteSourceSize":{"x":0,"y":0,"w":365,"h":107},"frame":{"x":2,"y":2,"w":365,"h":107}},{"filename":"lives/time-block-2","rotated":false,"trimmed":false,"sourceSize":{"w":363,"h":108},"spriteSourceSize":{"x":0,"y":0,"w":363,"h":108},"frame":{"x":2,"y":112,"w":363,"h":108}},{"filename":"buttons/green-large","rotated":false,"trimmed":false,"sourceSize":{"w":330,"h":107},"spriteSourceSize":{"x":0,"y":0,"w":330,"h":107},"frame":{"x":2,"y":223,"w":330,"h":107}},{"filename":"texts/result","rotated":false,"trimmed":false,"sourceSize":{"w":330,"h":45},"spriteSourceSize":{"x":0,"y":0,"w":330,"h":45},"frame":{"x":2,"y":333,"w":330,"h":45}},{"filename":"texts/win","rotated":false,"trimmed":false,"sourceSize":{"w":303,"h":45},"spriteSourceSize":{"x":0,"y":0,"w":303,"h":45},"frame":{"x":2,"y":381,"w":303,"h":45}},{"filename":"preloader/dual-ring","rotated":false,"trimmed":true,"sourceSize":{"w":200,"h":200},"spriteSourceSize":{"x":27,"y":26,"w":146,"h":148},"frame":{"x":2,"y":429,"w":146,"h":148}},{"filename":"texts/mission","rotated":false,"trimmed":false,"sourceSize":{"w":213,"h":55},"spriteSourceSize":{"x":0,"y":0,"w":213,"h":55},"frame":{"x":2,"y":580,"w":213,"h":55}},{"filename":"bg-combo","rotated":false,"trimmed":true,"sourceSize":{"w":212,"h":87},"spriteSourceSize":{"x":0,"y":9,"w":212,"h":78},"frame":{"x":370,"y":2,"w":212,"h":78}},{"filename":"avatar/border","rotated":false,"trimmed":true,"sourceSize":{"w":138,"h":144},"spriteSourceSize":{"x":0,"y":4,"w":138,"h":140},"frame":{"x":151,"y":429,"w":138,"h":140}},{"filename":"leaderboards/bg-item-0","rotated":false,"trimmed":false,"sourceSize":{"w":232,"h":46},"spriteSourceSize":{"x":0,"y":0,"w":232,"h":46},"frame":{"x":370,"y":83,"w":232,"h":46}},{"filename":"bg-streak","rotated":false,"trimmed":true,"sourceSize":{"w":212,"h":87},"spriteSourceSize":{"x":0,"y":9,"w":212,"h":78},"frame":{"x":368,"y":132,"w":212,"h":78}},{"filename":"leaderboards/bg-item-1","rotated":false,"trimmed":false,"sourceSize":{"w":232,"h":46},"spriteSourceSize":{"x":0,"y":0,"w":232,"h":46},"frame":{"x":368,"y":213,"w":232,"h":46}},{"filename":"texts/start-over","rotated":false,"trimmed":false,"sourceSize":{"w":228,"h":37},"spriteSourceSize":{"x":0,"y":0,"w":228,"h":37},"frame":{"x":335,"y":262,"w":228,"h":37}},{"filename":"texts/draw","rotated":false,"trimmed":false,"sourceSize":{"w":218,"h":43},"spriteSourceSize":{"x":0,"y":0,"w":218,"h":43},"frame":{"x":335,"y":302,"w":218,"h":43}},{"filename":"texts/continue","rotated":false,"trimmed":false,"sourceSize":{"w":212,"h":30},"spriteSourceSize":{"x":0,"y":0,"w":212,"h":30},"frame":{"x":335,"y":348,"w":212,"h":30}},{"filename":"buttons/dark-blue-small","rotated":false,"trimmed":false,"sourceSize":{"w":178,"h":74},"spriteSourceSize":{"x":0,"y":0,"w":178,"h":74},"frame":{"x":308,"y":381,"w":178,"h":74}},{"filename":"daily-challenge/time-panel","rotated":false,"trimmed":false,"sourceSize":{"w":170,"h":48},"spriteSourceSize":{"x":0,"y":0,"w":170,"h":48},"frame":{"x":292,"y":458,"w":170,"h":48}},{"filename":"ui-ngang/text-score","rotated":false,"trimmed":false,"sourceSize":{"w":177,"h":37},"spriteSourceSize":{"x":0,"y":0,"w":177,"h":37},"frame":{"x":292,"y":509,"w":177,"h":37}},{"filename":"texts/text-journey","rotated":false,"trimmed":false,"sourceSize":{"w":169,"h":35},"spriteSourceSize":{"x":0,"y":0,"w":169,"h":35},"frame":{"x":292,"y":549,"w":169,"h":35}},{"filename":"texts/play","rotated":false,"trimmed":false,"sourceSize":{"w":146,"h":35},"spriteSourceSize":{"x":0,"y":0,"w":146,"h":35},"frame":{"x":489,"y":381,"w":146,"h":35}},{"filename":"buttons/toggle-off","rotated":false,"trimmed":false,"sourceSize":{"w":133,"h":46},"spriteSourceSize":{"x":0,"y":0,"w":133,"h":46},"frame":{"x":489,"y":419,"w":133,"h":46}},{"filename":"texts/replay","rotated":false,"trimmed":false,"sourceSize":{"w":163,"h":31},"spriteSourceSize":{"x":0,"y":0,"w":163,"h":31},"frame":{"x":465,"y":468,"w":163,"h":31}},{"filename":"buttons/toggle-on","rotated":false,"trimmed":false,"sourceSize":{"w":133,"h":46},"spriteSourceSize":{"x":0,"y":0,"w":133,"h":46},"frame":{"x":472,"y":502,"w":133,"h":46}},{"filename":"leaderboards/tab-on","rotated":false,"trimmed":false,"sourceSize":{"w":113,"h":36},"spriteSourceSize":{"x":0,"y":0,"w":113,"h":36},"frame":{"x":464,"y":551,"w":113,"h":36}},{"filename":"ui-ngang/text-mission","rotated":false,"trimmed":false,"sourceSize":{"w":112,"h":31},"spriteSourceSize":{"x":0,"y":0,"w":112,"h":31},"frame":{"x":218,"y":587,"w":112,"h":31}},{"filename":"texts/off","rotated":false,"trimmed":false,"sourceSize":{"w":111,"h":25},"spriteSourceSize":{"x":0,"y":0,"w":111,"h":25},"frame":{"x":333,"y":587,"w":111,"h":25}}]}],"meta":{"app":"https://www.codeandweb.com/texturepacker","version":"3.0","smartupdate":"$TexturePacker:SmartUpdate:1a50ea91f73c3accc5a03a66cf6243f2:2e7734f5401c64878163861341324112:38a69b481ce127014b0b7fd232b2e3f4$"}}