<?xml version="1.0" encoding="UTF-8"?><font><info face="primary" size="72" bold="0" italic="0" charset="" unicode="1" stretchH="100" smooth="1" aa="1" padding="1,1,1,1" spacing="1,1"/><common lineHeight="72" base="65" scaleW="556" scaleH="556" pages="1" packed="0"/><pages><page id="0" file="primary.png"/></pages><chars count="129"><char id="32" x="0" y="0" width="0" height="0" xoffset="0" yoffset="-13" xadvance="19" page="0" chnl="15"/><char id="33" x="37" y="208" width="13" height="58" xoffset="9" yoffset="0" xadvance="28" page="0" chnl="15"/><char id="34" x="13" y="531" width="25" height="24" xoffset="6" yoffset="-1" xadvance="37" page="0" chnl="15"/><char id="35" x="0" y="380" width="47" height="52" xoffset="0" yoffset="5" xadvance="48" page="0" chnl="15"/><char id="36" x="95" y="80" width="37" height="65" xoffset="2" yoffset="-4" xadvance="42" page="0" chnl="15"/><char id="37" x="0" y="326" width="55" height="53" xoffset="2" yoffset="5" xadvance="60" page="0" chnl="15"/><char id="38" x="345" y="146" width="53" height="59" xoffset="2" yoffset="-1" xadvance="53" page="0" chnl="15"/><char id="39" x="0" y="531" width="12" height="25" xoffset="6" yoffset="-2" xadvance="24" page="0" chnl="15"/><char id="40" x="71" y="0" width="20" height="78" xoffset="3" yoffset="-9" xadvance="26" page="0" chnl="15"/><char id="41" x="92" y="0" width="21" height="78" xoffset="2" yoffset="-9" xadvance="26" page="0" chnl="15"/><char id="42" x="242" y="485" width="38" height="39" xoffset="3" yoffset="-3" xadvance="44" page="0" chnl="15"/><char id="43" x="322" y="485" width="36" height="38" xoffset="2" yoffset="12" xadvance="40" page="0" chnl="15"/><char id="44" x="524" y="47" width="15" height="23" xoffset="1" yoffset="43" xadvance="20" page="0" chnl="15"/><char id="45" x="81" y="531" width="21" height="13" xoffset="2" yoffset="26" xadvance="25" page="0" chnl="15"/><char id="46" x="540" y="47" width="13" height="16" xoffset="3" yoffset="42" xadvance="20" page="0" chnl="15"/><char id="47" x="114" y="0" width="29" height="78" xoffset="1" yoffset="-9" xadvance="31" page="0" chnl="15"/><char id="48" x="196" y="146" width="37" height="59" xoffset="1" yoffset="-1" xadvance="40" page="0" chnl="15"/><char id="49" x="217" y="208" width="23" height="57" xoffset="4" yoffset="0" xadvance="40" page="0" chnl="15"/><char id="50" x="51" y="208" width="36" height="58" xoffset="1" yoffset="-1" xadvance="40" page="0" chnl="15"/><char id="51" x="127" y="146" width="36" height="59" xoffset="1" yoffset="-1" xadvance="40" page="0" chnl="15"/><char id="52" x="88" y="208" width="41" height="58" xoffset="-1" yoffset="-1" xadvance="40" page="0" chnl="15"/><char id="53" x="130" y="208" width="35" height="58" xoffset="3" yoffset="0" xadvance="40" page="0" chnl="15"/><char id="54" x="234" y="146" width="36" height="59" xoffset="2" yoffset="-1" xadvance="40" page="0" chnl="15"/><char id="55" x="241" y="208" width="38" height="57" xoffset="1" yoffset="0" xadvance="40" page="0" chnl="15"/><char id="56" x="271" y="146" width="36" height="59" xoffset="2" yoffset="-1" xadvance="40" page="0" chnl="15"/><char id="57" x="308" y="146" width="36" height="59" xoffset="2" yoffset="-1" xadvance="40" page="0" chnl="15"/><char id="58" x="541" y="326" width="13" height="47" xoffset="4" yoffset="11" xadvance="22" page="0" chnl="15"/><char id="61" x="494" y="485" width="36" height="26" xoffset="2" yoffset="18" xadvance="40" page="0" chnl="15"/><char id="63" x="164" y="146" width="31" height="59" xoffset="3" yoffset="-1" xadvance="38" page="0" chnl="15"/><char id="64" x="179" y="80" width="61" height="63" xoffset="2" yoffset="0" xadvance="65" page="0" chnl="15"/><char id="65" x="166" y="208" width="50" height="58" xoffset="-2" yoffset="-1" xadvance="47" page="0" chnl="15"/><char id="66" x="280" y="208" width="40" height="57" xoffset="5" yoffset="0" xadvance="47" page="0" chnl="15"/><char id="67" x="399" y="146" width="43" height="59" xoffset="2" yoffset="-1" xadvance="46" page="0" chnl="15"/><char id="68" x="321" y="208" width="45" height="57" xoffset="5" yoffset="0" xadvance="53" page="0" chnl="15"/><char id="69" x="367" y="208" width="33" height="57" xoffset="5" yoffset="0" xadvance="41" page="0" chnl="15"/><char id="70" x="401" y="208" width="33" height="57" xoffset="5" yoffset="0" xadvance="38" page="0" chnl="15"/><char id="71" x="443" y="146" width="47" height="59" xoffset="2" yoffset="-1" xadvance="53" page="0" chnl="15"/><char id="72" x="435" y="208" width="44" height="57" xoffset="5" yoffset="0" xadvance="54" page="0" chnl="15"/><char id="73" x="480" y="208" width="24" height="57" xoffset="0" yoffset="0" xadvance="25" page="0" chnl="15"/><char id="75" x="505" y="208" width="42" height="57" xoffset="5" yoffset="0" xadvance="45" page="0" chnl="15"/><char id="76" x="0" y="268" width="33" height="57" xoffset="5" yoffset="0" xadvance="38" page="0" chnl="15"/><char id="77" x="34" y="268" width="55" height="57" xoffset="5" yoffset="0" xadvance="66" page="0" chnl="15"/><char id="78" x="90" y="268" width="45" height="57" xoffset="5" yoffset="0" xadvance="55" page="0" chnl="15"/><char id="79" x="491" y="146" width="52" height="59" xoffset="2" yoffset="-1" xadvance="57" page="0" chnl="15"/><char id="80" x="136" y="268" width="37" height="57" xoffset="5" yoffset="0" xadvance="44" page="0" chnl="15"/><char id="81" x="471" y="0" width="52" height="70" xoffset="2" yoffset="-1" xadvance="57" page="0" chnl="15"/><char id="82" x="174" y="268" width="41" height="57" xoffset="5" yoffset="0" xadvance="45" page="0" chnl="15"/><char id="83" x="0" y="208" width="36" height="59" xoffset="2" yoffset="-1" xadvance="40" page="0" chnl="15"/><char id="84" x="216" y="268" width="44" height="57" xoffset="-2" yoffset="0" xadvance="41" page="0" chnl="15"/><char id="86" x="261" y="268" width="47" height="57" xoffset="-2" yoffset="0" xadvance="44" page="0" chnl="15"/><char id="88" x="309" y="268" width="46" height="57" xoffset="-2" yoffset="0" xadvance="43" page="0" chnl="15"/><char id="89" x="356" y="268" width="45" height="57" xoffset="-2" yoffset="0" xadvance="41" page="0" chnl="15"/><char id="90" x="402" y="268" width="41" height="57" xoffset="0" yoffset="0" xadvance="42" page="0" chnl="15"/><char id="92" x="41" y="0" width="29" height="78" xoffset="1" yoffset="-9" xadvance="31" page="0" chnl="15"/><char id="93" x="206" y="0" width="18" height="78" xoffset="2" yoffset="-9" xadvance="26" page="0" chnl="15"/><char id="94" x="281" y="485" width="40" height="39" xoffset="0" yoffset="-1" xadvance="40" page="0" chnl="15"/><char id="95" x="103" y="531" width="34" height="11" xoffset="-2" yoffset="57" xadvance="30" page="0" chnl="15"/><char id="97" x="405" y="433" width="36" height="46" xoffset="1" yoffset="12" xadvance="41" page="0" chnl="15"/><char id="98" x="241" y="80" width="38" height="62" xoffset="4" yoffset="-4" xadvance="45" page="0" chnl="15"/><char id="99" x="524" y="0" width="32" height="46" xoffset="2" yoffset="12" xadvance="35" page="0" chnl="15"/><char id="100" x="280" y="80" width="38" height="62" xoffset="2" yoffset="-4" xadvance="45" page="0" chnl="15"/><char id="101" x="442" y="433" width="37" height="46" xoffset="2" yoffset="12" xadvance="41" page="0" chnl="15"/><char id="102" x="522" y="80" width="31" height="61" xoffset="-1" yoffset="-4" xadvance="25" page="0" chnl="15"/><char id="103" x="319" y="80" width="38" height="62" xoffset="2" yoffset="12" xadvance="45" page="0" chnl="15"/><char id="104" x="0" y="146" width="37" height="61" xoffset="4" yoffset="-4" xadvance="45" page="0" chnl="15"/><char id="105" x="544" y="146" width="11" height="59" xoffset="4" yoffset="-2" xadvance="19" page="0" chnl="15"/><char id="107" x="38" y="146" width="36" height="61" xoffset="4" yoffset="-4" xadvance="39" page="0" chnl="15"/><char id="108" x="75" y="146" width="10" height="61" xoffset="4" yoffset="-4" xadvance="19" page="0" chnl="15"/><char id="109" x="79" y="485" width="59" height="45" xoffset="4" yoffset="12" xadvance="68" page="0" chnl="15"/><char id="110" x="0" y="485" width="37" height="45" xoffset="4" yoffset="12" xadvance="45" page="0" chnl="15"/><char id="111" x="480" y="433" width="40" height="46" xoffset="2" yoffset="12" xadvance="44" page="0" chnl="15"/><char id="112" x="358" y="80" width="38" height="62" xoffset="4" yoffset="12" xadvance="45" page="0" chnl="15"/><char id="113" x="397" y="80" width="38" height="62" xoffset="2" yoffset="12" xadvance="45" page="0" chnl="15"/><char id="114" x="139" y="485" width="27" height="45" xoffset="4" yoffset="12" xadvance="30" page="0" chnl="15"/><char id="115" x="521" y="433" width="31" height="46" xoffset="2" yoffset="12" xadvance="35" page="0" chnl="15"/><char id="116" x="487" y="268" width="27" height="54" xoffset="-1" yoffset="4" xadvance="26" page="0" chnl="15"/><char id="118" x="167" y="485" width="41" height="45" xoffset="-2" yoffset="12" xadvance="37" page="0" chnl="15"/><char id="120" x="38" y="485" width="40" height="45" xoffset="-1" yoffset="12" xadvance="39" page="0" chnl="15"/><char id="121" x="436" y="80" width="41" height="62" xoffset="-2" yoffset="12" xadvance="37" page="0" chnl="15"/><char id="122" x="209" y="485" width="32" height="45" xoffset="1" yoffset="12" xadvance="34" page="0" chnl="15"/><char id="123" x="154" y="0" width="25" height="78" xoffset="1" yoffset="-9" xadvance="29" page="0" chnl="15"/><char id="124" x="144" y="0" width="9" height="78" xoffset="15" yoffset="-9" xadvance="39" page="0" chnl="15"/><char id="125" x="180" y="0" width="25" height="78" xoffset="2" yoffset="-9" xadvance="28" page="0" chnl="15"/><char id="2306" x="68" y="531" width="12" height="15" xoffset="-15" yoffset="-9" xadvance="0" page="0" chnl="15"/><char id="2309" x="379" y="326" width="58" height="52" xoffset="0" yoffset="5" xadvance="56" page="0" chnl="15"/><char id="2310" x="147" y="326" width="77" height="52" xoffset="0" yoffset="5" xadvance="74" page="0" chnl="15"/><char id="2311" x="86" y="146" width="40" height="59" xoffset="-2" yoffset="6" xadvance="36" page="0" chnl="15"/><char id="2312" x="0" y="0" width="40" height="79" xoffset="-2" yoffset="-14" xadvance="36" page="0" chnl="15"/><char id="2319" x="133" y="80" width="45" height="64" xoffset="-2" yoffset="6" xadvance="40" page="0" chnl="15"/><char id="2324" x="358" y="0" width="77" height="71" xoffset="0" yoffset="-14" xadvance="74" page="0" chnl="15"/><char id="2325" x="184" y="380" width="60" height="51" xoffset="-2" yoffset="6" xadvance="55" page="0" chnl="15"/><char id="2326" x="48" y="380" width="64" height="51" xoffset="-2" yoffset="6" xadvance="59" page="0" chnl="15"/><char id="2327" x="192" y="433" width="46" height="51" xoffset="-2" yoffset="6" xadvance="41" page="0" chnl="15"/><char id="2330" x="505" y="380" width="51" height="51" xoffset="-2" yoffset="6" xadvance="46" page="0" chnl="15"/><char id="2331" x="239" y="433" width="55" height="51" xoffset="-2" yoffset="6" xadvance="51" page="0" chnl="15"/><char id="2332" x="291" y="380" width="59" height="51" xoffset="-2" yoffset="6" xadvance="54" page="0" chnl="15"/><char id="2334" x="351" y="380" width="58" height="51" xoffset="-2" yoffset="6" xadvance="54" page="0" chnl="15"/><char id="2335" x="515" y="268" width="41" height="51" xoffset="-2" yoffset="6" xadvance="37" page="0" chnl="15"/><char id="2336" x="295" y="433" width="47" height="51" xoffset="-2" yoffset="6" xadvance="43" page="0" chnl="15"/><char id="2337" x="49" y="433" width="47" height="51" xoffset="-2" yoffset="6" xadvance="42" page="0" chnl="15"/><char id="2340" x="332" y="326" width="46" height="52" xoffset="-2" yoffset="6" xadvance="42" page="0" chnl="15"/><char id="2341" x="438" y="326" width="48" height="52" xoffset="1" yoffset="5" xadvance="47" page="0" chnl="15"/><char id="2342" x="444" y="268" width="42" height="55" xoffset="-2" yoffset="6" xadvance="38" page="0" chnl="15"/><char id="2344" x="138" y="380" width="45" height="51" xoffset="-2" yoffset="6" xadvance="40" page="0" chnl="15"/><char id="2346" x="410" y="380" width="46" height="51" xoffset="-2" yoffset="6" xadvance="41" page="0" chnl="15"/><char id="2347" x="343" y="433" width="61" height="51" xoffset="-2" yoffset="6" xadvance="56" page="0" chnl="15"/><char id="2348" x="145" y="433" width="46" height="51" xoffset="-2" yoffset="6" xadvance="42" page="0" chnl="15"/><char id="2349" x="487" y="326" width="53" height="52" xoffset="1" yoffset="5" xadvance="51" page="0" chnl="15"/><char id="2350" x="0" y="433" width="48" height="51" xoffset="-2" yoffset="6" xadvance="44" page="0" chnl="15"/><char id="2351" x="97" y="433" width="47" height="51" xoffset="-2" yoffset="6" xadvance="42" page="0" chnl="15"/><char id="2352" x="111" y="326" width="35" height="52" xoffset="-2" yoffset="6" xadvance="30" page="0" chnl="15"/><char id="2354" x="56" y="326" width="54" height="52" xoffset="-2" yoffset="6" xadvance="49" page="0" chnl="15"/><char id="2357" x="245" y="380" width="45" height="51" xoffset="-2" yoffset="6" xadvance="41" page="0" chnl="15"/><char id="2358" x="280" y="326" width="51" height="52" xoffset="1" yoffset="5" xadvance="49" page="0" chnl="15"/><char id="2359" x="457" y="380" width="47" height="51" xoffset="-2" yoffset="6" xadvance="42" page="0" chnl="15"/><char id="2360" x="225" y="326" width="54" height="52" xoffset="-2" yoffset="6" xadvance="49" page="0" chnl="15"/><char id="2361" x="478" y="80" width="43" height="61" xoffset="-2" yoffset="6" xadvance="39" page="0" chnl="15"/><char id="2366" x="113" y="380" width="24" height="51" xoffset="-2" yoffset="6" xadvance="19" page="0" chnl="15"/><char id="2367" x="225" y="0" width="55" height="71" xoffset="-2" yoffset="-14" xadvance="19" page="0" chnl="15"/><char id="2368" x="317" y="0" width="40" height="71" xoffset="-18" yoffset="-14" xadvance="19" page="0" chnl="15"/><char id="2369" x="454" y="485" width="39" height="26" xoffset="-35" yoffset="50" xadvance="0" page="0" chnl="15"/><char id="2370" x="415" y="485" width="38" height="26" xoffset="-26" yoffset="50" xadvance="0" page="0" chnl="15"/><char id="2375" x="359" y="485" width="26" height="27" xoffset="-31" yoffset="-14" xadvance="0" page="0" chnl="15"/><char id="2376" x="386" y="485" width="28" height="27" xoffset="-33" yoffset="-14" xadvance="0" page="0" chnl="15"/><char id="2377" x="436" y="0" width="34" height="70" xoffset="-11" yoffset="-13" xadvance="19" page="0" chnl="15"/><char id="2379" x="281" y="0" width="35" height="71" xoffset="-13" yoffset="-14" xadvance="19" page="0" chnl="15"/><char id="2381" x="39" y="531" width="28" height="22" xoffset="-15" yoffset="54" xadvance="0" page="0" chnl="15"/><char id="2396" x="47" y="80" width="47" height="65" xoffset="-2" yoffset="6" xadvance="42" page="0" chnl="15"/><char id="2397" x="0" y="80" width="46" height="65" xoffset="-2" yoffset="6" xadvance="41" page="0" chnl="15"/></chars><kernings count="143"><kerning first="120" second="99" amount="-1"/><kerning first="120" second="100" amount="-1"/><kerning first="120" second="101" amount="-1"/><kerning first="120" second="111" amount="-1"/><kerning first="120" second="113" amount="-1"/><kerning first="38" second="84" amount="-4"/><kerning first="38" second="86" amount="-1"/><kerning first="38" second="89" amount="-2"/><kerning first="65" second="67" amount="-1"/><kerning first="65" second="71" amount="-1"/><kerning first="65" second="79" amount="-1"/><kerning first="65" second="81" amount="-1"/><kerning first="65" second="84" amount="-5"/><kerning first="65" second="86" amount="-3"/><kerning first="65" second="89" amount="-4"/><kerning first="67" second="67" amount="-1"/><kerning first="67" second="71" amount="-1"/><kerning first="67" second="79" amount="-1"/><kerning first="67" second="81" amount="-1"/><kerning first="68" second="65" amount="-1"/><kerning first="68" second="84" amount="-2"/><kerning first="68" second="86" amount="-1"/><kerning first="68" second="88" amount="-1"/><kerning first="68" second="89" amount="-1"/><kerning first="68" second="90" amount="-1"/><kerning first="70" second="65" amount="-1"/><kerning first="75" second="67" amount="-1"/><kerning first="75" second="71" amount="-1"/><kerning first="75" second="79" amount="-1"/><kerning first="75" second="81" amount="-1"/><kerning first="76" second="67" amount="-1"/><kerning first="76" second="71" amount="-1"/><kerning first="76" second="79" amount="-1"/><kerning first="76" second="81" amount="-1"/><kerning first="76" second="84" amount="-1"/><kerning first="76" second="86" amount="-1"/><kerning first="76" second="89" amount="-2"/><kerning first="79" second="65" amount="-1"/><kerning first="79" second="84" amount="-2"/><kerning first="79" second="86" amount="-1"/><kerning first="79" second="88" amount="-1"/><kerning first="79" second="89" amount="-1"/><kerning first="79" second="90" amount="-1"/><kerning first="80" second="38" amount="-1"/><kerning first="80" second="65" amount="-4"/><kerning first="80" second="88" amount="-1"/><kerning first="80" second="90" amount="-1"/><kerning first="81" second="65" amount="-1"/><kerning first="81" second="84" amount="-2"/><kerning first="81" second="86" amount="-1"/><kerning first="81" second="88" amount="-1"/><kerning first="81" second="89" amount="-1"/><kerning first="81" second="90" amount="-1"/><kerning first="84" second="110" amount="-4"/><kerning first="84" second="120" amount="-1"/><kerning first="84" second="38" amount="-1"/><kerning first="84" second="65" amount="-5"/><kerning first="84" second="67" amount="-1"/><kerning first="84" second="71" amount="-1"/><kerning first="84" second="79" amount="-1"/><kerning first="84" second="81" amount="-1"/><kerning first="84" second="84" amount="1"/><kerning first="84" second="97" amount="-6"/><kerning first="84" second="99" amount="-5"/><kerning first="84" second="100" amount="-5"/><kerning first="84" second="101" amount="-5"/><kerning first="84" second="103" amount="-5"/><kerning first="84" second="109" amount="-4"/><kerning first="84" second="111" amount="-5"/><kerning first="84" second="112" amount="-4"/><kerning first="84" second="113" amount="-5"/><kerning first="84" second="114" amount="-4"/><kerning first="84" second="115" amount="-4"/><kerning first="84" second="118" amount="-1"/><kerning first="84" second="121" amount="-1"/><kerning first="84" second="122" amount="-3"/><kerning first="86" second="110" amount="-1"/><kerning first="86" second="65" amount="-3"/><kerning first="86" second="67" amount="-1"/><kerning first="86" second="71" amount="-1"/><kerning first="86" second="79" amount="-1"/><kerning first="86" second="81" amount="-1"/><kerning first="86" second="97" amount="-1"/><kerning first="86" second="99" amount="-1"/><kerning first="86" second="100" amount="-1"/><kerning first="86" second="101" amount="-1"/><kerning first="86" second="103" amount="-1"/><kerning first="86" second="109" amount="-1"/><kerning first="86" second="111" amount="-1"/><kerning first="86" second="112" amount="-1"/><kerning first="86" second="113" amount="-1"/><kerning first="86" second="114" amount="-1"/><kerning first="86" second="115" amount="-1"/><kerning first="88" second="67" amount="-1"/><kerning first="88" second="71" amount="-1"/><kerning first="88" second="79" amount="-1"/><kerning first="88" second="81" amount="-1"/><kerning first="89" second="110" amount="-2"/><kerning first="89" second="38" amount="-2"/><kerning first="89" second="65" amount="-4"/><kerning first="89" second="67" amount="-1"/><kerning first="89" second="71" amount="-1"/><kerning first="89" second="79" amount="-1"/><kerning first="89" second="81" amount="-1"/><kerning first="89" second="97" amount="-4"/><kerning first="89" second="99" amount="-4"/><kerning first="89" second="100" amount="-4"/><kerning first="89" second="101" amount="-4"/><kerning first="89" second="103" amount="-4"/><kerning first="89" second="109" amount="-2"/><kerning first="89" second="111" amount="-4"/><kerning first="89" second="112" amount="-2"/><kerning first="89" second="113" amount="-4"/><kerning first="89" second="114" amount="-2"/><kerning first="89" second="115" amount="-3"/><kerning first="89" second="122" amount="-1"/><kerning first="90" second="67" amount="-1"/><kerning first="90" second="71" amount="-1"/><kerning first="90" second="79" amount="-1"/><kerning first="90" second="81" amount="-1"/><kerning first="98" second="120" amount="-1"/><kerning first="98" second="118" amount="-1"/><kerning first="98" second="121" amount="-1"/><kerning first="98" second="122" amount="-1"/><kerning first="101" second="120" amount="-1"/><kerning first="101" second="118" amount="-1"/><kerning first="101" second="121" amount="-1"/><kerning first="101" second="122" amount="-1"/><kerning first="111" second="120" amount="-1"/><kerning first="111" second="118" amount="-1"/><kerning first="111" second="121" amount="-1"/><kerning first="111" second="122" amount="-1"/><kerning first="112" second="120" amount="-1"/><kerning first="112" second="118" amount="-1"/><kerning first="112" second="121" amount="-1"/><kerning first="112" second="122" amount="-1"/><kerning first="114" second="97" amount="-1"/><kerning first="114" second="99" amount="-1"/><kerning first="114" second="100" amount="-1"/><kerning first="114" second="101" amount="-1"/><kerning first="114" second="103" amount="-1"/><kerning first="114" second="111" amount="-1"/><kerning first="114" second="113" amount="-1"/></kernings></font>