{
	"textures": [
		{
			"image": "default-resources-0.png",
			"format": "RGBA8888",
			"size": {
				"w": 938,
				"h": 938
			},
			"scale": 0.5,
			"frames": [
				{
					"filename": "bg/bg-middle",
					"rotated": false,
					"trimmed": false,
					"sourceSize": {
						"w": 360,
						"h": 425
					},
					"spriteSourceSize": {
						"x": 0,
						"y": 0,
						"w": 360,
						"h": 425
					},
					"frame": {
						"x": 2,
						"y": 2,
						"w": 360,
						"h": 425
					}
				},
				{
					"filename": "leaderboards/bg-top",
					"rotated": false,
					"trimmed": false,
					"sourceSize": {
						"w": 475,
						"h": 84
					},
					"spriteSourceSize": {
						"x": 0,
						"y": 0,
						"w": 475,
						"h": 84
					},
					"frame": {
						"x": 365,
						"y": 2,
						"w": 475,
						"h": 84
					}
				},
				{
					"filename": "leaderboards/bg-bottom",
					"rotated": false,
					"trimmed": false,
					"sourceSize": {
						"w": 475,
						"h": 34
					},
					"spriteSourceSize": {
						"x": 0,
						"y": 0,
						"w": 475,
						"h": 34
					},
					"frame": {
						"x": 365,
						"y": 89,
						"w": 475,
						"h": 34
					}
				},
				{
					"filename": "leaderboards/bg-middle",
					"rotated": false,
					"trimmed": false,
					"sourceSize": {
						"w": 475,
						"h": 24
					},
					"spriteSourceSize": {
						"x": 0,
						"y": 0,
						"w": 475,
						"h": 24
					},
					"frame": {
						"x": 365,
						"y": 126,
						"w": 475,
						"h": 24
					}
				},
				{
					"filename": "footer",
					"rotated": false,
					"trimmed": false,
					"sourceSize": {
						"w": 375,
						"h": 77
					},
					"spriteSourceSize": {
						"x": 0,
						"y": 0,
						"w": 375,
						"h": 77
					},
					"frame": {
						"x": 365,
						"y": 153,
						"w": 375,
						"h": 77
					}
				},
				{
					"filename": "bg/bg-bottom",
					"rotated": false,
					"trimmed": false,
					"sourceSize": {
						"w": 360,
						"h": 56
					},
					"spriteSourceSize": {
						"x": 0,
						"y": 0,
						"w": 360,
						"h": 56
					},
					"frame": {
						"x": 2,
						"y": 430,
						"w": 360,
						"h": 56
					}
				},
				{
					"filename": "bg/bg-top",
					"rotated": false,
					"trimmed": false,
					"sourceSize": {
						"w": 360,
						"h": 56
					},
					"spriteSourceSize": {
						"x": 0,
						"y": 0,
						"w": 360,
						"h": 56
					},
					"frame": {
						"x": 365,
						"y": 233,
						"w": 360,
						"h": 56
					}
				},
				{
					"filename": "daily-challenge/bg",
					"rotated": false,
					"trimmed": false,
					"sourceSize": {
						"w": 260,
						"h": 143
					},
					"spriteSourceSize": {
						"x": 0,
						"y": 0,
						"w": 260,
						"h": 143
					},
					"frame": {
						"x": 2,
						"y": 489,
						"w": 260,
						"h": 143
					}
				},
				{
					"filename": "border-bottom-panel",
					"rotated": false,
					"trimmed": false,
					"sourceSize": {
						"w": 375,
						"h": 18
					},
					"spriteSourceSize": {
						"x": 0,
						"y": 0,
						"w": 375,
						"h": 18
					},
					"frame": {
						"x": 365,
						"y": 292,
						"w": 375,
						"h": 18
					}
				},
				{
					"filename": "leaf",
					"rotated": false,
					"trimmed": false,
					"sourceSize": {
						"w": 282,
						"h": 66
					},
					"spriteSourceSize": {
						"x": 0,
						"y": 0,
						"w": 282,
						"h": 66
					},
					"frame": {
						"x": 365,
						"y": 313,
						"w": 282,
						"h": 66
					}
				},
				{
					"filename": "score-panel",
					"rotated": false,
					"trimmed": false,
					"sourceSize": {
						"w": 263,
						"h": 76
					},
					"spriteSourceSize": {
						"x": 0,
						"y": 0,
						"w": 263,
						"h": 76
					},
					"frame": {
						"x": 365,
						"y": 382,
						"w": 263,
						"h": 76
					}
				},
				{
					"filename": "popup/middle",
					"rotated": false,
					"trimmed": false,
					"sourceSize": {
						"w": 216,
						"h": 114
					},
					"spriteSourceSize": {
						"x": 0,
						"y": 0,
						"w": 216,
						"h": 114
					},
					"frame": {
						"x": 2,
						"y": 635,
						"w": 216,
						"h": 114
					}
				},
				{
					"filename": "lives/heart",
					"rotated": false,
					"trimmed": false,
					"sourceSize": {
						"w": 170,
						"h": 140
					},
					"spriteSourceSize": {
						"x": 0,
						"y": 0,
						"w": 170,
						"h": 140
					},
					"frame": {
						"x": 2,
						"y": 752,
						"w": 170,
						"h": 140
					}
				},
				{
					"filename": "daily-challenge/bg-item-dark",
					"rotated": false,
					"trimmed": false,
					"sourceSize": {
						"w": 254,
						"h": 41
					},
					"spriteSourceSize": {
						"x": 0,
						"y": 0,
						"w": 254,
						"h": 41
					},
					"frame": {
						"x": 2,
						"y": 895,
						"w": 254,
						"h": 41
					}
				},
				{
					"filename": "border-daily",
					"rotated": false,
					"trimmed": false,
					"sourceSize": {
						"w": 259,
						"h": 26
					},
					"spriteSourceSize": {
						"x": 0,
						"y": 0,
						"w": 259,
						"h": 26
					},
					"frame": {
						"x": 365,
						"y": 461,
						"w": 259,
						"h": 26
					}
				},
				{
					"filename": "best-score-frame-long",
					"rotated": false,
					"trimmed": false,
					"sourceSize": {
						"w": 193,
						"h": 77
					},
					"spriteSourceSize": {
						"x": 0,
						"y": 0,
						"w": 193,
						"h": 77
					},
					"frame": {
						"x": 743,
						"y": 153,
						"w": 193,
						"h": 77
					}
				},
				{
					"filename": "buttons/dark-blue",
					"rotated": false,
					"trimmed": false,
					"sourceSize": {
						"w": 183,
						"h": 54
					},
					"spriteSourceSize": {
						"x": 0,
						"y": 0,
						"w": 183,
						"h": 54
					},
					"frame": {
						"x": 728,
						"y": 233,
						"w": 183,
						"h": 54
					}
				},
				{
					"filename": "popup/background",
					"rotated": false,
					"trimmed": false,
					"sourceSize": {
						"w": 198,
						"h": 111
					},
					"spriteSourceSize": {
						"x": 0,
						"y": 0,
						"w": 198,
						"h": 111
					},
					"frame": {
						"x": 265,
						"y": 490,
						"w": 198,
						"h": 111
					}
				},
				{
					"filename": "bg/bg-dark",
					"rotated": false,
					"trimmed": false,
					"sourceSize": {
						"w": 122,
						"h": 152
					},
					"spriteSourceSize": {
						"x": 0,
						"y": 0,
						"w": 122,
						"h": 152
					},
					"frame": {
						"x": 466,
						"y": 490,
						"w": 122,
						"h": 152
					}
				},
				{
					"filename": "lives/time-block-2",
					"rotated": false,
					"trimmed": false,
					"sourceSize": {
						"w": 182,
						"h": 54
					},
					"spriteSourceSize": {
						"x": 0,
						"y": 0,
						"w": 182,
						"h": 54
					},
					"frame": {
						"x": 265,
						"y": 604,
						"w": 182,
						"h": 54
					}
				},
				{
					"filename": "daily-challenge/bg-item-light",
					"rotated": false,
					"trimmed": false,
					"sourceSize": {
						"w": 254,
						"h": 41
					},
					"spriteSourceSize": {
						"x": 0,
						"y": 0,
						"w": 254,
						"h": 41
					},
					"frame": {
						"x": 221,
						"y": 661,
						"w": 254,
						"h": 41
					}
				},
				{
					"filename": "daily-challenge/bottom-panel",
					"rotated": false,
					"trimmed": false,
					"sourceSize": {
						"w": 261,
						"h": 15
					},
					"spriteSourceSize": {
						"x": 0,
						"y": 0,
						"w": 261,
						"h": 15
					},
					"frame": {
						"x": 221,
						"y": 705,
						"w": 261,
						"h": 15
					}
				},
				{
					"filename": "daily-challenge/top-panel",
					"rotated": false,
					"trimmed": false,
					"sourceSize": {
						"w": 261,
						"h": 15
					},
					"spriteSourceSize": {
						"x": 0,
						"y": 0,
						"w": 261,
						"h": 15
					},
					"frame": {
						"x": 221,
						"y": 723,
						"w": 261,
						"h": 15
					}
				},
				{
					"filename": "daily-challenge/middle-panel",
					"rotated": false,
					"trimmed": false,
					"sourceSize": {
						"w": 261,
						"h": 13
					},
					"spriteSourceSize": {
						"x": 0,
						"y": 0,
						"w": 261,
						"h": 13
					},
					"frame": {
						"x": 221,
						"y": 741,
						"w": 261,
						"h": 13
					}
				},
				{
					"filename": "popup/top-dark",
					"rotated": false,
					"trimmed": false,
					"sourceSize": {
						"w": 216,
						"h": 45
					},
					"spriteSourceSize": {
						"x": 0,
						"y": 0,
						"w": 216,
						"h": 45
					},
					"frame": {
						"x": 175,
						"y": 757,
						"w": 216,
						"h": 45
					}
				},
				{
					"filename": "popup/top",
					"rotated": false,
					"trimmed": false,
					"sourceSize": {
						"w": 216,
						"h": 45
					},
					"spriteSourceSize": {
						"x": 0,
						"y": 0,
						"w": 216,
						"h": 45
					},
					"frame": {
						"x": 175,
						"y": 805,
						"w": 216,
						"h": 45
					}
				},
				{
					"filename": "popup/bottom",
					"rotated": false,
					"trimmed": false,
					"sourceSize": {
						"w": 216,
						"h": 14
					},
					"spriteSourceSize": {
						"x": 0,
						"y": 0,
						"w": 216,
						"h": 14
					},
					"frame": {
						"x": 175,
						"y": 853,
						"w": 216,
						"h": 14
					}
				},
				{
					"filename": "bg-progress-circle",
					"rotated": false,
					"trimmed": false,
					"sourceSize": {
						"w": 116,
						"h": 116
					},
					"spriteSourceSize": {
						"x": 0,
						"y": 0,
						"w": 116,
						"h": 116
					},
					"frame": {
						"x": 394,
						"y": 757,
						"w": 116,
						"h": 116
					}
				},
				{
					"filename": "texts/play-single",
					"rotated": false,
					"trimmed": false,
					"sourceSize": {
						"w": 85,
						"h": 22
					},
					"spriteSourceSize": {
						"x": 0,
						"y": 0,
						"w": 85,
						"h": 22
					},
					"frame": {
						"x": 175,
						"y": 870,
						"w": 85,
						"h": 22
					}
				},
				{
					"filename": "buttons/brown",
					"rotated": false,
					"trimmed": false,
					"sourceSize": {
						"w": 165,
						"h": 41
					},
					"spriteSourceSize": {
						"x": 0,
						"y": 0,
						"w": 165,
						"h": 41
					},
					"frame": {
						"x": 259,
						"y": 895,
						"w": 165,
						"h": 41
					}
				},
				{
					"filename": "texts/play-with",
					"rotated": false,
					"trimmed": false,
					"sourceSize": {
						"w": 81,
						"h": 22
					},
					"spriteSourceSize": {
						"x": 0,
						"y": 0,
						"w": 81,
						"h": 22
					},
					"frame": {
						"x": 263,
						"y": 870,
						"w": 81,
						"h": 22
					}
				},
				{
					"filename": "lives/time-block",
					"rotated": false,
					"trimmed": false,
					"sourceSize": {
						"w": 173,
						"h": 44
					},
					"spriteSourceSize": {
						"x": 0,
						"y": 0,
						"w": 173,
						"h": 44
					},
					"frame": {
						"x": 743,
						"y": 290,
						"w": 173,
						"h": 44
					}
				},
				{
					"filename": "avatar/border-big",
					"rotated": false,
					"trimmed": false,
					"sourceSize": {
						"w": 88,
						"h": 88
					},
					"spriteSourceSize": {
						"x": 0,
						"y": 0,
						"w": 88,
						"h": 88
					},
					"frame": {
						"x": 843,
						"y": 2,
						"w": 88,
						"h": 88
					}
				},
				{
					"filename": "buttons/dark-blue-big",
					"rotated": false,
					"trimmed": false,
					"sourceSize": {
						"w": 90,
						"h": 41
					},
					"spriteSourceSize": {
						"x": 0,
						"y": 0,
						"w": 90,
						"h": 41
					},
					"frame": {
						"x": 650,
						"y": 313,
						"w": 90,
						"h": 41
					}
				},
				{
					"filename": "buttons/green-large",
					"rotated": false,
					"trimmed": false,
					"sourceSize": {
						"w": 165,
						"h": 54
					},
					"spriteSourceSize": {
						"x": 0,
						"y": 0,
						"w": 165,
						"h": 54
					},
					"frame": {
						"x": 743,
						"y": 337,
						"w": 165,
						"h": 54
					}
				},
				{
					"filename": "buttons/green-big",
					"rotated": false,
					"trimmed": false,
					"sourceSize": {
						"w": 90,
						"h": 41
					},
					"spriteSourceSize": {
						"x": 0,
						"y": 0,
						"w": 90,
						"h": 41
					},
					"frame": {
						"x": 650,
						"y": 357,
						"w": 90,
						"h": 41
					}
				},
				{
					"filename": "leaderboards/bg-item",
					"rotated": false,
					"trimmed": false,
					"sourceSize": {
						"w": 159,
						"h": 31
					},
					"spriteSourceSize": {
						"x": 0,
						"y": 0,
						"w": 159,
						"h": 31
					},
					"frame": {
						"x": 743,
						"y": 394,
						"w": 159,
						"h": 31
					}
				},
				{
					"filename": "texts/second-chance",
					"rotated": false,
					"trimmed": false,
					"sourceSize": {
						"w": 109,
						"h": 25
					},
					"spriteSourceSize": {
						"x": 0,
						"y": 0,
						"w": 109,
						"h": 25
					},
					"frame": {
						"x": 631,
						"y": 401,
						"w": 109,
						"h": 25
					}
				},
				{
					"filename": "wood-panel",
					"rotated": false,
					"trimmed": false,
					"sourceSize": {
						"w": 151,
						"h": 28
					},
					"spriteSourceSize": {
						"x": 0,
						"y": 0,
						"w": 151,
						"h": 28
					},
					"frame": {
						"x": 743,
						"y": 428,
						"w": 151,
						"h": 28
					}
				},
				{
					"filename": "popup/score-panel",
					"rotated": false,
					"trimmed": false,
					"sourceSize": {
						"w": 150,
						"h": 46
					},
					"spriteSourceSize": {
						"x": 0,
						"y": 0,
						"w": 150,
						"h": 46
					},
					"frame": {
						"x": 478,
						"y": 645,
						"w": 150,
						"h": 46
					}
				},
				{
					"filename": "daily-challenge/title-panel",
					"rotated": false,
					"trimmed": false,
					"sourceSize": {
						"w": 141,
						"h": 35
					},
					"spriteSourceSize": {
						"x": 0,
						"y": 0,
						"w": 141,
						"h": 35
					},
					"frame": {
						"x": 485,
						"y": 694,
						"w": 141,
						"h": 35
					}
				},
				{
					"filename": "bottom-panel",
					"rotated": false,
					"trimmed": false,
					"sourceSize": {
						"w": 141,
						"h": 86
					},
					"spriteSourceSize": {
						"x": 0,
						"y": 0,
						"w": 141,
						"h": 86
					},
					"frame": {
						"x": 513,
						"y": 732,
						"w": 141,
						"h": 86
					}
				},
				{
					"filename": "texts/first-milestone",
					"rotated": false,
					"trimmed": false,
					"sourceSize": {
						"w": 145,
						"h": 25
					},
					"spriteSourceSize": {
						"x": 0,
						"y": 0,
						"w": 145,
						"h": 25
					},
					"frame": {
						"x": 513,
						"y": 821,
						"w": 145,
						"h": 25
					}
				},
				{
					"filename": "texts/next-milestone",
					"rotated": false,
					"trimmed": false,
					"sourceSize": {
						"w": 145,
						"h": 25
					},
					"spriteSourceSize": {
						"x": 0,
						"y": 0,
						"w": 145,
						"h": 25
					},
					"frame": {
						"x": 513,
						"y": 849,
						"w": 145,
						"h": 25
					}
				},
				{
					"filename": "bg-combo",
					"rotated": false,
					"trimmed": true,
					"sourceSize": {
						"w": 106,
						"h": 44
					},
					"spriteSourceSize": {
						"x": 0,
						"y": 4,
						"w": 106,
						"h": 40
					},
					"frame": {
						"x": 631,
						"y": 429,
						"w": 106,
						"h": 40
					}
				},
				{
					"filename": "buttons/green",
					"rotated": false,
					"trimmed": false,
					"sourceSize": {
						"w": 119,
						"h": 41
					},
					"spriteSourceSize": {
						"x": 0,
						"y": 0,
						"w": 119,
						"h": 41
					},
					"frame": {
						"x": 740,
						"y": 459,
						"w": 119,
						"h": 41
					}
				},
				{
					"filename": "preloader/dual-ring",
					"rotated": false,
					"trimmed": true,
					"sourceSize": {
						"w": 100,
						"h": 100
					},
					"spriteSourceSize": {
						"x": 13,
						"y": 13,
						"w": 74,
						"h": 74
					},
					"frame": {
						"x": 862,
						"y": 459,
						"w": 74,
						"h": 74
					}
				},
				{
					"filename": "bg-streak",
					"rotated": false,
					"trimmed": true,
					"sourceSize": {
						"w": 106,
						"h": 44
					},
					"spriteSourceSize": {
						"x": 0,
						"y": 4,
						"w": 106,
						"h": 40
					},
					"frame": {
						"x": 631,
						"y": 472,
						"w": 106,
						"h": 40
					}
				},
				{
					"filename": "buttons/dark-blue-small",
					"rotated": false,
					"trimmed": false,
					"sourceSize": {
						"w": 89,
						"h": 37
					},
					"spriteSourceSize": {
						"x": 0,
						"y": 0,
						"w": 89,
						"h": 37
					},
					"frame": {
						"x": 843,
						"y": 93,
						"w": 89,
						"h": 37
					}
				},
				{
					"filename": "leaderboards/bg-item-0",
					"rotated": false,
					"trimmed": false,
					"sourceSize": {
						"w": 116,
						"h": 23
					},
					"spriteSourceSize": {
						"x": 0,
						"y": 0,
						"w": 116,
						"h": 23
					},
					"frame": {
						"x": 740,
						"y": 503,
						"w": 116,
						"h": 23
					}
				},
				{
					"filename": "avatar/border-challenge",
					"rotated": false,
					"trimmed": false,
					"sourceSize": {
						"w": 60,
						"h": 59
					},
					"spriteSourceSize": {
						"x": 0,
						"y": 0,
						"w": 60,
						"h": 59
					},
					"frame": {
						"x": 427,
						"y": 877,
						"w": 60,
						"h": 59
					}
				},
				{
					"filename": "leaderboards/bg-item-1",
					"rotated": false,
					"trimmed": false,
					"sourceSize": {
						"w": 116,
						"h": 23
					},
					"spriteSourceSize": {
						"x": 0,
						"y": 0,
						"w": 116,
						"h": 23
					},
					"frame": {
						"x": 490,
						"y": 877,
						"w": 116,
						"h": 23
					}
				},
				{
					"filename": "buttons/challenge_light",
					"rotated": false,
					"trimmed": false,
					"sourceSize": {
						"w": 44,
						"h": 33
					},
					"spriteSourceSize": {
						"x": 0,
						"y": 0,
						"w": 44,
						"h": 33
					},
					"frame": {
						"x": 490,
						"y": 903,
						"w": 44,
						"h": 33
					}
				},
				{
					"filename": "buttons/play",
					"rotated": false,
					"trimmed": false,
					"sourceSize": {
						"w": 43,
						"h": 33
					},
					"spriteSourceSize": {
						"x": 0,
						"y": 0,
						"w": 43,
						"h": 33
					},
					"frame": {
						"x": 537,
						"y": 903,
						"w": 43,
						"h": 33
					}
				},
				{
					"filename": "buttons/random",
					"rotated": false,
					"trimmed": false,
					"sourceSize": {
						"w": 43,
						"h": 33
					},
					"spriteSourceSize": {
						"x": 0,
						"y": 0,
						"w": 43,
						"h": 33
					},
					"frame": {
						"x": 583,
						"y": 903,
						"w": 43,
						"h": 33
					}
				},
				{
					"filename": "avatar/border",
					"rotated": false,
					"trimmed": true,
					"sourceSize": {
						"w": 69,
						"h": 72
					},
					"spriteSourceSize": {
						"x": 0,
						"y": 1,
						"w": 69,
						"h": 71
					},
					"frame": {
						"x": 591,
						"y": 515,
						"w": 69,
						"h": 71
					}
				},
				{
					"filename": "best-score-frame",
					"rotated": false,
					"trimmed": false,
					"sourceSize": {
						"w": 56,
						"h": 76
					},
					"spriteSourceSize": {
						"x": 0,
						"y": 0,
						"w": 56,
						"h": 76
					},
					"frame": {
						"x": 663,
						"y": 515,
						"w": 56,
						"h": 76
					}
				},
				{
					"filename": "icon-journey",
					"rotated": false,
					"trimmed": false,
					"sourceSize": {
						"w": 75,
						"h": 61
					},
					"spriteSourceSize": {
						"x": 0,
						"y": 0,
						"w": 75,
						"h": 61
					},
					"frame": {
						"x": 722,
						"y": 529,
						"w": 75,
						"h": 61
					}
				},
				{
					"filename": "avatar/background",
					"rotated": false,
					"trimmed": false,
					"sourceSize": {
						"w": 53,
						"h": 54
					},
					"spriteSourceSize": {
						"x": 0,
						"y": 0,
						"w": 53,
						"h": 54
					},
					"frame": {
						"x": 800,
						"y": 529,
						"w": 53,
						"h": 54
					}
				},
				{
					"filename": "bg/level-playing",
					"rotated": false,
					"trimmed": false,
					"sourceSize": {
						"w": 57,
						"h": 47
					},
					"spriteSourceSize": {
						"x": 0,
						"y": 0,
						"w": 57,
						"h": 47
					},
					"frame": {
						"x": 591,
						"y": 589,
						"w": 57,
						"h": 47
					}
				},
				{
					"filename": "texts/level-failed",
					"rotated": false,
					"trimmed": false,
					"sourceSize": {
						"w": 90,
						"h": 23
					},
					"spriteSourceSize": {
						"x": 0,
						"y": 0,
						"w": 90,
						"h": 23
					},
					"frame": {
						"x": 609,
						"y": 877,
						"w": 90,
						"h": 23
					}
				},
				{
					"filename": "texts/leader-board",
					"rotated": false,
					"trimmed": false,
					"sourceSize": {
						"w": 81,
						"h": 28
					},
					"spriteSourceSize": {
						"x": 0,
						"y": 0,
						"w": 81,
						"h": 28
					},
					"frame": {
						"x": 629,
						"y": 903,
						"w": 81,
						"h": 28
					}
				},
				{
					"filename": "buttons/skip",
					"rotated": false,
					"trimmed": false,
					"sourceSize": {
						"w": 60,
						"h": 36
					},
					"spriteSourceSize": {
						"x": 0,
						"y": 0,
						"w": 60,
						"h": 36
					},
					"frame": {
						"x": 856,
						"y": 536,
						"w": 60,
						"h": 36
					}
				},
				{
					"filename": "texts/world-disable",
					"rotated": false,
					"trimmed": false,
					"sourceSize": {
						"w": 32,
						"h": 17
					},
					"spriteSourceSize": {
						"x": 0,
						"y": 0,
						"w": 32,
						"h": 17
					},
					"frame": {
						"x": 843,
						"y": 133,
						"w": 32,
						"h": 17
					}
				},
				{
					"filename": "texts/world",
					"rotated": false,
					"trimmed": false,
					"sourceSize": {
						"w": 32,
						"h": 17
					},
					"spriteSourceSize": {
						"x": 0,
						"y": 0,
						"w": 32,
						"h": 17
					},
					"frame": {
						"x": 878,
						"y": 133,
						"w": 32,
						"h": 17
					}
				},
				{
					"filename": "texts/daily-challenge",
					"rotated": false,
					"trimmed": false,
					"sourceSize": {
						"w": 97,
						"h": 26
					},
					"spriteSourceSize": {
						"x": 0,
						"y": 0,
						"w": 97,
						"h": 26
					},
					"frame": {
						"x": 651,
						"y": 594,
						"w": 97,
						"h": 26
					}
				},
				{
					"filename": "texts/your-score",
					"rotated": false,
					"trimmed": false,
					"sourceSize": {
						"w": 97,
						"h": 26
					},
					"spriteSourceSize": {
						"x": 0,
						"y": 0,
						"w": 97,
						"h": 26
					},
					"frame": {
						"x": 651,
						"y": 623,
						"w": 97,
						"h": 26
					}
				},
				{
					"filename": "texts/keep-playing",
					"rotated": false,
					"trimmed": false,
					"sourceSize": {
						"w": 97,
						"h": 25
					},
					"spriteSourceSize": {
						"x": 0,
						"y": 0,
						"w": 97,
						"h": 25
					},
					"frame": {
						"x": 631,
						"y": 652,
						"w": 97,
						"h": 25
					}
				},
				{
					"filename": "texts/out-of-live",
					"rotated": false,
					"trimmed": false,
					"sourceSize": {
						"w": 97,
						"h": 25
					},
					"spriteSourceSize": {
						"x": 0,
						"y": 0,
						"w": 97,
						"h": 25
					},
					"frame": {
						"x": 631,
						"y": 680,
						"w": 97,
						"h": 25
					}
				},
				{
					"filename": "texts/refill-lives",
					"rotated": false,
					"trimmed": false,
					"sourceSize": {
						"w": 75,
						"h": 21
					},
					"spriteSourceSize": {
						"x": 0,
						"y": 0,
						"w": 75,
						"h": 21
					},
					"frame": {
						"x": 629,
						"y": 708,
						"w": 75,
						"h": 21
					}
				},
				{
					"filename": "bg/level-locked",
					"rotated": false,
					"trimmed": false,
					"sourceSize": {
						"w": 51,
						"h": 42
					},
					"spriteSourceSize": {
						"x": 0,
						"y": 0,
						"w": 51,
						"h": 42
					},
					"frame": {
						"x": 657,
						"y": 732,
						"w": 51,
						"h": 42
					}
				},
				{
					"filename": "bg/level-played",
					"rotated": false,
					"trimmed": false,
					"sourceSize": {
						"w": 50,
						"h": 41
					},
					"spriteSourceSize": {
						"x": 0,
						"y": 0,
						"w": 50,
						"h": 41
					},
					"frame": {
						"x": 657,
						"y": 777,
						"w": 50,
						"h": 41
					}
				},
				{
					"filename": "buttons/minor",
					"rotated": false,
					"trimmed": false,
					"sourceSize": {
						"w": 41,
						"h": 36
					},
					"spriteSourceSize": {
						"x": 0,
						"y": 0,
						"w": 41,
						"h": 36
					},
					"frame": {
						"x": 661,
						"y": 821,
						"w": 41,
						"h": 36
					}
				},
				{
					"filename": "icons/vibrate",
					"rotated": false,
					"trimmed": false,
					"sourceSize": {
						"w": 31,
						"h": 37
					},
					"spriteSourceSize": {
						"x": 0,
						"y": 0,
						"w": 31,
						"h": 37
					},
					"frame": {
						"x": 905,
						"y": 394,
						"w": 31,
						"h": 37
					}
				},
				{
					"filename": "texts/lose",
					"rotated": false,
					"trimmed": false,
					"sourceSize": {
						"w": 54,
						"h": 28
					},
					"spriteSourceSize": {
						"x": 0,
						"y": 0,
						"w": 54,
						"h": 28
					},
					"frame": {
						"x": 751,
						"y": 593,
						"w": 54,
						"h": 28
					}
				},
				{
					"filename": "score-panel-dark",
					"rotated": false,
					"trimmed": false,
					"sourceSize": {
						"w": 94,
						"h": 26
					},
					"spriteSourceSize": {
						"x": 0,
						"y": 0,
						"w": 94,
						"h": 26
					},
					"frame": {
						"x": 751,
						"y": 624,
						"w": 94,
						"h": 26
					}
				},
				{
					"filename": "icons/crown-big",
					"rotated": false,
					"trimmed": false,
					"sourceSize": {
						"w": 37,
						"h": 35
					},
					"spriteSourceSize": {
						"x": 0,
						"y": 0,
						"w": 37,
						"h": 35
					},
					"frame": {
						"x": 808,
						"y": 586,
						"w": 37,
						"h": 35
					}
				},
				{
					"filename": "texts/waiting-for-opponent",
					"rotated": false,
					"trimmed": false,
					"sourceSize": {
						"w": 89,
						"h": 23
					},
					"spriteSourceSize": {
						"x": 0,
						"y": 0,
						"w": 89,
						"h": 23
					},
					"frame": {
						"x": 731,
						"y": 653,
						"w": 89,
						"h": 23
					}
				},
				{
					"filename": "daily-challenge/time-panel",
					"rotated": false,
					"trimmed": false,
					"sourceSize": {
						"w": 85,
						"h": 24
					},
					"spriteSourceSize": {
						"x": 0,
						"y": 0,
						"w": 85,
						"h": 24
					},
					"frame": {
						"x": 731,
						"y": 679,
						"w": 85,
						"h": 24
					}
				},
				{
					"filename": "texts/play",
					"rotated": false,
					"trimmed": false,
					"sourceSize": {
						"w": 75,
						"h": 20
					},
					"spriteSourceSize": {
						"x": 0,
						"y": 0,
						"w": 75,
						"h": 20
					},
					"frame": {
						"x": 731,
						"y": 706,
						"w": 75,
						"h": 20
					}
				},
				{
					"filename": "icons/home",
					"rotated": false,
					"trimmed": false,
					"sourceSize": {
						"w": 24,
						"h": 22
					},
					"spriteSourceSize": {
						"x": 0,
						"y": 0,
						"w": 24,
						"h": 22
					},
					"frame": {
						"x": 347,
						"y": 870,
						"w": 24,
						"h": 22
					}
				},
				{
					"filename": "texts/no",
					"rotated": false,
					"trimmed": false,
					"sourceSize": {
						"w": 22,
						"h": 22
					},
					"spriteSourceSize": {
						"x": 0,
						"y": 0,
						"w": 22,
						"h": 22
					},
					"frame": {
						"x": 914,
						"y": 233,
						"w": 22,
						"h": 22
					}
				},
				{
					"filename": "texts/yes",
					"rotated": false,
					"trimmed": false,
					"sourceSize": {
						"w": 22,
						"h": 22
					},
					"spriteSourceSize": {
						"x": 0,
						"y": 0,
						"w": 22,
						"h": 22
					},
					"frame": {
						"x": 485,
						"y": 732,
						"w": 22,
						"h": 22
					}
				},
				{
					"filename": "buttons/toggle-off",
					"rotated": false,
					"trimmed": false,
					"sourceSize": {
						"w": 67,
						"h": 23
					},
					"spriteSourceSize": {
						"x": 0,
						"y": 0,
						"w": 67,
						"h": 23
					},
					"frame": {
						"x": 856,
						"y": 575,
						"w": 67,
						"h": 23
					}
				},
				{
					"filename": "buttons/toggle-on",
					"rotated": false,
					"trimmed": false,
					"sourceSize": {
						"w": 67,
						"h": 23
					},
					"spriteSourceSize": {
						"x": 0,
						"y": 0,
						"w": 67,
						"h": 23
					},
					"frame": {
						"x": 848,
						"y": 601,
						"w": 67,
						"h": 23
					}
				},
				{
					"filename": "texts/start-over",
					"rotated": false,
					"trimmed": false,
					"sourceSize": {
						"w": 71,
						"h": 19
					},
					"spriteSourceSize": {
						"x": 0,
						"y": 0,
						"w": 71,
						"h": 19
					},
					"frame": {
						"x": 848,
						"y": 627,
						"w": 71,
						"h": 19
					}
				},
				{
					"filename": "texts/invite-friends",
					"rotated": false,
					"trimmed": false,
					"sourceSize": {
						"w": 69,
						"h": 19
					},
					"spriteSourceSize": {
						"x": 0,
						"y": 0,
						"w": 69,
						"h": 19
					},
					"frame": {
						"x": 848,
						"y": 649,
						"w": 69,
						"h": 19
					}
				},
				{
					"filename": "icons/battle",
					"rotated": false,
					"trimmed": false,
					"sourceSize": {
						"w": 22,
						"h": 21
					},
					"spriteSourceSize": {
						"x": 0,
						"y": 0,
						"w": 22,
						"h": 21
					},
					"frame": {
						"x": 914,
						"y": 258,
						"w": 22,
						"h": 21
					}
				},
				{
					"filename": "icons/plus",
					"rotated": false,
					"trimmed": false,
					"sourceSize": {
						"w": 21,
						"h": 22
					},
					"spriteSourceSize": {
						"x": 0,
						"y": 0,
						"w": 21,
						"h": 22
					},
					"frame": {
						"x": 591,
						"y": 490,
						"w": 21,
						"h": 22
					}
				},
				{
					"filename": "buttons/circle-button",
					"rotated": false,
					"trimmed": false,
					"sourceSize": {
						"w": 21,
						"h": 21
					},
					"spriteSourceSize": {
						"x": 0,
						"y": 0,
						"w": 21,
						"h": 21
					},
					"frame": {
						"x": 707,
						"y": 708,
						"w": 21,
						"h": 21
					}
				},
				{
					"filename": "texts/no-thank",
					"rotated": false,
					"trimmed": false,
					"sourceSize": {
						"w": 66,
						"h": 15
					},
					"spriteSourceSize": {
						"x": 0,
						"y": 0,
						"w": 66,
						"h": 15
					},
					"frame": {
						"x": 731,
						"y": 729,
						"w": 66,
						"h": 15
					}
				},
				{
					"filename": "icons/retry",
					"rotated": false,
					"trimmed": false,
					"sourceSize": {
						"w": 25,
						"h": 27
					},
					"spriteSourceSize": {
						"x": 0,
						"y": 0,
						"w": 25,
						"h": 27
					},
					"frame": {
						"x": 911,
						"y": 337,
						"w": 25,
						"h": 27
					}
				},
				{
					"filename": "icons/play-green",
					"rotated": false,
					"trimmed": false,
					"sourceSize": {
						"w": 24,
						"h": 24
					},
					"spriteSourceSize": {
						"x": 0,
						"y": 0,
						"w": 24,
						"h": 24
					},
					"frame": {
						"x": 911,
						"y": 367,
						"w": 24,
						"h": 24
					}
				},
				{
					"filename": "texts/win",
					"rotated": false,
					"trimmed": false,
					"sourceSize": {
						"w": 53,
						"h": 28
					},
					"spriteSourceSize": {
						"x": 0,
						"y": 0,
						"w": 53,
						"h": 28
					},
					"frame": {
						"x": 711,
						"y": 747,
						"w": 53,
						"h": 28
					}
				},
				{
					"filename": "texts/draw",
					"rotated": false,
					"trimmed": false,
					"sourceSize": {
						"w": 53,
						"h": 27
					},
					"spriteSourceSize": {
						"x": 0,
						"y": 0,
						"w": 53,
						"h": 27
					},
					"frame": {
						"x": 710,
						"y": 778,
						"w": 53,
						"h": 27
					}
				},
				{
					"filename": "texts/text-next-level",
					"rotated": false,
					"trimmed": false,
					"sourceSize": {
						"w": 57,
						"h": 20
					},
					"spriteSourceSize": {
						"x": 0,
						"y": 0,
						"w": 57,
						"h": 20
					},
					"frame": {
						"x": 710,
						"y": 808,
						"w": 57,
						"h": 20
					}
				},
				{
					"filename": "leaderboards/tab-off",
					"rotated": false,
					"trimmed": false,
					"sourceSize": {
						"w": 57,
						"h": 18
					},
					"spriteSourceSize": {
						"x": 0,
						"y": 0,
						"w": 57,
						"h": 18
					},
					"frame": {
						"x": 705,
						"y": 831,
						"w": 57,
						"h": 18
					}
				},
				{
					"filename": "texts/play-with-blue",
					"rotated": false,
					"trimmed": false,
					"sourceSize": {
						"w": 58,
						"h": 9
					},
					"spriteSourceSize": {
						"x": 0,
						"y": 0,
						"w": 58,
						"h": 9
					},
					"frame": {
						"x": 705,
						"y": 852,
						"w": 58,
						"h": 9
					}
				},
				{
					"filename": "leaderboards/tab-on",
					"rotated": false,
					"trimmed": false,
					"sourceSize": {
						"w": 57,
						"h": 18
					},
					"spriteSourceSize": {
						"x": 0,
						"y": 0,
						"w": 57,
						"h": 18
					},
					"frame": {
						"x": 702,
						"y": 864,
						"w": 57,
						"h": 18
					}
				},
				{
					"filename": "texts/text-ranking",
					"rotated": false,
					"trimmed": false,
					"sourceSize": {
						"w": 53,
						"h": 15
					},
					"spriteSourceSize": {
						"x": 0,
						"y": 0,
						"w": 53,
						"h": 15
					},
					"frame": {
						"x": 702,
						"y": 885,
						"w": 53,
						"h": 15
					}
				},
				{
					"filename": "buttons/share",
					"rotated": false,
					"trimmed": false,
					"sourceSize": {
						"w": 40,
						"h": 29
					},
					"spriteSourceSize": {
						"x": 0,
						"y": 0,
						"w": 40,
						"h": 29
					},
					"frame": {
						"x": 713,
						"y": 903,
						"w": 40,
						"h": 29
					}
				},
				{
					"filename": "icons/dot",
					"rotated": false,
					"trimmed": false,
					"sourceSize": {
						"w": 34,
						"h": 35
					},
					"spriteSourceSize": {
						"x": 0,
						"y": 0,
						"w": 34,
						"h": 35
					},
					"frame": {
						"x": 767,
						"y": 747,
						"w": 34,
						"h": 35
					}
				},
				{
					"filename": "texts/continue",
					"rotated": false,
					"trimmed": false,
					"sourceSize": {
						"w": 38,
						"h": 20
					},
					"spriteSourceSize": {
						"x": 0,
						"y": 0,
						"w": 38,
						"h": 20
					},
					"frame": {
						"x": 221,
						"y": 635,
						"w": 38,
						"h": 20
					}
				},
				{
					"filename": "texts/start",
					"rotated": false,
					"trimmed": false,
					"sourceSize": {
						"w": 38,
						"h": 20
					},
					"spriteSourceSize": {
						"x": 0,
						"y": 0,
						"w": 38,
						"h": 20
					},
					"frame": {
						"x": 766,
						"y": 785,
						"w": 38,
						"h": 20
					}
				},
				{
					"filename": "icons/check",
					"rotated": false,
					"trimmed": false,
					"sourceSize": {
						"w": 22,
						"h": 18
					},
					"spriteSourceSize": {
						"x": 0,
						"y": 0,
						"w": 22,
						"h": 18
					},
					"frame": {
						"x": 823,
						"y": 653,
						"w": 22,
						"h": 18
					}
				},
				{
					"filename": "icons/share-blue",
					"rotated": false,
					"trimmed": false,
					"sourceSize": {
						"w": 16,
						"h": 22
					},
					"spriteSourceSize": {
						"x": 0,
						"y": 0,
						"w": 16,
						"h": 22
					},
					"frame": {
						"x": 374,
						"y": 870,
						"w": 16,
						"h": 22
					}
				},
				{
					"filename": "icons/clock",
					"rotated": false,
					"trimmed": false,
					"sourceSize": {
						"w": 17,
						"h": 18
					},
					"spriteSourceSize": {
						"x": 0,
						"y": 0,
						"w": 17,
						"h": 18
					},
					"frame": {
						"x": 919,
						"y": 536,
						"w": 17,
						"h": 18
					}
				},
				{
					"filename": "icons/icon-daily",
					"rotated": false,
					"trimmed": false,
					"sourceSize": {
						"w": 34,
						"h": 34
					},
					"spriteSourceSize": {
						"x": 0,
						"y": 0,
						"w": 34,
						"h": 34
					},
					"frame": {
						"x": 770,
						"y": 808,
						"w": 34,
						"h": 34
					}
				},
				{
					"filename": "icons/sword-blue",
					"rotated": false,
					"trimmed": false,
					"sourceSize": {
						"w": 18,
						"h": 16
					},
					"spriteSourceSize": {
						"x": 0,
						"y": 0,
						"w": 18,
						"h": 16
					},
					"frame": {
						"x": 393,
						"y": 876,
						"w": 18,
						"h": 16
					}
				},
				{
					"filename": "texts/off",
					"rotated": false,
					"trimmed": false,
					"sourceSize": {
						"w": 13,
						"h": 17
					},
					"spriteSourceSize": {
						"x": 0,
						"y": 0,
						"w": 13,
						"h": 17
					},
					"frame": {
						"x": 450,
						"y": 604,
						"w": 13,
						"h": 17
					}
				},
				{
					"filename": "texts/on",
					"rotated": false,
					"trimmed": false,
					"sourceSize": {
						"w": 16,
						"h": 15
					},
					"spriteSourceSize": {
						"x": 0,
						"y": 0,
						"w": 16,
						"h": 15
					},
					"frame": {
						"x": 631,
						"y": 382,
						"w": 16,
						"h": 15
					}
				},
				{
					"filename": "icons/crown",
					"rotated": false,
					"trimmed": false,
					"sourceSize": {
						"w": 16,
						"h": 14
					},
					"spriteSourceSize": {
						"x": 0,
						"y": 0,
						"w": 16,
						"h": 14
					},
					"frame": {
						"x": 661,
						"y": 860,
						"w": 16,
						"h": 14
					}
				},
				{
					"filename": "texts/congratulations",
					"rotated": false,
					"trimmed": false,
					"sourceSize": {
						"w": 49,
						"h": 25
					},
					"spriteSourceSize": {
						"x": 0,
						"y": 0,
						"w": 49,
						"h": 25
					},
					"frame": {
						"x": 848,
						"y": 671,
						"w": 49,
						"h": 25
					}
				},
				{
					"filename": "texts/text-retry",
					"rotated": false,
					"trimmed": false,
					"sourceSize": {
						"w": 36,
						"h": 19
					},
					"spriteSourceSize": {
						"x": 0,
						"y": 0,
						"w": 36,
						"h": 19
					},
					"frame": {
						"x": 900,
						"y": 671,
						"w": 36,
						"h": 19
					}
				},
				{
					"filename": "texts/replay",
					"rotated": false,
					"trimmed": false,
					"sourceSize": {
						"w": 38,
						"h": 19
					},
					"spriteSourceSize": {
						"x": 0,
						"y": 0,
						"w": 38,
						"h": 19
					},
					"frame": {
						"x": 897,
						"y": 434,
						"w": 38,
						"h": 19
					}
				},
				{
					"filename": "buttons/close",
					"rotated": false,
					"trimmed": false,
					"sourceSize": {
						"w": 26,
						"h": 26
					},
					"spriteSourceSize": {
						"x": 0,
						"y": 0,
						"w": 26,
						"h": 26
					},
					"frame": {
						"x": 819,
						"y": 679,
						"w": 26,
						"h": 26
					}
				},
				{
					"filename": "texts/result",
					"rotated": false,
					"trimmed": false,
					"sourceSize": {
						"w": 49,
						"h": 25
					},
					"spriteSourceSize": {
						"x": 0,
						"y": 0,
						"w": 49,
						"h": 25
					},
					"frame": {
						"x": 848,
						"y": 699,
						"w": 49,
						"h": 25
					}
				},
				{
					"filename": "icons/music",
					"rotated": false,
					"trimmed": false,
					"sourceSize": {
						"w": 28,
						"h": 31
					},
					"spriteSourceSize": {
						"x": 0,
						"y": 0,
						"w": 28,
						"h": 31
					},
					"frame": {
						"x": 900,
						"y": 693,
						"w": 28,
						"h": 31
					}
				},
				{
					"filename": "texts/vs",
					"rotated": false,
					"trimmed": false,
					"sourceSize": {
						"w": 35,
						"h": 18
					},
					"spriteSourceSize": {
						"x": 0,
						"y": 0,
						"w": 35,
						"h": 18
					},
					"frame": {
						"x": 809,
						"y": 708,
						"w": 35,
						"h": 18
					}
				},
				{
					"filename": "icons/icon-journey",
					"rotated": false,
					"trimmed": false,
					"sourceSize": {
						"w": 37,
						"h": 31
					},
					"spriteSourceSize": {
						"x": 0,
						"y": 0,
						"w": 37,
						"h": 31
					},
					"frame": {
						"x": 804,
						"y": 729,
						"w": 37,
						"h": 31
					}
				},
				{
					"filename": "texts/collect",
					"rotated": false,
					"trimmed": false,
					"sourceSize": {
						"w": 38,
						"h": 18
					},
					"spriteSourceSize": {
						"x": 0,
						"y": 0,
						"w": 38,
						"h": 18
					},
					"frame": {
						"x": 804,
						"y": 763,
						"w": 38,
						"h": 18
					}
				},
				{
					"filename": "texts/setting",
					"rotated": false,
					"trimmed": false,
					"sourceSize": {
						"w": 49,
						"h": 25
					},
					"spriteSourceSize": {
						"x": 0,
						"y": 0,
						"w": 49,
						"h": 25
					},
					"frame": {
						"x": 807,
						"y": 784,
						"w": 49,
						"h": 25
					}
				},
				{
					"filename": "texts/text-tutorial",
					"rotated": false,
					"trimmed": false,
					"sourceSize": {
						"w": 49,
						"h": 25
					},
					"spriteSourceSize": {
						"x": 0,
						"y": 0,
						"w": 49,
						"h": 25
					},
					"frame": {
						"x": 807,
						"y": 812,
						"w": 49,
						"h": 25
					}
				},
				{
					"filename": "text-target-panel",
					"rotated": false,
					"trimmed": false,
					"sourceSize": {
						"w": 49,
						"h": 23
					},
					"spriteSourceSize": {
						"x": 0,
						"y": 0,
						"w": 49,
						"h": 23
					},
					"frame": {
						"x": 807,
						"y": 840,
						"w": 49,
						"h": 23
					}
				},
				{
					"filename": "texts/mission",
					"rotated": false,
					"trimmed": false,
					"sourceSize": {
						"w": 47,
						"h": 25
					},
					"spriteSourceSize": {
						"x": 0,
						"y": 0,
						"w": 47,
						"h": 25
					},
					"frame": {
						"x": 847,
						"y": 727,
						"w": 47,
						"h": 25
					}
				},
				{
					"filename": "icons/sound",
					"rotated": false,
					"trimmed": false,
					"sourceSize": {
						"w": 31,
						"h": 27
					},
					"spriteSourceSize": {
						"x": 0,
						"y": 0,
						"w": 31,
						"h": 27
					},
					"frame": {
						"x": 897,
						"y": 727,
						"w": 31,
						"h": 27
					}
				},
				{
					"filename": "texts/text-journey",
					"rotated": false,
					"trimmed": false,
					"sourceSize": {
						"w": 43,
						"h": 23
					},
					"spriteSourceSize": {
						"x": 0,
						"y": 0,
						"w": 43,
						"h": 23
					},
					"frame": {
						"x": 845,
						"y": 755,
						"w": 43,
						"h": 23
					}
				},
				{
					"filename": "buttons/dot-blue",
					"rotated": false,
					"trimmed": false,
					"sourceSize": {
						"w": 28,
						"h": 27
					},
					"spriteSourceSize": {
						"x": 0,
						"y": 0,
						"w": 28,
						"h": 27
					},
					"frame": {
						"x": 859,
						"y": 781,
						"w": 28,
						"h": 27
					}
				},
				{
					"filename": "buttons/dot-green",
					"rotated": false,
					"trimmed": false,
					"sourceSize": {
						"w": 28,
						"h": 27
					},
					"spriteSourceSize": {
						"x": 0,
						"y": 0,
						"w": 28,
						"h": 27
					},
					"frame": {
						"x": 859,
						"y": 811,
						"w": 28,
						"h": 27
					}
				},
				{
					"filename": "icons/rank",
					"rotated": false,
					"trimmed": false,
					"sourceSize": {
						"w": 26,
						"h": 25
					},
					"spriteSourceSize": {
						"x": 0,
						"y": 0,
						"w": 26,
						"h": 25
					},
					"frame": {
						"x": 859,
						"y": 841,
						"w": 26,
						"h": 25
					}
				},
				{
					"filename": "texts/text-share",
					"rotated": false,
					"trimmed": false,
					"sourceSize": {
						"w": 33,
						"h": 18
					},
					"spriteSourceSize": {
						"x": 0,
						"y": 0,
						"w": 33,
						"h": 18
					},
					"frame": {
						"x": 891,
						"y": 757,
						"w": 33,
						"h": 18
					}
				},
				{
					"filename": "texts/friends-disable",
					"rotated": false,
					"trimmed": false,
					"sourceSize": {
						"w": 32,
						"h": 18
					},
					"spriteSourceSize": {
						"x": 0,
						"y": 0,
						"w": 32,
						"h": 18
					},
					"frame": {
						"x": 766,
						"y": 845,
						"w": 32,
						"h": 18
					}
				},
				{
					"filename": "texts/friends",
					"rotated": false,
					"trimmed": false,
					"sourceSize": {
						"w": 32,
						"h": 18
					},
					"spriteSourceSize": {
						"x": 0,
						"y": 0,
						"w": 32,
						"h": 18
					},
					"frame": {
						"x": 762,
						"y": 866,
						"w": 32,
						"h": 18
					}
				},
				{
					"filename": "icons/back",
					"rotated": false,
					"trimmed": false,
					"sourceSize": {
						"w": 25,
						"h": 19
					},
					"spriteSourceSize": {
						"x": 0,
						"y": 0,
						"w": 25,
						"h": 19
					},
					"frame": {
						"x": 797,
						"y": 866,
						"w": 25,
						"h": 19
					}
				},
				{
					"filename": "icons/play",
					"rotated": false,
					"trimmed": false,
					"sourceSize": {
						"w": 24,
						"h": 24
					},
					"spriteSourceSize": {
						"x": 0,
						"y": 0,
						"w": 24,
						"h": 24
					},
					"frame": {
						"x": 825,
						"y": 866,
						"w": 24,
						"h": 24
					}
				},
				{
					"filename": "icons/flat-ad",
					"rotated": false,
					"trimmed": false,
					"sourceSize": {
						"w": 24,
						"h": 21
					},
					"spriteSourceSize": {
						"x": 0,
						"y": 0,
						"w": 24,
						"h": 21
					},
					"frame": {
						"x": 852,
						"y": 869,
						"w": 24,
						"h": 21
					}
				},
				{
					"filename": "icons/brown-journey",
					"rotated": false,
					"trimmed": false,
					"sourceSize": {
						"w": 23,
						"h": 21
					},
					"spriteSourceSize": {
						"x": 0,
						"y": 0,
						"w": 23,
						"h": 21
					},
					"frame": {
						"x": 758,
						"y": 887,
						"w": 23,
						"h": 21
					}
				},
				{
					"filename": "icons/setting",
					"rotated": false,
					"trimmed": false,
					"sourceSize": {
						"w": 21,
						"h": 21
					},
					"spriteSourceSize": {
						"x": 0,
						"y": 0,
						"w": 21,
						"h": 21
					},
					"frame": {
						"x": 756,
						"y": 911,
						"w": 21,
						"h": 21
					}
				},
				{
					"filename": "icons/sword",
					"rotated": false,
					"trimmed": false,
					"sourceSize": {
						"w": 23,
						"h": 19
					},
					"spriteSourceSize": {
						"x": 0,
						"y": 0,
						"w": 23,
						"h": 19
					},
					"frame": {
						"x": 784,
						"y": 888,
						"w": 23,
						"h": 19
					}
				},
				{
					"filename": "icons/i-play",
					"rotated": false,
					"trimmed": false,
					"sourceSize": {
						"w": 16,
						"h": 20
					},
					"spriteSourceSize": {
						"x": 0,
						"y": 0,
						"w": 16,
						"h": 20
					},
					"frame": {
						"x": 919,
						"y": 282,
						"w": 16,
						"h": 20
					}
				},
				{
					"filename": "icons/replay",
					"rotated": false,
					"trimmed": false,
					"sourceSize": {
						"w": 20,
						"h": 24
					},
					"spriteSourceSize": {
						"x": 0,
						"y": 0,
						"w": 20,
						"h": 24
					},
					"frame": {
						"x": 879,
						"y": 869,
						"w": 20,
						"h": 24
					}
				},
				{
					"filename": "icons/share",
					"rotated": false,
					"trimmed": false,
					"sourceSize": {
						"w": 18,
						"h": 24
					},
					"spriteSourceSize": {
						"x": 0,
						"y": 0,
						"w": 18,
						"h": 24
					},
					"frame": {
						"x": 888,
						"y": 841,
						"w": 18,
						"h": 24
					}
				},
				{
					"filename": "icons/white-journey",
					"rotated": false,
					"trimmed": false,
					"sourceSize": {
						"w": 21,
						"h": 20
					},
					"spriteSourceSize": {
						"x": 0,
						"y": 0,
						"w": 21,
						"h": 20
					},
					"frame": {
						"x": 902,
						"y": 868,
						"w": 21,
						"h": 20
					}
				},
				{
					"filename": "icons/cup-bronze",
					"rotated": false,
					"trimmed": false,
					"sourceSize": {
						"w": 22,
						"h": 18
					},
					"spriteSourceSize": {
						"x": 0,
						"y": 0,
						"w": 22,
						"h": 18
					},
					"frame": {
						"x": 902,
						"y": 891,
						"w": 22,
						"h": 18
					}
				},
				{
					"filename": "icons/cup-gold",
					"rotated": false,
					"trimmed": false,
					"sourceSize": {
						"w": 22,
						"h": 18
					},
					"spriteSourceSize": {
						"x": 0,
						"y": 0,
						"w": 22,
						"h": 18
					},
					"frame": {
						"x": 891,
						"y": 778,
						"w": 22,
						"h": 18
					}
				},
				{
					"filename": "icons/cup-silver",
					"rotated": false,
					"trimmed": false,
					"sourceSize": {
						"w": 22,
						"h": 18
					},
					"spriteSourceSize": {
						"x": 0,
						"y": 0,
						"w": 22,
						"h": 18
					},
					"frame": {
						"x": 890,
						"y": 799,
						"w": 22,
						"h": 18
					}
				}
			]
		}
	],
	"meta": {
		"app": "https://www.codeandweb.com/texturepacker",
		"version": "3.0",
		"smartupdate": "$TexturePacker:SmartUpdate:bc8873a5e02a0d998dfc00962255b739:ea74b0a6548b9184ecb840b37a8774f6:1519eb82cfdbe37419578cf3086208cb$"
	}
}
