{"textures":[{"image":"default-resources-0.png","format":"RGBA8888","size":{"w":1024,"h":1024},"scale":1,"frames":[{"filename":"leaderboards/bg-top","rotated":false,"trimmed":false,"sourceSize":{"w":949,"h":168},"spriteSourceSize":{"x":0,"y":0,"w":949,"h":168},"frame":{"x":2,"y":2,"w":949,"h":168}},{"filename":"bg/bg-middle","rotated":false,"trimmed":false,"sourceSize":{"w":719,"h":849},"spriteSourceSize":{"x":0,"y":0,"w":719,"h":849},"frame":{"x":2,"y":173,"w":719,"h":849}},{"filename":"icons/dot","rotated":false,"trimmed":false,"sourceSize":{"w":68,"h":70},"spriteSourceSize":{"x":0,"y":0,"w":68,"h":70},"frame":{"x":954,"y":2,"w":68,"h":70}},{"filename":"icons/icon-daily","rotated":false,"trimmed":false,"sourceSize":{"w":67,"h":67},"spriteSourceSize":{"x":0,"y":0,"w":67,"h":67},"frame":{"x":954,"y":75,"w":67,"h":67}},{"filename":"icons/vibrate","rotated":false,"trimmed":false,"sourceSize":{"w":62,"h":73},"spriteSourceSize":{"x":0,"y":0,"w":62,"h":73},"frame":{"x":954,"y":145,"w":62,"h":73}},{"filename":"texts/draw","rotated":false,"trimmed":false,"sourceSize":{"w":218,"h":43},"spriteSourceSize":{"x":0,"y":0,"w":218,"h":43},"frame":{"x":724,"y":173,"w":218,"h":43}},{"filename":"texts/text-ranking","rotated":false,"trimmed":false,"sourceSize":{"w":218,"h":27},"spriteSourceSize":{"x":0,"y":0,"w":218,"h":27},"frame":{"x":724,"y":219,"w":218,"h":27}},{"filename":"icons/crown-big","rotated":false,"trimmed":false,"sourceSize":{"w":74,"h":70},"spriteSourceSize":{"x":0,"y":0,"w":74,"h":70},"frame":{"x":945,"y":221,"w":74,"h":70}},{"filename":"bg-combo","rotated":false,"trimmed":true,"sourceSize":{"w":212,"h":87},"spriteSourceSize":{"x":0,"y":9,"w":212,"h":78},"frame":{"x":724,"y":249,"w":212,"h":78}},{"filename":"buttons/minor","rotated":false,"trimmed":false,"sourceSize":{"w":82,"h":71},"spriteSourceSize":{"x":0,"y":0,"w":82,"h":71},"frame":{"x":939,"y":294,"w":82,"h":71}},{"filename":"bg-streak","rotated":false,"trimmed":true,"sourceSize":{"w":212,"h":87},"spriteSourceSize":{"x":0,"y":9,"w":212,"h":78},"frame":{"x":724,"y":330,"w":212,"h":78}},{"filename":"buttons/share","rotated":false,"trimmed":false,"sourceSize":{"w":79,"h":58},"spriteSourceSize":{"x":0,"y":0,"w":79,"h":58},"frame":{"x":939,"y":368,"w":79,"h":58}},{"filename":"texts/continue","rotated":false,"trimmed":false,"sourceSize":{"w":202,"h":29},"spriteSourceSize":{"x":0,"y":0,"w":202,"h":29},"frame":{"x":724,"y":411,"w":202,"h":29}},{"filename":"buttons/challenge_light","rotated":false,"trimmed":false,"sourceSize":{"w":88,"h":65},"spriteSourceSize":{"x":0,"y":0,"w":88,"h":65},"frame":{"x":929,"y":429,"w":88,"h":65}},{"filename":"texts/play-single","rotated":false,"trimmed":false,"sourceSize":{"w":283,"h":35},"spriteSourceSize":{"x":0,"y":0,"w":283,"h":35},"frame":{"x":724,"y":497,"w":283,"h":35}},{"filename":"score-panel-dark","rotated":false,"trimmed":false,"sourceSize":{"w":187,"h":51},"spriteSourceSize":{"x":0,"y":0,"w":187,"h":51},"frame":{"x":724,"y":443,"w":187,"h":51}},{"filename":"daily-challenge/title-panel","rotated":false,"trimmed":false,"sourceSize":{"w":282,"h":69},"spriteSourceSize":{"x":0,"y":0,"w":282,"h":69},"frame":{"x":724,"y":535,"w":282,"h":69}},{"filename":"bottom-panel","rotated":false,"trimmed":false,"sourceSize":{"w":281,"h":171},"spriteSourceSize":{"x":0,"y":0,"w":281,"h":171},"frame":{"x":724,"y":607,"w":281,"h":171}},{"filename":"bg-progress-circle","rotated":false,"trimmed":false,"sourceSize":{"w":232,"h":231},"spriteSourceSize":{"x":0,"y":0,"w":232,"h":231},"frame":{"x":724,"y":781,"w":232,"h":231}},{"filename":"icons/sound","rotated":false,"trimmed":false,"sourceSize":{"w":62,"h":54},"spriteSourceSize":{"x":0,"y":0,"w":62,"h":54},"frame":{"x":959,"y":781,"w":62,"h":54}},{"filename":"texts/no","rotated":false,"trimmed":false,"sourceSize":{"w":61,"h":35},"spriteSourceSize":{"x":0,"y":0,"w":61,"h":35},"frame":{"x":959,"y":838,"w":61,"h":35}},{"filename":"icons/music","rotated":false,"trimmed":false,"sourceSize":{"w":56,"h":61},"spriteSourceSize":{"x":0,"y":0,"w":56,"h":61},"frame":{"x":959,"y":876,"w":56,"h":61}},{"filename":"buttons/dot-blue","rotated":false,"trimmed":false,"sourceSize":{"w":56,"h":54},"spriteSourceSize":{"x":0,"y":0,"w":56,"h":54},"frame":{"x":959,"y":940,"w":56,"h":54}}]},{"image":"default-resources-1.png","format":"RGBA8888","size":{"w":1024,"h":1024},"scale":1,"frames":[{"filename":"leaderboards/bg-bottom","rotated":false,"trimmed":false,"sourceSize":{"w":949,"h":67},"spriteSourceSize":{"x":0,"y":0,"w":949,"h":67},"frame":{"x":2,"y":2,"w":949,"h":67}},{"filename":"buttons/dot-green","rotated":false,"trimmed":false,"sourceSize":{"w":56,"h":54},"spriteSourceSize":{"x":0,"y":0,"w":56,"h":54},"frame":{"x":954,"y":2,"w":56,"h":54}},{"filename":"buttons/close","rotated":false,"trimmed":false,"sourceSize":{"w":52,"h":52},"spriteSourceSize":{"x":0,"y":0,"w":52,"h":52},"frame":{"x":954,"y":59,"w":52,"h":52}},{"filename":"leaderboards/bg-middle","rotated":false,"trimmed":false,"sourceSize":{"w":949,"h":47},"spriteSourceSize":{"x":0,"y":0,"w":949,"h":47},"frame":{"x":2,"y":72,"w":949,"h":47}},{"filename":"icons/rank","rotated":false,"trimmed":false,"sourceSize":{"w":51,"h":49},"spriteSourceSize":{"x":0,"y":0,"w":51,"h":49},"frame":{"x":954,"y":114,"w":51,"h":49}},{"filename":"footer","rotated":false,"trimmed":false,"sourceSize":{"w":750,"h":153},"spriteSourceSize":{"x":0,"y":0,"w":750,"h":153},"frame":{"x":2,"y":122,"w":750,"h":153}},{"filename":"texts/collect","rotated":false,"trimmed":false,"sourceSize":{"w":185,"h":29},"spriteSourceSize":{"x":0,"y":0,"w":185,"h":29},"frame":{"x":755,"y":122,"w":185,"h":29}},{"filename":"texts/text-share","rotated":false,"trimmed":false,"sourceSize":{"w":183,"h":26},"spriteSourceSize":{"x":0,"y":0,"w":183,"h":26},"frame":{"x":755,"y":154,"w":183,"h":26}},{"filename":"icons/icon-journey","rotated":false,"trimmed":false,"sourceSize":{"w":73,"h":62},"spriteSourceSize":{"x":0,"y":0,"w":73,"h":62},"frame":{"x":941,"y":166,"w":73,"h":62}},{"filename":"texts/text-retry","rotated":false,"trimmed":false,"sourceSize":{"w":180,"h":28},"spriteSourceSize":{"x":0,"y":0,"w":180,"h":28},"frame":{"x":755,"y":183,"w":180,"h":28}},{"filename":"buttons/dark-blue-big","rotated":false,"trimmed":false,"sourceSize":{"w":179,"h":82},"spriteSourceSize":{"x":0,"y":0,"w":179,"h":82},"frame":{"x":755,"y":214,"w":179,"h":82}},{"filename":"border-bottom-panel","rotated":false,"trimmed":false,"sourceSize":{"w":750,"h":36},"spriteSourceSize":{"x":0,"y":0,"w":750,"h":36},"frame":{"x":2,"y":278,"w":750,"h":36}},{"filename":"texts/on","rotated":false,"trimmed":false,"sourceSize":{"w":84,"h":18},"spriteSourceSize":{"x":0,"y":0,"w":84,"h":18},"frame":{"x":937,"y":231,"w":84,"h":18}},{"filename":"ui-ngang/text-next-block","rotated":false,"trimmed":false,"sourceSize":{"w":250,"h":37},"spriteSourceSize":{"x":0,"y":0,"w":250,"h":37},"frame":{"x":755,"y":299,"w":250,"h":37}},{"filename":"texts/yes","rotated":false,"trimmed":false,"sourceSize":{"w":44,"h":44},"spriteSourceSize":{"x":0,"y":0,"w":44,"h":44},"frame":{"x":937,"y":252,"w":44,"h":44}},{"filename":"icons/share-blue","rotated":false,"trimmed":false,"sourceSize":{"w":32,"h":43},"spriteSourceSize":{"x":0,"y":0,"w":32,"h":43},"frame":{"x":984,"y":252,"w":32,"h":43}},{"filename":"ui-ngang/bg-middle","rotated":false,"trimmed":false,"sourceSize":{"w":719,"h":568},"spriteSourceSize":{"x":0,"y":0,"w":719,"h":568},"frame":{"x":2,"y":317,"w":719,"h":568}},{"filename":"leaf","rotated":false,"trimmed":false,"sourceSize":{"w":563,"h":132},"spriteSourceSize":{"x":0,"y":0,"w":563,"h":132},"frame":{"x":2,"y":888,"w":563,"h":132}},{"filename":"icon-journey","rotated":false,"trimmed":false,"sourceSize":{"w":150,"h":122},"spriteSourceSize":{"x":0,"y":0,"w":150,"h":122},"frame":{"x":568,"y":888,"w":150,"h":122}},{"filename":"wood-panel","rotated":false,"trimmed":false,"sourceSize":{"w":301,"h":56},"spriteSourceSize":{"x":0,"y":0,"w":301,"h":56},"frame":{"x":721,"y":888,"w":301,"h":56}},{"filename":"buttons/dark-blue-small","rotated":false,"trimmed":false,"sourceSize":{"w":178,"h":74},"spriteSourceSize":{"x":0,"y":0,"w":178,"h":74},"frame":{"x":721,"y":947,"w":178,"h":74}},{"filename":"buttons/skip","rotated":false,"trimmed":false,"sourceSize":{"w":120,"h":71},"spriteSourceSize":{"x":0,"y":0,"w":120,"h":71},"frame":{"x":902,"y":947,"w":120,"h":71}},{"filename":"texts/result","rotated":false,"trimmed":false,"sourceSize":{"w":278,"h":39},"spriteSourceSize":{"x":0,"y":0,"w":278,"h":39},"frame":{"x":724,"y":339,"w":278,"h":39}},{"filename":"texts/level-failed","rotated":false,"trimmed":false,"sourceSize":{"w":272,"h":35},"spriteSourceSize":{"x":0,"y":0,"w":272,"h":35},"frame":{"x":724,"y":381,"w":272,"h":35}},{"filename":"ui-ngang/khung-mission","rotated":false,"trimmed":false,"sourceSize":{"w":95,"h":464},"spriteSourceSize":{"x":0,"y":0,"w":95,"h":464},"frame":{"x":724,"y":419,"w":95,"h":464}},{"filename":"buttons/green-big","rotated":false,"trimmed":false,"sourceSize":{"w":179,"h":82},"spriteSourceSize":{"x":0,"y":0,"w":179,"h":82},"frame":{"x":822,"y":419,"w":179,"h":82}},{"filename":"avatar/border-big","rotated":false,"trimmed":false,"sourceSize":{"w":175,"h":175},"spriteSourceSize":{"x":0,"y":0,"w":175,"h":175},"frame":{"x":822,"y":504,"w":175,"h":175}},{"filename":"ui-ngang/khung-score","rotated":false,"trimmed":false,"sourceSize":{"w":173,"h":99},"spriteSourceSize":{"x":0,"y":0,"w":173,"h":99},"frame":{"x":822,"y":682,"w":173,"h":99}},{"filename":"bg/level-playing","rotated":false,"trimmed":false,"sourceSize":{"w":113,"h":94},"spriteSourceSize":{"x":0,"y":0,"w":113,"h":94},"frame":{"x":822,"y":784,"w":113,"h":94}},{"filename":"icons/retry","rotated":false,"trimmed":false,"sourceSize":{"w":50,"h":53},"spriteSourceSize":{"x":0,"y":0,"w":50,"h":53},"frame":{"x":938,"y":784,"w":50,"h":53}},{"filename":"icons/i-play","rotated":false,"trimmed":false,"sourceSize":{"w":31,"h":39},"spriteSourceSize":{"x":0,"y":0,"w":31,"h":39},"frame":{"x":991,"y":784,"w":31,"h":39}},{"filename":"icons/crown","rotated":false,"trimmed":false,"sourceSize":{"w":31,"h":27},"spriteSourceSize":{"x":0,"y":0,"w":31,"h":27},"frame":{"x":991,"y":826,"w":31,"h":27}},{"filename":"icons/back","rotated":false,"trimmed":false,"sourceSize":{"w":50,"h":38},"spriteSourceSize":{"x":0,"y":0,"w":50,"h":38},"frame":{"x":938,"y":840,"w":50,"h":38}}]},{"image":"default-resources-2.png","format":"RGBA8888","size":{"w":1024,"h":1024},"scale":1,"frames":[{"filename":"ui-ngang/bg-top","rotated":false,"trimmed":false,"sourceSize":{"w":719,"h":178},"spriteSourceSize":{"x":0,"y":0,"w":719,"h":178},"frame":{"x":2,"y":2,"w":719,"h":178}},{"filename":"texts/play-with","rotated":false,"trimmed":false,"sourceSize":{"w":244,"h":34},"spriteSourceSize":{"x":0,"y":0,"w":244,"h":34},"frame":{"x":724,"y":2,"w":244,"h":34}},{"filename":"icons/play-green","rotated":false,"trimmed":false,"sourceSize":{"w":47,"h":47},"spriteSourceSize":{"x":0,"y":0,"w":47,"h":47},"frame":{"x":971,"y":2,"w":47,"h":47}},{"filename":"bg/bg-dark","rotated":false,"trimmed":false,"sourceSize":{"w":243,"h":303},"spriteSourceSize":{"x":0,"y":0,"w":243,"h":303},"frame":{"x":724,"y":39,"w":243,"h":303}},{"filename":"ui-ngang/bg-bottom","rotated":false,"trimmed":false,"sourceSize":{"w":719,"h":175},"spriteSourceSize":{"x":0,"y":0,"w":719,"h":175},"frame":{"x":2,"y":183,"w":719,"h":175}},{"filename":"icons/play","rotated":false,"trimmed":false,"sourceSize":{"w":47,"h":47},"spriteSourceSize":{"x":0,"y":0,"w":47,"h":47},"frame":{"x":970,"y":52,"w":47,"h":47}},{"filename":"icons/home","rotated":false,"trimmed":false,"sourceSize":{"w":47,"h":43},"spriteSourceSize":{"x":0,"y":0,"w":47,"h":43},"frame":{"x":970,"y":102,"w":47,"h":43}},{"filename":"icons/flat-ad","rotated":false,"trimmed":false,"sourceSize":{"w":47,"h":41},"spriteSourceSize":{"x":0,"y":0,"w":47,"h":41},"frame":{"x":970,"y":148,"w":47,"h":41}},{"filename":"texts/vs","rotated":false,"trimmed":false,"sourceSize":{"w":47,"h":28},"spriteSourceSize":{"x":0,"y":0,"w":47,"h":28},"frame":{"x":970,"y":192,"w":47,"h":28}},{"filename":"icons/sword","rotated":false,"trimmed":false,"sourceSize":{"w":46,"h":38},"spriteSourceSize":{"x":0,"y":0,"w":46,"h":38},"frame":{"x":970,"y":223,"w":46,"h":38}},{"filename":"icons/brown-journey","rotated":false,"trimmed":false,"sourceSize":{"w":45,"h":42},"spriteSourceSize":{"x":0,"y":0,"w":45,"h":42},"frame":{"x":970,"y":264,"w":45,"h":42}},{"filename":"icons/battle","rotated":false,"trimmed":false,"sourceSize":{"w":44,"h":41},"spriteSourceSize":{"x":0,"y":0,"w":44,"h":41},"frame":{"x":970,"y":309,"w":44,"h":41}},{"filename":"buttons/green","rotated":false,"trimmed":false,"sourceSize":{"w":238,"h":82},"spriteSourceSize":{"x":0,"y":0,"w":238,"h":82},"frame":{"x":724,"y":345,"w":238,"h":82}},{"filename":"bg/bg-bottom","rotated":false,"trimmed":false,"sourceSize":{"w":719,"h":111},"spriteSourceSize":{"x":0,"y":0,"w":719,"h":111},"frame":{"x":2,"y":361,"w":719,"h":111}},{"filename":"icons/check","rotated":false,"trimmed":false,"sourceSize":{"w":44,"h":35},"spriteSourceSize":{"x":0,"y":0,"w":44,"h":35},"frame":{"x":965,"y":353,"w":44,"h":35}},{"filename":"icons/cup-bronze","rotated":false,"trimmed":false,"sourceSize":{"w":43,"h":36},"spriteSourceSize":{"x":0,"y":0,"w":43,"h":36},"frame":{"x":965,"y":391,"w":43,"h":36}},{"filename":"texts/text-tutorial","rotated":false,"trimmed":false,"sourceSize":{"w":233,"h":39},"spriteSourceSize":{"x":0,"y":0,"w":233,"h":39},"frame":{"x":724,"y":430,"w":233,"h":39}},{"filename":"icons/cup-gold","rotated":false,"trimmed":false,"sourceSize":{"w":43,"h":36},"spriteSourceSize":{"x":0,"y":0,"w":43,"h":36},"frame":{"x":960,"y":430,"w":43,"h":36}},{"filename":"icons/cup-silver","rotated":false,"trimmed":false,"sourceSize":{"w":43,"h":36},"spriteSourceSize":{"x":0,"y":0,"w":43,"h":36},"frame":{"x":960,"y":469,"w":43,"h":36}},{"filename":"leaderboards/bg-item-0","rotated":false,"trimmed":false,"sourceSize":{"w":232,"h":46},"spriteSourceSize":{"x":0,"y":0,"w":232,"h":46},"frame":{"x":724,"y":472,"w":232,"h":46}},{"filename":"bg/bg-top","rotated":false,"trimmed":false,"sourceSize":{"w":719,"h":111},"spriteSourceSize":{"x":0,"y":0,"w":719,"h":111},"frame":{"x":2,"y":475,"w":719,"h":111}},{"filename":"icons/plus","rotated":false,"trimmed":false,"sourceSize":{"w":42,"h":44},"spriteSourceSize":{"x":0,"y":0,"w":42,"h":44},"frame":{"x":959,"y":508,"w":42,"h":44}},{"filename":"leaderboards/bg-item-1","rotated":false,"trimmed":false,"sourceSize":{"w":232,"h":46},"spriteSourceSize":{"x":0,"y":0,"w":232,"h":46},"frame":{"x":724,"y":521,"w":232,"h":46}},{"filename":"icons/setting","rotated":false,"trimmed":false,"sourceSize":{"w":42,"h":41},"spriteSourceSize":{"x":0,"y":0,"w":42,"h":41},"frame":{"x":959,"y":555,"w":42,"h":41}},{"filename":"texts/replay","rotated":false,"trimmed":false,"sourceSize":{"w":230,"h":39},"spriteSourceSize":{"x":0,"y":0,"w":230,"h":39},"frame":{"x":724,"y":570,"w":230,"h":39}},{"filename":"icons/white-journey","rotated":false,"trimmed":false,"sourceSize":{"w":42,"h":40},"spriteSourceSize":{"x":0,"y":0,"w":42,"h":40},"frame":{"x":957,"y":599,"w":42,"h":40}},{"filename":"daily-challenge/bg","rotated":false,"trimmed":false,"sourceSize":{"w":520,"h":285},"spriteSourceSize":{"x":0,"y":0,"w":520,"h":285},"frame":{"x":2,"y":642,"w":520,"h":285}},{"filename":"popup/bottom","rotated":false,"trimmed":false,"sourceSize":{"w":431,"h":27},"spriteSourceSize":{"x":0,"y":0,"w":431,"h":27},"frame":{"x":2,"y":612,"w":431,"h":27}},{"filename":"texts/start-over","rotated":false,"trimmed":false,"sourceSize":{"w":322,"h":27},"spriteSourceSize":{"x":0,"y":0,"w":322,"h":27},"frame":{"x":436,"y":612,"w":322,"h":27}},{"filename":"popup/score-panel","rotated":false,"trimmed":false,"sourceSize":{"w":299,"h":92},"spriteSourceSize":{"x":0,"y":0,"w":299,"h":92},"frame":{"x":2,"y":930,"w":299,"h":92}},{"filename":"texts/play-with-blue","rotated":false,"trimmed":false,"sourceSize":{"w":115,"h":18},"spriteSourceSize":{"x":0,"y":0,"w":115,"h":18},"frame":{"x":2,"y":589,"w":115,"h":18}},{"filename":"popup/top-dark","rotated":false,"trimmed":false,"sourceSize":{"w":431,"h":89},"spriteSourceSize":{"x":0,"y":0,"w":431,"h":89},"frame":{"x":304,"y":930,"w":431,"h":89}},{"filename":"texts/off","rotated":false,"trimmed":false,"sourceSize":{"w":106,"h":17},"spriteSourceSize":{"x":0,"y":0,"w":106,"h":17},"frame":{"x":120,"y":589,"w":106,"h":17}},{"filename":"lives/heart","rotated":false,"trimmed":false,"sourceSize":{"w":339,"h":279},"spriteSourceSize":{"x":0,"y":0,"w":339,"h":279},"frame":{"x":525,"y":642,"w":339,"h":279}},{"filename":"texts/no-thank","rotated":false,"trimmed":false,"sourceSize":{"w":167,"h":27},"spriteSourceSize":{"x":0,"y":0,"w":167,"h":27},"frame":{"x":761,"y":612,"w":167,"h":27}},{"filename":"preloader/dual-ring","rotated":false,"trimmed":true,"sourceSize":{"w":200,"h":200},"spriteSourceSize":{"x":27,"y":26,"w":146,"h":148},"frame":{"x":867,"y":642,"w":146,"h":148}},{"filename":"bg/level-locked","rotated":false,"trimmed":false,"sourceSize":{"w":101,"h":83},"spriteSourceSize":{"x":0,"y":0,"w":101,"h":83},"frame":{"x":738,"y":924,"w":101,"h":83}},{"filename":"daily-challenge/time-panel","rotated":false,"trimmed":false,"sourceSize":{"w":170,"h":48},"spriteSourceSize":{"x":0,"y":0,"w":170,"h":48},"frame":{"x":842,"y":924,"w":170,"h":48}},{"filename":"texts/mission","rotated":false,"trimmed":false,"sourceSize":{"w":160,"h":47},"spriteSourceSize":{"x":0,"y":0,"w":160,"h":47},"frame":{"x":842,"y":975,"w":160,"h":47}},{"filename":"avatar/border-challenge","rotated":false,"trimmed":false,"sourceSize":{"w":119,"h":118},"spriteSourceSize":{"x":0,"y":0,"w":119,"h":118},"frame":{"x":867,"y":793,"w":119,"h":118}}]},{"image":"default-resources-3.png","format":"RGBA8888","size":{"w":1024,"h":1024},"scale":1,"frames":[{"filename":"ui-ngang/khung-next-block","rotated":false,"trimmed":false,"sourceSize":{"w":200,"h":600},"spriteSourceSize":{"x":0,"y":0,"w":200,"h":600},"frame":{"x":2,"y":2,"w":200,"h":600}},{"filename":"popup/middle","rotated":false,"trimmed":false,"sourceSize":{"w":431,"h":227},"spriteSourceSize":{"x":0,"y":0,"w":431,"h":227},"frame":{"x":2,"y":605,"w":431,"h":227}},{"filename":"ui-ngang/khung-best-score","rotated":false,"trimmed":false,"sourceSize":{"w":111,"h":169},"spriteSourceSize":{"x":0,"y":0,"w":111,"h":169},"frame":{"x":2,"y":835,"w":111,"h":169}},{"filename":"best-score-frame-long","rotated":false,"trimmed":false,"sourceSize":{"w":386,"h":154},"spriteSourceSize":{"x":0,"y":0,"w":386,"h":154},"frame":{"x":116,"y":835,"w":386,"h":154}},{"filename":"daily-challenge/bottom-panel","rotated":false,"trimmed":false,"sourceSize":{"w":521,"h":30},"spriteSourceSize":{"x":0,"y":0,"w":521,"h":30},"frame":{"x":116,"y":992,"w":521,"h":30}},{"filename":"texts/second-chance","rotated":false,"trimmed":false,"sourceSize":{"w":517,"h":32},"spriteSourceSize":{"x":0,"y":0,"w":517,"h":32},"frame":{"x":505,"y":2,"w":517,"h":32}},{"filename":"texts/lose","rotated":false,"trimmed":false,"sourceSize":{"w":380,"h":45},"spriteSourceSize":{"x":0,"y":0,"w":380,"h":45},"frame":{"x":640,"y":37,"w":380,"h":45}},{"filename":"popup/top","rotated":false,"trimmed":false,"sourceSize":{"w":431,"h":89},"spriteSourceSize":{"x":0,"y":0,"w":431,"h":89},"frame":{"x":205,"y":37,"w":431,"h":89}},{"filename":"icons/sword-blue","rotated":false,"trimmed":false,"sourceSize":{"w":35,"h":31},"spriteSourceSize":{"x":0,"y":0,"w":35,"h":31},"frame":{"x":205,"y":2,"w":35,"h":31}},{"filename":"texts/start","rotated":false,"trimmed":false,"sourceSize":{"w":161,"h":29},"spriteSourceSize":{"x":0,"y":0,"w":161,"h":29},"frame":{"x":243,"y":2,"w":161,"h":29}},{"filename":"texts/daily-challenge","rotated":false,"trimmed":false,"sourceSize":{"w":376,"h":47},"spriteSourceSize":{"x":0,"y":0,"w":376,"h":47},"frame":{"x":640,"y":85,"w":376,"h":47}},{"filename":"texts/out-of-live","rotated":false,"trimmed":false,"sourceSize":{"w":431,"h":40},"spriteSourceSize":{"x":0,"y":0,"w":431,"h":40},"frame":{"x":205,"y":129,"w":431,"h":40}},{"filename":"texts/your-score","rotated":false,"trimmed":false,"sourceSize":{"w":375,"h":47},"spriteSourceSize":{"x":0,"y":0,"w":375,"h":47},"frame":{"x":640,"y":135,"w":375,"h":47}},{"filename":"texts/friends-disable","rotated":false,"trimmed":false,"sourceSize":{"w":127,"h":27},"spriteSourceSize":{"x":0,"y":0,"w":127,"h":27},"frame":{"x":505,"y":172,"w":127,"h":27}},{"filename":"daily-challenge/bg-item-dark","rotated":false,"trimmed":false,"sourceSize":{"w":508,"h":81},"spriteSourceSize":{"x":0,"y":0,"w":508,"h":81},"frame":{"x":505,"y":202,"w":508,"h":81}},{"filename":"daily-challenge/bg-item-light","rotated":false,"trimmed":false,"sourceSize":{"w":508,"h":81},"spriteSourceSize":{"x":0,"y":0,"w":508,"h":81},"frame":{"x":505,"y":286,"w":508,"h":81}},{"filename":"popup/background","rotated":false,"trimmed":false,"sourceSize":{"w":395,"h":221},"spriteSourceSize":{"x":0,"y":0,"w":395,"h":221},"frame":{"x":205,"y":370,"w":395,"h":221}},{"filename":"texts/leader-board","rotated":false,"trimmed":false,"sourceSize":{"w":505,"h":38},"spriteSourceSize":{"x":0,"y":0,"w":505,"h":38},"frame":{"x":505,"y":594,"w":505,"h":38}},{"filename":"texts/win","rotated":false,"trimmed":false,"sourceSize":{"w":367,"h":45},"spriteSourceSize":{"x":0,"y":0,"w":367,"h":45},"frame":{"x":640,"y":635,"w":367,"h":45}},{"filename":"texts/friends","rotated":false,"trimmed":false,"sourceSize":{"w":127,"h":27},"spriteSourceSize":{"x":0,"y":0,"w":127,"h":27},"frame":{"x":505,"y":635,"w":127,"h":27}},{"filename":"texts/text-journey","rotated":false,"trimmed":false,"sourceSize":{"w":124,"h":35},"spriteSourceSize":{"x":0,"y":0,"w":124,"h":35},"frame":{"x":505,"y":665,"w":124,"h":35}},{"filename":"texts/setting","rotated":false,"trimmed":false,"sourceSize":{"w":388,"h":47},"spriteSourceSize":{"x":0,"y":0,"w":388,"h":47},"frame":{"x":632,"y":683,"w":388,"h":47}},{"filename":"texts/world-disable","rotated":false,"trimmed":false,"sourceSize":{"w":118,"h":27},"spriteSourceSize":{"x":0,"y":0,"w":118,"h":27},"frame":{"x":505,"y":703,"w":118,"h":27}},{"filename":"lives/time-block","rotated":false,"trimmed":false,"sourceSize":{"w":346,"h":87},"spriteSourceSize":{"x":0,"y":0,"w":346,"h":87},"frame":{"x":436,"y":733,"w":346,"h":87}},{"filename":"best-score-frame","rotated":false,"trimmed":false,"sourceSize":{"w":111,"h":152},"spriteSourceSize":{"x":0,"y":0,"w":111,"h":152},"frame":{"x":505,"y":823,"w":111,"h":152}},{"filename":"buttons/dark-blue","rotated":false,"trimmed":false,"sourceSize":{"w":365,"h":107},"spriteSourceSize":{"x":0,"y":0,"w":365,"h":107},"frame":{"x":640,"y":823,"w":365,"h":107}},{"filename":"bg/level-played","rotated":false,"trimmed":false,"sourceSize":{"w":100,"h":82},"spriteSourceSize":{"x":0,"y":0,"w":100,"h":82},"frame":{"x":785,"y":733,"w":100,"h":82}},{"filename":"buttons/toggle-off","rotated":false,"trimmed":false,"sourceSize":{"w":133,"h":46},"spriteSourceSize":{"x":0,"y":0,"w":133,"h":46},"frame":{"x":888,"y":733,"w":133,"h":46}},{"filename":"leaderboards/tab-off","rotated":false,"trimmed":false,"sourceSize":{"w":113,"h":36},"spriteSourceSize":{"x":0,"y":0,"w":113,"h":36},"frame":{"x":888,"y":782,"w":113,"h":36}},{"filename":"buttons/brown","rotated":false,"trimmed":false,"sourceSize":{"w":329,"h":81},"spriteSourceSize":{"x":0,"y":0,"w":329,"h":81},"frame":{"x":640,"y":933,"w":329,"h":81}},{"filename":"buttons/circle-button","rotated":false,"trimmed":false,"sourceSize":{"w":41,"h":41},"spriteSourceSize":{"x":0,"y":0,"w":41,"h":41},"frame":{"x":972,"y":933,"w":41,"h":41}},{"filename":"icons/clock","rotated":false,"trimmed":false,"sourceSize":{"w":34,"h":35},"spriteSourceSize":{"x":0,"y":0,"w":34,"h":35},"frame":{"x":972,"y":977,"w":34,"h":35}},{"filename":"icons/replay","rotated":false,"trimmed":false,"sourceSize":{"w":40,"h":47},"spriteSourceSize":{"x":0,"y":0,"w":40,"h":47},"frame":{"x":436,"y":594,"w":40,"h":47}},{"filename":"icons/share","rotated":false,"trimmed":false,"sourceSize":{"w":36,"h":47},"spriteSourceSize":{"x":0,"y":0,"w":36,"h":47},"frame":{"x":436,"y":644,"w":36,"h":47}},{"filename":"avatar/border","rotated":false,"trimmed":true,"sourceSize":{"w":138,"h":144},"spriteSourceSize":{"x":0,"y":4,"w":138,"h":140},"frame":{"x":205,"y":172,"w":138,"h":140}},{"filename":"buttons/toggle-on","rotated":false,"trimmed":false,"sourceSize":{"w":133,"h":46},"spriteSourceSize":{"x":0,"y":0,"w":133,"h":46},"frame":{"x":205,"y":315,"w":133,"h":46}},{"filename":"text-target-panel","rotated":false,"trimmed":false,"sourceSize":{"w":98,"h":46},"spriteSourceSize":{"x":0,"y":0,"w":98,"h":46},"frame":{"x":341,"y":315,"w":98,"h":46}},{"filename":"avatar/background","rotated":false,"trimmed":false,"sourceSize":{"w":105,"h":107},"spriteSourceSize":{"x":0,"y":0,"w":105,"h":107},"frame":{"x":346,"y":172,"w":105,"h":107}},{"filename":"texts/play","rotated":false,"trimmed":false,"sourceSize":{"w":115,"h":29},"spriteSourceSize":{"x":0,"y":0,"w":115,"h":29},"frame":{"x":346,"y":282,"w":115,"h":29}},{"filename":"lives/time-block-2","rotated":false,"trimmed":false,"sourceSize":{"w":363,"h":108},"spriteSourceSize":{"x":0,"y":0,"w":363,"h":108},"frame":{"x":603,"y":370,"w":363,"h":108}},{"filename":"buttons/green-large","rotated":false,"trimmed":false,"sourceSize":{"w":330,"h":107},"spriteSourceSize":{"x":0,"y":0,"w":330,"h":107},"frame":{"x":603,"y":481,"w":330,"h":107}},{"filename":"buttons/play","rotated":false,"trimmed":false,"sourceSize":{"w":86,"h":65},"spriteSourceSize":{"x":0,"y":0,"w":86,"h":65},"frame":{"x":936,"y":481,"w":86,"h":65}}]},{"image":"default-resources-4.png","format":"RGBA8888","size":{"w":644,"h":644},"scale":1,"frames":[{"filename":"score-panel","rotated":false,"trimmed":false,"sourceSize":{"w":526,"h":152},"spriteSourceSize":{"x":0,"y":0,"w":526,"h":152},"frame":{"x":2,"y":2,"w":526,"h":152}},{"filename":"ui-ngang/text-mission","rotated":false,"trimmed":false,"sourceSize":{"w":97,"h":41},"spriteSourceSize":{"x":0,"y":0,"w":97,"h":41},"frame":{"x":531,"y":2,"w":97,"h":41}},{"filename":"buttons/random","rotated":false,"trimmed":false,"sourceSize":{"w":86,"h":65},"spriteSourceSize":{"x":0,"y":0,"w":86,"h":65},"frame":{"x":531,"y":46,"w":86,"h":65}},{"filename":"texts/waiting-for-opponent","rotated":false,"trimmed":false,"sourceSize":{"w":523,"h":32},"spriteSourceSize":{"x":0,"y":0,"w":523,"h":32},"frame":{"x":2,"y":157,"w":523,"h":32}},{"filename":"leaderboards/tab-on","rotated":false,"trimmed":false,"sourceSize":{"w":113,"h":36},"spriteSourceSize":{"x":0,"y":0,"w":113,"h":36},"frame":{"x":528,"y":157,"w":113,"h":36}},{"filename":"daily-challenge/top-panel","rotated":false,"trimmed":false,"sourceSize":{"w":521,"h":30},"spriteSourceSize":{"x":0,"y":0,"w":521,"h":30},"frame":{"x":2,"y":192,"w":521,"h":30}},{"filename":"daily-challenge/middle-panel","rotated":false,"trimmed":false,"sourceSize":{"w":521,"h":26},"spriteSourceSize":{"x":0,"y":0,"w":521,"h":26},"frame":{"x":2,"y":225,"w":521,"h":26}},{"filename":"border-daily","rotated":false,"trimmed":false,"sourceSize":{"w":518,"h":51},"spriteSourceSize":{"x":0,"y":0,"w":518,"h":51},"frame":{"x":2,"y":254,"w":518,"h":51}},{"filename":"texts/world","rotated":false,"trimmed":false,"sourceSize":{"w":118,"h":27},"spriteSourceSize":{"x":0,"y":0,"w":118,"h":27},"frame":{"x":523,"y":254,"w":118,"h":27}},{"filename":"texts/keep-playing","rotated":false,"trimmed":false,"sourceSize":{"w":421,"h":39},"spriteSourceSize":{"x":0,"y":0,"w":421,"h":39},"frame":{"x":2,"y":308,"w":421,"h":39}},{"filename":"ui-ngang/text-score","rotated":false,"trimmed":false,"sourceSize":{"w":169,"h":41},"spriteSourceSize":{"x":0,"y":0,"w":169,"h":41},"frame":{"x":426,"y":308,"w":169,"h":41}},{"filename":"texts/congratulations","rotated":false,"trimmed":false,"sourceSize":{"w":359,"h":39},"spriteSourceSize":{"x":0,"y":0,"w":359,"h":39},"frame":{"x":2,"y":350,"w":359,"h":39}},{"filename":"leaderboards/bg-item","rotated":false,"trimmed":false,"sourceSize":{"w":317,"h":61},"spriteSourceSize":{"x":0,"y":0,"w":317,"h":61},"frame":{"x":2,"y":392,"w":317,"h":61}},{"filename":"texts/first-milestone","rotated":false,"trimmed":false,"sourceSize":{"w":305,"h":39},"spriteSourceSize":{"x":0,"y":0,"w":305,"h":39},"frame":{"x":322,"y":392,"w":305,"h":39}},{"filename":"texts/next-milestone","rotated":false,"trimmed":false,"sourceSize":{"w":339,"h":47},"spriteSourceSize":{"x":0,"y":0,"w":339,"h":47},"frame":{"x":2,"y":456,"w":339,"h":47}},{"filename":"texts/target-score","rotated":false,"trimmed":false,"sourceSize":{"w":348,"h":36},"spriteSourceSize":{"x":0,"y":0,"w":348,"h":36},"frame":{"x":2,"y":506,"w":348,"h":36}},{"filename":"texts/text-next-level","rotated":false,"trimmed":false,"sourceSize":{"w":324,"h":31},"spriteSourceSize":{"x":0,"y":0,"w":324,"h":31},"frame":{"x":2,"y":545,"w":324,"h":31}},{"filename":"texts/invite-friends","rotated":false,"trimmed":false,"sourceSize":{"w":331,"h":30},"spriteSourceSize":{"x":0,"y":0,"w":331,"h":30},"frame":{"x":2,"y":579,"w":331,"h":30}},{"filename":"texts/refill-lives","rotated":false,"trimmed":false,"sourceSize":{"w":325,"h":30},"spriteSourceSize":{"x":0,"y":0,"w":325,"h":30},"frame":{"x":2,"y":612,"w":325,"h":30}}]}],"meta":{"app":"https://www.codeandweb.com/texturepacker","version":"3.0","smartupdate":"$TexturePacker:SmartUpdate:9b98e4deef745ac4c91e0d4c9a1839ec:b9ac081afc422c226442831a54c15164:38a69b481ce127014b0b7fd232b2e3f4$"}}