{"textures":[{"image":"effects-resources.png","format":"RGBA8888","size":{"w":393,"h":393},"scale":1,"frames":[{"filename":"text/text_excellent","rotated":false,"trimmed":false,"sourceSize":{"w":388,"h":57},"spriteSourceSize":{"x":0,"y":0,"w":388,"h":57},"frame":{"x":2,"y":2,"w":388,"h":57}},{"filename":"glow-circle","rotated":false,"trimmed":false,"sourceSize":{"w":200,"h":200},"spriteSourceSize":{"x":0,"y":0,"w":200,"h":200},"frame":{"x":2,"y":62,"w":200,"h":200}},{"filename":"star-yellow","rotated":false,"trimmed":false,"sourceSize":{"w":170,"h":144},"spriteSourceSize":{"x":0,"y":0,"w":170,"h":144},"frame":{"x":205,"y":62,"w":170,"h":144}},{"filename":"text/text_cool","rotated":false,"trimmed":false,"sourceSize":{"w":200,"h":56},"spriteSourceSize":{"x":0,"y":0,"w":200,"h":56},"frame":{"x":2,"y":265,"w":200,"h":56}},{"filename":"text/text_good","rotated":false,"trimmed":false,"sourceSize":{"w":194,"h":56},"spriteSourceSize":{"x":0,"y":0,"w":194,"h":56},"frame":{"x":2,"y":324,"w":194,"h":56}},{"filename":"star","rotated":false,"trimmed":true,"sourceSize":{"w":100,"h":100},"spriteSourceSize":{"x":1,"y":1,"w":98,"h":98},"frame":{"x":205,"y":209,"w":98,"h":98}},{"filename":"glare-cross","rotated":false,"trimmed":false,"sourceSize":{"w":60,"h":60},"spriteSourceSize":{"x":0,"y":0,"w":60,"h":60},"frame":{"x":306,"y":209,"w":60,"h":60}},{"filename":"confetti/hexagon-0","rotated":false,"trimmed":true,"sourceSize":{"w":50,"h":50},"spriteSourceSize":{"x":0,"y":2,"w":50,"h":46},"frame":{"x":306,"y":272,"w":50,"h":46}},{"filename":"ribbon","rotated":false,"trimmed":false,"sourceSize":{"w":64,"h":2},"spriteSourceSize":{"x":0,"y":0,"w":64,"h":2},"frame":{"x":2,"y":383,"w":64,"h":2}},{"filename":"confetti/hexagon-1","rotated":false,"trimmed":true,"sourceSize":{"w":50,"h":50},"spriteSourceSize":{"x":1,"y":6,"w":49,"h":39},"frame":{"x":205,"y":310,"w":49,"h":39}},{"filename":"confetti/hexagon-4","rotated":false,"trimmed":true,"sourceSize":{"w":50,"h":50},"spriteSourceSize":{"x":4,"y":4,"w":43,"h":42},"frame":{"x":257,"y":310,"w":43,"h":42}},{"filename":"confetti/hexagon-2","rotated":false,"trimmed":true,"sourceSize":{"w":50,"h":50},"spriteSourceSize":{"x":4,"y":8,"w":42,"h":35},"frame":{"x":303,"y":321,"w":42,"h":35}},{"filename":"confetti/hexagon-3","rotated":false,"trimmed":true,"sourceSize":{"w":50,"h":50},"spriteSourceSize":{"x":8,"y":7,"w":36,"h":36},"frame":{"x":199,"y":355,"w":36,"h":36}},{"filename":"confetti/small-2","rotated":false,"trimmed":false,"sourceSize":{"w":22,"h":23},"spriteSourceSize":{"x":0,"y":0,"w":22,"h":23},"frame":{"x":369,"y":209,"w":22,"h":23}},{"filename":"confetti/small-4","rotated":false,"trimmed":true,"sourceSize":{"w":28,"h":31},"spriteSourceSize":{"x":4,"y":2,"w":20,"h":28},"frame":{"x":369,"y":235,"w":20,"h":28}},{"filename":"ribbon/falling-confetti/confetti-a/confetti-a-3","rotated":false,"trimmed":false,"sourceSize":{"w":21,"h":3},"spriteSourceSize":{"x":0,"y":0,"w":21,"h":3},"frame":{"x":2,"y":388,"w":21,"h":3}},{"filename":"star-x/star-4","rotated":false,"trimmed":true,"sourceSize":{"w":21,"h":20},"spriteSourceSize":{"x":0,"y":6,"w":21,"h":8},"frame":{"x":69,"y":383,"w":21,"h":8}},{"filename":"confetti/small-3","rotated":false,"trimmed":false,"sourceSize":{"w":16,"h":24},"spriteSourceSize":{"x":0,"y":0,"w":16,"h":24},"frame":{"x":238,"y":352,"w":16,"h":24}},{"filename":"confetti/small-1","rotated":false,"trimmed":false,"sourceSize":{"w":26,"h":29},"spriteSourceSize":{"x":0,"y":0,"w":26,"h":29},"frame":{"x":257,"y":355,"w":26,"h":29}},{"filename":"ribbon/falling-confetti/confetti-d/confetti-d-4","rotated":false,"trimmed":false,"sourceSize":{"w":23,"h":4},"spriteSourceSize":{"x":0,"y":0,"w":23,"h":4},"frame":{"x":238,"y":387,"w":23,"h":4}},{"filename":"ribbon/falling-confetti/confetti-c/confetti-c-4","rotated":false,"trimmed":false,"sourceSize":{"w":22,"h":6},"spriteSourceSize":{"x":0,"y":0,"w":22,"h":6},"frame":{"x":369,"y":266,"w":22,"h":6}},{"filename":"star-x/star-1","rotated":false,"trimmed":false,"sourceSize":{"w":21,"h":20},"spriteSourceSize":{"x":0,"y":0,"w":21,"h":20},"frame":{"x":359,"y":275,"w":21,"h":20}},{"filename":"star-y/star-1","rotated":false,"trimmed":false,"sourceSize":{"w":21,"h":20},"spriteSourceSize":{"x":0,"y":0,"w":21,"h":20},"frame":{"x":359,"y":275,"w":21,"h":20}},{"filename":"star-y/star-3","rotated":false,"trimmed":true,"sourceSize":{"w":21,"h":20},"spriteSourceSize":{"x":7,"y":0,"w":8,"h":20},"frame":{"x":383,"y":275,"w":8,"h":20}},{"filename":"ribbon/falling-confetti/confetti-c/confetti-c-1","rotated":false,"trimmed":false,"sourceSize":{"w":24,"h":16},"spriteSourceSize":{"x":0,"y":0,"w":24,"h":16},"frame":{"x":359,"y":298,"w":24,"h":16}},{"filename":"ribbon/falling-confetti/confetti-b/confetti-b-3","rotated":false,"trimmed":false,"sourceSize":{"w":25,"h":5},"spriteSourceSize":{"x":0,"y":0,"w":25,"h":5},"frame":{"x":93,"y":383,"w":25,"h":5}},{"filename":"ribbon/falling-confetti/confetti-b/confetti-b-4","rotated":false,"trimmed":false,"sourceSize":{"w":26,"h":2},"spriteSourceSize":{"x":0,"y":0,"w":26,"h":2},"frame":{"x":26,"y":388,"w":26,"h":2}},{"filename":"ribbon/falling-confetti/confetti-c/confetti-c-3","rotated":false,"trimmed":false,"sourceSize":{"w":23,"h":7},"spriteSourceSize":{"x":0,"y":0,"w":23,"h":7},"frame":{"x":121,"y":383,"w":23,"h":7}},{"filename":"ribbon/falling-confetti/confetti-d/confetti-d-3","rotated":false,"trimmed":false,"sourceSize":{"w":23,"h":6},"spriteSourceSize":{"x":0,"y":0,"w":23,"h":6},"frame":{"x":147,"y":383,"w":23,"h":6}},{"filename":"star-y/star-2","rotated":false,"trimmed":true,"sourceSize":{"w":21,"h":20},"spriteSourceSize":{"x":4,"y":0,"w":15,"h":20},"frame":{"x":348,"y":321,"w":15,"h":20}},{"filename":"ribbon/falling-confetti/confetti-c/confetti-c-2","rotated":false,"trimmed":false,"sourceSize":{"w":25,"h":10},"spriteSourceSize":{"x":0,"y":0,"w":25,"h":10},"frame":{"x":366,"y":317,"w":25,"h":10}},{"filename":"ribbon/falling-confetti/confetti-b/confetti-b-1","rotated":false,"trimmed":false,"sourceSize":{"w":23,"h":14},"spriteSourceSize":{"x":0,"y":0,"w":23,"h":14},"frame":{"x":366,"y":330,"w":23,"h":14}},{"filename":"dust-yellow","rotated":false,"trimmed":false,"sourceSize":{"w":15,"h":16},"spriteSourceSize":{"x":0,"y":0,"w":15,"h":16},"frame":{"x":348,"y":344,"w":15,"h":16}},{"filename":"ribbon/falling-confetti/confetti-a/confetti-a-1","rotated":false,"trimmed":false,"sourceSize":{"w":21,"h":14},"spriteSourceSize":{"x":0,"y":0,"w":21,"h":14},"frame":{"x":366,"y":347,"w":21,"h":14}},{"filename":"ribbon/falling-confetti/confetti-a/confetti-a-2","rotated":false,"trimmed":false,"sourceSize":{"w":21,"h":7},"spriteSourceSize":{"x":0,"y":0,"w":21,"h":7},"frame":{"x":173,"y":383,"w":21,"h":7}},{"filename":"star-y/star-4","rotated":false,"trimmed":true,"sourceSize":{"w":21,"h":20},"spriteSourceSize":{"x":1,"y":0,"w":20,"h":20},"frame":{"x":286,"y":359,"w":20,"h":20}},{"filename":"ribbon/falling-confetti/confetti-b/confetti-b-2","rotated":false,"trimmed":false,"sourceSize":{"w":23,"h":9},"spriteSourceSize":{"x":0,"y":0,"w":23,"h":9},"frame":{"x":286,"y":382,"w":23,"h":9}},{"filename":"star-x/star-2","rotated":false,"trimmed":true,"sourceSize":{"w":21,"h":20},"spriteSourceSize":{"x":0,"y":1,"w":21,"h":18},"frame":{"x":309,"y":359,"w":21,"h":18}},{"filename":"ribbon/falling-confetti/confetti-d/confetti-d-2","rotated":false,"trimmed":false,"sourceSize":{"w":23,"h":9},"spriteSourceSize":{"x":0,"y":0,"w":23,"h":9},"frame":{"x":312,"y":380,"w":23,"h":9}},{"filename":"ribbon/falling-confetti/confetti-d/confetti-d-1","rotated":false,"trimmed":false,"sourceSize":{"w":21,"h":14},"spriteSourceSize":{"x":0,"y":0,"w":21,"h":14},"frame":{"x":333,"y":363,"w":21,"h":14}},{"filename":"star-x/star-3","rotated":false,"trimmed":true,"sourceSize":{"w":21,"h":20},"spriteSourceSize":{"x":0,"y":3,"w":21,"h":14},"frame":{"x":357,"y":364,"w":21,"h":14}},{"filename":"dust","rotated":false,"trimmed":false,"sourceSize":{"w":9,"h":9},"spriteSourceSize":{"x":0,"y":0,"w":9,"h":9},"frame":{"x":378,"y":62,"w":9,"h":9}}]}],"meta":{"app":"https://www.codeandweb.com/texturepacker","version":"3.0","smartupdate":"$TexturePacker:SmartUpdate:d8dbe055c0ee85fce546ac1d26213fa4:991e175d867c4c7013d8d6359fcb703f:fcf0ca429d8c303c4783c89b34559bdb$"}}