{"textures":[{"image":"default-resources-0.png","format":"RGBA8888","size":{"w":1024,"h":1024},"scale":1,"frames":[{"filename":"leaderboards/bg-top","rotated":false,"trimmed":false,"sourceSize":{"w":949,"h":168},"spriteSourceSize":{"x":0,"y":0,"w":949,"h":168},"frame":{"x":2,"y":2,"w":949,"h":168}},{"filename":"bg/bg-middle","rotated":false,"trimmed":false,"sourceSize":{"w":719,"h":849},"spriteSourceSize":{"x":0,"y":0,"w":719,"h":849},"frame":{"x":2,"y":173,"w":719,"h":849}},{"filename":"icons/dot","rotated":false,"trimmed":false,"sourceSize":{"w":68,"h":70},"spriteSourceSize":{"x":0,"y":0,"w":68,"h":70},"frame":{"x":954,"y":2,"w":68,"h":70}},{"filename":"icons/icon-daily","rotated":false,"trimmed":false,"sourceSize":{"w":67,"h":67},"spriteSourceSize":{"x":0,"y":0,"w":67,"h":67},"frame":{"x":954,"y":75,"w":67,"h":67}},{"filename":"icons/vibrate","rotated":false,"trimmed":false,"sourceSize":{"w":62,"h":73},"spriteSourceSize":{"x":0,"y":0,"w":62,"h":73},"frame":{"x":954,"y":145,"w":62,"h":73}},{"filename":"ui-ngang/text-next-block","rotated":false,"trimmed":false,"sourceSize":{"w":226,"h":45},"spriteSourceSize":{"x":0,"y":0,"w":226,"h":45},"frame":{"x":724,"y":173,"w":226,"h":45}},{"filename":"daily-challenge/title-panel","rotated":false,"trimmed":false,"sourceSize":{"w":282,"h":69},"spriteSourceSize":{"x":0,"y":0,"w":282,"h":69},"frame":{"x":724,"y":221,"w":282,"h":69}},{"filename":"bottom-panel","rotated":false,"trimmed":false,"sourceSize":{"w":281,"h":171},"spriteSourceSize":{"x":0,"y":0,"w":281,"h":171},"frame":{"x":724,"y":293,"w":281,"h":171}},{"filename":"texts/keep-playing","rotated":false,"trimmed":false,"sourceSize":{"w":256,"h":45},"spriteSourceSize":{"x":0,"y":0,"w":256,"h":45},"frame":{"x":724,"y":467,"w":256,"h":45}},{"filename":"icons/share","rotated":false,"trimmed":false,"sourceSize":{"w":36,"h":47},"spriteSourceSize":{"x":0,"y":0,"w":36,"h":47},"frame":{"x":983,"y":467,"w":36,"h":47}},{"filename":"texts/leader-board","rotated":false,"trimmed":false,"sourceSize":{"w":252,"h":46},"spriteSourceSize":{"x":0,"y":0,"w":252,"h":46},"frame":{"x":724,"y":515,"w":252,"h":46}},{"filename":"icons/cup-bronze","rotated":false,"trimmed":false,"sourceSize":{"w":43,"h":36},"spriteSourceSize":{"x":0,"y":0,"w":43,"h":36},"frame":{"x":979,"y":517,"w":43,"h":36}},{"filename":"icons/cup-gold","rotated":false,"trimmed":false,"sourceSize":{"w":43,"h":36},"spriteSourceSize":{"x":0,"y":0,"w":43,"h":36},"frame":{"x":979,"y":556,"w":43,"h":36}},{"filename":"texts/start-over","rotated":false,"trimmed":false,"sourceSize":{"w":247,"h":36},"spriteSourceSize":{"x":0,"y":0,"w":247,"h":36},"frame":{"x":724,"y":564,"w":247,"h":36}},{"filename":"icons/play-green","rotated":false,"trimmed":false,"sourceSize":{"w":47,"h":47},"spriteSourceSize":{"x":0,"y":0,"w":47,"h":47},"frame":{"x":974,"y":595,"w":47,"h":47}},{"filename":"texts/text-tutorial","rotated":false,"trimmed":false,"sourceSize":{"w":244,"h":43},"spriteSourceSize":{"x":0,"y":0,"w":244,"h":43},"frame":{"x":724,"y":603,"w":244,"h":43}},{"filename":"icons/rank","rotated":false,"trimmed":false,"sourceSize":{"w":51,"h":49},"spriteSourceSize":{"x":0,"y":0,"w":51,"h":49},"frame":{"x":971,"y":645,"w":51,"h":49}},{"filename":"bg/bg-dark","rotated":false,"trimmed":false,"sourceSize":{"w":243,"h":303},"spriteSourceSize":{"x":0,"y":0,"w":243,"h":303},"frame":{"x":724,"y":649,"w":243,"h":303}},{"filename":"buttons/close","rotated":false,"trimmed":false,"sourceSize":{"w":52,"h":52},"spriteSourceSize":{"x":0,"y":0,"w":52,"h":52},"frame":{"x":970,"y":697,"w":52,"h":52}},{"filename":"texts/on","rotated":false,"trimmed":false,"sourceSize":{"w":52,"h":26},"spriteSourceSize":{"x":0,"y":0,"w":52,"h":26},"frame":{"x":970,"y":752,"w":52,"h":26}},{"filename":"texts/off","rotated":false,"trimmed":false,"sourceSize":{"w":51,"h":26},"spriteSourceSize":{"x":0,"y":0,"w":51,"h":26},"frame":{"x":970,"y":781,"w":51,"h":26}},{"filename":"icons/retry","rotated":false,"trimmed":false,"sourceSize":{"w":50,"h":53},"spriteSourceSize":{"x":0,"y":0,"w":50,"h":53},"frame":{"x":970,"y":810,"w":50,"h":53}},{"filename":"icons/back","rotated":false,"trimmed":false,"sourceSize":{"w":50,"h":38},"spriteSourceSize":{"x":0,"y":0,"w":50,"h":38},"frame":{"x":970,"y":866,"w":50,"h":38}},{"filename":"buttons/challenge_light","rotated":false,"trimmed":false,"sourceSize":{"w":88,"h":65},"spriteSourceSize":{"x":0,"y":0,"w":88,"h":65},"frame":{"x":724,"y":955,"w":88,"h":65}},{"filename":"buttons/play","rotated":false,"trimmed":false,"sourceSize":{"w":86,"h":65},"spriteSourceSize":{"x":0,"y":0,"w":86,"h":65},"frame":{"x":815,"y":955,"w":86,"h":65}},{"filename":"ui-ngang/text-score","rotated":false,"trimmed":false,"sourceSize":{"w":116,"h":40},"spriteSourceSize":{"x":0,"y":0,"w":116,"h":40},"frame":{"x":904,"y":955,"w":116,"h":40}},{"filename":"icons/plus","rotated":false,"trimmed":false,"sourceSize":{"w":42,"h":44},"spriteSourceSize":{"x":0,"y":0,"w":42,"h":44},"frame":{"x":970,"y":907,"w":42,"h":44}},{"filename":"texts/play-with-blue","rotated":false,"trimmed":false,"sourceSize":{"w":115,"h":18},"spriteSourceSize":{"x":0,"y":0,"w":115,"h":18},"frame":{"x":904,"y":998,"w":115,"h":18}}]},{"image":"default-resources-1.png","format":"RGBA8888","size":{"w":1024,"h":1024},"scale":1,"frames":[{"filename":"leaderboards/bg-bottom","rotated":false,"trimmed":false,"sourceSize":{"w":949,"h":67},"spriteSourceSize":{"x":0,"y":0,"w":949,"h":67},"frame":{"x":2,"y":2,"w":949,"h":67}},{"filename":"icons/sound","rotated":false,"trimmed":false,"sourceSize":{"w":62,"h":54},"spriteSourceSize":{"x":0,"y":0,"w":62,"h":54},"frame":{"x":954,"y":2,"w":62,"h":54}},{"filename":"icons/music","rotated":false,"trimmed":false,"sourceSize":{"w":56,"h":61},"spriteSourceSize":{"x":0,"y":0,"w":56,"h":61},"frame":{"x":954,"y":59,"w":56,"h":61}},{"filename":"leaderboards/bg-middle","rotated":false,"trimmed":false,"sourceSize":{"w":949,"h":47},"spriteSourceSize":{"x":0,"y":0,"w":949,"h":47},"frame":{"x":2,"y":72,"w":949,"h":47}},{"filename":"footer","rotated":false,"trimmed":false,"sourceSize":{"w":750,"h":153},"spriteSourceSize":{"x":0,"y":0,"w":750,"h":153},"frame":{"x":2,"y":122,"w":750,"h":153}},{"filename":"texts/level-failed","rotated":false,"trimmed":false,"sourceSize":{"w":195,"h":42},"spriteSourceSize":{"x":0,"y":0,"w":195,"h":42},"frame":{"x":755,"y":122,"w":195,"h":42}},{"filename":"buttons/dot-blue","rotated":false,"trimmed":false,"sourceSize":{"w":56,"h":54},"spriteSourceSize":{"x":0,"y":0,"w":56,"h":54},"frame":{"x":953,"y":123,"w":56,"h":54}},{"filename":"texts/draw","rotated":false,"trimmed":false,"sourceSize":{"w":191,"h":53},"spriteSourceSize":{"x":0,"y":0,"w":191,"h":53},"frame":{"x":755,"y":167,"w":191,"h":53}},{"filename":"icons/icon-journey","rotated":false,"trimmed":false,"sourceSize":{"w":73,"h":62},"spriteSourceSize":{"x":0,"y":0,"w":73,"h":62},"frame":{"x":949,"y":180,"w":73,"h":62}},{"filename":"texts/your-score","rotated":false,"trimmed":false,"sourceSize":{"w":190,"h":44},"spriteSourceSize":{"x":0,"y":0,"w":190,"h":44},"frame":{"x":755,"y":223,"w":190,"h":44}},{"filename":"icons/crown-big","rotated":false,"trimmed":false,"sourceSize":{"w":74,"h":70},"spriteSourceSize":{"x":0,"y":0,"w":74,"h":70},"frame":{"x":948,"y":245,"w":74,"h":70}},{"filename":"score-panel-dark","rotated":false,"trimmed":false,"sourceSize":{"w":187,"h":51},"spriteSourceSize":{"x":0,"y":0,"w":187,"h":51},"frame":{"x":755,"y":270,"w":187,"h":51}},{"filename":"border-bottom-panel","rotated":false,"trimmed":false,"sourceSize":{"w":750,"h":36},"spriteSourceSize":{"x":0,"y":0,"w":750,"h":36},"frame":{"x":2,"y":278,"w":750,"h":36}},{"filename":"texts/yes","rotated":false,"trimmed":false,"sourceSize":{"w":72,"h":39},"spriteSourceSize":{"x":0,"y":0,"w":72,"h":39},"frame":{"x":945,"y":318,"w":72,"h":39}},{"filename":"ui-ngang/bg-middle","rotated":false,"trimmed":false,"sourceSize":{"w":719,"h":568},"spriteSourceSize":{"x":0,"y":0,"w":719,"h":568},"frame":{"x":2,"y":317,"w":719,"h":568}},{"filename":"leaf","rotated":false,"trimmed":false,"sourceSize":{"w":563,"h":132},"spriteSourceSize":{"x":0,"y":0,"w":563,"h":132},"frame":{"x":2,"y":888,"w":563,"h":132}},{"filename":"bg-combo","rotated":false,"trimmed":true,"sourceSize":{"w":212,"h":87},"spriteSourceSize":{"x":0,"y":9,"w":212,"h":78},"frame":{"x":724,"y":324,"w":212,"h":78}},{"filename":"buttons/minor","rotated":false,"trimmed":false,"sourceSize":{"w":82,"h":71},"spriteSourceSize":{"x":0,"y":0,"w":82,"h":71},"frame":{"x":939,"y":360,"w":82,"h":71}},{"filename":"bg-streak","rotated":false,"trimmed":true,"sourceSize":{"w":212,"h":87},"spriteSourceSize":{"x":0,"y":9,"w":212,"h":78},"frame":{"x":724,"y":405,"w":212,"h":78}},{"filename":"buttons/share","rotated":false,"trimmed":false,"sourceSize":{"w":79,"h":58},"spriteSourceSize":{"x":0,"y":0,"w":79,"h":58},"frame":{"x":939,"y":434,"w":79,"h":58}},{"filename":"icon-journey","rotated":false,"trimmed":false,"sourceSize":{"w":150,"h":122},"spriteSourceSize":{"x":0,"y":0,"w":150,"h":122},"frame":{"x":568,"y":888,"w":150,"h":122}},{"filename":"wood-panel","rotated":false,"trimmed":false,"sourceSize":{"w":301,"h":56},"spriteSourceSize":{"x":0,"y":0,"w":301,"h":56},"frame":{"x":721,"y":888,"w":301,"h":56}},{"filename":"buttons/dark-blue-small","rotated":false,"trimmed":false,"sourceSize":{"w":178,"h":74},"spriteSourceSize":{"x":0,"y":0,"w":178,"h":74},"frame":{"x":721,"y":947,"w":178,"h":74}},{"filename":"buttons/skip","rotated":false,"trimmed":false,"sourceSize":{"w":120,"h":71},"spriteSourceSize":{"x":0,"y":0,"w":120,"h":71},"frame":{"x":902,"y":947,"w":120,"h":71}},{"filename":"texts/text-ranking","rotated":false,"trimmed":false,"sourceSize":{"w":200,"h":30},"spriteSourceSize":{"x":0,"y":0,"w":200,"h":30},"frame":{"x":724,"y":486,"w":200,"h":30}},{"filename":"texts/friends-disable","rotated":false,"trimmed":false,"sourceSize":{"w":93,"h":31},"spriteSourceSize":{"x":0,"y":0,"w":93,"h":31},"frame":{"x":927,"y":495,"w":93,"h":31}},{"filename":"texts/out-of-live","rotated":false,"trimmed":false,"sourceSize":{"w":182,"h":43},"spriteSourceSize":{"x":0,"y":0,"w":182,"h":43},"frame":{"x":724,"y":519,"w":182,"h":43}},{"filename":"bg/level-playing","rotated":false,"trimmed":false,"sourceSize":{"w":113,"h":94},"spriteSourceSize":{"x":0,"y":0,"w":113,"h":94},"frame":{"x":909,"y":529,"w":113,"h":94}},{"filename":"buttons/dark-blue-big","rotated":false,"trimmed":false,"sourceSize":{"w":179,"h":82},"spriteSourceSize":{"x":0,"y":0,"w":179,"h":82},"frame":{"x":724,"y":565,"w":179,"h":82}},{"filename":"texts/replay","rotated":false,"trimmed":false,"sourceSize":{"w":113,"h":38},"spriteSourceSize":{"x":0,"y":0,"w":113,"h":38},"frame":{"x":906,"y":626,"w":113,"h":38}},{"filename":"buttons/green-big","rotated":false,"trimmed":false,"sourceSize":{"w":179,"h":82},"spriteSourceSize":{"x":0,"y":0,"w":179,"h":82},"frame":{"x":724,"y":650,"w":179,"h":82}},{"filename":"preloader/dual-ring","rotated":false,"trimmed":true,"sourceSize":{"w":200,"h":200},"spriteSourceSize":{"x":27,"y":26,"w":146,"h":148},"frame":{"x":724,"y":735,"w":146,"h":148}},{"filename":"leaderboards/tab-off","rotated":false,"trimmed":false,"sourceSize":{"w":113,"h":36},"spriteSourceSize":{"x":0,"y":0,"w":113,"h":36},"frame":{"x":906,"y":667,"w":113,"h":36}},{"filename":"leaderboards/tab-on","rotated":false,"trimmed":false,"sourceSize":{"w":113,"h":36},"spriteSourceSize":{"x":0,"y":0,"w":113,"h":36},"frame":{"x":906,"y":706,"w":113,"h":36}},{"filename":"avatar/border","rotated":false,"trimmed":true,"sourceSize":{"w":138,"h":144},"spriteSourceSize":{"x":0,"y":4,"w":138,"h":140},"frame":{"x":873,"y":745,"w":138,"h":140}}]},{"image":"default-resources-2.png","format":"RGBA8888","size":{"w":1024,"h":1024},"scale":1,"frames":[{"filename":"ui-ngang/bg-top","rotated":false,"trimmed":false,"sourceSize":{"w":719,"h":178},"spriteSourceSize":{"x":0,"y":0,"w":719,"h":178},"frame":{"x":2,"y":2,"w":719,"h":178}},{"filename":"buttons/green","rotated":false,"trimmed":false,"sourceSize":{"w":238,"h":82},"spriteSourceSize":{"x":0,"y":0,"w":238,"h":82},"frame":{"x":724,"y":2,"w":238,"h":82}},{"filename":"buttons/dot-green","rotated":false,"trimmed":false,"sourceSize":{"w":56,"h":54},"spriteSourceSize":{"x":0,"y":0,"w":56,"h":54},"frame":{"x":965,"y":2,"w":56,"h":54}},{"filename":"texts/no-thank","rotated":false,"trimmed":false,"sourceSize":{"w":55,"h":31},"spriteSourceSize":{"x":0,"y":0,"w":55,"h":31},"frame":{"x":965,"y":59,"w":55,"h":31}},{"filename":"texts/play-with","rotated":false,"trimmed":false,"sourceSize":{"w":235,"h":42},"spriteSourceSize":{"x":0,"y":0,"w":235,"h":42},"frame":{"x":724,"y":87,"w":235,"h":42}},{"filename":"icons/play","rotated":false,"trimmed":false,"sourceSize":{"w":47,"h":47},"spriteSourceSize":{"x":0,"y":0,"w":47,"h":47},"frame":{"x":962,"y":93,"w":47,"h":47}},{"filename":"bg-progress-circle","rotated":false,"trimmed":false,"sourceSize":{"w":232,"h":231},"spriteSourceSize":{"x":0,"y":0,"w":232,"h":231},"frame":{"x":724,"y":132,"w":232,"h":231}},{"filename":"ui-ngang/bg-bottom","rotated":false,"trimmed":false,"sourceSize":{"w":719,"h":175},"spriteSourceSize":{"x":0,"y":0,"w":719,"h":175},"frame":{"x":2,"y":183,"w":719,"h":175}},{"filename":"bg/bg-bottom","rotated":false,"trimmed":false,"sourceSize":{"w":719,"h":111},"spriteSourceSize":{"x":0,"y":0,"w":719,"h":111},"frame":{"x":2,"y":361,"w":719,"h":111}},{"filename":"icons/home","rotated":false,"trimmed":false,"sourceSize":{"w":47,"h":43},"spriteSourceSize":{"x":0,"y":0,"w":47,"h":43},"frame":{"x":959,"y":143,"w":47,"h":43}},{"filename":"icons/flat-ad","rotated":false,"trimmed":false,"sourceSize":{"w":47,"h":41},"spriteSourceSize":{"x":0,"y":0,"w":47,"h":41},"frame":{"x":959,"y":189,"w":47,"h":41}},{"filename":"texts/vs","rotated":false,"trimmed":false,"sourceSize":{"w":47,"h":28},"spriteSourceSize":{"x":0,"y":0,"w":47,"h":28},"frame":{"x":959,"y":233,"w":47,"h":28}},{"filename":"icons/sword","rotated":false,"trimmed":false,"sourceSize":{"w":46,"h":38},"spriteSourceSize":{"x":0,"y":0,"w":46,"h":38},"frame":{"x":959,"y":264,"w":46,"h":38}},{"filename":"icons/brown-journey","rotated":false,"trimmed":false,"sourceSize":{"w":45,"h":42},"spriteSourceSize":{"x":0,"y":0,"w":45,"h":42},"frame":{"x":959,"y":305,"w":45,"h":42}},{"filename":"icons/battle","rotated":false,"trimmed":false,"sourceSize":{"w":44,"h":41},"spriteSourceSize":{"x":0,"y":0,"w":44,"h":41},"frame":{"x":959,"y":350,"w":44,"h":41}},{"filename":"leaderboards/bg-item-0","rotated":false,"trimmed":false,"sourceSize":{"w":232,"h":46},"spriteSourceSize":{"x":0,"y":0,"w":232,"h":46},"frame":{"x":724,"y":366,"w":232,"h":46}},{"filename":"ui-ngang/khung-next-block","rotated":false,"trimmed":false,"sourceSize":{"w":200,"h":600},"spriteSourceSize":{"x":0,"y":0,"w":200,"h":600},"frame":{"x":724,"y":415,"w":200,"h":600}},{"filename":"ui-ngang/khung-mission","rotated":false,"trimmed":false,"sourceSize":{"w":95,"h":464},"spriteSourceSize":{"x":0,"y":0,"w":95,"h":464},"frame":{"x":927,"y":415,"w":95,"h":464}},{"filename":"bg/bg-top","rotated":false,"trimmed":false,"sourceSize":{"w":719,"h":111},"spriteSourceSize":{"x":0,"y":0,"w":719,"h":111},"frame":{"x":2,"y":475,"w":719,"h":111}},{"filename":"texts/friends","rotated":false,"trimmed":false,"sourceSize":{"w":93,"h":31},"spriteSourceSize":{"x":0,"y":0,"w":93,"h":31},"frame":{"x":927,"y":882,"w":93,"h":31}},{"filename":"texts/result","rotated":false,"trimmed":false,"sourceSize":{"w":90,"h":44},"spriteSourceSize":{"x":0,"y":0,"w":90,"h":44},"frame":{"x":927,"y":916,"w":90,"h":44}},{"filename":"texts/text-share","rotated":false,"trimmed":false,"sourceSize":{"w":89,"h":36},"spriteSourceSize":{"x":0,"y":0,"w":89,"h":36},"frame":{"x":927,"y":963,"w":89,"h":36}},{"filename":"daily-challenge/bg","rotated":false,"trimmed":false,"sourceSize":{"w":520,"h":285},"spriteSourceSize":{"x":0,"y":0,"w":520,"h":285},"frame":{"x":2,"y":589,"w":520,"h":285}},{"filename":"texts/refill-lives","rotated":false,"trimmed":false,"sourceSize":{"w":179,"h":36},"spriteSourceSize":{"x":0,"y":0,"w":179,"h":36},"frame":{"x":525,"y":589,"w":179,"h":36}},{"filename":"avatar/border-big","rotated":false,"trimmed":false,"sourceSize":{"w":175,"h":175},"spriteSourceSize":{"x":0,"y":0,"w":175,"h":175},"frame":{"x":525,"y":628,"w":175,"h":175}},{"filename":"ui-ngang/khung-score","rotated":false,"trimmed":false,"sourceSize":{"w":173,"h":99},"spriteSourceSize":{"x":0,"y":0,"w":173,"h":99},"frame":{"x":525,"y":806,"w":173,"h":99}},{"filename":"border-daily","rotated":false,"trimmed":false,"sourceSize":{"w":518,"h":51},"spriteSourceSize":{"x":0,"y":0,"w":518,"h":51},"frame":{"x":2,"y":877,"w":518,"h":51}},{"filename":"popup/top-dark","rotated":false,"trimmed":false,"sourceSize":{"w":431,"h":89},"spriteSourceSize":{"x":0,"y":0,"w":431,"h":89},"frame":{"x":2,"y":931,"w":431,"h":89}},{"filename":"avatar/background","rotated":false,"trimmed":false,"sourceSize":{"w":105,"h":107},"spriteSourceSize":{"x":0,"y":0,"w":105,"h":107},"frame":{"x":523,"y":908,"w":105,"h":107}},{"filename":"texts/setting","rotated":false,"trimmed":false,"sourceSize":{"w":88,"h":43},"spriteSourceSize":{"x":0,"y":0,"w":88,"h":43},"frame":{"x":631,"y":908,"w":88,"h":43}},{"filename":"buttons/random","rotated":false,"trimmed":false,"sourceSize":{"w":86,"h":65},"spriteSourceSize":{"x":0,"y":0,"w":86,"h":65},"frame":{"x":631,"y":954,"w":86,"h":65}},{"filename":"icons/check","rotated":false,"trimmed":false,"sourceSize":{"w":44,"h":35},"spriteSourceSize":{"x":0,"y":0,"w":44,"h":35},"frame":{"x":436,"y":931,"w":44,"h":35}},{"filename":"icons/sword-blue","rotated":false,"trimmed":false,"sourceSize":{"w":35,"h":31},"spriteSourceSize":{"x":0,"y":0,"w":35,"h":31},"frame":{"x":483,"y":931,"w":35,"h":31}},{"filename":"icons/clock","rotated":false,"trimmed":false,"sourceSize":{"w":34,"h":35},"spriteSourceSize":{"x":0,"y":0,"w":34,"h":35},"frame":{"x":483,"y":965,"w":34,"h":35}},{"filename":"icons/cup-silver","rotated":false,"trimmed":false,"sourceSize":{"w":43,"h":36},"spriteSourceSize":{"x":0,"y":0,"w":43,"h":36},"frame":{"x":436,"y":969,"w":43,"h":36}}]},{"image":"default-resources-3.png","format":"RGBA8888","size":{"w":1024,"h":1024},"scale":1,"frames":[{"filename":"score-panel","rotated":false,"trimmed":false,"sourceSize":{"w":526,"h":152},"spriteSourceSize":{"x":0,"y":0,"w":526,"h":152},"frame":{"x":2,"y":2,"w":526,"h":152}},{"filename":"texts/waiting-for-opponent","rotated":false,"trimmed":false,"sourceSize":{"w":435,"h":43},"spriteSourceSize":{"x":0,"y":0,"w":435,"h":43},"frame":{"x":531,"y":2,"w":435,"h":43}},{"filename":"texts/full","rotated":false,"trimmed":false,"sourceSize":{"w":43,"h":27},"spriteSourceSize":{"x":0,"y":0,"w":43,"h":27},"frame":{"x":969,"y":2,"w":43,"h":27}},{"filename":"icons/setting","rotated":false,"trimmed":false,"sourceSize":{"w":42,"h":41},"spriteSourceSize":{"x":0,"y":0,"w":42,"h":41},"frame":{"x":969,"y":32,"w":42,"h":41}},{"filename":"popup/middle","rotated":false,"trimmed":false,"sourceSize":{"w":431,"h":227},"spriteSourceSize":{"x":0,"y":0,"w":431,"h":227},"frame":{"x":531,"y":48,"w":431,"h":227}},{"filename":"daily-challenge/bottom-panel","rotated":false,"trimmed":false,"sourceSize":{"w":521,"h":30},"spriteSourceSize":{"x":0,"y":0,"w":521,"h":30},"frame":{"x":2,"y":157,"w":521,"h":30}},{"filename":"daily-challenge/top-panel","rotated":false,"trimmed":false,"sourceSize":{"w":521,"h":30},"spriteSourceSize":{"x":0,"y":0,"w":521,"h":30},"frame":{"x":2,"y":190,"w":521,"h":30}},{"filename":"daily-challenge/middle-panel","rotated":false,"trimmed":false,"sourceSize":{"w":521,"h":26},"spriteSourceSize":{"x":0,"y":0,"w":521,"h":26},"frame":{"x":2,"y":223,"w":521,"h":26}},{"filename":"icons/white-journey","rotated":false,"trimmed":false,"sourceSize":{"w":42,"h":40},"spriteSourceSize":{"x":0,"y":0,"w":42,"h":40},"frame":{"x":965,"y":76,"w":42,"h":40}},{"filename":"buttons/circle-button","rotated":false,"trimmed":false,"sourceSize":{"w":41,"h":41},"spriteSourceSize":{"x":0,"y":0,"w":41,"h":41},"frame":{"x":965,"y":119,"w":41,"h":41}},{"filename":"icons/replay","rotated":false,"trimmed":false,"sourceSize":{"w":40,"h":47},"spriteSourceSize":{"x":0,"y":0,"w":40,"h":47},"frame":{"x":965,"y":163,"w":40,"h":47}},{"filename":"daily-challenge/bg-item-dark","rotated":false,"trimmed":false,"sourceSize":{"w":508,"h":81},"spriteSourceSize":{"x":0,"y":0,"w":508,"h":81},"frame":{"x":2,"y":252,"w":508,"h":81}},{"filename":"daily-challenge/bg-item-light","rotated":false,"trimmed":false,"sourceSize":{"w":508,"h":81},"spriteSourceSize":{"x":0,"y":0,"w":508,"h":81},"frame":{"x":513,"y":278,"w":508,"h":81}},{"filename":"icons/share-blue","rotated":false,"trimmed":false,"sourceSize":{"w":32,"h":43},"spriteSourceSize":{"x":0,"y":0,"w":32,"h":43},"frame":{"x":965,"y":213,"w":32,"h":43}},{"filename":"popup/top","rotated":false,"trimmed":false,"sourceSize":{"w":431,"h":89},"spriteSourceSize":{"x":0,"y":0,"w":431,"h":89},"frame":{"x":2,"y":336,"w":431,"h":89}},{"filename":"icons/i-play","rotated":false,"trimmed":false,"sourceSize":{"w":31,"h":39},"spriteSourceSize":{"x":0,"y":0,"w":31,"h":39},"frame":{"x":436,"y":336,"w":31,"h":39}},{"filename":"icons/crown","rotated":false,"trimmed":false,"sourceSize":{"w":31,"h":27},"spriteSourceSize":{"x":0,"y":0,"w":31,"h":27},"frame":{"x":470,"y":336,"w":31,"h":27}},{"filename":"popup/bottom","rotated":false,"trimmed":false,"sourceSize":{"w":431,"h":27},"spriteSourceSize":{"x":0,"y":0,"w":431,"h":27},"frame":{"x":504,"y":362,"w":431,"h":27}},{"filename":"popup/background","rotated":false,"trimmed":false,"sourceSize":{"w":395,"h":221},"spriteSourceSize":{"x":0,"y":0,"w":395,"h":221},"frame":{"x":436,"y":392,"w":395,"h":221}},{"filename":"daily-challenge/time-panel","rotated":false,"trimmed":false,"sourceSize":{"w":170,"h":48},"spriteSourceSize":{"x":0,"y":0,"w":170,"h":48},"frame":{"x":834,"y":392,"w":170,"h":48}},{"filename":"ui-ngang/text-mission","rotated":false,"trimmed":false,"sourceSize":{"w":170,"h":42},"spriteSourceSize":{"x":0,"y":0,"w":170,"h":42},"frame":{"x":834,"y":443,"w":170,"h":42}},{"filename":"texts/text-journey","rotated":false,"trimmed":false,"sourceSize":{"w":169,"h":40},"spriteSourceSize":{"x":0,"y":0,"w":169,"h":40},"frame":{"x":834,"y":488,"w":169,"h":40}},{"filename":"texts/play-single","rotated":false,"trimmed":false,"sourceSize":{"w":166,"h":43},"spriteSourceSize":{"x":0,"y":0,"w":166,"h":43},"frame":{"x":834,"y":531,"w":166,"h":43}},{"filename":"texts/target-score","rotated":false,"trimmed":false,"sourceSize":{"w":164,"h":36},"spriteSourceSize":{"x":0,"y":0,"w":164,"h":36},"frame":{"x":834,"y":577,"w":164,"h":36}},{"filename":"best-score-frame-long","rotated":false,"trimmed":false,"sourceSize":{"w":386,"h":154},"spriteSourceSize":{"x":0,"y":0,"w":386,"h":154},"frame":{"x":2,"y":428,"w":386,"h":154}},{"filename":"texts/first-milestone","rotated":false,"trimmed":false,"sourceSize":{"w":378,"h":43},"spriteSourceSize":{"x":0,"y":0,"w":378,"h":43},"frame":{"x":2,"y":585,"w":378,"h":43}},{"filename":"lives/heart","rotated":false,"trimmed":false,"sourceSize":{"w":339,"h":279},"spriteSourceSize":{"x":0,"y":0,"w":339,"h":279},"frame":{"x":2,"y":631,"w":339,"h":279}},{"filename":"lives/time-block-2","rotated":false,"trimmed":false,"sourceSize":{"w":363,"h":108},"spriteSourceSize":{"x":0,"y":0,"w":363,"h":108},"frame":{"x":2,"y":913,"w":363,"h":108}},{"filename":"ui-ngang/khung-best-score","rotated":false,"trimmed":false,"sourceSize":{"w":111,"h":169},"spriteSourceSize":{"x":0,"y":0,"w":111,"h":169},"frame":{"x":344,"y":631,"w":111,"h":169}},{"filename":"buttons/dark-blue","rotated":false,"trimmed":false,"sourceSize":{"w":365,"h":107},"spriteSourceSize":{"x":0,"y":0,"w":365,"h":107},"frame":{"x":344,"y":803,"w":365,"h":107}},{"filename":"buttons/green-large","rotated":false,"trimmed":false,"sourceSize":{"w":330,"h":107},"spriteSourceSize":{"x":0,"y":0,"w":330,"h":107},"frame":{"x":368,"y":913,"w":330,"h":107}},{"filename":"leaderboards/bg-item","rotated":false,"trimmed":false,"sourceSize":{"w":317,"h":61},"spriteSourceSize":{"x":0,"y":0,"w":317,"h":61},"frame":{"x":701,"y":913,"w":317,"h":61}},{"filename":"texts/daily-challenge","rotated":false,"trimmed":false,"sourceSize":{"w":312,"h":45},"spriteSourceSize":{"x":0,"y":0,"w":312,"h":45},"frame":{"x":701,"y":977,"w":312,"h":45}},{"filename":"popup/score-panel","rotated":false,"trimmed":false,"sourceSize":{"w":299,"h":92},"spriteSourceSize":{"x":0,"y":0,"w":299,"h":92},"frame":{"x":712,"y":616,"w":299,"h":92}},{"filename":"lives/time-block","rotated":false,"trimmed":false,"sourceSize":{"w":346,"h":87},"spriteSourceSize":{"x":0,"y":0,"w":346,"h":87},"frame":{"x":458,"y":711,"w":346,"h":87}},{"filename":"bg/level-locked","rotated":false,"trimmed":false,"sourceSize":{"w":101,"h":83},"spriteSourceSize":{"x":0,"y":0,"w":101,"h":83},"frame":{"x":458,"y":616,"w":101,"h":83}},{"filename":"bg/level-played","rotated":false,"trimmed":false,"sourceSize":{"w":100,"h":82},"spriteSourceSize":{"x":0,"y":0,"w":100,"h":82},"frame":{"x":562,"y":616,"w":100,"h":82}},{"filename":"texts/second-chance","rotated":false,"trimmed":false,"sourceSize":{"w":299,"h":43},"spriteSourceSize":{"x":0,"y":0,"w":299,"h":43},"frame":{"x":712,"y":801,"w":299,"h":43}},{"filename":"texts/win","rotated":false,"trimmed":false,"sourceSize":{"w":105,"h":52},"spriteSourceSize":{"x":0,"y":0,"w":105,"h":52},"frame":{"x":712,"y":847,"w":105,"h":52}},{"filename":"texts/lose","rotated":false,"trimmed":false,"sourceSize":{"w":107,"h":51},"spriteSourceSize":{"x":0,"y":0,"w":107,"h":51},"frame":{"x":820,"y":847,"w":107,"h":51}},{"filename":"texts/play","rotated":false,"trimmed":false,"sourceSize":{"w":85,"h":36},"spriteSourceSize":{"x":0,"y":0,"w":85,"h":36},"frame":{"x":930,"y":847,"w":85,"h":36}},{"filename":"buttons/toggle-off","rotated":false,"trimmed":false,"sourceSize":{"w":133,"h":46},"spriteSourceSize":{"x":0,"y":0,"w":133,"h":46},"frame":{"x":807,"y":711,"w":133,"h":46}},{"filename":"texts/continue","rotated":false,"trimmed":false,"sourceSize":{"w":99,"h":38},"spriteSourceSize":{"x":0,"y":0,"w":99,"h":38},"frame":{"x":807,"y":760,"w":99,"h":38}},{"filename":"texts/text-retry","rotated":false,"trimmed":false,"sourceSize":{"w":106,"h":36},"spriteSourceSize":{"x":0,"y":0,"w":106,"h":36},"frame":{"x":909,"y":760,"w":106,"h":36}}]},{"image":"default-resources-4.png","format":"RGBA8888","size":{"w":436,"h":436},"scale":1,"frames":[{"filename":"buttons/brown","rotated":false,"trimmed":false,"sourceSize":{"w":329,"h":81},"spriteSourceSize":{"x":0,"y":0,"w":329,"h":81},"frame":{"x":2,"y":2,"w":329,"h":81}},{"filename":"texts/congratulations","rotated":false,"trimmed":false,"sourceSize":{"w":363,"h":44},"spriteSourceSize":{"x":0,"y":0,"w":363,"h":44},"frame":{"x":2,"y":86,"w":363,"h":44}},{"filename":"texts/next-milestone","rotated":false,"trimmed":false,"sourceSize":{"w":334,"h":43},"spriteSourceSize":{"x":0,"y":0,"w":334,"h":43},"frame":{"x":2,"y":133,"w":334,"h":43}},{"filename":"leaderboards/bg-item-1","rotated":false,"trimmed":false,"sourceSize":{"w":232,"h":46},"spriteSourceSize":{"x":0,"y":0,"w":232,"h":46},"frame":{"x":2,"y":179,"w":232,"h":46}},{"filename":"texts/invite-friends","rotated":false,"trimmed":false,"sourceSize":{"w":232,"h":40},"spriteSourceSize":{"x":0,"y":0,"w":232,"h":40},"frame":{"x":2,"y":228,"w":232,"h":40}},{"filename":"best-score-frame","rotated":false,"trimmed":false,"sourceSize":{"w":111,"h":152},"spriteSourceSize":{"x":0,"y":0,"w":111,"h":152},"frame":{"x":2,"y":271,"w":111,"h":152}},{"filename":"avatar/border-challenge","rotated":false,"trimmed":false,"sourceSize":{"w":119,"h":118},"spriteSourceSize":{"x":0,"y":0,"w":119,"h":118},"frame":{"x":116,"y":271,"w":119,"h":118}},{"filename":"texts/mission","rotated":false,"trimmed":false,"sourceSize":{"w":158,"h":42},"spriteSourceSize":{"x":0,"y":0,"w":158,"h":42},"frame":{"x":116,"y":392,"w":158,"h":42}},{"filename":"texts/world-disable","rotated":false,"trimmed":false,"sourceSize":{"w":100,"h":31},"spriteSourceSize":{"x":0,"y":0,"w":100,"h":31},"frame":{"x":334,"y":2,"w":100,"h":31}},{"filename":"texts/world","rotated":false,"trimmed":false,"sourceSize":{"w":100,"h":31},"spriteSourceSize":{"x":0,"y":0,"w":100,"h":31},"frame":{"x":334,"y":36,"w":100,"h":31}},{"filename":"buttons/toggle-on","rotated":false,"trimmed":false,"sourceSize":{"w":133,"h":46},"spriteSourceSize":{"x":0,"y":0,"w":133,"h":46},"frame":{"x":237,"y":179,"w":133,"h":46}},{"filename":"texts/text-next-level","rotated":false,"trimmed":false,"sourceSize":{"w":155,"h":36},"spriteSourceSize":{"x":0,"y":0,"w":155,"h":36},"frame":{"x":237,"y":228,"w":155,"h":36}},{"filename":"texts/collect","rotated":false,"trimmed":false,"sourceSize":{"w":159,"h":33},"spriteSourceSize":{"x":0,"y":0,"w":159,"h":33},"frame":{"x":238,"y":267,"w":159,"h":33}},{"filename":"texts/start","rotated":false,"trimmed":false,"sourceSize":{"w":123,"h":37},"spriteSourceSize":{"x":0,"y":0,"w":123,"h":37},"frame":{"x":238,"y":303,"w":123,"h":37}},{"filename":"text-target-panel","rotated":false,"trimmed":false,"sourceSize":{"w":98,"h":46},"spriteSourceSize":{"x":0,"y":0,"w":98,"h":46},"frame":{"x":238,"y":343,"w":98,"h":46}},{"filename":"texts/no","rotated":false,"trimmed":false,"sourceSize":{"w":105,"h":39},"spriteSourceSize":{"x":0,"y":0,"w":105,"h":39},"frame":{"x":277,"y":392,"w":105,"h":39}}]}],"meta":{"app":"https://www.codeandweb.com/texturepacker","version":"3.0","smartupdate":"$TexturePacker:SmartUpdate:681df4daba118e981d8ce9188083ffb0:42547763600ac2aa87b72327bd945f67:38a69b481ce127014b0b7fd232b2e3f4$"}}