{"textures":[{"image":"default-resources-0.png","format":"RGBA8888","size":{"w":1024,"h":1024},"scale":1,"frames":[{"filename":"bg/bg-middle","rotated":false,"trimmed":false,"sourceSize":{"w":719,"h":849},"spriteSourceSize":{"x":0,"y":0,"w":719,"h":849},"frame":{"x":2,"y":2,"w":719,"h":849}},{"filename":"leaderboards/bg-top","rotated":false,"trimmed":false,"sourceSize":{"w":949,"h":168},"spriteSourceSize":{"x":0,"y":0,"w":949,"h":168},"frame":{"x":2,"y":854,"w":949,"h":168}},{"filename":"ui-ngang/khung-next-block","rotated":false,"trimmed":false,"sourceSize":{"w":200,"h":600},"spriteSourceSize":{"x":0,"y":0,"w":200,"h":600},"frame":{"x":724,"y":2,"w":200,"h":600}},{"filename":"bg-progress-circle","rotated":false,"trimmed":false,"sourceSize":{"w":232,"h":231},"spriteSourceSize":{"x":0,"y":0,"w":232,"h":231},"frame":{"x":724,"y":605,"w":232,"h":231}},{"filename":"icons/vibrate","rotated":false,"trimmed":false,"sourceSize":{"w":62,"h":73},"spriteSourceSize":{"x":0,"y":0,"w":62,"h":73},"frame":{"x":954,"y":839,"w":62,"h":73}},{"filename":"icons/dot","rotated":false,"trimmed":false,"sourceSize":{"w":68,"h":70},"spriteSourceSize":{"x":0,"y":0,"w":68,"h":70},"frame":{"x":954,"y":915,"w":68,"h":70}},{"filename":"texts/vs","rotated":false,"trimmed":false,"sourceSize":{"w":47,"h":28},"spriteSourceSize":{"x":0,"y":0,"w":47,"h":28},"frame":{"x":954,"y":988,"w":47,"h":28}},{"filename":"ui-ngang/khung-mission","rotated":false,"trimmed":false,"sourceSize":{"w":95,"h":464},"spriteSourceSize":{"x":0,"y":0,"w":95,"h":464},"frame":{"x":927,"y":2,"w":95,"h":464}},{"filename":"buttons/minor","rotated":false,"trimmed":false,"sourceSize":{"w":82,"h":71},"spriteSourceSize":{"x":0,"y":0,"w":82,"h":71},"frame":{"x":927,"y":469,"w":82,"h":71}},{"filename":"buttons/share","rotated":false,"trimmed":false,"sourceSize":{"w":79,"h":58},"spriteSourceSize":{"x":0,"y":0,"w":79,"h":58},"frame":{"x":927,"y":543,"w":79,"h":58}},{"filename":"icons/music","rotated":false,"trimmed":false,"sourceSize":{"w":56,"h":61},"spriteSourceSize":{"x":0,"y":0,"w":56,"h":61},"frame":{"x":959,"y":604,"w":56,"h":61}},{"filename":"icons/sound","rotated":false,"trimmed":false,"sourceSize":{"w":62,"h":54},"spriteSourceSize":{"x":0,"y":0,"w":62,"h":54},"frame":{"x":959,"y":668,"w":62,"h":54}},{"filename":"buttons/dot-blue","rotated":false,"trimmed":false,"sourceSize":{"w":56,"h":54},"spriteSourceSize":{"x":0,"y":0,"w":56,"h":54},"frame":{"x":959,"y":725,"w":56,"h":54}},{"filename":"buttons/dot-green","rotated":false,"trimmed":false,"sourceSize":{"w":56,"h":54},"spriteSourceSize":{"x":0,"y":0,"w":56,"h":54},"frame":{"x":959,"y":782,"w":56,"h":54}}]},{"image":"default-resources-1.png","format":"RGBA8888","size":{"w":1024,"h":1024},"scale":1,"frames":[{"filename":"ui-ngang/bg-middle","rotated":false,"trimmed":false,"sourceSize":{"w":719,"h":568},"spriteSourceSize":{"x":0,"y":0,"w":719,"h":568},"frame":{"x":2,"y":2,"w":719,"h":568}},{"filename":"footer","rotated":false,"trimmed":false,"sourceSize":{"w":750,"h":153},"spriteSourceSize":{"x":0,"y":0,"w":750,"h":153},"frame":{"x":2,"y":573,"w":750,"h":153}},{"filename":"leaderboards/bg-bottom","rotated":false,"trimmed":false,"sourceSize":{"w":949,"h":67},"spriteSourceSize":{"x":0,"y":0,"w":949,"h":67},"frame":{"x":2,"y":729,"w":949,"h":67}},{"filename":"leaderboards/bg-middle","rotated":false,"trimmed":false,"sourceSize":{"w":949,"h":47},"spriteSourceSize":{"x":0,"y":0,"w":949,"h":47},"frame":{"x":2,"y":799,"w":949,"h":47}},{"filename":"bg/bg-dark","rotated":false,"trimmed":false,"sourceSize":{"w":243,"h":303},"spriteSourceSize":{"x":0,"y":0,"w":243,"h":303},"frame":{"x":724,"y":2,"w":243,"h":303}},{"filename":"bottom-panel","rotated":false,"trimmed":false,"sourceSize":{"w":281,"h":171},"spriteSourceSize":{"x":0,"y":0,"w":281,"h":171},"frame":{"x":724,"y":308,"w":281,"h":171}},{"filename":"daily-challenge/title-panel","rotated":false,"trimmed":false,"sourceSize":{"w":282,"h":69},"spriteSourceSize":{"x":0,"y":0,"w":282,"h":69},"frame":{"x":724,"y":482,"w":282,"h":69}},{"filename":"buttons/green","rotated":false,"trimmed":false,"sourceSize":{"w":238,"h":82},"spriteSourceSize":{"x":0,"y":0,"w":238,"h":82},"frame":{"x":755,"y":554,"w":238,"h":82}},{"filename":"leaderboards/bg-item-0","rotated":false,"trimmed":false,"sourceSize":{"w":232,"h":46},"spriteSourceSize":{"x":0,"y":0,"w":232,"h":46},"frame":{"x":755,"y":639,"w":232,"h":46}},{"filename":"texts/play-with","rotated":false,"trimmed":false,"sourceSize":{"w":265,"h":34},"spriteSourceSize":{"x":0,"y":0,"w":265,"h":34},"frame":{"x":755,"y":688,"w":265,"h":34}},{"filename":"icons/share-blue","rotated":false,"trimmed":false,"sourceSize":{"w":32,"h":43},"spriteSourceSize":{"x":0,"y":0,"w":32,"h":43},"frame":{"x":990,"y":639,"w":32,"h":43}},{"filename":"icons/icon-daily","rotated":false,"trimmed":false,"sourceSize":{"w":67,"h":67},"spriteSourceSize":{"x":0,"y":0,"w":67,"h":67},"frame":{"x":954,"y":725,"w":67,"h":67}},{"filename":"icons/retry","rotated":false,"trimmed":false,"sourceSize":{"w":50,"h":53},"spriteSourceSize":{"x":0,"y":0,"w":50,"h":53},"frame":{"x":954,"y":795,"w":50,"h":53}},{"filename":"border-bottom-panel","rotated":false,"trimmed":false,"sourceSize":{"w":750,"h":36},"spriteSourceSize":{"x":0,"y":0,"w":750,"h":36},"frame":{"x":2,"y":849,"w":750,"h":36}},{"filename":"preloader/dual-ring","rotated":false,"trimmed":true,"sourceSize":{"w":200,"h":200},"spriteSourceSize":{"x":27,"y":26,"w":146,"h":148},"frame":{"x":755,"y":849,"w":146,"h":148}},{"filename":"ui-ngang/khung-best-score","rotated":false,"trimmed":false,"sourceSize":{"w":111,"h":169},"spriteSourceSize":{"x":0,"y":0,"w":111,"h":169},"frame":{"x":904,"y":851,"w":111,"h":169}},{"filename":"bg/bg-bottom","rotated":false,"trimmed":false,"sourceSize":{"w":719,"h":111},"spriteSourceSize":{"x":0,"y":0,"w":719,"h":111},"frame":{"x":2,"y":888,"w":719,"h":111}},{"filename":"texts/play-with-blue","rotated":false,"trimmed":false,"sourceSize":{"w":115,"h":18},"spriteSourceSize":{"x":0,"y":0,"w":115,"h":18},"frame":{"x":724,"y":1000,"w":115,"h":18}},{"filename":"buttons/close","rotated":false,"trimmed":false,"sourceSize":{"w":52,"h":52},"spriteSourceSize":{"x":0,"y":0,"w":52,"h":52},"frame":{"x":970,"y":2,"w":52,"h":52}},{"filename":"icons/rank","rotated":false,"trimmed":false,"sourceSize":{"w":51,"h":49},"spriteSourceSize":{"x":0,"y":0,"w":51,"h":49},"frame":{"x":970,"y":57,"w":51,"h":49}},{"filename":"icons/play-green","rotated":false,"trimmed":false,"sourceSize":{"w":47,"h":47},"spriteSourceSize":{"x":0,"y":0,"w":47,"h":47},"frame":{"x":970,"y":109,"w":47,"h":47}},{"filename":"icons/play","rotated":false,"trimmed":false,"sourceSize":{"w":47,"h":47},"spriteSourceSize":{"x":0,"y":0,"w":47,"h":47},"frame":{"x":970,"y":159,"w":47,"h":47}},{"filename":"icons/replay","rotated":false,"trimmed":false,"sourceSize":{"w":40,"h":47},"spriteSourceSize":{"x":0,"y":0,"w":40,"h":47},"frame":{"x":970,"y":209,"w":40,"h":47}},{"filename":"icons/home","rotated":false,"trimmed":false,"sourceSize":{"w":47,"h":43},"spriteSourceSize":{"x":0,"y":0,"w":47,"h":43},"frame":{"x":970,"y":259,"w":47,"h":43}}]},{"image":"default-resources-2.png","format":"RGBA8888","size":{"w":1023,"h":1023},"scale":1,"frames":[{"filename":"daily-challenge/bg","rotated":false,"trimmed":false,"sourceSize":{"w":520,"h":285},"spriteSourceSize":{"x":0,"y":0,"w":520,"h":285},"frame":{"x":2,"y":2,"w":520,"h":285}},{"filename":"ui-ngang/bg-top","rotated":false,"trimmed":false,"sourceSize":{"w":719,"h":178},"spriteSourceSize":{"x":0,"y":0,"w":719,"h":178},"frame":{"x":2,"y":290,"w":719,"h":178}},{"filename":"popup/middle","rotated":false,"trimmed":false,"sourceSize":{"w":431,"h":227},"spriteSourceSize":{"x":0,"y":0,"w":431,"h":227},"frame":{"x":525,"y":2,"w":431,"h":227}},{"filename":"texts/out-of-live","rotated":false,"trimmed":false,"sourceSize":{"w":494,"h":45},"spriteSourceSize":{"x":0,"y":0,"w":494,"h":45},"frame":{"x":525,"y":232,"w":494,"h":45}},{"filename":"icons/share","rotated":false,"trimmed":false,"sourceSize":{"w":36,"h":47},"spriteSourceSize":{"x":0,"y":0,"w":36,"h":47},"frame":{"x":959,"y":2,"w":36,"h":47}},{"filename":"icons/plus","rotated":false,"trimmed":false,"sourceSize":{"w":42,"h":44},"spriteSourceSize":{"x":0,"y":0,"w":42,"h":44},"frame":{"x":959,"y":52,"w":42,"h":44}},{"filename":"icons/brown-journey","rotated":false,"trimmed":false,"sourceSize":{"w":45,"h":42},"spriteSourceSize":{"x":0,"y":0,"w":45,"h":42},"frame":{"x":959,"y":99,"w":45,"h":42}},{"filename":"icons/flat-ad","rotated":false,"trimmed":false,"sourceSize":{"w":47,"h":41},"spriteSourceSize":{"x":0,"y":0,"w":47,"h":41},"frame":{"x":959,"y":144,"w":47,"h":41}},{"filename":"icons/back","rotated":false,"trimmed":false,"sourceSize":{"w":50,"h":38},"spriteSourceSize":{"x":0,"y":0,"w":50,"h":38},"frame":{"x":959,"y":188,"w":50,"h":38}},{"filename":"ui-ngang/bg-bottom","rotated":false,"trimmed":false,"sourceSize":{"w":719,"h":175},"spriteSourceSize":{"x":0,"y":0,"w":719,"h":175},"frame":{"x":2,"y":471,"w":719,"h":175}},{"filename":"bg/bg-top","rotated":false,"trimmed":false,"sourceSize":{"w":719,"h":111},"spriteSourceSize":{"x":0,"y":0,"w":719,"h":111},"frame":{"x":2,"y":649,"w":719,"h":111}},{"filename":"texts/leader-board","rotated":false,"trimmed":false,"sourceSize":{"w":574,"h":45},"spriteSourceSize":{"x":0,"y":0,"w":574,"h":45},"frame":{"x":2,"y":763,"w":574,"h":45}},{"filename":"popup/background","rotated":false,"trimmed":false,"sourceSize":{"w":395,"h":221},"spriteSourceSize":{"x":0,"y":0,"w":395,"h":221},"frame":{"x":579,"y":763,"w":395,"h":221}},{"filename":"score-panel","rotated":false,"trimmed":false,"sourceSize":{"w":526,"h":152},"spriteSourceSize":{"x":0,"y":0,"w":526,"h":152},"frame":{"x":2,"y":811,"w":526,"h":152}},{"filename":"texts/keep-playing","rotated":false,"trimmed":false,"sourceSize":{"w":532,"h":51},"spriteSourceSize":{"x":0,"y":0,"w":532,"h":51},"frame":{"x":2,"y":966,"w":532,"h":51}},{"filename":"popup/bottom","rotated":false,"trimmed":false,"sourceSize":{"w":431,"h":27},"spriteSourceSize":{"x":0,"y":0,"w":431,"h":27},"frame":{"x":537,"y":987,"w":431,"h":27}},{"filename":"icons/sword-blue","rotated":false,"trimmed":false,"sourceSize":{"w":35,"h":31},"spriteSourceSize":{"x":0,"y":0,"w":35,"h":31},"frame":{"x":971,"y":987,"w":35,"h":31}},{"filename":"icons/battle","rotated":false,"trimmed":false,"sourceSize":{"w":44,"h":41},"spriteSourceSize":{"x":0,"y":0,"w":44,"h":41},"frame":{"x":531,"y":811,"w":44,"h":41}},{"filename":"icons/setting","rotated":false,"trimmed":false,"sourceSize":{"w":42,"h":41},"spriteSourceSize":{"x":0,"y":0,"w":42,"h":41},"frame":{"x":531,"y":855,"w":42,"h":41}},{"filename":"buttons/circle-button","rotated":false,"trimmed":false,"sourceSize":{"w":41,"h":41},"spriteSourceSize":{"x":0,"y":0,"w":41,"h":41},"frame":{"x":531,"y":899,"w":41,"h":41}},{"filename":"icons/clock","rotated":false,"trimmed":false,"sourceSize":{"w":34,"h":35},"spriteSourceSize":{"x":0,"y":0,"w":34,"h":35},"frame":{"x":537,"y":943,"w":34,"h":35}},{"filename":"avatar/border-big","rotated":false,"trimmed":false,"sourceSize":{"w":175,"h":175},"spriteSourceSize":{"x":0,"y":0,"w":175,"h":175},"frame":{"x":724,"y":280,"w":175,"h":175}},{"filename":"avatar/border","rotated":false,"trimmed":true,"sourceSize":{"w":138,"h":144},"spriteSourceSize":{"x":0,"y":4,"w":138,"h":140},"frame":{"x":724,"y":458,"w":138,"h":140}},{"filename":"bg-combo","rotated":false,"trimmed":true,"sourceSize":{"w":212,"h":87},"spriteSourceSize":{"x":0,"y":9,"w":212,"h":78},"frame":{"x":724,"y":601,"w":212,"h":78}},{"filename":"icon-journey","rotated":false,"trimmed":false,"sourceSize":{"w":150,"h":122},"spriteSourceSize":{"x":0,"y":0,"w":150,"h":122},"frame":{"x":865,"y":458,"w":150,"h":122}},{"filename":"best-score-frame","rotated":false,"trimmed":false,"sourceSize":{"w":111,"h":152},"spriteSourceSize":{"x":0,"y":0,"w":111,"h":152},"frame":{"x":902,"y":280,"w":111,"h":152}},{"filename":"texts/result","rotated":false,"trimmed":false,"sourceSize":{"w":278,"h":55},"spriteSourceSize":{"x":0,"y":0,"w":278,"h":55},"frame":{"x":724,"y":682,"w":278,"h":55}},{"filename":"icons/crown-big","rotated":false,"trimmed":false,"sourceSize":{"w":74,"h":70},"spriteSourceSize":{"x":0,"y":0,"w":74,"h":70},"frame":{"x":939,"y":583,"w":74,"h":70}},{"filename":"icons/white-journey","rotated":false,"trimmed":false,"sourceSize":{"w":42,"h":40},"spriteSourceSize":{"x":0,"y":0,"w":42,"h":40},"frame":{"x":977,"y":740,"w":42,"h":40}},{"filename":"icons/i-play","rotated":false,"trimmed":false,"sourceSize":{"w":31,"h":39},"spriteSourceSize":{"x":0,"y":0,"w":31,"h":39},"frame":{"x":977,"y":783,"w":31,"h":39}},{"filename":"icons/cup-bronze","rotated":false,"trimmed":false,"sourceSize":{"w":43,"h":36},"spriteSourceSize":{"x":0,"y":0,"w":43,"h":36},"frame":{"x":977,"y":825,"w":43,"h":36}},{"filename":"icons/cup-gold","rotated":false,"trimmed":false,"sourceSize":{"w":43,"h":36},"spriteSourceSize":{"x":0,"y":0,"w":43,"h":36},"frame":{"x":977,"y":864,"w":43,"h":36}},{"filename":"icons/cup-silver","rotated":false,"trimmed":false,"sourceSize":{"w":43,"h":36},"spriteSourceSize":{"x":0,"y":0,"w":43,"h":36},"frame":{"x":977,"y":903,"w":43,"h":36}},{"filename":"icons/check","rotated":false,"trimmed":false,"sourceSize":{"w":44,"h":35},"spriteSourceSize":{"x":0,"y":0,"w":44,"h":35},"frame":{"x":977,"y":942,"w":44,"h":35}}]},{"image":"default-resources-3.png","format":"RGBA8888","size":{"w":1008,"h":1008},"scale":1,"frames":[{"filename":"leaf","rotated":false,"trimmed":false,"sourceSize":{"w":563,"h":132},"spriteSourceSize":{"x":0,"y":0,"w":563,"h":132},"frame":{"x":2,"y":2,"w":563,"h":132}},{"filename":"popup/top-dark","rotated":false,"trimmed":false,"sourceSize":{"w":431,"h":89},"spriteSourceSize":{"x":0,"y":0,"w":431,"h":89},"frame":{"x":568,"y":2,"w":431,"h":89}},{"filename":"texts/first-milestone","rotated":false,"trimmed":false,"sourceSize":{"w":410,"h":42},"spriteSourceSize":{"x":0,"y":0,"w":410,"h":42},"frame":{"x":568,"y":94,"w":410,"h":42}},{"filename":"texts/win","rotated":false,"trimmed":false,"sourceSize":{"w":525,"h":55},"spriteSourceSize":{"x":0,"y":0,"w":525,"h":55},"frame":{"x":2,"y":137,"w":525,"h":55}},{"filename":"icons/crown","rotated":false,"trimmed":false,"sourceSize":{"w":31,"h":27},"spriteSourceSize":{"x":0,"y":0,"w":31,"h":27},"frame":{"x":530,"y":137,"w":31,"h":27}},{"filename":"texts/daily-challenge","rotated":false,"trimmed":false,"sourceSize":{"w":442,"h":56},"spriteSourceSize":{"x":0,"y":0,"w":442,"h":56},"frame":{"x":564,"y":139,"w":442,"h":56}},{"filename":"texts/second-chance","rotated":false,"trimmed":false,"sourceSize":{"w":522,"h":51},"spriteSourceSize":{"x":0,"y":0,"w":522,"h":51},"frame":{"x":2,"y":195,"w":522,"h":51}},{"filename":"texts/next-milestone","rotated":false,"trimmed":false,"sourceSize":{"w":445,"h":42},"spriteSourceSize":{"x":0,"y":0,"w":445,"h":42},"frame":{"x":527,"y":198,"w":445,"h":42}},{"filename":"best-score-frame-long","rotated":false,"trimmed":false,"sourceSize":{"w":386,"h":154},"spriteSourceSize":{"x":0,"y":0,"w":386,"h":154},"frame":{"x":527,"y":243,"w":386,"h":154}},{"filename":"daily-challenge/bottom-panel","rotated":false,"trimmed":false,"sourceSize":{"w":521,"h":30},"spriteSourceSize":{"x":0,"y":0,"w":521,"h":30},"frame":{"x":2,"y":249,"w":521,"h":30}},{"filename":"daily-challenge/top-panel","rotated":false,"trimmed":false,"sourceSize":{"w":521,"h":30},"spriteSourceSize":{"x":0,"y":0,"w":521,"h":30},"frame":{"x":2,"y":282,"w":521,"h":30}},{"filename":"daily-challenge/middle-panel","rotated":false,"trimmed":false,"sourceSize":{"w":521,"h":26},"spriteSourceSize":{"x":0,"y":0,"w":521,"h":26},"frame":{"x":2,"y":315,"w":521,"h":26}},{"filename":"texts/waiting-for-opponent","rotated":false,"trimmed":false,"sourceSize":{"w":519,"h":28},"spriteSourceSize":{"x":0,"y":0,"w":519,"h":28},"frame":{"x":2,"y":344,"w":519,"h":28}},{"filename":"buttons/challenge_light","rotated":false,"trimmed":false,"sourceSize":{"w":88,"h":65},"spriteSourceSize":{"x":0,"y":0,"w":88,"h":65},"frame":{"x":916,"y":243,"w":88,"h":65}},{"filename":"ui-ngang/text-score","rotated":false,"trimmed":false,"sourceSize":{"w":88,"h":36},"spriteSourceSize":{"x":0,"y":0,"w":88,"h":36},"frame":{"x":916,"y":311,"w":88,"h":36}},{"filename":"border-daily","rotated":false,"trimmed":false,"sourceSize":{"w":518,"h":51},"spriteSourceSize":{"x":0,"y":0,"w":518,"h":51},"frame":{"x":2,"y":375,"w":518,"h":51}},{"filename":"buttons/play","rotated":false,"trimmed":false,"sourceSize":{"w":86,"h":65},"spriteSourceSize":{"x":0,"y":0,"w":86,"h":65},"frame":{"x":916,"y":350,"w":86,"h":65}},{"filename":"texts/congratulations","rotated":false,"trimmed":false,"sourceSize":{"w":370,"h":51},"spriteSourceSize":{"x":0,"y":0,"w":370,"h":51},"frame":{"x":523,"y":400,"w":370,"h":51}},{"filename":"texts/lose","rotated":false,"trimmed":false,"sourceSize":{"w":518,"h":45},"spriteSourceSize":{"x":0,"y":0,"w":518,"h":45},"frame":{"x":2,"y":429,"w":518,"h":45}},{"filename":"avatar/background","rotated":false,"trimmed":false,"sourceSize":{"w":105,"h":107},"spriteSourceSize":{"x":0,"y":0,"w":105,"h":107},"frame":{"x":896,"y":418,"w":105,"h":107}},{"filename":"buttons/dark-blue","rotated":false,"trimmed":false,"sourceSize":{"w":365,"h":107},"spriteSourceSize":{"x":0,"y":0,"w":365,"h":107},"frame":{"x":523,"y":454,"w":365,"h":107}},{"filename":"ui-ngang/text-mission","rotated":false,"trimmed":false,"sourceSize":{"w":115,"h":36},"spriteSourceSize":{"x":0,"y":0,"w":115,"h":36},"frame":{"x":891,"y":528,"w":115,"h":36}},{"filename":"daily-challenge/bg-item-dark","rotated":false,"trimmed":false,"sourceSize":{"w":508,"h":81},"spriteSourceSize":{"x":0,"y":0,"w":508,"h":81},"frame":{"x":2,"y":477,"w":508,"h":81}},{"filename":"daily-challenge/bg-item-light","rotated":false,"trimmed":false,"sourceSize":{"w":508,"h":81},"spriteSourceSize":{"x":0,"y":0,"w":508,"h":81},"frame":{"x":2,"y":561,"w":508,"h":81}},{"filename":"lives/time-block-2","rotated":false,"trimmed":false,"sourceSize":{"w":363,"h":108},"spriteSourceSize":{"x":0,"y":0,"w":363,"h":108},"frame":{"x":513,"y":564,"w":363,"h":108}},{"filename":"buttons/skip","rotated":false,"trimmed":false,"sourceSize":{"w":120,"h":71},"spriteSourceSize":{"x":0,"y":0,"w":120,"h":71},"frame":{"x":879,"y":567,"w":120,"h":71}},{"filename":"avatar/border-challenge","rotated":false,"trimmed":false,"sourceSize":{"w":119,"h":118},"spriteSourceSize":{"x":0,"y":0,"w":119,"h":118},"frame":{"x":879,"y":641,"w":119,"h":118}},{"filename":"lives/heart","rotated":false,"trimmed":false,"sourceSize":{"w":339,"h":279},"spriteSourceSize":{"x":0,"y":0,"w":339,"h":279},"frame":{"x":2,"y":675,"w":339,"h":279}},{"filename":"texts/world-disable","rotated":false,"trimmed":false,"sourceSize":{"w":244,"h":27},"spriteSourceSize":{"x":0,"y":0,"w":244,"h":27},"frame":{"x":2,"y":645,"w":244,"h":27}},{"filename":"texts/friends-disable","rotated":false,"trimmed":false,"sourceSize":{"w":79,"h":27},"spriteSourceSize":{"x":0,"y":0,"w":79,"h":27},"frame":{"x":249,"y":645,"w":79,"h":27}},{"filename":"texts/friends","rotated":false,"trimmed":false,"sourceSize":{"w":79,"h":27},"spriteSourceSize":{"x":0,"y":0,"w":79,"h":27},"frame":{"x":331,"y":645,"w":79,"h":27}},{"filename":"buttons/toggle-off","rotated":false,"trimmed":false,"sourceSize":{"w":133,"h":46},"spriteSourceSize":{"x":0,"y":0,"w":133,"h":46},"frame":{"x":2,"y":957,"w":133,"h":46}},{"filename":"buttons/toggle-On","rotated":false,"trimmed":false,"sourceSize":{"w":133,"h":46},"spriteSourceSize":{"x":0,"y":0,"w":133,"h":46},"frame":{"x":138,"y":957,"w":133,"h":46}},{"filename":"text-target-panel","rotated":false,"trimmed":false,"sourceSize":{"w":98,"h":46},"spriteSourceSize":{"x":0,"y":0,"w":98,"h":46},"frame":{"x":274,"y":957,"w":98,"h":46}},{"filename":"buttons/random","rotated":false,"trimmed":false,"sourceSize":{"w":86,"h":65},"spriteSourceSize":{"x":0,"y":0,"w":86,"h":65},"frame":{"x":413,"y":645,"w":86,"h":65}},{"filename":"icons/sword","rotated":false,"trimmed":false,"sourceSize":{"w":46,"h":38},"spriteSourceSize":{"x":0,"y":0,"w":46,"h":38},"frame":{"x":344,"y":675,"w":46,"h":38}},{"filename":"buttons/green-large","rotated":false,"trimmed":false,"sourceSize":{"w":330,"h":107},"spriteSourceSize":{"x":0,"y":0,"w":330,"h":107},"frame":{"x":502,"y":675,"w":330,"h":107}},{"filename":"texts/on","rotated":false,"trimmed":false,"sourceSize":{"w":41,"h":26},"spriteSourceSize":{"x":0,"y":0,"w":41,"h":26},"frame":{"x":835,"y":675,"w":41,"h":26}},{"filename":"bg/level-locked","rotated":false,"trimmed":false,"sourceSize":{"w":101,"h":83},"spriteSourceSize":{"x":0,"y":0,"w":101,"h":83},"frame":{"x":393,"y":713,"w":101,"h":83}},{"filename":"texts/off","rotated":false,"trimmed":false,"sourceSize":{"w":44,"h":26},"spriteSourceSize":{"x":0,"y":0,"w":44,"h":26},"frame":{"x":344,"y":716,"w":44,"h":26}},{"filename":"texts/play","rotated":false,"trimmed":false,"sourceSize":{"w":142,"h":35},"spriteSourceSize":{"x":0,"y":0,"w":142,"h":35},"frame":{"x":835,"y":762,"w":142,"h":35}},{"filename":"popup/score-panel","rotated":false,"trimmed":false,"sourceSize":{"w":299,"h":92},"spriteSourceSize":{"x":0,"y":0,"w":299,"h":92},"frame":{"x":497,"y":785,"w":299,"h":92}},{"filename":"bg/level-playing","rotated":false,"trimmed":false,"sourceSize":{"w":113,"h":94},"spriteSourceSize":{"x":0,"y":0,"w":113,"h":94},"frame":{"x":375,"y":799,"w":113,"h":94}},{"filename":"ui-ngang/text-next-block","rotated":false,"trimmed":false,"sourceSize":{"w":192,"h":36},"spriteSourceSize":{"x":0,"y":0,"w":192,"h":36},"frame":{"x":799,"y":800,"w":192,"h":36}},{"filename":"leaderboards/tab-off","rotated":false,"trimmed":false,"sourceSize":{"w":113,"h":36},"spriteSourceSize":{"x":0,"y":0,"w":113,"h":36},"frame":{"x":344,"y":896,"w":113,"h":36}},{"filename":"icons/icon-journey","rotated":false,"trimmed":false,"sourceSize":{"w":73,"h":62},"spriteSourceSize":{"x":0,"y":0,"w":73,"h":62},"frame":{"x":375,"y":935,"w":73,"h":62}},{"filename":"buttons/dark-blue-big","rotated":false,"trimmed":false,"sourceSize":{"w":179,"h":82},"spriteSourceSize":{"x":0,"y":0,"w":179,"h":82},"frame":{"x":799,"y":839,"w":179,"h":82}},{"filename":"buttons/green-big","rotated":false,"trimmed":false,"sourceSize":{"w":179,"h":82},"spriteSourceSize":{"x":0,"y":0,"w":179,"h":82},"frame":{"x":460,"y":924,"w":179,"h":82}},{"filename":"bg/level-played","rotated":false,"trimmed":false,"sourceSize":{"w":100,"h":82},"spriteSourceSize":{"x":0,"y":0,"w":100,"h":82},"frame":{"x":642,"y":924,"w":100,"h":82}},{"filename":"bg-streak","rotated":false,"trimmed":true,"sourceSize":{"w":212,"h":87},"spriteSourceSize":{"x":0,"y":9,"w":212,"h":78},"frame":{"x":745,"y":924,"w":212,"h":78}},{"filename":"leaderboards/tab-on","rotated":false,"trimmed":false,"sourceSize":{"w":113,"h":36},"spriteSourceSize":{"x":0,"y":0,"w":113,"h":36},"frame":{"x":491,"y":880,"w":113,"h":36}},{"filename":"texts/yes","rotated":false,"trimmed":false,"sourceSize":{"w":70,"h":35},"spriteSourceSize":{"x":0,"y":0,"w":70,"h":35},"frame":{"x":607,"y":880,"w":70,"h":35}}]},{"image":"default-resources-4.png","format":"RGBA8888","size":{"w":673,"h":673},"scale":1,"frames":[{"filename":"popup/top","rotated":false,"trimmed":false,"sourceSize":{"w":431,"h":89},"spriteSourceSize":{"x":0,"y":0,"w":431,"h":89},"frame":{"x":2,"y":2,"w":431,"h":89}},{"filename":"texts/refill-lives","rotated":false,"trimmed":false,"sourceSize":{"w":233,"h":22},"spriteSourceSize":{"x":0,"y":0,"w":233,"h":22},"frame":{"x":436,"y":2,"w":233,"h":22}},{"filename":"leaderboards/bg-item-1","rotated":false,"trimmed":false,"sourceSize":{"w":232,"h":46},"spriteSourceSize":{"x":0,"y":0,"w":232,"h":46},"frame":{"x":436,"y":27,"w":232,"h":46}},{"filename":"texts/mission","rotated":false,"trimmed":false,"sourceSize":{"w":226,"h":45},"spriteSourceSize":{"x":0,"y":0,"w":226,"h":45},"frame":{"x":436,"y":76,"w":226,"h":45}},{"filename":"texts/your-score","rotated":false,"trimmed":false,"sourceSize":{"w":398,"h":45},"spriteSourceSize":{"x":0,"y":0,"w":398,"h":45},"frame":{"x":2,"y":94,"w":398,"h":45}},{"filename":"texts/text-tutorial","rotated":false,"trimmed":false,"sourceSize":{"w":252,"h":42},"spriteSourceSize":{"x":0,"y":0,"w":252,"h":42},"frame":{"x":403,"y":124,"w":252,"h":42}},{"filename":"texts/invite-friends","rotated":false,"trimmed":false,"sourceSize":{"w":376,"h":34},"spriteSourceSize":{"x":0,"y":0,"w":376,"h":34},"frame":{"x":2,"y":142,"w":376,"h":34}},{"filename":"texts/world","rotated":false,"trimmed":false,"sourceSize":{"w":244,"h":27},"spriteSourceSize":{"x":0,"y":0,"w":244,"h":27},"frame":{"x":381,"y":169,"w":244,"h":27}},{"filename":"lives/time-block","rotated":false,"trimmed":false,"sourceSize":{"w":346,"h":87},"spriteSourceSize":{"x":0,"y":0,"w":346,"h":87},"frame":{"x":2,"y":179,"w":346,"h":87}},{"filename":"texts/setting","rotated":false,"trimmed":false,"sourceSize":{"w":320,"h":49},"spriteSourceSize":{"x":0,"y":0,"w":320,"h":49},"frame":{"x":351,"y":199,"w":320,"h":49}},{"filename":"texts/text-next-level","rotated":false,"trimmed":false,"sourceSize":{"w":318,"h":32},"spriteSourceSize":{"x":0,"y":0,"w":318,"h":32},"frame":{"x":351,"y":251,"w":318,"h":32}},{"filename":"texts/start-over","rotated":false,"trimmed":false,"sourceSize":{"w":333,"h":34},"spriteSourceSize":{"x":0,"y":0,"w":333,"h":34},"frame":{"x":2,"y":269,"w":333,"h":34}},{"filename":"buttons/brown","rotated":false,"trimmed":false,"sourceSize":{"w":329,"h":81},"spriteSourceSize":{"x":0,"y":0,"w":329,"h":81},"frame":{"x":338,"y":286,"w":329,"h":81}},{"filename":"leaderboards/bg-item","rotated":false,"trimmed":false,"sourceSize":{"w":317,"h":61},"spriteSourceSize":{"x":0,"y":0,"w":317,"h":61},"frame":{"x":2,"y":306,"w":317,"h":61}},{"filename":"ui-ngang/khung-score","rotated":false,"trimmed":false,"sourceSize":{"w":173,"h":99},"spriteSourceSize":{"x":0,"y":0,"w":173,"h":99},"frame":{"x":2,"y":370,"w":173,"h":99}},{"filename":"buttons/dark-blue-small","rotated":false,"trimmed":false,"sourceSize":{"w":178,"h":74},"spriteSourceSize":{"x":0,"y":0,"w":178,"h":74},"frame":{"x":2,"y":472,"w":178,"h":74}},{"filename":"wood-panel","rotated":false,"trimmed":false,"sourceSize":{"w":301,"h":56},"spriteSourceSize":{"x":0,"y":0,"w":301,"h":56},"frame":{"x":178,"y":370,"w":301,"h":56}},{"filename":"texts/play-single","rotated":false,"trimmed":false,"sourceSize":{"w":314,"h":40},"spriteSourceSize":{"x":0,"y":0,"w":314,"h":40},"frame":{"x":178,"y":429,"w":314,"h":40}},{"filename":"texts/text-journey","rotated":false,"trimmed":false,"sourceSize":{"w":176,"h":35},"spriteSourceSize":{"x":0,"y":0,"w":176,"h":35},"frame":{"x":495,"y":370,"w":176,"h":35}},{"filename":"texts/text-share","rotated":false,"trimmed":false,"sourceSize":{"w":172,"h":27},"spriteSourceSize":{"x":0,"y":0,"w":172,"h":27},"frame":{"x":495,"y":408,"w":172,"h":27}},{"filename":"daily-challenge/time-panel","rotated":false,"trimmed":false,"sourceSize":{"w":170,"h":48},"spriteSourceSize":{"x":0,"y":0,"w":170,"h":48},"frame":{"x":495,"y":438,"w":170,"h":48}},{"filename":"texts/level-failed","rotated":false,"trimmed":false,"sourceSize":{"w":292,"h":36},"spriteSourceSize":{"x":0,"y":0,"w":292,"h":36},"frame":{"x":183,"y":472,"w":292,"h":36}},{"filename":"texts/target-score","rotated":false,"trimmed":false,"sourceSize":{"w":193,"h":27},"spriteSourceSize":{"x":0,"y":0,"w":193,"h":27},"frame":{"x":478,"y":489,"w":193,"h":27}},{"filename":"texts/text-ranking","rotated":false,"trimmed":false,"sourceSize":{"w":241,"h":23},"spriteSourceSize":{"x":0,"y":0,"w":241,"h":23},"frame":{"x":183,"y":511,"w":241,"h":23}},{"filename":"texts/collect","rotated":false,"trimmed":false,"sourceSize":{"w":225,"h":29},"spriteSourceSize":{"x":0,"y":0,"w":225,"h":29},"frame":{"x":427,"y":519,"w":225,"h":29}},{"filename":"texts/text-retry","rotated":false,"trimmed":false,"sourceSize":{"w":218,"h":37},"spriteSourceSize":{"x":0,"y":0,"w":218,"h":37},"frame":{"x":183,"y":537,"w":218,"h":37}},{"filename":"texts/no-thank","rotated":false,"trimmed":false,"sourceSize":{"w":177,"h":27},"spriteSourceSize":{"x":0,"y":0,"w":177,"h":27},"frame":{"x":2,"y":549,"w":177,"h":27}},{"filename":"score-panel-dark","rotated":false,"trimmed":false,"sourceSize":{"w":187,"h":51},"spriteSourceSize":{"x":0,"y":0,"w":187,"h":51},"frame":{"x":2,"y":579,"w":187,"h":51}},{"filename":"texts/start","rotated":false,"trimmed":false,"sourceSize":{"w":202,"h":37},"spriteSourceSize":{"x":0,"y":0,"w":202,"h":37},"frame":{"x":2,"y":633,"w":202,"h":37}},{"filename":"texts/draw","rotated":false,"trimmed":false,"sourceSize":{"w":166,"h":43},"spriteSourceSize":{"x":0,"y":0,"w":166,"h":43},"frame":{"x":192,"y":577,"w":166,"h":43}},{"filename":"texts/no","rotated":false,"trimmed":false,"sourceSize":{"w":89,"h":35},"spriteSourceSize":{"x":0,"y":0,"w":89,"h":35},"frame":{"x":207,"y":623,"w":89,"h":35}},{"filename":"texts/replay","rotated":false,"trimmed":false,"sourceSize":{"w":179,"h":31},"spriteSourceSize":{"x":0,"y":0,"w":179,"h":31},"frame":{"x":299,"y":623,"w":179,"h":31}},{"filename":"texts/continue","rotated":false,"trimmed":false,"sourceSize":{"w":213,"h":30},"spriteSourceSize":{"x":0,"y":0,"w":213,"h":30},"frame":{"x":361,"y":577,"w":213,"h":30}}]}],"meta":{"app":"https://www.codeandweb.com/texturepacker","version":"3.0","smartupdate":"$TexturePacker:SmartUpdate:026fd4291d44fbbb48df9d9e4c6fd244:9774f295b27fafddd1ba9eb75ded22e4:38a69b481ce127014b0b7fd232b2e3f4$"}}