{"textures":[{"image":"default-resources-0.png","format":"RGBA8888","size":{"w":2040,"h":1368},"scale":1,"frames":[{"filename":"bg-footer","rotated":false,"trimmed":false,"sourceSize":{"w":750,"h":167},"spriteSourceSize":{"x":0,"y":0,"w":750,"h":167},"frame":{"x":2,"y":2,"w":750,"h":167}},{"filename":"top-panel","rotated":false,"trimmed":false,"sourceSize":{"w":750,"h":159},"spriteSourceSize":{"x":0,"y":0,"w":750,"h":159},"frame":{"x":2,"y":172,"w":750,"h":159}},{"filename":"panel/mission-target","rotated":false,"trimmed":false,"sourceSize":{"w":682,"h":168},"spriteSourceSize":{"x":0,"y":0,"w":682,"h":168},"frame":{"x":755,"y":2,"w":682,"h":168}},{"filename":"tournament/tour-block-bottom","rotated":false,"trimmed":false,"sourceSize":{"w":613,"h":151},"spriteSourceSize":{"x":0,"y":0,"w":613,"h":151},"frame":{"x":2,"y":334,"w":613,"h":151}},{"filename":"tournament-result/leader-bar-highlight","rotated":false,"trimmed":false,"sourceSize":{"w":630,"h":121},"spriteSourceSize":{"x":0,"y":0,"w":630,"h":121},"frame":{"x":755,"y":173,"w":630,"h":121}},{"filename":"tournament-result/leader-bar","rotated":false,"trimmed":false,"sourceSize":{"w":630,"h":121},"spriteSourceSize":{"x":0,"y":0,"w":630,"h":121},"frame":{"x":2,"y":488,"w":630,"h":121}},{"filename":"tournament/tour-block-top","rotated":false,"trimmed":false,"sourceSize":{"w":613,"h":112},"spriteSourceSize":{"x":0,"y":0,"w":613,"h":112},"frame":{"x":2,"y":612,"w":613,"h":112}},{"filename":"tournament-result/title-panel","rotated":false,"trimmed":false,"sourceSize":{"w":546,"h":156},"spriteSourceSize":{"x":0,"y":0,"w":546,"h":156},"frame":{"x":1440,"y":2,"w":546,"h":156}},{"filename":"road/bg-image","rotated":false,"trimmed":false,"sourceSize":{"w":439,"h":240},"spriteSourceSize":{"x":0,"y":0,"w":439,"h":240},"frame":{"x":2,"y":727,"w":439,"h":240}},{"filename":"circle-black","rotated":false,"trimmed":false,"sourceSize":{"w":305,"h":305},"spriteSourceSize":{"x":0,"y":0,"w":305,"h":305},"frame":{"x":2,"y":970,"w":305,"h":305}},{"filename":"texts/well-done","rotated":false,"trimmed":false,"sourceSize":{"w":562,"h":105},"spriteSourceSize":{"x":0,"y":0,"w":562,"h":105},"frame":{"x":755,"y":297,"w":562,"h":105}},{"filename":"popup/bottom","rotated":false,"trimmed":false,"sourceSize":{"w":547,"h":42},"spriteSourceSize":{"x":0,"y":0,"w":547,"h":42},"frame":{"x":1440,"y":161,"w":547,"h":42}},{"filename":"popup/middle","rotated":false,"trimmed":false,"sourceSize":{"w":543,"h":42},"spriteSourceSize":{"x":0,"y":0,"w":543,"h":42},"frame":{"x":1388,"y":206,"w":543,"h":42}},{"filename":"popup/top","rotated":false,"trimmed":false,"sourceSize":{"w":543,"h":42},"spriteSourceSize":{"x":0,"y":0,"w":543,"h":42},"frame":{"x":1388,"y":251,"w":543,"h":42}},{"filename":"tournament/line","rotated":false,"trimmed":false,"sourceSize":{"w":509,"h":3},"spriteSourceSize":{"x":0,"y":0,"w":509,"h":3},"frame":{"x":1388,"y":296,"w":509,"h":3}},{"filename":"tournament-result/congratulations","rotated":false,"trimmed":false,"sourceSize":{"w":474,"h":52},"spriteSourceSize":{"x":0,"y":0,"w":474,"h":52},"frame":{"x":1320,"y":302,"w":474,"h":52}},{"filename":"texts/tournaments","rotated":false,"trimmed":false,"sourceSize":{"w":418,"h":52},"spriteSourceSize":{"x":0,"y":0,"w":418,"h":52},"frame":{"x":1320,"y":357,"w":418,"h":52}},{"filename":"coral-right","rotated":false,"trimmed":false,"sourceSize":{"w":135,"h":340},"spriteSourceSize":{"x":0,"y":0,"w":135,"h":340},"frame":{"x":310,"y":970,"w":135,"h":340}},{"filename":"tournament/cup","rotated":false,"trimmed":false,"sourceSize":{"w":244,"h":236},"spriteSourceSize":{"x":0,"y":0,"w":244,"h":236},"frame":{"x":444,"y":727,"w":244,"h":236}},{"filename":"coral-left","rotated":false,"trimmed":false,"sourceSize":{"w":124,"h":378},"spriteSourceSize":{"x":0,"y":0,"w":124,"h":378},"frame":{"x":448,"y":966,"w":124,"h":378}},{"filename":"setting-screen/button-blue","rotated":false,"trimmed":false,"sourceSize":{"w":394,"h":176},"spriteSourceSize":{"x":0,"y":0,"w":394,"h":176},"frame":{"x":635,"y":405,"w":394,"h":176}},{"filename":"tournament/button-create","rotated":false,"trimmed":false,"sourceSize":{"w":403,"h":135},"spriteSourceSize":{"x":0,"y":0,"w":403,"h":135},"frame":{"x":635,"y":584,"w":403,"h":135}},{"filename":"setting-screen/button-red-long","rotated":false,"trimmed":false,"sourceSize":{"w":394,"h":176},"spriteSourceSize":{"x":0,"y":0,"w":394,"h":176},"frame":{"x":691,"y":722,"w":394,"h":176}},{"filename":"texts/out-of-moves","rotated":false,"trimmed":false,"sourceSize":{"w":388,"h":55},"spriteSourceSize":{"x":0,"y":0,"w":388,"h":55},"frame":{"x":691,"y":901,"w":388,"h":55}},{"filename":"texts/second-chance","rotated":false,"trimmed":false,"sourceSize":{"w":394,"h":46},"spriteSourceSize":{"x":0,"y":0,"w":394,"h":46},"frame":{"x":691,"y":959,"w":394,"h":46}},{"filename":"buttons/button-green-long-rectangle","rotated":false,"trimmed":false,"sourceSize":{"w":354,"h":160},"spriteSourceSize":{"x":0,"y":0,"w":354,"h":160},"frame":{"x":575,"y":1008,"w":354,"h":160}},{"filename":"buttons/button-red-long-rectangle","rotated":false,"trimmed":false,"sourceSize":{"w":354,"h":160},"spriteSourceSize":{"x":0,"y":0,"w":354,"h":160},"frame":{"x":575,"y":1171,"w":354,"h":160}},{"filename":"preloader/dual-ring","rotated":false,"trimmed":false,"sourceSize":{"w":200,"h":200},"spriteSourceSize":{"x":0,"y":0,"w":200,"h":200},"frame":{"x":932,"y":1008,"w":200,"h":200}},{"filename":"buttons/button-green","rotated":false,"trimmed":false,"sourceSize":{"w":203,"h":145},"spriteSourceSize":{"x":0,"y":0,"w":203,"h":145},"frame":{"x":1032,"y":405,"w":203,"h":145}},{"filename":"buttons/button-tournament","rotated":false,"trimmed":false,"sourceSize":{"w":363,"h":135},"spriteSourceSize":{"x":0,"y":0,"w":363,"h":135},"frame":{"x":1238,"y":412,"w":363,"h":135}},{"filename":"buttons/button-continue","rotated":false,"trimmed":false,"sourceSize":{"w":354,"h":135},"spriteSourceSize":{"x":0,"y":0,"w":354,"h":135},"frame":{"x":1238,"y":550,"w":354,"h":135}},{"filename":"tournament-result/button-green","rotated":false,"trimmed":false,"sourceSize":{"w":354,"h":135},"spriteSourceSize":{"x":0,"y":0,"w":354,"h":135},"frame":{"x":1238,"y":550,"w":354,"h":135}},{"filename":"buttons/button-red","rotated":false,"trimmed":false,"sourceSize":{"w":203,"h":145},"spriteSourceSize":{"x":0,"y":0,"w":203,"h":145},"frame":{"x":932,"y":1211,"w":203,"h":145}},{"filename":"texts/journey","rotated":false,"trimmed":false,"sourceSize":{"w":261,"h":52},"spriteSourceSize":{"x":0,"y":0,"w":261,"h":52},"frame":{"x":2,"y":1278,"w":261,"h":52}},{"filename":"buttons/button-no","rotated":false,"trimmed":false,"sourceSize":{"w":176,"h":157},"spriteSourceSize":{"x":0,"y":0,"w":176,"h":157},"frame":{"x":1041,"y":553,"w":176,"h":157}},{"filename":"panel/mission","rotated":false,"trimmed":false,"sourceSize":{"w":331,"h":98},"spriteSourceSize":{"x":0,"y":0,"w":331,"h":98},"frame":{"x":1220,"y":688,"w":331,"h":98}},{"filename":"avatar/border","rotated":false,"trimmed":false,"sourceSize":{"w":138,"h":144},"spriteSourceSize":{"x":0,"y":0,"w":138,"h":144},"frame":{"x":1604,"y":412,"w":138,"h":144}},{"filename":"buttons/button-yes","rotated":false,"trimmed":false,"sourceSize":{"w":176,"h":157},"spriteSourceSize":{"x":0,"y":0,"w":176,"h":157},"frame":{"x":1595,"y":559,"w":176,"h":157}},{"filename":"buttons/button-blue-square","rotated":false,"trimmed":false,"sourceSize":{"w":111,"h":156},"spriteSourceSize":{"x":0,"y":0,"w":111,"h":156},"frame":{"x":1088,"y":713,"w":111,"h":156}},{"filename":"tournament/tab","rotated":false,"trimmed":false,"sourceSize":{"w":251,"h":48},"spriteSourceSize":{"x":0,"y":0,"w":251,"h":48},"frame":{"x":1202,"y":789,"w":251,"h":48}},{"filename":"tournament/time-panel","rotated":false,"trimmed":false,"sourceSize":{"w":212,"h":36},"spriteSourceSize":{"x":0,"y":0,"w":212,"h":36},"frame":{"x":1202,"y":840,"w":212,"h":36}},{"filename":"tournament/button-join","rotated":false,"trimmed":false,"sourceSize":{"w":189,"h":83},"spriteSourceSize":{"x":0,"y":0,"w":189,"h":83},"frame":{"x":1554,"y":719,"w":189,"h":83}},{"filename":"tournament/info-bg","rotated":false,"trimmed":false,"sourceSize":{"w":171,"h":30},"spriteSourceSize":{"x":0,"y":0,"w":171,"h":30},"frame":{"x":2,"y":1333,"w":171,"h":30}},{"filename":"icons/icon-settings-vibrate","rotated":false,"trimmed":false,"sourceSize":{"w":49,"h":63},"spriteSourceSize":{"x":0,"y":0,"w":49,"h":63},"frame":{"x":1989,"y":2,"w":49,"h":63}},{"filename":"buttons/button-setting","rotated":false,"trimmed":false,"sourceSize":{"w":111,"h":111},"spriteSourceSize":{"x":0,"y":0,"w":111,"h":111},"frame":{"x":1088,"y":872,"w":111,"h":111}},{"filename":"avatar/background","rotated":false,"trimmed":false,"sourceSize":{"w":157,"h":160},"spriteSourceSize":{"x":0,"y":0,"w":157,"h":160},"frame":{"x":1202,"y":879,"w":157,"h":160}},{"filename":"icons/circle-passed","rotated":false,"trimmed":false,"sourceSize":{"w":150,"h":150},"spriteSourceSize":{"x":0,"y":0,"w":150,"h":150},"frame":{"x":1135,"y":1042,"w":150,"h":150}},{"filename":"icons/circle-ready","rotated":false,"trimmed":false,"sourceSize":{"w":150,"h":150},"spriteSourceSize":{"x":0,"y":0,"w":150,"h":150},"frame":{"x":1138,"y":1195,"w":150,"h":150}},{"filename":"icons/circle-waiting","rotated":false,"trimmed":false,"sourceSize":{"w":150,"h":150},"spriteSourceSize":{"x":0,"y":0,"w":150,"h":150},"frame":{"x":1288,"y":1042,"w":150,"h":150}},{"filename":"buttons/button-green-rectangle","rotated":false,"trimmed":false,"sourceSize":{"w":134,"h":132},"spriteSourceSize":{"x":0,"y":0,"w":134,"h":132},"frame":{"x":1291,"y":1195,"w":134,"h":132}},{"filename":"buttons/button-red-square","rotated":false,"trimmed":false,"sourceSize":{"w":111,"h":156},"spriteSourceSize":{"x":0,"y":0,"w":111,"h":156},"frame":{"x":1362,"y":879,"w":111,"h":156}},{"filename":"tournament/tour-block-middle-left","rotated":false,"trimmed":false,"sourceSize":{"w":38,"h":216},"spriteSourceSize":{"x":0,"y":0,"w":38,"h":216},"frame":{"x":1441,"y":1038,"w":38,"h":216}},{"filename":"texts/tournaments-off","rotated":false,"trimmed":false,"sourceSize":{"w":157,"h":25},"spriteSourceSize":{"x":0,"y":0,"w":157,"h":25},"frame":{"x":575,"y":1334,"w":157,"h":25}},{"filename":"texts/tournaments-on","rotated":false,"trimmed":false,"sourceSize":{"w":157,"h":25},"spriteSourceSize":{"x":0,"y":0,"w":157,"h":25},"frame":{"x":735,"y":1334,"w":157,"h":25}},{"filename":"tournament/tour-block-middle-right","rotated":false,"trimmed":false,"sourceSize":{"w":36,"h":216},"spriteSourceSize":{"x":0,"y":0,"w":36,"h":216},"frame":{"x":1476,"y":789,"w":36,"h":216}},{"filename":"buttons/button-pink-rectangle","rotated":false,"trimmed":false,"sourceSize":{"w":134,"h":132},"spriteSourceSize":{"x":0,"y":0,"w":134,"h":132},"frame":{"x":1515,"y":805,"w":134,"h":132}},{"filename":"tournament-result/button-blue","rotated":false,"trimmed":false,"sourceSize":{"w":120,"h":133},"spriteSourceSize":{"x":0,"y":0,"w":120,"h":133},"frame":{"x":1652,"y":805,"w":120,"h":133}},{"filename":"buttons/button-settings","rotated":false,"trimmed":false,"sourceSize":{"w":131,"h":99},"spriteSourceSize":{"x":0,"y":0,"w":131,"h":99},"frame":{"x":1515,"y":940,"w":131,"h":99}},{"filename":"panel/level","rotated":false,"trimmed":false,"sourceSize":{"w":160,"h":98},"spriteSourceSize":{"x":0,"y":0,"w":160,"h":98},"frame":{"x":1482,"y":1042,"w":160,"h":98}},{"filename":"buttons/button-red-rectangle","rotated":false,"trimmed":false,"sourceSize":{"w":125,"h":122},"spriteSourceSize":{"x":0,"y":0,"w":125,"h":122},"frame":{"x":1482,"y":1143,"w":125,"h":122}},{"filename":"tournament-result/button-red","rotated":false,"trimmed":false,"sourceSize":{"w":120,"h":133},"spriteSourceSize":{"x":0,"y":0,"w":120,"h":133},"frame":{"x":1649,"y":941,"w":120,"h":133}},{"filename":"buttons/button-tab","rotated":false,"trimmed":false,"sourceSize":{"w":189,"h":65},"spriteSourceSize":{"x":0,"y":0,"w":189,"h":65},"frame":{"x":1428,"y":1268,"w":189,"h":65}},{"filename":"road/progress-bot-left","rotated":false,"trimmed":false,"sourceSize":{"w":120,"h":120},"spriteSourceSize":{"x":0,"y":0,"w":120,"h":120},"frame":{"x":1645,"y":1077,"w":120,"h":120}},{"filename":"texts/continue","rotated":false,"trimmed":false,"sourceSize":{"w":175,"h":38},"spriteSourceSize":{"x":0,"y":0,"w":175,"h":38},"frame":{"x":1610,"y":1200,"w":175,"h":38}},{"filename":"road/progress-bot-right","rotated":false,"trimmed":false,"sourceSize":{"w":120,"h":120},"spriteSourceSize":{"x":0,"y":0,"w":120,"h":120},"frame":{"x":1620,"y":1241,"w":120,"h":120}},{"filename":"road/progress-horizontal","rotated":false,"trimmed":false,"sourceSize":{"w":120,"h":120},"spriteSourceSize":{"x":0,"y":0,"w":120,"h":120},"frame":{"x":1743,"y":1241,"w":120,"h":120}},{"filename":"tournament/player-info-bg","rotated":false,"trimmed":false,"sourceSize":{"w":139,"h":30},"spriteSourceSize":{"x":0,"y":0,"w":139,"h":30},"frame":{"x":1291,"y":1336,"w":139,"h":30}},{"filename":"texts/journey-off","rotated":false,"trimmed":false,"sourceSize":{"w":98,"h":30},"spriteSourceSize":{"x":0,"y":0,"w":98,"h":30},"frame":{"x":1433,"y":1336,"w":98,"h":30}},{"filename":"blank","rotated":false,"trimmed":false,"sourceSize":{"w":100,"h":100},"spriteSourceSize":{"x":0,"y":0,"w":100,"h":100},"frame":{"x":1797,"y":302,"w":100,"h":100}},{"filename":"road/progress-top-left","rotated":false,"trimmed":false,"sourceSize":{"w":120,"h":120},"spriteSourceSize":{"x":0,"y":0,"w":120,"h":120},"frame":{"x":1745,"y":405,"w":120,"h":120}},{"filename":"road/progress-top-right","rotated":false,"trimmed":false,"sourceSize":{"w":120,"h":120},"spriteSourceSize":{"x":0,"y":0,"w":120,"h":120},"frame":{"x":1774,"y":528,"w":120,"h":120}},{"filename":"road/progress-vertical","rotated":false,"trimmed":false,"sourceSize":{"w":120,"h":120},"spriteSourceSize":{"x":0,"y":0,"w":120,"h":120},"frame":{"x":1774,"y":651,"w":120,"h":120}},{"filename":"road/road-bot-left","rotated":false,"trimmed":false,"sourceSize":{"w":120,"h":120},"spriteSourceSize":{"x":0,"y":0,"w":120,"h":120},"frame":{"x":1775,"y":774,"w":120,"h":120}},{"filename":"road/road-bot-right","rotated":false,"trimmed":false,"sourceSize":{"w":120,"h":120},"spriteSourceSize":{"x":0,"y":0,"w":120,"h":120},"frame":{"x":1868,"y":405,"w":120,"h":120}},{"filename":"road/road-horizontal","rotated":false,"trimmed":false,"sourceSize":{"w":120,"h":120},"spriteSourceSize":{"x":0,"y":0,"w":120,"h":120},"frame":{"x":1897,"y":528,"w":120,"h":120}},{"filename":"road/road-top-left","rotated":false,"trimmed":false,"sourceSize":{"w":120,"h":120},"spriteSourceSize":{"x":0,"y":0,"w":120,"h":120},"frame":{"x":1897,"y":651,"w":120,"h":120}},{"filename":"road/road-top-right","rotated":false,"trimmed":false,"sourceSize":{"w":120,"h":120},"spriteSourceSize":{"x":0,"y":0,"w":120,"h":120},"frame":{"x":1898,"y":774,"w":120,"h":120}},{"filename":"texts/no-thanks","rotated":false,"trimmed":false,"sourceSize":{"w":176,"h":35},"spriteSourceSize":{"x":0,"y":0,"w":176,"h":35},"frame":{"x":1775,"y":897,"w":176,"h":35}},{"filename":"tournament-result/cup-small","rotated":false,"trimmed":false,"sourceSize":{"w":52,"h":45},"spriteSourceSize":{"x":0,"y":0,"w":52,"h":45},"frame":{"x":1741,"y":357,"w":52,"h":45}},{"filename":"icons/icon-tournament-deactive","rotated":false,"trimmed":false,"sourceSize":{"w":75,"h":67},"spriteSourceSize":{"x":0,"y":0,"w":75,"h":67},"frame":{"x":618,"y":334,"w":75,"h":67}},{"filename":"icons/settings","rotated":false,"trimmed":false,"sourceSize":{"w":56,"h":59},"spriteSourceSize":{"x":0,"y":0,"w":56,"h":59},"frame":{"x":696,"y":334,"w":56,"h":59}},{"filename":"road/road-vertical","rotated":false,"trimmed":false,"sourceSize":{"w":120,"h":120},"spriteSourceSize":{"x":0,"y":0,"w":120,"h":120},"frame":{"x":1768,"y":1077,"w":120,"h":120}},{"filename":"icons/icon-close","rotated":false,"trimmed":false,"sourceSize":{"w":79,"h":111},"spriteSourceSize":{"x":0,"y":0,"w":79,"h":111},"frame":{"x":1934,"y":206,"w":79,"h":111}},{"filename":"icons/icon-cup","rotated":false,"trimmed":false,"sourceSize":{"w":45,"h":39},"spriteSourceSize":{"x":0,"y":0,"w":45,"h":39},"frame":{"x":575,"y":966,"w":45,"h":39}},{"filename":"avatar/border-avatar","rotated":false,"trimmed":false,"sourceSize":{"w":81,"h":81},"spriteSourceSize":{"x":0,"y":0,"w":81,"h":81},"frame":{"x":1900,"y":320,"w":81,"h":81}},{"filename":"texts/journey-on","rotated":false,"trimmed":false,"sourceSize":{"w":98,"h":30},"spriteSourceSize":{"x":0,"y":0,"w":98,"h":30},"frame":{"x":1788,"y":1200,"w":98,"h":30}},{"filename":"icons/dash","rotated":false,"trimmed":false,"sourceSize":{"w":47,"h":77},"spriteSourceSize":{"x":0,"y":0,"w":47,"h":77},"frame":{"x":1989,"y":68,"w":47,"h":77}},{"filename":"icons/icon-pause","rotated":false,"trimmed":false,"sourceSize":{"w":41,"h":45},"spriteSourceSize":{"x":0,"y":0,"w":41,"h":45},"frame":{"x":266,"y":1278,"w":41,"h":45}},{"filename":"tournament-result/bronze","rotated":false,"trimmed":false,"sourceSize":{"w":25,"h":39},"spriteSourceSize":{"x":0,"y":0,"w":25,"h":39},"frame":{"x":1746,"y":719,"w":25,"h":39}},{"filename":"avatar/avatar-border","rotated":false,"trimmed":false,"sourceSize":{"w":92,"h":93},"spriteSourceSize":{"x":0,"y":0,"w":92,"h":93},"frame":{"x":1866,"y":1233,"w":92,"h":93}},{"filename":"buttons/button-green-square","rotated":false,"trimmed":false,"sourceSize":{"w":51,"h":73},"spriteSourceSize":{"x":0,"y":0,"w":51,"h":73},"frame":{"x":1984,"y":320,"w":51,"h":73}},{"filename":"icons/icon-journey-active","rotated":false,"trimmed":false,"sourceSize":{"w":82,"h":72},"spriteSourceSize":{"x":0,"y":0,"w":82,"h":72},"frame":{"x":1954,"y":897,"w":82,"h":72}},{"filename":"texts/home-off","rotated":false,"trimmed":false,"sourceSize":{"w":71,"h":25},"spriteSourceSize":{"x":0,"y":0,"w":71,"h":25},"frame":{"x":176,"y":1333,"w":71,"h":25}},{"filename":"texts/home-on","rotated":false,"trimmed":false,"sourceSize":{"w":71,"h":25},"spriteSourceSize":{"x":0,"y":0,"w":71,"h":25},"frame":{"x":1534,"y":1336,"w":71,"h":25}},{"filename":"texts/play","rotated":false,"trimmed":false,"sourceSize":{"w":83,"h":48},"spriteSourceSize":{"x":0,"y":0,"w":83,"h":48},"frame":{"x":310,"y":1313,"w":83,"h":48}},{"filename":"tournament-result/gold","rotated":false,"trimmed":false,"sourceSize":{"w":21,"h":39},"spriteSourceSize":{"x":0,"y":0,"w":21,"h":39},"frame":{"x":623,"y":966,"w":21,"h":39}},{"filename":"icons/icon-journey-deactive","rotated":false,"trimmed":false,"sourceSize":{"w":81,"h":71},"spriteSourceSize":{"x":0,"y":0,"w":81,"h":71},"frame":{"x":1775,"y":935,"w":81,"h":71}},{"filename":"icons/icon-home-active","rotated":false,"trimmed":false,"sourceSize":{"w":73,"h":69},"spriteSourceSize":{"x":0,"y":0,"w":73,"h":69},"frame":{"x":1859,"y":935,"w":73,"h":69}},{"filename":"icons/icon-ads","rotated":false,"trimmed":false,"sourceSize":{"w":75,"h":59},"spriteSourceSize":{"x":0,"y":0,"w":75,"h":59},"frame":{"x":1772,"y":1009,"w":75,"h":59}},{"filename":"icons/icon-tournament-activepng","rotated":false,"trimmed":false,"sourceSize":{"w":74,"h":66},"spriteSourceSize":{"x":0,"y":0,"w":74,"h":66},"frame":{"x":1935,"y":972,"w":74,"h":66}},{"filename":"tournament-result/silver","rotated":false,"trimmed":false,"sourceSize":{"w":26,"h":40},"spriteSourceSize":{"x":0,"y":0,"w":26,"h":40},"frame":{"x":2012,"y":972,"w":26,"h":40}},{"filename":"icons/icon-create","rotated":false,"trimmed":false,"sourceSize":{"w":41,"h":42},"spriteSourceSize":{"x":0,"y":0,"w":41,"h":42},"frame":{"x":396,"y":1313,"w":41,"h":42}},{"filename":"icons/clock","rotated":false,"trimmed":false,"sourceSize":{"w":40,"h":42},"spriteSourceSize":{"x":0,"y":0,"w":40,"h":42},"frame":{"x":1991,"y":396,"w":40,"h":42}},{"filename":"icons/icon-player","rotated":false,"trimmed":false,"sourceSize":{"w":36,"h":41},"spriteSourceSize":{"x":0,"y":0,"w":36,"h":41},"frame":{"x":1991,"y":441,"w":36,"h":41}},{"filename":"icons/icon-settings-sound","rotated":false,"trimmed":false,"sourceSize":{"w":68,"h":59},"spriteSourceSize":{"x":0,"y":0,"w":68,"h":59},"frame":{"x":1859,"y":1007,"w":68,"h":59}},{"filename":"tournament-result/avatar-border","rotated":false,"trimmed":false,"sourceSize":{"w":69,"h":70},"spriteSourceSize":{"x":0,"y":0,"w":69,"h":70},"frame":{"x":1891,"y":1069,"w":69,"h":70}},{"filename":"avatar/avatar","rotated":false,"trimmed":false,"sourceSize":{"w":70,"h":69},"spriteSourceSize":{"x":0,"y":0,"w":70,"h":69},"frame":{"x":1891,"y":1142,"w":70,"h":69}},{"filename":"icons/icon-home-deactive","rotated":false,"trimmed":false,"sourceSize":{"w":72,"h":69},"spriteSourceSize":{"x":0,"y":0,"w":72,"h":69},"frame":{"x":1963,"y":1041,"w":72,"h":69}},{"filename":"icons/icon-restart","rotated":false,"trimmed":false,"sourceSize":{"w":62,"h":60},"spriteSourceSize":{"x":0,"y":0,"w":62,"h":60},"frame":{"x":1964,"y":1113,"w":62,"h":60}},{"filename":"icons/icon-settings-music","rotated":false,"trimmed":false,"sourceSize":{"w":56,"h":57},"spriteSourceSize":{"x":0,"y":0,"w":56,"h":57},"frame":{"x":1964,"y":1176,"w":56,"h":57}},{"filename":"icons/icon-share","rotated":false,"trimmed":false,"sourceSize":{"w":53,"h":60},"spriteSourceSize":{"x":0,"y":0,"w":53,"h":60},"frame":{"x":1961,"y":1236,"w":53,"h":60}},{"filename":"icons/icon-next","rotated":false,"trimmed":false,"sourceSize":{"w":50,"h":59},"spriteSourceSize":{"x":0,"y":0,"w":50,"h":59},"frame":{"x":1961,"y":1299,"w":50,"h":59}}]}],"meta":{"app":"https://www.codeandweb.com/texturepacker","version":"3.0","smartupdate":"$TexturePacker:SmartUpdate:5f9ad6c5f4871b2a1e5ca4be1eb63ff1:dd273195d853b85aa1220c2343846805:7cec1427f26d3cfe63eca714d91be479$"}}