{
	"textures": [
		{
			"image": "default-resources-0.png",
			"format": "RGBA8888",
			"size": {
				"w": 1024,
				"h": 1024
			},
			"scale": 1,
			"frames": [
				{
					"filename": "leaderboards/bg-top",
					"rotated": false,
					"trimmed": false,
					"sourceSize": {
						"w": 949,
						"h": 168
					},
					"spriteSourceSize": {
						"x": 0,
						"y": 0,
						"w": 949,
						"h": 168
					},
					"frame": {
						"x": 2,
						"y": 2,
						"w": 949,
						"h": 168
					}
				},
				{
					"filename": "bg/bg-middle",
					"rotated": false,
					"trimmed": false,
					"sourceSize": {
						"w": 719,
						"h": 849
					},
					"spriteSourceSize": {
						"x": 0,
						"y": 0,
						"w": 719,
						"h": 849
					},
					"frame": {
						"x": 2,
						"y": 173,
						"w": 719,
						"h": 849
					}
				},
				{
					"filename": "icons/dot",
					"rotated": false,
					"trimmed": false,
					"sourceSize": {
						"w": 68,
						"h": 70
					},
					"spriteSourceSize": {
						"x": 0,
						"y": 0,
						"w": 68,
						"h": 70
					},
					"frame": {
						"x": 954,
						"y": 2,
						"w": 68,
						"h": 70
					}
				},
				{
					"filename": "icons/icon-daily",
					"rotated": false,
					"trimmed": false,
					"sourceSize": {
						"w": 67,
						"h": 67
					},
					"spriteSourceSize": {
						"x": 0,
						"y": 0,
						"w": 67,
						"h": 67
					},
					"frame": {
						"x": 954,
						"y": 75,
						"w": 67,
						"h": 67
					}
				},
				{
					"filename": "texts/VS",
					"rotated": false,
					"trimmed": false,
					"sourceSize": {
						"w": 67,
						"h": 24
					},
					"spriteSourceSize": {
						"x": 0,
						"y": 0,
						"w": 67,
						"h": 24
					},
					"frame": {
						"x": 954,
						"y": 145,
						"w": 67,
						"h": 24
					}
				},
				{
					"filename": "texts/off",
					"rotated": false,
					"trimmed": false,
					"sourceSize": {
						"w": 66,
						"h": 33
					},
					"spriteSourceSize": {
						"x": 0,
						"y": 0,
						"w": 66,
						"h": 33
					},
					"frame": {
						"x": 954,
						"y": 172,
						"w": 66,
						"h": 33
					}
				},
				{
					"filename": "texts/play-single",
					"rotated": false,
					"trimmed": false,
					"sourceSize": {
						"w": 224,
						"h": 72
					},
					"spriteSourceSize": {
						"x": 0,
						"y": 0,
						"w": 224,
						"h": 72
					},
					"frame": {
						"x": 724,
						"y": 173,
						"w": 224,
						"h": 72
					}
				},
				{
					"filename": "icons/vibrate",
					"rotated": false,
					"trimmed": false,
					"sourceSize": {
						"w": 62,
						"h": 73
					},
					"spriteSourceSize": {
						"x": 0,
						"y": 0,
						"w": 62,
						"h": 73
					},
					"frame": {
						"x": 951,
						"y": 208,
						"w": 62,
						"h": 73
					}
				},
				{
					"filename": "texts/lose",
					"rotated": false,
					"trimmed": false,
					"sourceSize": {
						"w": 224,
						"h": 66
					},
					"spriteSourceSize": {
						"x": 0,
						"y": 0,
						"w": 224,
						"h": 66
					},
					"frame": {
						"x": 724,
						"y": 248,
						"w": 224,
						"h": 66
					}
				},
				{
					"filename": "texts/start",
					"rotated": false,
					"trimmed": false,
					"sourceSize": {
						"w": 62,
						"h": 62
					},
					"spriteSourceSize": {
						"x": 0,
						"y": 0,
						"w": 62,
						"h": 62
					},
					"frame": {
						"x": 951,
						"y": 284,
						"w": 62,
						"h": 62
					}
				},
				{
					"filename": "texts/keep-playing",
					"rotated": false,
					"trimmed": false,
					"sourceSize": {
						"w": 221,
						"h": 62
					},
					"spriteSourceSize": {
						"x": 0,
						"y": 0,
						"w": 221,
						"h": 62
					},
					"frame": {
						"x": 724,
						"y": 317,
						"w": 221,
						"h": 62
					}
				},
				{
					"filename": "icons/crown-big",
					"rotated": false,
					"trimmed": false,
					"sourceSize": {
						"w": 74,
						"h": 70
					},
					"spriteSourceSize": {
						"x": 0,
						"y": 0,
						"w": 74,
						"h": 70
					},
					"frame": {
						"x": 948,
						"y": 349,
						"w": 74,
						"h": 70
					}
				},
				{
					"filename": "texts/text-retry",
					"rotated": false,
					"trimmed": false,
					"sourceSize": {
						"w": 218,
						"h": 60
					},
					"spriteSourceSize": {
						"x": 0,
						"y": 0,
						"w": 218,
						"h": 60
					},
					"frame": {
						"x": 724,
						"y": 382,
						"w": 218,
						"h": 60
					}
				},
				{
					"filename": "icons/icon-journey",
					"rotated": false,
					"trimmed": false,
					"sourceSize": {
						"w": 73,
						"h": 62
					},
					"spriteSourceSize": {
						"x": 0,
						"y": 0,
						"w": 73,
						"h": 62
					},
					"frame": {
						"x": 945,
						"y": 422,
						"w": 73,
						"h": 62
					}
				},
				{
					"filename": "bg-combo",
					"rotated": false,
					"trimmed": true,
					"sourceSize": {
						"w": 212,
						"h": 87
					},
					"spriteSourceSize": {
						"x": 0,
						"y": 9,
						"w": 212,
						"h": 78
					},
					"frame": {
						"x": 724,
						"y": 445,
						"w": 212,
						"h": 78
					}
				},
				{
					"filename": "texts/friends-disable",
					"rotated": false,
					"trimmed": false,
					"sourceSize": {
						"w": 83,
						"h": 46
					},
					"spriteSourceSize": {
						"x": 0,
						"y": 0,
						"w": 83,
						"h": 46
					},
					"frame": {
						"x": 939,
						"y": 487,
						"w": 83,
						"h": 46
					}
				},
				{
					"filename": "bg-streak",
					"rotated": false,
					"trimmed": true,
					"sourceSize": {
						"w": 212,
						"h": 87
					},
					"spriteSourceSize": {
						"x": 0,
						"y": 9,
						"w": 212,
						"h": 78
					},
					"frame": {
						"x": 724,
						"y": 526,
						"w": 212,
						"h": 78
					}
				},
				{
					"filename": "texts/friends",
					"rotated": false,
					"trimmed": false,
					"sourceSize": {
						"w": 83,
						"h": 46
					},
					"spriteSourceSize": {
						"x": 0,
						"y": 0,
						"w": 83,
						"h": 46
					},
					"frame": {
						"x": 939,
						"y": 536,
						"w": 83,
						"h": 46
					}
				},
				{
					"filename": "buttons/minor",
					"rotated": false,
					"trimmed": false,
					"sourceSize": {
						"w": 82,
						"h": 71
					},
					"spriteSourceSize": {
						"x": 0,
						"y": 0,
						"w": 82,
						"h": 71
					},
					"frame": {
						"x": 939,
						"y": 585,
						"w": 82,
						"h": 71
					}
				},
				{
					"filename": "texts/start-over",
					"rotated": false,
					"trimmed": false,
					"sourceSize": {
						"w": 210,
						"h": 69
					},
					"spriteSourceSize": {
						"x": 0,
						"y": 0,
						"w": 210,
						"h": 69
					},
					"frame": {
						"x": 724,
						"y": 607,
						"w": 210,
						"h": 69
					}
				},
				{
					"filename": "buttons/share",
					"rotated": false,
					"trimmed": false,
					"sourceSize": {
						"w": 79,
						"h": 58
					},
					"spriteSourceSize": {
						"x": 0,
						"y": 0,
						"w": 79,
						"h": 58
					},
					"frame": {
						"x": 937,
						"y": 659,
						"w": 79,
						"h": 58
					}
				},
				{
					"filename": "texts/text-tutorial",
					"rotated": false,
					"trimmed": false,
					"sourceSize": {
						"w": 197,
						"h": 74
					},
					"spriteSourceSize": {
						"x": 0,
						"y": 0,
						"w": 197,
						"h": 74
					},
					"frame": {
						"x": 724,
						"y": 679,
						"w": 197,
						"h": 74
					}
				},
				{
					"filename": "texts/text-journey",
					"rotated": false,
					"trimmed": false,
					"sourceSize": {
						"w": 98,
						"h": 60
					},
					"spriteSourceSize": {
						"x": 0,
						"y": 0,
						"w": 98,
						"h": 60
					},
					"frame": {
						"x": 924,
						"y": 720,
						"w": 98,
						"h": 60
					}
				},
				{
					"filename": "texts/win",
					"rotated": false,
					"trimmed": false,
					"sourceSize": {
						"w": 194,
						"h": 62
					},
					"spriteSourceSize": {
						"x": 0,
						"y": 0,
						"w": 194,
						"h": 62
					},
					"frame": {
						"x": 724,
						"y": 756,
						"w": 194,
						"h": 62
					}
				},
				{
					"filename": "bg/level-locked",
					"rotated": false,
					"trimmed": false,
					"sourceSize": {
						"w": 101,
						"h": 83
					},
					"spriteSourceSize": {
						"x": 0,
						"y": 0,
						"w": 101,
						"h": 83
					},
					"frame": {
						"x": 921,
						"y": 783,
						"w": 101,
						"h": 83
					}
				},
				{
					"filename": "best-score-frame",
					"rotated": false,
					"trimmed": false,
					"sourceSize": {
						"w": 111,
						"h": 152
					},
					"spriteSourceSize": {
						"x": 0,
						"y": 0,
						"w": 111,
						"h": 152
					},
					"frame": {
						"x": 724,
						"y": 869,
						"w": 111,
						"h": 152
					}
				},
				{
					"filename": "texts/mission",
					"rotated": false,
					"trimmed": false,
					"sourceSize": {
						"w": 79,
						"h": 56
					},
					"spriteSourceSize": {
						"x": 0,
						"y": 0,
						"w": 79,
						"h": 56
					},
					"frame": {
						"x": 838,
						"y": 821,
						"w": 79,
						"h": 56
					}
				},
				{
					"filename": "icons/plus",
					"rotated": false,
					"trimmed": false,
					"sourceSize": {
						"w": 42,
						"h": 44
					},
					"spriteSourceSize": {
						"x": 0,
						"y": 0,
						"w": 42,
						"h": 44
					},
					"frame": {
						"x": 724,
						"y": 821,
						"w": 42,
						"h": 44
					}
				},
				{
					"filename": "icons/home",
					"rotated": false,
					"trimmed": false,
					"sourceSize": {
						"w": 47,
						"h": 43
					},
					"spriteSourceSize": {
						"x": 0,
						"y": 0,
						"w": 47,
						"h": 43
					},
					"frame": {
						"x": 769,
						"y": 821,
						"w": 47,
						"h": 43
					}
				},
				{
					"filename": "avatar/border",
					"rotated": false,
					"trimmed": true,
					"sourceSize": {
						"w": 138,
						"h": 144
					},
					"spriteSourceSize": {
						"x": 0,
						"y": 4,
						"w": 138,
						"h": 140
					},
					"frame": {
						"x": 838,
						"y": 880,
						"w": 138,
						"h": 140
					}
				},
				{
					"filename": "icons/cup-bronze",
					"rotated": false,
					"trimmed": false,
					"sourceSize": {
						"w": 43,
						"h": 36
					},
					"spriteSourceSize": {
						"x": 0,
						"y": 0,
						"w": 43,
						"h": 36
					},
					"frame": {
						"x": 979,
						"y": 869,
						"w": 43,
						"h": 36
					}
				},
				{
					"filename": "icons/cup-gold",
					"rotated": false,
					"trimmed": false,
					"sourceSize": {
						"w": 43,
						"h": 36
					},
					"spriteSourceSize": {
						"x": 0,
						"y": 0,
						"w": 43,
						"h": 36
					},
					"frame": {
						"x": 979,
						"y": 908,
						"w": 43,
						"h": 36
					}
				},
				{
					"filename": "icons/cup-silver",
					"rotated": false,
					"trimmed": false,
					"sourceSize": {
						"w": 43,
						"h": 36
					},
					"spriteSourceSize": {
						"x": 0,
						"y": 0,
						"w": 43,
						"h": 36
					},
					"frame": {
						"x": 979,
						"y": 947,
						"w": 43,
						"h": 36
					}
				},
				{
					"filename": "icons/clock",
					"rotated": false,
					"trimmed": false,
					"sourceSize": {
						"w": 34,
						"h": 35
					},
					"spriteSourceSize": {
						"x": 0,
						"y": 0,
						"w": 34,
						"h": 35
					},
					"frame": {
						"x": 979,
						"y": 986,
						"w": 34,
						"h": 35
					}
				}
			]
		},
		{
			"image": "default-resources-1.png",
			"format": "RGBA8888",
			"size": {
				"w": 1024,
				"h": 1024
			},
			"scale": 1,
			"frames": [
				{
					"filename": "leaderboards/bg-bottom",
					"rotated": false,
					"trimmed": false,
					"sourceSize": {
						"w": 949,
						"h": 67
					},
					"spriteSourceSize": {
						"x": 0,
						"y": 0,
						"w": 949,
						"h": 67
					},
					"frame": {
						"x": 2,
						"y": 2,
						"w": 949,
						"h": 67
					}
				},
				{
					"filename": "icons/sound",
					"rotated": false,
					"trimmed": false,
					"sourceSize": {
						"w": 62,
						"h": 54
					},
					"spriteSourceSize": {
						"x": 0,
						"y": 0,
						"w": 62,
						"h": 54
					},
					"frame": {
						"x": 954,
						"y": 2,
						"w": 62,
						"h": 54
					}
				},
				{
					"filename": "texts/on",
					"rotated": false,
					"trimmed": false,
					"sourceSize": {
						"w": 62,
						"h": 37
					},
					"spriteSourceSize": {
						"x": 0,
						"y": 0,
						"w": 62,
						"h": 37
					},
					"frame": {
						"x": 954,
						"y": 59,
						"w": 62,
						"h": 37
					}
				},
				{
					"filename": "leaderboards/bg-middle",
					"rotated": false,
					"trimmed": false,
					"sourceSize": {
						"w": 949,
						"h": 47
					},
					"spriteSourceSize": {
						"x": 0,
						"y": 0,
						"w": 949,
						"h": 47
					},
					"frame": {
						"x": 2,
						"y": 72,
						"w": 949,
						"h": 47
					}
				},
				{
					"filename": "icons/music",
					"rotated": false,
					"trimmed": false,
					"sourceSize": {
						"w": 56,
						"h": 61
					},
					"spriteSourceSize": {
						"x": 0,
						"y": 0,
						"w": 56,
						"h": 61
					},
					"frame": {
						"x": 954,
						"y": 99,
						"w": 56,
						"h": 61
					}
				},
				{
					"filename": "footer",
					"rotated": false,
					"trimmed": false,
					"sourceSize": {
						"w": 750,
						"h": 153
					},
					"spriteSourceSize": {
						"x": 0,
						"y": 0,
						"w": 750,
						"h": 153
					},
					"frame": {
						"x": 2,
						"y": 122,
						"w": 750,
						"h": 153
					}
				},
				{
					"filename": "texts/first-milestone",
					"rotated": false,
					"trimmed": false,
					"sourceSize": {
						"w": 267,
						"h": 91
					},
					"spriteSourceSize": {
						"x": 0,
						"y": 0,
						"w": 267,
						"h": 91
					},
					"frame": {
						"x": 755,
						"y": 163,
						"w": 267,
						"h": 91
					}
				},
				{
					"filename": "icons/back",
					"rotated": false,
					"trimmed": false,
					"sourceSize": {
						"w": 50,
						"h": 38
					},
					"spriteSourceSize": {
						"x": 0,
						"y": 0,
						"w": 50,
						"h": 38
					},
					"frame": {
						"x": 755,
						"y": 122,
						"w": 50,
						"h": 38
					}
				},
				{
					"filename": "icons/sword",
					"rotated": false,
					"trimmed": false,
					"sourceSize": {
						"w": 46,
						"h": 38
					},
					"spriteSourceSize": {
						"x": 0,
						"y": 0,
						"w": 46,
						"h": 38
					},
					"frame": {
						"x": 808,
						"y": 122,
						"w": 46,
						"h": 38
					}
				},
				{
					"filename": "icons/check",
					"rotated": false,
					"trimmed": false,
					"sourceSize": {
						"w": 44,
						"h": 35
					},
					"spriteSourceSize": {
						"x": 0,
						"y": 0,
						"w": 44,
						"h": 35
					},
					"frame": {
						"x": 857,
						"y": 122,
						"w": 44,
						"h": 35
					}
				},
				{
					"filename": "texts/invite-friends",
					"rotated": false,
					"trimmed": false,
					"sourceSize": {
						"w": 264,
						"h": 71
					},
					"spriteSourceSize": {
						"x": 0,
						"y": 0,
						"w": 264,
						"h": 71
					},
					"frame": {
						"x": 755,
						"y": 257,
						"w": 264,
						"h": 71
					}
				},
				{
					"filename": "border-bottom-panel",
					"rotated": false,
					"trimmed": false,
					"sourceSize": {
						"w": 750,
						"h": 36
					},
					"spriteSourceSize": {
						"x": 0,
						"y": 0,
						"w": 750,
						"h": 36
					},
					"frame": {
						"x": 2,
						"y": 278,
						"w": 750,
						"h": 36
					}
				},
				{
					"filename": "icons/sword-blue",
					"rotated": false,
					"trimmed": false,
					"sourceSize": {
						"w": 35,
						"h": 31
					},
					"spriteSourceSize": {
						"x": 0,
						"y": 0,
						"w": 35,
						"h": 31
					},
					"frame": {
						"x": 904,
						"y": 122,
						"w": 35,
						"h": 31
					}
				},
				{
					"filename": "bg/bg-bottom",
					"rotated": false,
					"trimmed": false,
					"sourceSize": {
						"w": 719,
						"h": 111
					},
					"spriteSourceSize": {
						"x": 0,
						"y": 0,
						"w": 719,
						"h": 111
					},
					"frame": {
						"x": 2,
						"y": 317,
						"w": 719,
						"h": 111
					}
				},
				{
					"filename": "texts/refill-lives",
					"rotated": false,
					"trimmed": false,
					"sourceSize": {
						"w": 284,
						"h": 53
					},
					"spriteSourceSize": {
						"x": 0,
						"y": 0,
						"w": 284,
						"h": 53
					},
					"frame": {
						"x": 724,
						"y": 331,
						"w": 284,
						"h": 53
					}
				},
				{
					"filename": "daily-challenge/title-panel",
					"rotated": false,
					"trimmed": false,
					"sourceSize": {
						"w": 282,
						"h": 69
					},
					"spriteSourceSize": {
						"x": 0,
						"y": 0,
						"w": 282,
						"h": 69
					},
					"frame": {
						"x": 724,
						"y": 387,
						"w": 282,
						"h": 69
					}
				},
				{
					"filename": "bg/bg-top",
					"rotated": false,
					"trimmed": false,
					"sourceSize": {
						"w": 719,
						"h": 111
					},
					"spriteSourceSize": {
						"x": 0,
						"y": 0,
						"w": 719,
						"h": 111
					},
					"frame": {
						"x": 2,
						"y": 431,
						"w": 719,
						"h": 111
					}
				},
				{
					"filename": "bottom-panel",
					"rotated": false,
					"trimmed": false,
					"sourceSize": {
						"w": 281,
						"h": 171
					},
					"spriteSourceSize": {
						"x": 0,
						"y": 0,
						"w": 281,
						"h": 171
					},
					"frame": {
						"x": 724,
						"y": 459,
						"w": 281,
						"h": 171
					}
				},
				{
					"filename": "bg/bg-dark",
					"rotated": false,
					"trimmed": false,
					"sourceSize": {
						"w": 243,
						"h": 303
					},
					"spriteSourceSize": {
						"x": 0,
						"y": 0,
						"w": 243,
						"h": 303
					},
					"frame": {
						"x": 2,
						"y": 633,
						"w": 243,
						"h": 303
					}
				},
				{
					"filename": "texts/draw",
					"rotated": false,
					"trimmed": false,
					"sourceSize": {
						"w": 86,
						"h": 83
					},
					"spriteSourceSize": {
						"x": 0,
						"y": 0,
						"w": 86,
						"h": 83
					},
					"frame": {
						"x": 2,
						"y": 939,
						"w": 86,
						"h": 83
					}
				},
				{
					"filename": "buttons/green",
					"rotated": false,
					"trimmed": false,
					"sourceSize": {
						"w": 238,
						"h": 82
					},
					"spriteSourceSize": {
						"x": 0,
						"y": 0,
						"w": 238,
						"h": 82
					},
					"frame": {
						"x": 91,
						"y": 939,
						"w": 238,
						"h": 82
					}
				},
				{
					"filename": "best-score-frame-long",
					"rotated": false,
					"trimmed": false,
					"sourceSize": {
						"w": 386,
						"h": 154
					},
					"spriteSourceSize": {
						"x": 0,
						"y": 0,
						"w": 386,
						"h": 154
					},
					"frame": {
						"x": 332,
						"y": 545,
						"w": 386,
						"h": 154
					}
				},
				{
					"filename": "wood-panel",
					"rotated": false,
					"trimmed": false,
					"sourceSize": {
						"w": 301,
						"h": 56
					},
					"spriteSourceSize": {
						"x": 0,
						"y": 0,
						"w": 301,
						"h": 56
					},
					"frame": {
						"x": 721,
						"y": 633,
						"w": 301,
						"h": 56
					}
				},
				{
					"filename": "popup/score-panel",
					"rotated": false,
					"trimmed": false,
					"sourceSize": {
						"w": 299,
						"h": 92
					},
					"spriteSourceSize": {
						"x": 0,
						"y": 0,
						"w": 299,
						"h": 92
					},
					"frame": {
						"x": 721,
						"y": 692,
						"w": 299,
						"h": 92
					}
				},
				{
					"filename": "texts/second-chance",
					"rotated": false,
					"trimmed": false,
					"sourceSize": {
						"w": 385,
						"h": 66
					},
					"spriteSourceSize": {
						"x": 0,
						"y": 0,
						"w": 385,
						"h": 66
					},
					"frame": {
						"x": 332,
						"y": 702,
						"w": 385,
						"h": 66
					}
				},
				{
					"filename": "preloader/dual-ring",
					"rotated": false,
					"trimmed": true,
					"sourceSize": {
						"w": 200,
						"h": 200
					},
					"spriteSourceSize": {
						"x": 27,
						"y": 26,
						"w": 146,
						"h": 148
					},
					"frame": {
						"x": 248,
						"y": 787,
						"w": 146,
						"h": 148
					}
				},
				{
					"filename": "buttons/dark-blue-big",
					"rotated": false,
					"trimmed": false,
					"sourceSize": {
						"w": 179,
						"h": 82
					},
					"spriteSourceSize": {
						"x": 0,
						"y": 0,
						"w": 179,
						"h": 82
					},
					"frame": {
						"x": 332,
						"y": 938,
						"w": 179,
						"h": 82
					}
				},
				{
					"filename": "daily-challenge/bg-item-dark",
					"rotated": false,
					"trimmed": false,
					"sourceSize": {
						"w": 508,
						"h": 81
					},
					"spriteSourceSize": {
						"x": 0,
						"y": 0,
						"w": 508,
						"h": 81
					},
					"frame": {
						"x": 514,
						"y": 787,
						"w": 508,
						"h": 81
					}
				},
				{
					"filename": "daily-challenge/bg-item-light",
					"rotated": false,
					"trimmed": false,
					"sourceSize": {
						"w": 508,
						"h": 81
					},
					"spriteSourceSize": {
						"x": 0,
						"y": 0,
						"w": 508,
						"h": 81
					},
					"frame": {
						"x": 514,
						"y": 871,
						"w": 508,
						"h": 81
					}
				},
				{
					"filename": "texts/waiting-for-opponent",
					"rotated": false,
					"trimmed": false,
					"sourceSize": {
						"w": 231,
						"h": 67
					},
					"spriteSourceSize": {
						"x": 0,
						"y": 0,
						"w": 231,
						"h": 67
					},
					"frame": {
						"x": 514,
						"y": 955,
						"w": 231,
						"h": 67
					}
				},
				{
					"filename": "bg/level-playing",
					"rotated": false,
					"trimmed": false,
					"sourceSize": {
						"w": 113,
						"h": 94
					},
					"spriteSourceSize": {
						"x": 0,
						"y": 0,
						"w": 113,
						"h": 94
					},
					"frame": {
						"x": 397,
						"y": 771,
						"w": 113,
						"h": 94
					}
				},
				{
					"filename": "leaderboards/tab-off",
					"rotated": false,
					"trimmed": false,
					"sourceSize": {
						"w": 113,
						"h": 36
					},
					"spriteSourceSize": {
						"x": 0,
						"y": 0,
						"w": 113,
						"h": 36
					},
					"frame": {
						"x": 397,
						"y": 868,
						"w": 113,
						"h": 36
					}
				},
				{
					"filename": "icons/crown",
					"rotated": false,
					"trimmed": false,
					"sourceSize": {
						"w": 31,
						"h": 27
					},
					"spriteSourceSize": {
						"x": 0,
						"y": 0,
						"w": 31,
						"h": 27
					},
					"frame": {
						"x": 397,
						"y": 907,
						"w": 31,
						"h": 27
					}
				},
				{
					"filename": "texts/daily-challenge",
					"rotated": false,
					"trimmed": false,
					"sourceSize": {
						"w": 248,
						"h": 65
					},
					"spriteSourceSize": {
						"x": 0,
						"y": 0,
						"w": 248,
						"h": 65
					},
					"frame": {
						"x": 748,
						"y": 955,
						"w": 248,
						"h": 65
					}
				},
				{
					"filename": "buttons/green-big",
					"rotated": false,
					"trimmed": false,
					"sourceSize": {
						"w": 179,
						"h": 82
					},
					"spriteSourceSize": {
						"x": 0,
						"y": 0,
						"w": 179,
						"h": 82
					},
					"frame": {
						"x": 2,
						"y": 545,
						"w": 179,
						"h": 82
					}
				},
				{
					"filename": "bg/level-played",
					"rotated": false,
					"trimmed": false,
					"sourceSize": {
						"w": 100,
						"h": 82
					},
					"spriteSourceSize": {
						"x": 0,
						"y": 0,
						"w": 100,
						"h": 82
					},
					"frame": {
						"x": 184,
						"y": 545,
						"w": 100,
						"h": 82
					}
				},
				{
					"filename": "icons/setting",
					"rotated": false,
					"trimmed": false,
					"sourceSize": {
						"w": 42,
						"h": 41
					},
					"spriteSourceSize": {
						"x": 0,
						"y": 0,
						"w": 42,
						"h": 41
					},
					"frame": {
						"x": 287,
						"y": 545,
						"w": 42,
						"h": 41
					}
				},
				{
					"filename": "icons/white-journey",
					"rotated": false,
					"trimmed": false,
					"sourceSize": {
						"w": 42,
						"h": 40
					},
					"spriteSourceSize": {
						"x": 0,
						"y": 0,
						"w": 42,
						"h": 40
					},
					"frame": {
						"x": 287,
						"y": 589,
						"w": 42,
						"h": 40
					}
				},
				{
					"filename": "texts/world-disable",
					"rotated": false,
					"trimmed": false,
					"sourceSize": {
						"w": 36,
						"h": 53
					},
					"spriteSourceSize": {
						"x": 0,
						"y": 0,
						"w": 36,
						"h": 53
					},
					"frame": {
						"x": 248,
						"y": 630,
						"w": 36,
						"h": 53
					}
				},
				{
					"filename": "buttons/circle-button",
					"rotated": false,
					"trimmed": false,
					"sourceSize": {
						"w": 41,
						"h": 41
					},
					"spriteSourceSize": {
						"x": 0,
						"y": 0,
						"w": 41,
						"h": 41
					},
					"frame": {
						"x": 287,
						"y": 632,
						"w": 41,
						"h": 41
					}
				},
				{
					"filename": "icons/replay",
					"rotated": false,
					"trimmed": false,
					"sourceSize": {
						"w": 40,
						"h": 47
					},
					"spriteSourceSize": {
						"x": 0,
						"y": 0,
						"w": 40,
						"h": 47
					},
					"frame": {
						"x": 287,
						"y": 676,
						"w": 40,
						"h": 47
					}
				},
				{
					"filename": "texts/world",
					"rotated": false,
					"trimmed": false,
					"sourceSize": {
						"w": 36,
						"h": 53
					},
					"spriteSourceSize": {
						"x": 0,
						"y": 0,
						"w": 36,
						"h": 53
					},
					"frame": {
						"x": 248,
						"y": 686,
						"w": 36,
						"h": 53
					}
				},
				{
					"filename": "icons/brown-journey",
					"rotated": false,
					"trimmed": false,
					"sourceSize": {
						"w": 45,
						"h": 42
					},
					"spriteSourceSize": {
						"x": 0,
						"y": 0,
						"w": 45,
						"h": 42
					},
					"frame": {
						"x": 248,
						"y": 742,
						"w": 45,
						"h": 42
					}
				},
				{
					"filename": "icons/share-blue",
					"rotated": false,
					"trimmed": false,
					"sourceSize": {
						"w": 32,
						"h": 43
					},
					"spriteSourceSize": {
						"x": 0,
						"y": 0,
						"w": 32,
						"h": 43
					},
					"frame": {
						"x": 296,
						"y": 726,
						"w": 32,
						"h": 43
					}
				}
			]
		},
		{
			"image": "default-resources-2.png",
			"format": "RGBA8888",
			"size": {
				"w": 1024,
				"h": 1024
			},
			"scale": 1,
			"frames": [
				{
					"filename": "leaf",
					"rotated": false,
					"trimmed": false,
					"sourceSize": {
						"w": 563,
						"h": 132
					},
					"spriteSourceSize": {
						"x": 0,
						"y": 0,
						"w": 563,
						"h": 132
					},
					"frame": {
						"x": 2,
						"y": 2,
						"w": 563,
						"h": 132
					}
				},
				{
					"filename": "texts/out-of-live",
					"rotated": false,
					"trimmed": false,
					"sourceSize": {
						"w": 454,
						"h": 62
					},
					"spriteSourceSize": {
						"x": 0,
						"y": 0,
						"w": 454,
						"h": 62
					},
					"frame": {
						"x": 568,
						"y": 2,
						"w": 454,
						"h": 62
					}
				},
				{
					"filename": "popup/middle",
					"rotated": false,
					"trimmed": false,
					"sourceSize": {
						"w": 431,
						"h": 227
					},
					"spriteSourceSize": {
						"x": 0,
						"y": 0,
						"w": 431,
						"h": 227
					},
					"frame": {
						"x": 568,
						"y": 67,
						"w": 431,
						"h": 227
					}
				},
				{
					"filename": "score-panel",
					"rotated": false,
					"trimmed": false,
					"sourceSize": {
						"w": 526,
						"h": 152
					},
					"spriteSourceSize": {
						"x": 0,
						"y": 0,
						"w": 526,
						"h": 152
					},
					"frame": {
						"x": 2,
						"y": 137,
						"w": 526,
						"h": 152
					}
				},
				{
					"filename": "icons/i-play",
					"rotated": false,
					"trimmed": false,
					"sourceSize": {
						"w": 31,
						"h": 39
					},
					"spriteSourceSize": {
						"x": 0,
						"y": 0,
						"w": 31,
						"h": 39
					},
					"frame": {
						"x": 531,
						"y": 137,
						"w": 31,
						"h": 39
					}
				},
				{
					"filename": "texts/no",
					"rotated": false,
					"trimmed": false,
					"sourceSize": {
						"w": 29,
						"h": 42
					},
					"spriteSourceSize": {
						"x": 0,
						"y": 0,
						"w": 29,
						"h": 42
					},
					"frame": {
						"x": 531,
						"y": 179,
						"w": 29,
						"h": 42
					}
				},
				{
					"filename": "daily-challenge/bottom-panel",
					"rotated": false,
					"trimmed": false,
					"sourceSize": {
						"w": 521,
						"h": 30
					},
					"spriteSourceSize": {
						"x": 0,
						"y": 0,
						"w": 521,
						"h": 30
					},
					"frame": {
						"x": 2,
						"y": 292,
						"w": 521,
						"h": 30
					}
				},
				{
					"filename": "icons/share",
					"rotated": false,
					"trimmed": false,
					"sourceSize": {
						"w": 36,
						"h": 47
					},
					"spriteSourceSize": {
						"x": 0,
						"y": 0,
						"w": 36,
						"h": 47
					},
					"frame": {
						"x": 526,
						"y": 292,
						"w": 36,
						"h": 47
					}
				},
				{
					"filename": "daily-challenge/top-panel",
					"rotated": false,
					"trimmed": false,
					"sourceSize": {
						"w": 521,
						"h": 30
					},
					"spriteSourceSize": {
						"x": 0,
						"y": 0,
						"w": 521,
						"h": 30
					},
					"frame": {
						"x": 2,
						"y": 325,
						"w": 521,
						"h": 30
					}
				},
				{
					"filename": "popup/top-dark",
					"rotated": false,
					"trimmed": false,
					"sourceSize": {
						"w": 431,
						"h": 89
					},
					"spriteSourceSize": {
						"x": 0,
						"y": 0,
						"w": 431,
						"h": 89
					},
					"frame": {
						"x": 565,
						"y": 297,
						"w": 431,
						"h": 89
					}
				},
				{
					"filename": "daily-challenge/middle-panel",
					"rotated": false,
					"trimmed": false,
					"sourceSize": {
						"w": 521,
						"h": 26
					},
					"spriteSourceSize": {
						"x": 0,
						"y": 0,
						"w": 521,
						"h": 26
					},
					"frame": {
						"x": 2,
						"y": 358,
						"w": 521,
						"h": 26
					}
				},
				{
					"filename": "daily-challenge/bg",
					"rotated": false,
					"trimmed": false,
					"sourceSize": {
						"w": 520,
						"h": 285
					},
					"spriteSourceSize": {
						"x": 0,
						"y": 0,
						"w": 520,
						"h": 285
					},
					"frame": {
						"x": 2,
						"y": 387,
						"w": 520,
						"h": 285
					}
				},
				{
					"filename": "popup/top",
					"rotated": false,
					"trimmed": false,
					"sourceSize": {
						"w": 431,
						"h": 89
					},
					"spriteSourceSize": {
						"x": 0,
						"y": 0,
						"w": 431,
						"h": 89
					},
					"frame": {
						"x": 525,
						"y": 389,
						"w": 431,
						"h": 89
					}
				},
				{
					"filename": "buttons/dot-blue",
					"rotated": false,
					"trimmed": false,
					"sourceSize": {
						"w": 56,
						"h": 54
					},
					"spriteSourceSize": {
						"x": 0,
						"y": 0,
						"w": 56,
						"h": 54
					},
					"frame": {
						"x": 959,
						"y": 389,
						"w": 56,
						"h": 54
					}
				},
				{
					"filename": "buttons/dot-green",
					"rotated": false,
					"trimmed": false,
					"sourceSize": {
						"w": 56,
						"h": 54
					},
					"spriteSourceSize": {
						"x": 0,
						"y": 0,
						"w": 56,
						"h": 54
					},
					"frame": {
						"x": 959,
						"y": 446,
						"w": 56,
						"h": 54
					}
				},
				{
					"filename": "popup/bottom",
					"rotated": false,
					"trimmed": false,
					"sourceSize": {
						"w": 431,
						"h": 27
					},
					"spriteSourceSize": {
						"x": 0,
						"y": 0,
						"w": 431,
						"h": 27
					},
					"frame": {
						"x": 525,
						"y": 481,
						"w": 431,
						"h": 27
					}
				},
				{
					"filename": "texts/yes",
					"rotated": false,
					"trimmed": false,
					"sourceSize": {
						"w": 52,
						"h": 57
					},
					"spriteSourceSize": {
						"x": 0,
						"y": 0,
						"w": 52,
						"h": 57
					},
					"frame": {
						"x": 959,
						"y": 503,
						"w": 52,
						"h": 57
					}
				},
				{
					"filename": "popup/background",
					"rotated": false,
					"trimmed": false,
					"sourceSize": {
						"w": 395,
						"h": 221
					},
					"spriteSourceSize": {
						"x": 0,
						"y": 0,
						"w": 395,
						"h": 221
					},
					"frame": {
						"x": 525,
						"y": 511,
						"w": 395,
						"h": 221
					}
				},
				{
					"filename": "texts/continue",
					"rotated": false,
					"trimmed": false,
					"sourceSize": {
						"w": 99,
						"h": 49
					},
					"spriteSourceSize": {
						"x": 0,
						"y": 0,
						"w": 99,
						"h": 49
					},
					"frame": {
						"x": 923,
						"y": 563,
						"w": 99,
						"h": 49
					}
				},
				{
					"filename": "text-target-panel",
					"rotated": false,
					"trimmed": false,
					"sourceSize": {
						"w": 98,
						"h": 46
					},
					"spriteSourceSize": {
						"x": 0,
						"y": 0,
						"w": 98,
						"h": 46
					},
					"frame": {
						"x": 923,
						"y": 615,
						"w": 98,
						"h": 46
					}
				},
				{
					"filename": "texts/no-thank",
					"rotated": false,
					"trimmed": false,
					"sourceSize": {
						"w": 98,
						"h": 29
					},
					"spriteSourceSize": {
						"x": 0,
						"y": 0,
						"w": 98,
						"h": 29
					},
					"frame": {
						"x": 923,
						"y": 664,
						"w": 98,
						"h": 29
					}
				},
				{
					"filename": "texts/text-ranking",
					"rotated": false,
					"trimmed": false,
					"sourceSize": {
						"w": 97,
						"h": 50
					},
					"spriteSourceSize": {
						"x": 0,
						"y": 0,
						"w": 97,
						"h": 50
					},
					"frame": {
						"x": 923,
						"y": 696,
						"w": 97,
						"h": 50
					}
				},
				{
					"filename": "border-daily",
					"rotated": false,
					"trimmed": false,
					"sourceSize": {
						"w": 518,
						"h": 51
					},
					"spriteSourceSize": {
						"x": 0,
						"y": 0,
						"w": 518,
						"h": 51
					},
					"frame": {
						"x": 2,
						"y": 675,
						"w": 518,
						"h": 51
					}
				},
				{
					"filename": "lives/heart",
					"rotated": false,
					"trimmed": false,
					"sourceSize": {
						"w": 339,
						"h": 279
					},
					"spriteSourceSize": {
						"x": 0,
						"y": 0,
						"w": 339,
						"h": 279
					},
					"frame": {
						"x": 2,
						"y": 735,
						"w": 339,
						"h": 279
					}
				},
				{
					"filename": "buttons/dark-blue-small",
					"rotated": false,
					"trimmed": false,
					"sourceSize": {
						"w": 178,
						"h": 74
					},
					"spriteSourceSize": {
						"x": 0,
						"y": 0,
						"w": 178,
						"h": 74
					},
					"frame": {
						"x": 344,
						"y": 729,
						"w": 178,
						"h": 74
					}
				},
				{
					"filename": "buttons/dark-blue",
					"rotated": false,
					"trimmed": false,
					"sourceSize": {
						"w": 365,
						"h": 107
					},
					"spriteSourceSize": {
						"x": 0,
						"y": 0,
						"w": 365,
						"h": 107
					},
					"frame": {
						"x": 525,
						"y": 735,
						"w": 365,
						"h": 107
					}
				},
				{
					"filename": "avatar/border-big",
					"rotated": false,
					"trimmed": false,
					"sourceSize": {
						"w": 175,
						"h": 175
					},
					"spriteSourceSize": {
						"x": 0,
						"y": 0,
						"w": 175,
						"h": 175
					},
					"frame": {
						"x": 344,
						"y": 845,
						"w": 175,
						"h": 175
					}
				},
				{
					"filename": "leaderboards/tab-on",
					"rotated": false,
					"trimmed": false,
					"sourceSize": {
						"w": 113,
						"h": 36
					},
					"spriteSourceSize": {
						"x": 0,
						"y": 0,
						"w": 113,
						"h": 36
					},
					"frame": {
						"x": 344,
						"y": 806,
						"w": 113,
						"h": 36
					}
				},
				{
					"filename": "buttons/skip",
					"rotated": false,
					"trimmed": false,
					"sourceSize": {
						"w": 120,
						"h": 71
					},
					"spriteSourceSize": {
						"x": 0,
						"y": 0,
						"w": 120,
						"h": 71
					},
					"frame": {
						"x": 893,
						"y": 749,
						"w": 120,
						"h": 71
					}
				},
				{
					"filename": "avatar/border-challenge",
					"rotated": false,
					"trimmed": false,
					"sourceSize": {
						"w": 119,
						"h": 118
					},
					"spriteSourceSize": {
						"x": 0,
						"y": 0,
						"w": 119,
						"h": 118
					},
					"frame": {
						"x": 893,
						"y": 823,
						"w": 119,
						"h": 118
					}
				},
				{
					"filename": "texts/play-with",
					"rotated": false,
					"trimmed": false,
					"sourceSize": {
						"w": 158,
						"h": 76
					},
					"spriteSourceSize": {
						"x": 0,
						"y": 0,
						"w": 158,
						"h": 76
					},
					"frame": {
						"x": 522,
						"y": 944,
						"w": 158,
						"h": 76
					}
				},
				{
					"filename": "texts/your-score",
					"rotated": false,
					"trimmed": false,
					"sourceSize": {
						"w": 234,
						"h": 73
					},
					"spriteSourceSize": {
						"x": 0,
						"y": 0,
						"w": 234,
						"h": 73
					},
					"frame": {
						"x": 683,
						"y": 944,
						"w": 234,
						"h": 73
					}
				},
				{
					"filename": "texts/congratulations",
					"rotated": false,
					"trimmed": false,
					"sourceSize": {
						"w": 93,
						"h": 62
					},
					"spriteSourceSize": {
						"x": 0,
						"y": 0,
						"w": 93,
						"h": 62
					},
					"frame": {
						"x": 920,
						"y": 944,
						"w": 93,
						"h": 62
					}
				},
				{
					"filename": "lives/time-block",
					"rotated": false,
					"trimmed": false,
					"sourceSize": {
						"w": 346,
						"h": 87
					},
					"spriteSourceSize": {
						"x": 0,
						"y": 0,
						"w": 346,
						"h": 87
					},
					"frame": {
						"x": 522,
						"y": 845,
						"w": 346,
						"h": 87
					}
				}
			]
		},
		{
			"image": "default-resources-3.png",
			"format": "RGBA8888",
			"size": {
				"w": 673,
				"h": 673
			},
			"scale": 1,
			"frames": [
				{
					"filename": "lives/time-block-2",
					"rotated": false,
					"trimmed": false,
					"sourceSize": {
						"w": 363,
						"h": 108
					},
					"spriteSourceSize": {
						"x": 0,
						"y": 0,
						"w": 363,
						"h": 108
					},
					"frame": {
						"x": 2,
						"y": 2,
						"w": 363,
						"h": 108
					}
				},
				{
					"filename": "bg-progress-circle",
					"rotated": false,
					"trimmed": false,
					"sourceSize": {
						"w": 232,
						"h": 231
					},
					"spriteSourceSize": {
						"x": 0,
						"y": 0,
						"w": 232,
						"h": 231
					},
					"frame": {
						"x": 2,
						"y": 113,
						"w": 232,
						"h": 231
					}
				},
				{
					"filename": "buttons/green-large",
					"rotated": false,
					"trimmed": false,
					"sourceSize": {
						"w": 330,
						"h": 107
					},
					"spriteSourceSize": {
						"x": 0,
						"y": 0,
						"w": 330,
						"h": 107
					},
					"frame": {
						"x": 2,
						"y": 347,
						"w": 330,
						"h": 107
					}
				},
				{
					"filename": "buttons/brown",
					"rotated": false,
					"trimmed": false,
					"sourceSize": {
						"w": 329,
						"h": 81
					},
					"spriteSourceSize": {
						"x": 0,
						"y": 0,
						"w": 329,
						"h": 81
					},
					"frame": {
						"x": 2,
						"y": 457,
						"w": 329,
						"h": 81
					}
				},
				{
					"filename": "texts/next-milestone",
					"rotated": false,
					"trimmed": false,
					"sourceSize": {
						"w": 339,
						"h": 79
					},
					"spriteSourceSize": {
						"x": 0,
						"y": 0,
						"w": 339,
						"h": 79
					},
					"frame": {
						"x": 2,
						"y": 541,
						"w": 339,
						"h": 79
					}
				},
				{
					"filename": "daily-challenge/time-panel",
					"rotated": false,
					"trimmed": false,
					"sourceSize": {
						"w": 170,
						"h": 48
					},
					"spriteSourceSize": {
						"x": 0,
						"y": 0,
						"w": 170,
						"h": 48
					},
					"frame": {
						"x": 2,
						"y": 623,
						"w": 170,
						"h": 48
					}
				},
				{
					"filename": "leaderboards/bg-item-0",
					"rotated": false,
					"trimmed": false,
					"sourceSize": {
						"w": 232,
						"h": 46
					},
					"spriteSourceSize": {
						"x": 0,
						"y": 0,
						"w": 232,
						"h": 46
					},
					"frame": {
						"x": 368,
						"y": 2,
						"w": 232,
						"h": 46
					}
				},
				{
					"filename": "leaderboards/bg-item-1",
					"rotated": false,
					"trimmed": false,
					"sourceSize": {
						"w": 232,
						"h": 46
					},
					"spriteSourceSize": {
						"x": 0,
						"y": 0,
						"w": 232,
						"h": 46
					},
					"frame": {
						"x": 368,
						"y": 51,
						"w": 232,
						"h": 46
					}
				},
				{
					"filename": "icon-journey",
					"rotated": false,
					"trimmed": false,
					"sourceSize": {
						"w": 150,
						"h": 122
					},
					"spriteSourceSize": {
						"x": 0,
						"y": 0,
						"w": 150,
						"h": 122
					},
					"frame": {
						"x": 237,
						"y": 113,
						"w": 150,
						"h": 122
					}
				},
				{
					"filename": "texts/replay",
					"rotated": false,
					"trimmed": false,
					"sourceSize": {
						"w": 192,
						"h": 51
					},
					"spriteSourceSize": {
						"x": 0,
						"y": 0,
						"w": 192,
						"h": 51
					},
					"frame": {
						"x": 390,
						"y": 100,
						"w": 192,
						"h": 51
					}
				},
				{
					"filename": "texts/text-next-level",
					"rotated": false,
					"trimmed": false,
					"sourceSize": {
						"w": 180,
						"h": 61
					},
					"spriteSourceSize": {
						"x": 0,
						"y": 0,
						"w": 180,
						"h": 61
					},
					"frame": {
						"x": 390,
						"y": 154,
						"w": 180,
						"h": 61
					}
				},
				{
					"filename": "texts/leader-board",
					"rotated": false,
					"trimmed": false,
					"sourceSize": {
						"w": 317,
						"h": 62
					},
					"spriteSourceSize": {
						"x": 0,
						"y": 0,
						"w": 317,
						"h": 62
					},
					"frame": {
						"x": 237,
						"y": 238,
						"w": 317,
						"h": 62
					}
				},
				{
					"filename": "leaderboards/bg-item",
					"rotated": false,
					"trimmed": false,
					"sourceSize": {
						"w": 317,
						"h": 61
					},
					"spriteSourceSize": {
						"x": 0,
						"y": 0,
						"w": 317,
						"h": 61
					},
					"frame": {
						"x": 335,
						"y": 303,
						"w": 317,
						"h": 61
					}
				},
				{
					"filename": "texts/level-failed",
					"rotated": false,
					"trimmed": false,
					"sourceSize": {
						"w": 190,
						"h": 49
					},
					"spriteSourceSize": {
						"x": 0,
						"y": 0,
						"w": 190,
						"h": 49
					},
					"frame": {
						"x": 335,
						"y": 367,
						"w": 190,
						"h": 49
					}
				},
				{
					"filename": "score-panel-dark",
					"rotated": false,
					"trimmed": false,
					"sourceSize": {
						"w": 187,
						"h": 51
					},
					"spriteSourceSize": {
						"x": 0,
						"y": 0,
						"w": 187,
						"h": 51
					},
					"frame": {
						"x": 335,
						"y": 419,
						"w": 187,
						"h": 51
					}
				},
				{
					"filename": "texts/setting",
					"rotated": false,
					"trimmed": false,
					"sourceSize": {
						"w": 169,
						"h": 61
					},
					"spriteSourceSize": {
						"x": 0,
						"y": 0,
						"w": 169,
						"h": 61
					},
					"frame": {
						"x": 334,
						"y": 473,
						"w": 169,
						"h": 61
					}
				},
				{
					"filename": "avatar/background",
					"rotated": false,
					"trimmed": false,
					"sourceSize": {
						"w": 105,
						"h": 107
					},
					"spriteSourceSize": {
						"x": 0,
						"y": 0,
						"w": 105,
						"h": 107
					},
					"frame": {
						"x": 344,
						"y": 537,
						"w": 105,
						"h": 107
					}
				},
				{
					"filename": "buttons/toggle-off",
					"rotated": false,
					"trimmed": false,
					"sourceSize": {
						"w": 133,
						"h": 46
					},
					"spriteSourceSize": {
						"x": 0,
						"y": 0,
						"w": 133,
						"h": 46
					},
					"frame": {
						"x": 175,
						"y": 623,
						"w": 133,
						"h": 46
					}
				},
				{
					"filename": "buttons/toggle-on",
					"rotated": false,
					"trimmed": false,
					"sourceSize": {
						"w": 133,
						"h": 46
					},
					"spriteSourceSize": {
						"x": 0,
						"y": 0,
						"w": 133,
						"h": 46
					},
					"frame": {
						"x": 528,
						"y": 367,
						"w": 133,
						"h": 46
					}
				},
				{
					"filename": "icons/flat-ad",
					"rotated": false,
					"trimmed": false,
					"sourceSize": {
						"w": 47,
						"h": 41
					},
					"spriteSourceSize": {
						"x": 0,
						"y": 0,
						"w": 47,
						"h": 41
					},
					"frame": {
						"x": 237,
						"y": 303,
						"w": 47,
						"h": 41
					}
				},
				{
					"filename": "buttons/play",
					"rotated": false,
					"trimmed": false,
					"sourceSize": {
						"w": 86,
						"h": 65
					},
					"spriteSourceSize": {
						"x": 0,
						"y": 0,
						"w": 86,
						"h": 65
					},
					"frame": {
						"x": 585,
						"y": 100,
						"w": 86,
						"h": 65
					}
				},
				{
					"filename": "icons/battle",
					"rotated": false,
					"trimmed": false,
					"sourceSize": {
						"w": 44,
						"h": 41
					},
					"spriteSourceSize": {
						"x": 0,
						"y": 0,
						"w": 44,
						"h": 41
					},
					"frame": {
						"x": 287,
						"y": 303,
						"w": 44,
						"h": 41
					}
				},
				{
					"filename": "texts/play",
					"rotated": false,
					"trimmed": false,
					"sourceSize": {
						"w": 92,
						"h": 50
					},
					"spriteSourceSize": {
						"x": 0,
						"y": 0,
						"w": 92,
						"h": 50
					},
					"frame": {
						"x": 573,
						"y": 168,
						"w": 92,
						"h": 50
					}
				},
				{
					"filename": "texts/text-share",
					"rotated": false,
					"trimmed": false,
					"sourceSize": {
						"w": 108,
						"h": 59
					},
					"spriteSourceSize": {
						"x": 0,
						"y": 0,
						"w": 108,
						"h": 59
					},
					"frame": {
						"x": 557,
						"y": 221,
						"w": 108,
						"h": 59
					}
				},
				{
					"filename": "texts/result",
					"rotated": false,
					"trimmed": false,
					"sourceSize": {
						"w": 117,
						"h": 58
					},
					"spriteSourceSize": {
						"x": 0,
						"y": 0,
						"w": 117,
						"h": 58
					},
					"frame": {
						"x": 528,
						"y": 416,
						"w": 117,
						"h": 58
					}
				},
				{
					"filename": "buttons/challenge_light",
					"rotated": false,
					"trimmed": false,
					"sourceSize": {
						"w": 88,
						"h": 65
					},
					"spriteSourceSize": {
						"x": 0,
						"y": 0,
						"w": 88,
						"h": 65
					},
					"frame": {
						"x": 506,
						"y": 477,
						"w": 88,
						"h": 65
					}
				},
				{
					"filename": "icons/rank",
					"rotated": false,
					"trimmed": false,
					"sourceSize": {
						"w": 51,
						"h": 49
					},
					"spriteSourceSize": {
						"x": 0,
						"y": 0,
						"w": 51,
						"h": 49
					},
					"frame": {
						"x": 452,
						"y": 537,
						"w": 51,
						"h": 49
					}
				},
				{
					"filename": "buttons/random",
					"rotated": false,
					"trimmed": false,
					"sourceSize": {
						"w": 86,
						"h": 65
					},
					"spriteSourceSize": {
						"x": 0,
						"y": 0,
						"w": 86,
						"h": 65
					},
					"frame": {
						"x": 506,
						"y": 545,
						"w": 86,
						"h": 65
					}
				},
				{
					"filename": "texts/collect",
					"rotated": false,
					"trimmed": false,
					"sourceSize": {
						"w": 51,
						"h": 47
					},
					"spriteSourceSize": {
						"x": 0,
						"y": 0,
						"w": 51,
						"h": 47
					},
					"frame": {
						"x": 452,
						"y": 589,
						"w": 51,
						"h": 47
					}
				},
				{
					"filename": "buttons/close",
					"rotated": false,
					"trimmed": false,
					"sourceSize": {
						"w": 52,
						"h": 52
					},
					"spriteSourceSize": {
						"x": 0,
						"y": 0,
						"w": 52,
						"h": 52
					},
					"frame": {
						"x": 603,
						"y": 2,
						"w": 52,
						"h": 52
					}
				},
				{
					"filename": "texts/play-with-blue",
					"rotated": false,
					"trimmed": false,
					"sourceSize": {
						"w": 115,
						"h": 18
					},
					"spriteSourceSize": {
						"x": 0,
						"y": 0,
						"w": 115,
						"h": 18
					},
					"frame": {
						"x": 506,
						"y": 613,
						"w": 115,
						"h": 18
					}
				},
				{
					"filename": "icons/retry",
					"rotated": false,
					"trimmed": false,
					"sourceSize": {
						"w": 50,
						"h": 53
					},
					"spriteSourceSize": {
						"x": 0,
						"y": 0,
						"w": 50,
						"h": 53
					},
					"frame": {
						"x": 597,
						"y": 477,
						"w": 50,
						"h": 53
					}
				},
				{
					"filename": "icons/play-green",
					"rotated": false,
					"trimmed": false,
					"sourceSize": {
						"w": 47,
						"h": 47
					},
					"spriteSourceSize": {
						"x": 0,
						"y": 0,
						"w": 47,
						"h": 47
					},
					"frame": {
						"x": 624,
						"y": 533,
						"w": 47,
						"h": 47
					}
				},
				{
					"filename": "icons/play",
					"rotated": false,
					"trimmed": false,
					"sourceSize": {
						"w": 47,
						"h": 47
					},
					"spriteSourceSize": {
						"x": 0,
						"y": 0,
						"w": 47,
						"h": 47
					},
					"frame": {
						"x": 624,
						"y": 583,
						"w": 47,
						"h": 47
					}
				}
			]
		}
	],
	"meta": {
		"app": "https://www.codeandweb.com/texturepacker",
		"version": "3.0",
		"smartupdate": "$TexturePacker:SmartUpdate:96447143bc21d33ae922e49db427889c:b8203d540c07599d7c313fb86f8a702c:1519eb82cfdbe37419578cf3086208cb$"
	}
}
