{"textures":[{"image":"default-resources-0.png","format":"RGBA8888","size":{"w":1024,"h":1024},"scale":1,"frames":[{"filename":"bg/bg-middle","rotated":false,"trimmed":false,"sourceSize":{"w":719,"h":849},"spriteSourceSize":{"x":0,"y":0,"w":719,"h":849},"frame":{"x":2,"y":2,"w":719,"h":849}},{"filename":"leaderboards/bg-top","rotated":false,"trimmed":false,"sourceSize":{"w":949,"h":168},"spriteSourceSize":{"x":0,"y":0,"w":949,"h":168},"frame":{"x":2,"y":854,"w":949,"h":168}},{"filename":"ui-ngang/khung-mission","rotated":false,"trimmed":false,"sourceSize":{"w":95,"h":464},"spriteSourceSize":{"x":0,"y":0,"w":95,"h":464},"frame":{"x":724,"y":2,"w":95,"h":464}},{"filename":"bg/bg-dark","rotated":false,"trimmed":false,"sourceSize":{"w":243,"h":303},"spriteSourceSize":{"x":0,"y":0,"w":243,"h":303},"frame":{"x":724,"y":469,"w":243,"h":303}},{"filename":"texts/level-failed","rotated":false,"trimmed":false,"sourceSize":{"w":190,"h":49},"spriteSourceSize":{"x":0,"y":0,"w":190,"h":49},"frame":{"x":724,"y":775,"w":190,"h":49}},{"filename":"buttons/minor","rotated":false,"trimmed":false,"sourceSize":{"w":82,"h":71},"spriteSourceSize":{"x":0,"y":0,"w":82,"h":71},"frame":{"x":917,"y":775,"w":82,"h":71}},{"filename":"texts/play-with-blue","rotated":false,"trimmed":false,"sourceSize":{"w":115,"h":18},"spriteSourceSize":{"x":0,"y":0,"w":115,"h":18},"frame":{"x":724,"y":827,"w":115,"h":18}},{"filename":"texts/VS","rotated":false,"trimmed":false,"sourceSize":{"w":67,"h":24},"spriteSourceSize":{"x":0,"y":0,"w":67,"h":24},"frame":{"x":842,"y":827,"w":67,"h":24}},{"filename":"icons/vibrate","rotated":false,"trimmed":false,"sourceSize":{"w":62,"h":73},"spriteSourceSize":{"x":0,"y":0,"w":62,"h":73},"frame":{"x":954,"y":849,"w":62,"h":73}},{"filename":"icons/dot","rotated":false,"trimmed":false,"sourceSize":{"w":68,"h":70},"spriteSourceSize":{"x":0,"y":0,"w":68,"h":70},"frame":{"x":954,"y":925,"w":68,"h":70}},{"filename":"ui-ngang/khung-best-score","rotated":false,"trimmed":false,"sourceSize":{"w":111,"h":169},"spriteSourceSize":{"x":0,"y":0,"w":111,"h":169},"frame":{"x":822,"y":2,"w":111,"h":169}},{"filename":"texts/draw","rotated":false,"trimmed":false,"sourceSize":{"w":86,"h":83},"spriteSourceSize":{"x":0,"y":0,"w":86,"h":83},"frame":{"x":822,"y":174,"w":86,"h":83}},{"filename":"buttons/skip","rotated":false,"trimmed":false,"sourceSize":{"w":120,"h":71},"spriteSourceSize":{"x":0,"y":0,"w":120,"h":71},"frame":{"x":822,"y":260,"w":120,"h":71}},{"filename":"icons/icon-daily","rotated":false,"trimmed":false,"sourceSize":{"w":67,"h":67},"spriteSourceSize":{"x":0,"y":0,"w":67,"h":67},"frame":{"x":911,"y":174,"w":67,"h":67}},{"filename":"texts/start","rotated":false,"trimmed":false,"sourceSize":{"w":62,"h":62},"spriteSourceSize":{"x":0,"y":0,"w":62,"h":62},"frame":{"x":936,"y":2,"w":62,"h":62}},{"filename":"icons/music","rotated":false,"trimmed":false,"sourceSize":{"w":56,"h":61},"spriteSourceSize":{"x":0,"y":0,"w":56,"h":61},"frame":{"x":936,"y":67,"w":56,"h":61}},{"filename":"ui-ngang/text-score","rotated":false,"trimmed":false,"sourceSize":{"w":86,"h":37},"spriteSourceSize":{"x":0,"y":0,"w":86,"h":37},"frame":{"x":936,"y":131,"w":86,"h":37}},{"filename":"icons/sound","rotated":false,"trimmed":false,"sourceSize":{"w":62,"h":54},"spriteSourceSize":{"x":0,"y":0,"w":62,"h":54},"frame":{"x":822,"y":334,"w":62,"h":54}},{"filename":"buttons/dot-blue","rotated":false,"trimmed":false,"sourceSize":{"w":56,"h":54},"spriteSourceSize":{"x":0,"y":0,"w":56,"h":54},"frame":{"x":887,"y":334,"w":56,"h":54}},{"filename":"texts/yes","rotated":false,"trimmed":false,"sourceSize":{"w":52,"h":57},"spriteSourceSize":{"x":0,"y":0,"w":52,"h":57},"frame":{"x":945,"y":244,"w":52,"h":57}},{"filename":"icons/share-blue","rotated":false,"trimmed":false,"sourceSize":{"w":32,"h":43},"spriteSourceSize":{"x":0,"y":0,"w":32,"h":43},"frame":{"x":981,"y":171,"w":32,"h":43}},{"filename":"icons/crown","rotated":false,"trimmed":false,"sourceSize":{"w":31,"h":27},"spriteSourceSize":{"x":0,"y":0,"w":31,"h":27},"frame":{"x":945,"y":304,"w":31,"h":27}},{"filename":"buttons/dot-green","rotated":false,"trimmed":false,"sourceSize":{"w":56,"h":54},"spriteSourceSize":{"x":0,"y":0,"w":56,"h":54},"frame":{"x":946,"y":334,"w":56,"h":54}},{"filename":"buttons/close","rotated":false,"trimmed":false,"sourceSize":{"w":52,"h":52},"spriteSourceSize":{"x":0,"y":0,"w":52,"h":52},"frame":{"x":822,"y":391,"w":52,"h":52}},{"filename":"icons/rank","rotated":false,"trimmed":false,"sourceSize":{"w":51,"h":49},"spriteSourceSize":{"x":0,"y":0,"w":51,"h":49},"frame":{"x":877,"y":391,"w":51,"h":49}},{"filename":"texts/collect","rotated":false,"trimmed":false,"sourceSize":{"w":51,"h":47},"spriteSourceSize":{"x":0,"y":0,"w":51,"h":47},"frame":{"x":931,"y":391,"w":51,"h":47}},{"filename":"icons/retry","rotated":false,"trimmed":false,"sourceSize":{"w":50,"h":53},"spriteSourceSize":{"x":0,"y":0,"w":50,"h":53},"frame":{"x":970,"y":441,"w":50,"h":53}},{"filename":"texts/no","rotated":false,"trimmed":false,"sourceSize":{"w":29,"h":42},"spriteSourceSize":{"x":0,"y":0,"w":29,"h":42},"frame":{"x":985,"y":391,"w":29,"h":42}},{"filename":"icons/play-green","rotated":false,"trimmed":false,"sourceSize":{"w":47,"h":47},"spriteSourceSize":{"x":0,"y":0,"w":47,"h":47},"frame":{"x":970,"y":497,"w":47,"h":47}},{"filename":"icons/play","rotated":false,"trimmed":false,"sourceSize":{"w":47,"h":47},"spriteSourceSize":{"x":0,"y":0,"w":47,"h":47},"frame":{"x":970,"y":547,"w":47,"h":47}},{"filename":"icons/home","rotated":false,"trimmed":false,"sourceSize":{"w":47,"h":43},"spriteSourceSize":{"x":0,"y":0,"w":47,"h":43},"frame":{"x":970,"y":597,"w":47,"h":43}},{"filename":"icons/flat-ad","rotated":false,"trimmed":false,"sourceSize":{"w":47,"h":41},"spriteSourceSize":{"x":0,"y":0,"w":47,"h":41},"frame":{"x":970,"y":643,"w":47,"h":41}},{"filename":"icons/i-play","rotated":false,"trimmed":false,"sourceSize":{"w":31,"h":39},"spriteSourceSize":{"x":0,"y":0,"w":31,"h":39},"frame":{"x":970,"y":687,"w":31,"h":39}},{"filename":"icons/clock","rotated":false,"trimmed":false,"sourceSize":{"w":34,"h":35},"spriteSourceSize":{"x":0,"y":0,"w":34,"h":35},"frame":{"x":970,"y":729,"w":34,"h":35}}]},{"image":"default-resources-1.png","format":"RGBA8888","size":{"w":1024,"h":1024},"scale":1,"frames":[{"filename":"ui-ngang/bg-middle","rotated":false,"trimmed":false,"sourceSize":{"w":719,"h":568},"spriteSourceSize":{"x":0,"y":0,"w":719,"h":568},"frame":{"x":2,"y":2,"w":719,"h":568}},{"filename":"ui-ngang/khung-next-block","rotated":false,"trimmed":false,"sourceSize":{"w":200,"h":600},"spriteSourceSize":{"x":0,"y":0,"w":200,"h":600},"frame":{"x":724,"y":2,"w":200,"h":600}},{"filename":"texts/congratulations","rotated":false,"trimmed":false,"sourceSize":{"w":93,"h":62},"spriteSourceSize":{"x":0,"y":0,"w":93,"h":62},"frame":{"x":927,"y":2,"w":93,"h":62}},{"filename":"buttons/challenge_light","rotated":false,"trimmed":false,"sourceSize":{"w":88,"h":65},"spriteSourceSize":{"x":0,"y":0,"w":88,"h":65},"frame":{"x":927,"y":67,"w":88,"h":65}},{"filename":"buttons/play","rotated":false,"trimmed":false,"sourceSize":{"w":86,"h":65},"spriteSourceSize":{"x":0,"y":0,"w":86,"h":65},"frame":{"x":927,"y":135,"w":86,"h":65}},{"filename":"buttons/random","rotated":false,"trimmed":false,"sourceSize":{"w":86,"h":65},"spriteSourceSize":{"x":0,"y":0,"w":86,"h":65},"frame":{"x":927,"y":203,"w":86,"h":65}},{"filename":"icons/crown-big","rotated":false,"trimmed":false,"sourceSize":{"w":74,"h":70},"spriteSourceSize":{"x":0,"y":0,"w":74,"h":70},"frame":{"x":927,"y":271,"w":74,"h":70}},{"filename":"texts/play","rotated":false,"trimmed":false,"sourceSize":{"w":92,"h":50},"spriteSourceSize":{"x":0,"y":0,"w":92,"h":50},"frame":{"x":927,"y":344,"w":92,"h":50}},{"filename":"buttons/share","rotated":false,"trimmed":false,"sourceSize":{"w":79,"h":58},"spriteSourceSize":{"x":0,"y":0,"w":79,"h":58},"frame":{"x":927,"y":397,"w":79,"h":58}},{"filename":"icons/icon-journey","rotated":false,"trimmed":false,"sourceSize":{"w":73,"h":62},"spriteSourceSize":{"x":0,"y":0,"w":73,"h":62},"frame":{"x":927,"y":458,"w":73,"h":62}},{"filename":"texts/mission","rotated":false,"trimmed":false,"sourceSize":{"w":79,"h":56},"spriteSourceSize":{"x":0,"y":0,"w":79,"h":56},"frame":{"x":927,"y":523,"w":79,"h":56}},{"filename":"texts/friends-disable","rotated":false,"trimmed":false,"sourceSize":{"w":83,"h":46},"spriteSourceSize":{"x":0,"y":0,"w":83,"h":46},"frame":{"x":927,"y":582,"w":83,"h":46}},{"filename":"daily-challenge/bg","rotated":false,"trimmed":false,"sourceSize":{"w":520,"h":285},"spriteSourceSize":{"x":0,"y":0,"w":520,"h":285},"frame":{"x":2,"y":573,"w":520,"h":285}},{"filename":"footer","rotated":false,"trimmed":false,"sourceSize":{"w":750,"h":153},"spriteSourceSize":{"x":0,"y":0,"w":750,"h":153},"frame":{"x":2,"y":861,"w":750,"h":153}},{"filename":"popup/background","rotated":false,"trimmed":false,"sourceSize":{"w":395,"h":221},"spriteSourceSize":{"x":0,"y":0,"w":395,"h":221},"frame":{"x":525,"y":605,"w":395,"h":221}},{"filename":"popup/bottom","rotated":false,"trimmed":false,"sourceSize":{"w":431,"h":27},"spriteSourceSize":{"x":0,"y":0,"w":431,"h":27},"frame":{"x":525,"y":829,"w":431,"h":27}},{"filename":"texts/no-thank","rotated":false,"trimmed":false,"sourceSize":{"w":98,"h":29},"spriteSourceSize":{"x":0,"y":0,"w":98,"h":29},"frame":{"x":525,"y":573,"w":98,"h":29}},{"filename":"texts/text-journey","rotated":false,"trimmed":false,"sourceSize":{"w":98,"h":60},"spriteSourceSize":{"x":0,"y":0,"w":98,"h":60},"frame":{"x":923,"y":631,"w":98,"h":60}},{"filename":"texts/continue","rotated":false,"trimmed":false,"sourceSize":{"w":99,"h":49},"spriteSourceSize":{"x":0,"y":0,"w":99,"h":49},"frame":{"x":923,"y":694,"w":99,"h":49}},{"filename":"texts/text-ranking","rotated":false,"trimmed":false,"sourceSize":{"w":97,"h":50},"spriteSourceSize":{"x":0,"y":0,"w":97,"h":50},"frame":{"x":923,"y":746,"w":97,"h":50}},{"filename":"texts/on","rotated":false,"trimmed":false,"sourceSize":{"w":62,"h":37},"spriteSourceSize":{"x":0,"y":0,"w":62,"h":37},"frame":{"x":959,"y":799,"w":62,"h":37}},{"filename":"ui-ngang/text-mission","rotated":false,"trimmed":false,"sourceSize":{"w":62,"h":36},"spriteSourceSize":{"x":0,"y":0,"w":62,"h":36},"frame":{"x":959,"y":839,"w":62,"h":36}},{"filename":"preloader/dual-ring","rotated":false,"trimmed":true,"sourceSize":{"w":200,"h":200},"spriteSourceSize":{"x":27,"y":26,"w":146,"h":148},"frame":{"x":755,"y":859,"w":146,"h":148}},{"filename":"avatar/background","rotated":false,"trimmed":false,"sourceSize":{"w":105,"h":107},"spriteSourceSize":{"x":0,"y":0,"w":105,"h":107},"frame":{"x":904,"y":878,"w":105,"h":107}},{"filename":"texts/off","rotated":false,"trimmed":false,"sourceSize":{"w":66,"h":33},"spriteSourceSize":{"x":0,"y":0,"w":66,"h":33},"frame":{"x":904,"y":988,"w":66,"h":33}},{"filename":"icons/sword-blue","rotated":false,"trimmed":false,"sourceSize":{"w":35,"h":31},"spriteSourceSize":{"x":0,"y":0,"w":35,"h":31},"frame":{"x":973,"y":988,"w":35,"h":31}}]},{"image":"default-resources-2.png","format":"RGBA8888","size":{"w":1022,"h":1022},"scale":1,"frames":[{"filename":"ui-ngang/bg-top","rotated":false,"trimmed":false,"sourceSize":{"w":719,"h":178},"spriteSourceSize":{"x":0,"y":0,"w":719,"h":178},"frame":{"x":2,"y":2,"w":719,"h":178}},{"filename":"bg-progress-circle","rotated":false,"trimmed":false,"sourceSize":{"w":232,"h":231},"spriteSourceSize":{"x":0,"y":0,"w":232,"h":231},"frame":{"x":724,"y":2,"w":232,"h":231}},{"filename":"texts/world-disable","rotated":false,"trimmed":false,"sourceSize":{"w":36,"h":53},"spriteSourceSize":{"x":0,"y":0,"w":36,"h":53},"frame":{"x":959,"y":2,"w":36,"h":53}},{"filename":"texts/world","rotated":false,"trimmed":false,"sourceSize":{"w":36,"h":53},"spriteSourceSize":{"x":0,"y":0,"w":36,"h":53},"frame":{"x":959,"y":58,"w":36,"h":53}},{"filename":"icons/back","rotated":false,"trimmed":false,"sourceSize":{"w":50,"h":38},"spriteSourceSize":{"x":0,"y":0,"w":50,"h":38},"frame":{"x":959,"y":114,"w":50,"h":38}},{"filename":"icons/brown-journey","rotated":false,"trimmed":false,"sourceSize":{"w":45,"h":42},"spriteSourceSize":{"x":0,"y":0,"w":45,"h":42},"frame":{"x":959,"y":155,"w":45,"h":42}},{"filename":"icons/replay","rotated":false,"trimmed":false,"sourceSize":{"w":40,"h":47},"spriteSourceSize":{"x":0,"y":0,"w":40,"h":47},"frame":{"x":959,"y":200,"w":40,"h":47}},{"filename":"ui-ngang/bg-bottom","rotated":false,"trimmed":false,"sourceSize":{"w":719,"h":175},"spriteSourceSize":{"x":0,"y":0,"w":719,"h":175},"frame":{"x":2,"y":183,"w":719,"h":175}},{"filename":"avatar/border-big","rotated":false,"trimmed":false,"sourceSize":{"w":175,"h":175},"spriteSourceSize":{"x":0,"y":0,"w":175,"h":175},"frame":{"x":724,"y":236,"w":175,"h":175}},{"filename":"icons/plus","rotated":false,"trimmed":false,"sourceSize":{"w":42,"h":44},"spriteSourceSize":{"x":0,"y":0,"w":42,"h":44},"frame":{"x":902,"y":236,"w":42,"h":44}},{"filename":"icons/battle","rotated":false,"trimmed":false,"sourceSize":{"w":44,"h":41},"spriteSourceSize":{"x":0,"y":0,"w":44,"h":41},"frame":{"x":947,"y":250,"w":44,"h":41}},{"filename":"icons/setting","rotated":false,"trimmed":false,"sourceSize":{"w":42,"h":41},"spriteSourceSize":{"x":0,"y":0,"w":42,"h":41},"frame":{"x":902,"y":283,"w":42,"h":41}},{"filename":"icons/sword","rotated":false,"trimmed":false,"sourceSize":{"w":46,"h":38},"spriteSourceSize":{"x":0,"y":0,"w":46,"h":38},"frame":{"x":947,"y":294,"w":46,"h":38}},{"filename":"icons/share","rotated":false,"trimmed":false,"sourceSize":{"w":36,"h":47},"spriteSourceSize":{"x":0,"y":0,"w":36,"h":47},"frame":{"x":902,"y":327,"w":36,"h":47}},{"filename":"buttons/circle-button","rotated":false,"trimmed":false,"sourceSize":{"w":41,"h":41},"spriteSourceSize":{"x":0,"y":0,"w":41,"h":41},"frame":{"x":941,"y":335,"w":41,"h":41}},{"filename":"best-score-frame","rotated":false,"trimmed":false,"sourceSize":{"w":111,"h":152},"spriteSourceSize":{"x":0,"y":0,"w":111,"h":152},"frame":{"x":902,"y":379,"w":111,"h":152}},{"filename":"popup/middle","rotated":false,"trimmed":false,"sourceSize":{"w":431,"h":227},"spriteSourceSize":{"x":0,"y":0,"w":431,"h":227},"frame":{"x":2,"y":361,"w":431,"h":227}},{"filename":"bottom-panel","rotated":false,"trimmed":false,"sourceSize":{"w":281,"h":171},"spriteSourceSize":{"x":0,"y":0,"w":281,"h":171},"frame":{"x":436,"y":361,"w":281,"h":171}},{"filename":"avatar/border","rotated":false,"trimmed":true,"sourceSize":{"w":138,"h":144},"spriteSourceSize":{"x":0,"y":4,"w":138,"h":140},"frame":{"x":720,"y":414,"w":138,"h":140}},{"filename":"icon-journey","rotated":false,"trimmed":false,"sourceSize":{"w":150,"h":122},"spriteSourceSize":{"x":0,"y":0,"w":150,"h":122},"frame":{"x":861,"y":534,"w":150,"h":122}},{"filename":"lives/heart","rotated":false,"trimmed":false,"sourceSize":{"w":339,"h":279},"spriteSourceSize":{"x":0,"y":0,"w":339,"h":279},"frame":{"x":436,"y":557,"w":339,"h":279}},{"filename":"icons/white-journey","rotated":false,"trimmed":false,"sourceSize":{"w":42,"h":40},"spriteSourceSize":{"x":0,"y":0,"w":42,"h":40},"frame":{"x":778,"y":557,"w":42,"h":40}},{"filename":"icons/cup-bronze","rotated":false,"trimmed":false,"sourceSize":{"w":43,"h":36},"spriteSourceSize":{"x":0,"y":0,"w":43,"h":36},"frame":{"x":778,"y":600,"w":43,"h":36}},{"filename":"icons/cup-gold","rotated":false,"trimmed":false,"sourceSize":{"w":43,"h":36},"spriteSourceSize":{"x":0,"y":0,"w":43,"h":36},"frame":{"x":778,"y":639,"w":43,"h":36}},{"filename":"ui-ngang/khung-score","rotated":false,"trimmed":false,"sourceSize":{"w":173,"h":99},"spriteSourceSize":{"x":0,"y":0,"w":173,"h":99},"frame":{"x":824,"y":659,"w":173,"h":99}},{"filename":"icons/cup-silver","rotated":false,"trimmed":false,"sourceSize":{"w":43,"h":36},"spriteSourceSize":{"x":0,"y":0,"w":43,"h":36},"frame":{"x":778,"y":678,"w":43,"h":36}},{"filename":"buttons/green","rotated":false,"trimmed":false,"sourceSize":{"w":238,"h":82},"spriteSourceSize":{"x":0,"y":0,"w":238,"h":82},"frame":{"x":778,"y":761,"w":238,"h":82}},{"filename":"bg/bg-bottom","rotated":false,"trimmed":false,"sourceSize":{"w":719,"h":111},"spriteSourceSize":{"x":0,"y":0,"w":719,"h":111},"frame":{"x":2,"y":839,"w":719,"h":111}},{"filename":"leaderboards/bg-bottom","rotated":false,"trimmed":false,"sourceSize":{"w":949,"h":67},"spriteSourceSize":{"x":0,"y":0,"w":949,"h":67},"frame":{"x":2,"y":953,"w":949,"h":67}},{"filename":"icons/check","rotated":false,"trimmed":false,"sourceSize":{"w":44,"h":35},"spriteSourceSize":{"x":0,"y":0,"w":44,"h":35},"frame":{"x":724,"y":839,"w":44,"h":35}},{"filename":"daily-challenge/title-panel","rotated":false,"trimmed":false,"sourceSize":{"w":282,"h":69},"spriteSourceSize":{"x":0,"y":0,"w":282,"h":69},"frame":{"x":724,"y":877,"w":282,"h":69}},{"filename":"best-score-frame-long","rotated":false,"trimmed":false,"sourceSize":{"w":386,"h":154},"spriteSourceSize":{"x":0,"y":0,"w":386,"h":154},"frame":{"x":2,"y":591,"w":386,"h":154}},{"filename":"lives/time-block","rotated":false,"trimmed":false,"sourceSize":{"w":346,"h":87},"spriteSourceSize":{"x":0,"y":0,"w":346,"h":87},"frame":{"x":2,"y":748,"w":346,"h":87}}]},{"image":"default-resources-3.png","format":"RGBA8888","size":{"w":1023,"h":1023},"scale":1,"frames":[{"filename":"bg/bg-top","rotated":false,"trimmed":false,"sourceSize":{"w":719,"h":111},"spriteSourceSize":{"x":0,"y":0,"w":719,"h":111},"frame":{"x":2,"y":2,"w":719,"h":111}},{"filename":"texts/first-milestone","rotated":false,"trimmed":false,"sourceSize":{"w":267,"h":91},"spriteSourceSize":{"x":0,"y":0,"w":267,"h":91},"frame":{"x":724,"y":2,"w":267,"h":91}},{"filename":"texts/invite-friends","rotated":false,"trimmed":false,"sourceSize":{"w":264,"h":71},"spriteSourceSize":{"x":0,"y":0,"w":264,"h":71},"frame":{"x":724,"y":96,"w":264,"h":71}},{"filename":"score-panel","rotated":false,"trimmed":false,"sourceSize":{"w":526,"h":152},"spriteSourceSize":{"x":0,"y":0,"w":526,"h":152},"frame":{"x":2,"y":116,"w":526,"h":152}},{"filename":"buttons/dark-blue-big","rotated":false,"trimmed":false,"sourceSize":{"w":179,"h":82},"spriteSourceSize":{"x":0,"y":0,"w":179,"h":82},"frame":{"x":531,"y":116,"w":179,"h":82}},{"filename":"popup/score-panel","rotated":false,"trimmed":false,"sourceSize":{"w":299,"h":92},"spriteSourceSize":{"x":0,"y":0,"w":299,"h":92},"frame":{"x":713,"y":170,"w":299,"h":92}},{"filename":"buttons/green-big","rotated":false,"trimmed":false,"sourceSize":{"w":179,"h":82},"spriteSourceSize":{"x":0,"y":0,"w":179,"h":82},"frame":{"x":531,"y":201,"w":179,"h":82}},{"filename":"texts/your-score","rotated":false,"trimmed":false,"sourceSize":{"w":234,"h":73},"spriteSourceSize":{"x":0,"y":0,"w":234,"h":73},"frame":{"x":713,"y":265,"w":234,"h":73}},{"filename":"daily-challenge/bg-item-dark","rotated":false,"trimmed":false,"sourceSize":{"w":508,"h":81},"spriteSourceSize":{"x":0,"y":0,"w":508,"h":81},"frame":{"x":2,"y":271,"w":508,"h":81}},{"filename":"texts/text-tutorial","rotated":false,"trimmed":false,"sourceSize":{"w":197,"h":74},"spriteSourceSize":{"x":0,"y":0,"w":197,"h":74},"frame":{"x":513,"y":286,"w":197,"h":74}},{"filename":"wood-panel","rotated":false,"trimmed":false,"sourceSize":{"w":301,"h":56},"spriteSourceSize":{"x":0,"y":0,"w":301,"h":56},"frame":{"x":713,"y":341,"w":301,"h":56}},{"filename":"daily-challenge/bg-item-light","rotated":false,"trimmed":false,"sourceSize":{"w":508,"h":81},"spriteSourceSize":{"x":0,"y":0,"w":508,"h":81},"frame":{"x":2,"y":355,"w":508,"h":81}},{"filename":"avatar/border-challenge","rotated":false,"trimmed":false,"sourceSize":{"w":119,"h":118},"spriteSourceSize":{"x":0,"y":0,"w":119,"h":118},"frame":{"x":513,"y":363,"w":119,"h":118}},{"filename":"lives/time-block-2","rotated":false,"trimmed":false,"sourceSize":{"w":363,"h":108},"spriteSourceSize":{"x":0,"y":0,"w":363,"h":108},"frame":{"x":635,"y":400,"w":363,"h":108}},{"filename":"buttons/dark-blue","rotated":false,"trimmed":false,"sourceSize":{"w":365,"h":107},"spriteSourceSize":{"x":0,"y":0,"w":365,"h":107},"frame":{"x":2,"y":439,"w":365,"h":107}},{"filename":"bg/level-playing","rotated":false,"trimmed":false,"sourceSize":{"w":113,"h":94},"spriteSourceSize":{"x":0,"y":0,"w":113,"h":94},"frame":{"x":370,"y":439,"w":113,"h":94}},{"filename":"bg/level-locked","rotated":false,"trimmed":false,"sourceSize":{"w":101,"h":83},"spriteSourceSize":{"x":0,"y":0,"w":101,"h":83},"frame":{"x":486,"y":484,"w":101,"h":83}},{"filename":"bg/level-played","rotated":false,"trimmed":false,"sourceSize":{"w":100,"h":82},"spriteSourceSize":{"x":0,"y":0,"w":100,"h":82},"frame":{"x":370,"y":536,"w":100,"h":82}},{"filename":"buttons/green-large","rotated":false,"trimmed":false,"sourceSize":{"w":330,"h":107},"spriteSourceSize":{"x":0,"y":0,"w":330,"h":107},"frame":{"x":2,"y":549,"w":330,"h":107}},{"filename":"popup/top-dark","rotated":false,"trimmed":false,"sourceSize":{"w":431,"h":89},"spriteSourceSize":{"x":0,"y":0,"w":431,"h":89},"frame":{"x":590,"y":511,"w":431,"h":89}},{"filename":"texts/text-share","rotated":false,"trimmed":false,"sourceSize":{"w":108,"h":59},"spriteSourceSize":{"x":0,"y":0,"w":108,"h":59},"frame":{"x":473,"y":570,"w":108,"h":59}},{"filename":"texts/result","rotated":false,"trimmed":false,"sourceSize":{"w":117,"h":58},"spriteSourceSize":{"x":0,"y":0,"w":117,"h":58},"frame":{"x":335,"y":621,"w":117,"h":58}},{"filename":"buttons/brown","rotated":false,"trimmed":false,"sourceSize":{"w":329,"h":81},"spriteSourceSize":{"x":0,"y":0,"w":329,"h":81},"frame":{"x":2,"y":659,"w":329,"h":81}},{"filename":"popup/top","rotated":false,"trimmed":false,"sourceSize":{"w":431,"h":89},"spriteSourceSize":{"x":0,"y":0,"w":431,"h":89},"frame":{"x":584,"y":603,"w":431,"h":89}},{"filename":"text-target-panel","rotated":false,"trimmed":false,"sourceSize":{"w":98,"h":46},"spriteSourceSize":{"x":0,"y":0,"w":98,"h":46},"frame":{"x":455,"y":632,"w":98,"h":46}},{"filename":"leaderboards/tab-off","rotated":false,"trimmed":false,"sourceSize":{"w":113,"h":36},"spriteSourceSize":{"x":0,"y":0,"w":113,"h":36},"frame":{"x":455,"y":681,"w":113,"h":36}},{"filename":"leaderboards/tab-on","rotated":false,"trimmed":false,"sourceSize":{"w":113,"h":36},"spriteSourceSize":{"x":0,"y":0,"w":113,"h":36},"frame":{"x":334,"y":682,"w":113,"h":36}},{"filename":"leaf","rotated":false,"trimmed":false,"sourceSize":{"w":563,"h":132},"spriteSourceSize":{"x":0,"y":0,"w":563,"h":132},"frame":{"x":450,"y":720,"w":563,"h":132}},{"filename":"texts/friends","rotated":false,"trimmed":false,"sourceSize":{"w":83,"h":46},"spriteSourceSize":{"x":0,"y":0,"w":83,"h":46},"frame":{"x":334,"y":721,"w":83,"h":46}},{"filename":"texts/leader-board","rotated":false,"trimmed":false,"sourceSize":{"w":317,"h":62},"spriteSourceSize":{"x":0,"y":0,"w":317,"h":62},"frame":{"x":2,"y":743,"w":317,"h":62}},{"filename":"texts/next-milestone","rotated":false,"trimmed":false,"sourceSize":{"w":339,"h":79},"spriteSourceSize":{"x":0,"y":0,"w":339,"h":79},"frame":{"x":2,"y":808,"w":339,"h":79}},{"filename":"texts/out-of-live","rotated":false,"trimmed":false,"sourceSize":{"w":454,"h":62},"spriteSourceSize":{"x":0,"y":0,"w":454,"h":62},"frame":{"x":344,"y":855,"w":454,"h":62}},{"filename":"bg-combo","rotated":false,"trimmed":true,"sourceSize":{"w":212,"h":87},"spriteSourceSize":{"x":0,"y":9,"w":212,"h":78},"frame":{"x":801,"y":855,"w":212,"h":78}},{"filename":"leaderboards/bg-item","rotated":false,"trimmed":false,"sourceSize":{"w":317,"h":61},"spriteSourceSize":{"x":0,"y":0,"w":317,"h":61},"frame":{"x":2,"y":890,"w":317,"h":61}},{"filename":"texts/second-chance","rotated":false,"trimmed":false,"sourceSize":{"w":385,"h":66},"spriteSourceSize":{"x":0,"y":0,"w":385,"h":66},"frame":{"x":322,"y":920,"w":385,"h":66}},{"filename":"texts/daily-challenge","rotated":false,"trimmed":false,"sourceSize":{"w":248,"h":65},"spriteSourceSize":{"x":0,"y":0,"w":248,"h":65},"frame":{"x":2,"y":954,"w":248,"h":65}},{"filename":"daily-challenge/bottom-panel","rotated":false,"trimmed":false,"sourceSize":{"w":521,"h":30},"spriteSourceSize":{"x":0,"y":0,"w":521,"h":30},"frame":{"x":253,"y":989,"w":521,"h":30}},{"filename":"bg-streak","rotated":false,"trimmed":true,"sourceSize":{"w":212,"h":87},"spriteSourceSize":{"x":0,"y":9,"w":212,"h":78},"frame":{"x":777,"y":936,"w":212,"h":78}}]},{"image":"default-resources-4.png","format":"RGBA8888","size":{"w":953,"h":953},"scale":1,"frames":[{"filename":"leaderboards/bg-middle","rotated":false,"trimmed":false,"sourceSize":{"w":949,"h":47},"spriteSourceSize":{"x":0,"y":0,"w":949,"h":47},"frame":{"x":2,"y":2,"w":949,"h":47}},{"filename":"border-bottom-panel","rotated":false,"trimmed":false,"sourceSize":{"w":750,"h":36},"spriteSourceSize":{"x":0,"y":0,"w":750,"h":36},"frame":{"x":2,"y":52,"w":750,"h":36}},{"filename":"texts/win","rotated":false,"trimmed":false,"sourceSize":{"w":194,"h":62},"spriteSourceSize":{"x":0,"y":0,"w":194,"h":62},"frame":{"x":755,"y":52,"w":194,"h":62}},{"filename":"daily-challenge/top-panel","rotated":false,"trimmed":false,"sourceSize":{"w":521,"h":30},"spriteSourceSize":{"x":0,"y":0,"w":521,"h":30},"frame":{"x":2,"y":91,"w":521,"h":30}},{"filename":"texts/play-single","rotated":false,"trimmed":false,"sourceSize":{"w":224,"h":72},"spriteSourceSize":{"x":0,"y":0,"w":224,"h":72},"frame":{"x":526,"y":91,"w":224,"h":72}},{"filename":"daily-challenge/middle-panel","rotated":false,"trimmed":false,"sourceSize":{"w":521,"h":26},"spriteSourceSize":{"x":0,"y":0,"w":521,"h":26},"frame":{"x":2,"y":124,"w":521,"h":26}},{"filename":"border-daily","rotated":false,"trimmed":false,"sourceSize":{"w":518,"h":51},"spriteSourceSize":{"x":0,"y":0,"w":518,"h":51},"frame":{"x":2,"y":153,"w":518,"h":51}},{"filename":"texts/replay","rotated":false,"trimmed":false,"sourceSize":{"w":192,"h":51},"spriteSourceSize":{"x":0,"y":0,"w":192,"h":51},"frame":{"x":753,"y":117,"w":192,"h":51}},{"filename":"texts/lose","rotated":false,"trimmed":false,"sourceSize":{"w":224,"h":66},"spriteSourceSize":{"x":0,"y":0,"w":224,"h":66},"frame":{"x":523,"y":166,"w":224,"h":66}},{"filename":"score-panel-dark","rotated":false,"trimmed":false,"sourceSize":{"w":187,"h":51},"spriteSourceSize":{"x":0,"y":0,"w":187,"h":51},"frame":{"x":750,"y":171,"w":187,"h":51}},{"filename":"texts/text-next-level","rotated":false,"trimmed":false,"sourceSize":{"w":180,"h":61},"spriteSourceSize":{"x":0,"y":0,"w":180,"h":61},"frame":{"x":750,"y":225,"w":180,"h":61}},{"filename":"texts/refill-lives","rotated":false,"trimmed":false,"sourceSize":{"w":284,"h":53},"spriteSourceSize":{"x":0,"y":0,"w":284,"h":53},"frame":{"x":2,"y":207,"w":284,"h":53}},{"filename":"texts/waiting-for-opponent","rotated":false,"trimmed":false,"sourceSize":{"w":231,"h":67},"spriteSourceSize":{"x":0,"y":0,"w":231,"h":67},"frame":{"x":289,"y":207,"w":231,"h":67}},{"filename":"texts/keep-playing","rotated":false,"trimmed":false,"sourceSize":{"w":221,"h":62},"spriteSourceSize":{"x":0,"y":0,"w":221,"h":62},"frame":{"x":523,"y":235,"w":221,"h":62}},{"filename":"texts/target-score","rotated":false,"trimmed":false,"sourceSize":{"w":279,"h":36},"spriteSourceSize":{"x":0,"y":0,"w":279,"h":36},"frame":{"x":2,"y":263,"w":279,"h":36}},{"filename":"leaderboards/bg-item-0","rotated":false,"trimmed":false,"sourceSize":{"w":232,"h":46},"spriteSourceSize":{"x":0,"y":0,"w":232,"h":46},"frame":{"x":284,"y":277,"w":232,"h":46}},{"filename":"buttons/dark-blue-small","rotated":false,"trimmed":false,"sourceSize":{"w":178,"h":74},"spriteSourceSize":{"x":0,"y":0,"w":178,"h":74},"frame":{"x":747,"y":289,"w":178,"h":74}},{"filename":"texts/text-retry","rotated":false,"trimmed":false,"sourceSize":{"w":218,"h":60},"spriteSourceSize":{"x":0,"y":0,"w":218,"h":60},"frame":{"x":519,"y":300,"w":218,"h":60}},{"filename":"leaderboards/bg-item-1","rotated":false,"trimmed":false,"sourceSize":{"w":232,"h":46},"spriteSourceSize":{"x":0,"y":0,"w":232,"h":46},"frame":{"x":2,"y":302,"w":232,"h":46}},{"filename":"texts/start-over","rotated":false,"trimmed":false,"sourceSize":{"w":210,"h":69},"spriteSourceSize":{"x":0,"y":0,"w":210,"h":69},"frame":{"x":237,"y":326,"w":210,"h":69}},{"filename":"daily-challenge/time-panel","rotated":false,"trimmed":false,"sourceSize":{"w":170,"h":48},"spriteSourceSize":{"x":0,"y":0,"w":170,"h":48},"frame":{"x":2,"y":351,"w":170,"h":48}},{"filename":"texts/setting","rotated":false,"trimmed":false,"sourceSize":{"w":169,"h":61},"spriteSourceSize":{"x":0,"y":0,"w":169,"h":61},"frame":{"x":450,"y":363,"w":169,"h":61}},{"filename":"texts/play-with","rotated":false,"trimmed":false,"sourceSize":{"w":158,"h":76},"spriteSourceSize":{"x":0,"y":0,"w":158,"h":76},"frame":{"x":175,"y":398,"w":158,"h":76}},{"filename":"ui-ngang/text-next-block","rotated":false,"trimmed":false,"sourceSize":{"w":145,"h":37},"spriteSourceSize":{"x":0,"y":0,"w":145,"h":37},"frame":{"x":2,"y":402,"w":145,"h":37}},{"filename":"buttons/toggle-off","rotated":false,"trimmed":false,"sourceSize":{"w":133,"h":46},"spriteSourceSize":{"x":0,"y":0,"w":133,"h":46},"frame":{"x":2,"y":442,"w":133,"h":46}},{"filename":"buttons/toggle-on","rotated":false,"trimmed":false,"sourceSize":{"w":133,"h":46},"spriteSourceSize":{"x":0,"y":0,"w":133,"h":46},"frame":{"x":622,"y":366,"w":133,"h":46}}]}],"meta":{"app":"https://www.codeandweb.com/texturepacker","version":"3.0","smartupdate":"$TexturePacker:SmartUpdate:1abd4cfdf2ed7f7ae3e27eb0fcb247bc:097194ffeab63de46ba2928fa5d96291:38a69b481ce127014b0b7fd232b2e3f4$"}}