{"textures":[{"image":"default-resources-0.png","format":"RGBA8888","size":{"w":1010,"h":1010},"scale":0.5,"frames":[{"filename":"bg/bg-middle","rotated":false,"trimmed":false,"sourceSize":{"w":360,"h":425},"spriteSourceSize":{"x":0,"y":0,"w":360,"h":425},"frame":{"x":2,"y":2,"w":360,"h":425}},{"filename":"ui-ngang/bg-middle","rotated":false,"trimmed":false,"sourceSize":{"w":360,"h":284},"spriteSourceSize":{"x":0,"y":0,"w":360,"h":284},"frame":{"x":2,"y":430,"w":360,"h":284}},{"filename":"leaderboards/bg-top","rotated":false,"trimmed":false,"sourceSize":{"w":475,"h":84},"spriteSourceSize":{"x":0,"y":0,"w":475,"h":84},"frame":{"x":365,"y":2,"w":475,"h":84}},{"filename":"leaderboards/bg-bottom","rotated":false,"trimmed":false,"sourceSize":{"w":475,"h":34},"spriteSourceSize":{"x":0,"y":0,"w":475,"h":34},"frame":{"x":365,"y":89,"w":475,"h":34}},{"filename":"leaderboards/bg-middle","rotated":false,"trimmed":false,"sourceSize":{"w":475,"h":24},"spriteSourceSize":{"x":0,"y":0,"w":475,"h":24},"frame":{"x":365,"y":126,"w":475,"h":24}},{"filename":"footer","rotated":false,"trimmed":false,"sourceSize":{"w":375,"h":77},"spriteSourceSize":{"x":0,"y":0,"w":375,"h":77},"frame":{"x":365,"y":153,"w":375,"h":77}},{"filename":"ui-ngang/bg-top","rotated":false,"trimmed":false,"sourceSize":{"w":360,"h":89},"spriteSourceSize":{"x":0,"y":0,"w":360,"h":89},"frame":{"x":2,"y":717,"w":360,"h":89}},{"filename":"ui-ngang/bg-bottom","rotated":false,"trimmed":false,"sourceSize":{"w":360,"h":88},"spriteSourceSize":{"x":0,"y":0,"w":360,"h":88},"frame":{"x":365,"y":233,"w":360,"h":88}},{"filename":"bg/bg-bottom","rotated":false,"trimmed":false,"sourceSize":{"w":360,"h":56},"spriteSourceSize":{"x":0,"y":0,"w":360,"h":56},"frame":{"x":2,"y":809,"w":360,"h":56}},{"filename":"lives/heart","rotated":false,"trimmed":false,"sourceSize":{"w":170,"h":140},"spriteSourceSize":{"x":0,"y":0,"w":170,"h":140},"frame":{"x":2,"y":868,"w":170,"h":140}},{"filename":"bg/bg-top","rotated":false,"trimmed":false,"sourceSize":{"w":360,"h":56},"spriteSourceSize":{"x":0,"y":0,"w":360,"h":56},"frame":{"x":365,"y":324,"w":360,"h":56}},{"filename":"daily-challenge/bg","rotated":false,"trimmed":false,"sourceSize":{"w":260,"h":143},"spriteSourceSize":{"x":0,"y":0,"w":260,"h":143},"frame":{"x":365,"y":383,"w":260,"h":143}},{"filename":"ui-ngang/khung-next-block","rotated":false,"trimmed":false,"sourceSize":{"w":100,"h":300},"spriteSourceSize":{"x":0,"y":0,"w":100,"h":300},"frame":{"x":365,"y":529,"w":100,"h":300}},{"filename":"popup/middle","rotated":false,"trimmed":false,"sourceSize":{"w":216,"h":114},"spriteSourceSize":{"x":0,"y":0,"w":216,"h":114},"frame":{"x":175,"y":868,"w":216,"h":114}},{"filename":"ui-ngang/khung-mission","rotated":false,"trimmed":false,"sourceSize":{"w":48,"h":232},"spriteSourceSize":{"x":0,"y":0,"w":48,"h":232},"frame":{"x":468,"y":529,"w":48,"h":232}},{"filename":"buttons/green-large","rotated":false,"trimmed":false,"sourceSize":{"w":165,"h":54},"spriteSourceSize":{"x":0,"y":0,"w":165,"h":54},"frame":{"x":843,"y":2,"w":165,"h":54}},{"filename":"bg/bg-dark","rotated":false,"trimmed":false,"sourceSize":{"w":122,"h":152},"spriteSourceSize":{"x":0,"y":0,"w":122,"h":152},"frame":{"x":519,"y":529,"w":122,"h":152}},{"filename":"leaderboards/bg-item-0","rotated":false,"trimmed":false,"sourceSize":{"w":116,"h":23},"spriteSourceSize":{"x":0,"y":0,"w":116,"h":23},"frame":{"x":175,"y":985,"w":116,"h":23}},{"filename":"buttons/brown","rotated":false,"trimmed":false,"sourceSize":{"w":165,"h":41},"spriteSourceSize":{"x":0,"y":0,"w":165,"h":41},"frame":{"x":843,"y":59,"w":165,"h":41}},{"filename":"leaderboards/bg-item-1","rotated":false,"trimmed":false,"sourceSize":{"w":116,"h":23},"spriteSourceSize":{"x":0,"y":0,"w":116,"h":23},"frame":{"x":294,"y":985,"w":116,"h":23}},{"filename":"bg-progress-circle","rotated":false,"trimmed":false,"sourceSize":{"w":116,"h":116},"spriteSourceSize":{"x":0,"y":0,"w":116,"h":116},"frame":{"x":628,"y":383,"w":116,"h":116}},{"filename":"best-score-frame-long","rotated":false,"trimmed":false,"sourceSize":{"w":193,"h":77},"spriteSourceSize":{"x":0,"y":0,"w":193,"h":77},"frame":{"x":519,"y":684,"w":193,"h":77}},{"filename":"leaf","rotated":false,"trimmed":false,"sourceSize":{"w":282,"h":66},"spriteSourceSize":{"x":0,"y":0,"w":282,"h":66},"frame":{"x":468,"y":764,"w":282,"h":66}},{"filename":"score-panel","rotated":false,"trimmed":false,"sourceSize":{"w":263,"h":76},"spriteSourceSize":{"x":0,"y":0,"w":263,"h":76},"frame":{"x":394,"y":833,"w":263,"h":76}},{"filename":"border-daily","rotated":false,"trimmed":false,"sourceSize":{"w":259,"h":26},"spriteSourceSize":{"x":0,"y":0,"w":259,"h":26},"frame":{"x":394,"y":912,"w":259,"h":26}},{"filename":"daily-challenge/middle-panel","rotated":false,"trimmed":false,"sourceSize":{"w":261,"h":13},"spriteSourceSize":{"x":0,"y":0,"w":261,"h":13},"frame":{"x":394,"y":941,"w":261,"h":13}},{"filename":"texts/leader-board","rotated":false,"trimmed":false,"sourceSize":{"w":253,"h":19},"spriteSourceSize":{"x":0,"y":0,"w":253,"h":19},"frame":{"x":394,"y":957,"w":253,"h":19}},{"filename":"popup/bottom","rotated":false,"trimmed":false,"sourceSize":{"w":216,"h":14},"spriteSourceSize":{"x":0,"y":0,"w":216,"h":14},"frame":{"x":413,"y":979,"w":216,"h":14}},{"filename":"popup/score-panel","rotated":false,"trimmed":false,"sourceSize":{"w":150,"h":46},"spriteSourceSize":{"x":0,"y":0,"w":150,"h":46},"frame":{"x":843,"y":103,"w":150,"h":46}},{"filename":"popup/background","rotated":false,"trimmed":false,"sourceSize":{"w":198,"h":111},"spriteSourceSize":{"x":0,"y":0,"w":198,"h":111},"frame":{"x":644,"y":502,"w":198,"h":111}},{"filename":"popup/top-dark","rotated":false,"trimmed":false,"sourceSize":{"w":216,"h":45},"spriteSourceSize":{"x":0,"y":0,"w":216,"h":45},"frame":{"x":644,"y":616,"w":216,"h":45}},{"filename":"texts/play-with","rotated":false,"trimmed":false,"sourceSize":{"w":122,"h":17},"spriteSourceSize":{"x":0,"y":0,"w":122,"h":17},"frame":{"x":644,"y":664,"w":122,"h":17}},{"filename":"bottom-panel","rotated":false,"trimmed":false,"sourceSize":{"w":141,"h":86},"spriteSourceSize":{"x":0,"y":0,"w":141,"h":86},"frame":{"x":743,"y":153,"w":141,"h":86}},{"filename":"buttons/dark-blue","rotated":false,"trimmed":false,"sourceSize":{"w":183,"h":54},"spriteSourceSize":{"x":0,"y":0,"w":183,"h":54},"frame":{"x":728,"y":242,"w":183,"h":54}},{"filename":"lives/time-block-2","rotated":false,"trimmed":false,"sourceSize":{"w":182,"h":54},"spriteSourceSize":{"x":0,"y":0,"w":182,"h":54},"frame":{"x":728,"y":299,"w":182,"h":54}},{"filename":"lives/time-block","rotated":false,"trimmed":false,"sourceSize":{"w":173,"h":44},"spriteSourceSize":{"x":0,"y":0,"w":173,"h":44},"frame":{"x":747,"y":356,"w":173,"h":44}},{"filename":"leaderboards/bg-item","rotated":false,"trimmed":false,"sourceSize":{"w":159,"h":31},"spriteSourceSize":{"x":0,"y":0,"w":159,"h":31},"frame":{"x":747,"y":403,"w":159,"h":31}},{"filename":"daily-challenge/title-panel","rotated":false,"trimmed":false,"sourceSize":{"w":141,"h":35},"spriteSourceSize":{"x":0,"y":0,"w":141,"h":35},"frame":{"x":747,"y":437,"w":141,"h":35}},{"filename":"daily-challenge/time-panel","rotated":false,"trimmed":false,"sourceSize":{"w":85,"h":24},"spriteSourceSize":{"x":0,"y":0,"w":85,"h":24},"frame":{"x":747,"y":475,"w":85,"h":24}},{"filename":"avatar/border-big","rotated":false,"trimmed":false,"sourceSize":{"w":88,"h":88},"spriteSourceSize":{"x":0,"y":0,"w":88,"h":88},"frame":{"x":660,"y":833,"w":88,"h":88}},{"filename":"preloader/dual-ring","rotated":false,"trimmed":true,"sourceSize":{"w":100,"h":100},"spriteSourceSize":{"x":13,"y":13,"w":74,"h":74},"frame":{"x":887,"y":152,"w":74,"h":74}},{"filename":"best-score-frame","rotated":false,"trimmed":false,"sourceSize":{"w":56,"h":76},"spriteSourceSize":{"x":0,"y":0,"w":56,"h":76},"frame":{"x":715,"y":684,"w":56,"h":76}},{"filename":"ui-ngang/khung-best-score","rotated":false,"trimmed":false,"sourceSize":{"w":56,"h":85},"spriteSourceSize":{"x":0,"y":0,"w":56,"h":85},"frame":{"x":774,"y":664,"w":56,"h":85}},{"filename":"texts/start-over","rotated":false,"trimmed":false,"sourceSize":{"w":161,"h":14},"spriteSourceSize":{"x":0,"y":0,"w":161,"h":14},"frame":{"x":656,"y":924,"w":161,"h":14}},{"filename":"texts/text-next-level","rotated":false,"trimmed":false,"sourceSize":{"w":162,"h":16},"spriteSourceSize":{"x":0,"y":0,"w":162,"h":16},"frame":{"x":658,"y":941,"w":162,"h":16}},{"filename":"texts/result","rotated":false,"trimmed":false,"sourceSize":{"w":139,"h":20},"spriteSourceSize":{"x":0,"y":0,"w":139,"h":20},"frame":{"x":650,"y":960,"w":139,"h":20}},{"filename":"texts/level-failed","rotated":false,"trimmed":false,"sourceSize":{"w":136,"h":18},"spriteSourceSize":{"x":0,"y":0,"w":136,"h":18},"frame":{"x":632,"y":983,"w":136,"h":18}},{"filename":"avatar/border","rotated":false,"trimmed":true,"sourceSize":{"w":69,"h":72},"spriteSourceSize":{"x":0,"y":1,"w":69,"h":71},"frame":{"x":914,"y":229,"w":69,"h":71}},{"filename":"ui-ngang/khung-score","rotated":false,"trimmed":false,"sourceSize":{"w":87,"h":50},"spriteSourceSize":{"x":0,"y":0,"w":87,"h":50},"frame":{"x":913,"y":303,"w":87,"h":50}},{"filename":"ui-ngang/text-score","rotated":false,"trimmed":false,"sourceSize":{"w":85,"h":21},"spriteSourceSize":{"x":0,"y":0,"w":85,"h":21},"frame":{"x":923,"y":356,"w":85,"h":21}},{"filename":"texts/mission","rotated":false,"trimmed":false,"sourceSize":{"w":80,"h":24},"spriteSourceSize":{"x":0,"y":0,"w":80,"h":24},"frame":{"x":923,"y":380,"w":80,"h":24}},{"filename":"score-panel-dark","rotated":false,"trimmed":false,"sourceSize":{"w":94,"h":26},"spriteSourceSize":{"x":0,"y":0,"w":94,"h":26},"frame":{"x":909,"y":407,"w":94,"h":26}},{"filename":"buttons/challenge_light","rotated":false,"trimmed":false,"sourceSize":{"w":44,"h":33},"spriteSourceSize":{"x":0,"y":0,"w":44,"h":33},"frame":{"x":964,"y":152,"w":44,"h":33}},{"filename":"texts/text-share","rotated":false,"trimmed":false,"sourceSize":{"w":92,"h":13},"spriteSourceSize":{"x":0,"y":0,"w":92,"h":13},"frame":{"x":909,"y":436,"w":92,"h":13}},{"filename":"texts/text-tutorial","rotated":false,"trimmed":false,"sourceSize":{"w":117,"h":20},"spriteSourceSize":{"x":0,"y":0,"w":117,"h":20},"frame":{"x":891,"y":452,"w":117,"h":20}},{"filename":"ui-ngang/text-next-block","rotated":false,"trimmed":false,"sourceSize":{"w":125,"h":19},"spriteSourceSize":{"x":0,"y":0,"w":125,"h":19},"frame":{"x":835,"y":475,"w":125,"h":19}},{"filename":"buttons/green","rotated":false,"trimmed":false,"sourceSize":{"w":119,"h":41},"spriteSourceSize":{"x":0,"y":0,"w":119,"h":41},"frame":{"x":845,"y":497,"w":119,"h":41}},{"filename":"bg-combo","rotated":false,"trimmed":true,"sourceSize":{"w":106,"h":44},"spriteSourceSize":{"x":0,"y":4,"w":106,"h":40},"frame":{"x":845,"y":541,"w":106,"h":40}},{"filename":"texts/draw","rotated":false,"trimmed":false,"sourceSize":{"w":109,"h":22},"spriteSourceSize":{"x":0,"y":0,"w":109,"h":22},"frame":{"x":845,"y":584,"w":109,"h":22}},{"filename":"buttons/dark-blue-big","rotated":false,"trimmed":false,"sourceSize":{"w":90,"h":41},"spriteSourceSize":{"x":0,"y":0,"w":90,"h":41},"frame":{"x":863,"y":609,"w":90,"h":41}},{"filename":"texts/text-ranking","rotated":false,"trimmed":false,"sourceSize":{"w":109,"h":14},"spriteSourceSize":{"x":0,"y":0,"w":109,"h":14},"frame":{"x":863,"y":653,"w":109,"h":14}},{"filename":"bg-streak","rotated":false,"trimmed":true,"sourceSize":{"w":106,"h":44},"spriteSourceSize":{"x":0,"y":4,"w":106,"h":40},"frame":{"x":833,"y":670,"w":106,"h":40}},{"filename":"buttons/green-big","rotated":false,"trimmed":false,"sourceSize":{"w":90,"h":41},"spriteSourceSize":{"x":0,"y":0,"w":90,"h":41},"frame":{"x":833,"y":713,"w":90,"h":41}},{"filename":"buttons/minor","rotated":false,"trimmed":false,"sourceSize":{"w":41,"h":36},"spriteSourceSize":{"x":0,"y":0,"w":41,"h":36},"frame":{"x":967,"y":475,"w":41,"h":36}},{"filename":"texts/replay","rotated":false,"trimmed":false,"sourceSize":{"w":115,"h":20},"spriteSourceSize":{"x":0,"y":0,"w":115,"h":20},"frame":{"x":820,"y":757,"w":115,"h":20}},{"filename":"texts/continue","rotated":false,"trimmed":false,"sourceSize":{"w":101,"h":15},"spriteSourceSize":{"x":0,"y":0,"w":101,"h":15},"frame":{"x":820,"y":780,"w":101,"h":15}},{"filename":"buttons/dark-blue-small","rotated":false,"trimmed":false,"sourceSize":{"w":89,"h":37},"spriteSourceSize":{"x":0,"y":0,"w":89,"h":37},"frame":{"x":820,"y":798,"w":89,"h":37}},{"filename":"buttons/play","rotated":false,"trimmed":false,"sourceSize":{"w":43,"h":33},"spriteSourceSize":{"x":0,"y":0,"w":43,"h":33},"frame":{"x":774,"y":752,"w":43,"h":33}},{"filename":"avatar/border-challenge","rotated":false,"trimmed":false,"sourceSize":{"w":60,"h":59},"spriteSourceSize":{"x":0,"y":0,"w":60,"h":59},"frame":{"x":753,"y":788,"w":60,"h":59}},{"filename":"icon-journey","rotated":false,"trimmed":false,"sourceSize":{"w":75,"h":61},"spriteSourceSize":{"x":0,"y":0,"w":75,"h":61},"frame":{"x":751,"y":850,"w":75,"h":61}},{"filename":"avatar/background","rotated":false,"trimmed":false,"sourceSize":{"w":53,"h":54},"spriteSourceSize":{"x":0,"y":0,"w":53,"h":54},"frame":{"x":829,"y":838,"w":53,"h":54}},{"filename":"buttons/close","rotated":false,"trimmed":false,"sourceSize":{"w":26,"h":26},"spriteSourceSize":{"x":0,"y":0,"w":26,"h":26},"frame":{"x":365,"y":832,"w":26,"h":26}},{"filename":"buttons/random","rotated":false,"trimmed":false,"sourceSize":{"w":43,"h":33},"spriteSourceSize":{"x":0,"y":0,"w":43,"h":33},"frame":{"x":964,"y":188,"w":43,"h":33}},{"filename":"bg/level-playing","rotated":false,"trimmed":false,"sourceSize":{"w":57,"h":47},"spriteSourceSize":{"x":0,"y":0,"w":57,"h":47},"frame":{"x":885,"y":838,"w":57,"h":47}},{"filename":"icons/vibrate","rotated":false,"trimmed":false,"sourceSize":{"w":31,"h":37},"spriteSourceSize":{"x":0,"y":0,"w":31,"h":37},"frame":{"x":912,"y":798,"w":31,"h":37}},{"filename":"bg/level-locked","rotated":false,"trimmed":false,"sourceSize":{"w":51,"h":42},"spriteSourceSize":{"x":0,"y":0,"w":51,"h":42},"frame":{"x":942,"y":670,"w":51,"h":42}},{"filename":"buttons/skip","rotated":false,"trimmed":false,"sourceSize":{"w":60,"h":36},"spriteSourceSize":{"x":0,"y":0,"w":60,"h":36},"frame":{"x":926,"y":715,"w":60,"h":36}},{"filename":"bg/level-played","rotated":false,"trimmed":false,"sourceSize":{"w":50,"h":41},"spriteSourceSize":{"x":0,"y":0,"w":50,"h":41},"frame":{"x":938,"y":754,"w":50,"h":41}},{"filename":"icons/crown-big","rotated":false,"trimmed":false,"sourceSize":{"w":37,"h":35},"spriteSourceSize":{"x":0,"y":0,"w":37,"h":35},"frame":{"x":946,"y":798,"w":37,"h":35}},{"filename":"leaderboards/tab-off","rotated":false,"trimmed":false,"sourceSize":{"w":57,"h":18},"spriteSourceSize":{"x":0,"y":0,"w":57,"h":18},"frame":{"x":829,"y":895,"w":57,"h":18}},{"filename":"buttons/toggle-off","rotated":false,"trimmed":false,"sourceSize":{"w":67,"h":23},"spriteSourceSize":{"x":0,"y":0,"w":67,"h":23},"frame":{"x":889,"y":888,"w":67,"h":23}},{"filename":"texts/play-with-blue","rotated":false,"trimmed":false,"sourceSize":{"w":58,"h":9},"spriteSourceSize":{"x":0,"y":0,"w":58,"h":9},"frame":{"x":413,"y":996,"w":58,"h":9}},{"filename":"buttons/toggle-on","rotated":false,"trimmed":false,"sourceSize":{"w":67,"h":23},"spriteSourceSize":{"x":0,"y":0,"w":67,"h":23},"frame":{"x":889,"y":914,"w":67,"h":23}},{"filename":"icons/rank","rotated":false,"trimmed":false,"sourceSize":{"w":26,"h":25},"spriteSourceSize":{"x":0,"y":0,"w":26,"h":25},"frame":{"x":771,"y":983,"w":26,"h":25}},{"filename":"buttons/share","rotated":false,"trimmed":false,"sourceSize":{"w":40,"h":29},"spriteSourceSize":{"x":0,"y":0,"w":40,"h":29},"frame":{"x":967,"y":514,"w":40,"h":29}},{"filename":"icons/share-blue","rotated":false,"trimmed":false,"sourceSize":{"w":16,"h":22},"spriteSourceSize":{"x":0,"y":0,"w":16,"h":22},"frame":{"x":728,"y":356,"w":16,"h":22}},{"filename":"texts/yes","rotated":false,"trimmed":false,"sourceSize":{"w":22,"h":22},"spriteSourceSize":{"x":0,"y":0,"w":22,"h":22},"frame":{"x":986,"y":224,"w":22,"h":22}},{"filename":"icons/battle","rotated":false,"trimmed":false,"sourceSize":{"w":22,"h":21},"spriteSourceSize":{"x":0,"y":0,"w":22,"h":21},"frame":{"x":986,"y":249,"w":22,"h":21}},{"filename":"texts/off","rotated":false,"trimmed":false,"sourceSize":{"w":53,"h":9},"spriteSourceSize":{"x":0,"y":0,"w":53,"h":9},"frame":{"x":474,"y":996,"w":53,"h":9}},{"filename":"icons/check","rotated":false,"trimmed":false,"sourceSize":{"w":22,"h":18},"spriteSourceSize":{"x":0,"y":0,"w":22,"h":18},"frame":{"x":986,"y":273,"w":22,"h":18}},{"filename":"icons/dot","rotated":false,"trimmed":false,"sourceSize":{"w":34,"h":35},"spriteSourceSize":{"x":0,"y":0,"w":34,"h":35},"frame":{"x":954,"y":546,"w":34,"h":35}},{"filename":"texts/play","rotated":false,"trimmed":false,"sourceSize":{"w":58,"h":15},"spriteSourceSize":{"x":0,"y":0,"w":58,"h":15},"frame":{"x":820,"y":916,"w":58,"h":15}},{"filename":"text-target-panel","rotated":false,"trimmed":false,"sourceSize":{"w":49,"h":23},"spriteSourceSize":{"x":0,"y":0,"w":49,"h":23},"frame":{"x":823,"y":934,"w":49,"h":23}},{"filename":"texts/world-disable","rotated":false,"trimmed":false,"sourceSize":{"w":59,"h":14},"spriteSourceSize":{"x":0,"y":0,"w":59,"h":14},"frame":{"x":792,"y":960,"w":59,"h":14}},{"filename":"icons/icon-journey","rotated":false,"trimmed":false,"sourceSize":{"w":37,"h":31},"spriteSourceSize":{"x":0,"y":0,"w":37,"h":31},"frame":{"x":800,"y":977,"w":37,"h":31}},{"filename":"icons/music","rotated":false,"trimmed":false,"sourceSize":{"w":28,"h":31},"spriteSourceSize":{"x":0,"y":0,"w":28,"h":31},"frame":{"x":840,"y":977,"w":28,"h":31}},{"filename":"icons/clock","rotated":false,"trimmed":false,"sourceSize":{"w":17,"h":18},"spriteSourceSize":{"x":0,"y":0,"w":17,"h":18},"frame":{"x":991,"y":546,"w":17,"h":18}},{"filename":"icons/icon-daily","rotated":false,"trimmed":false,"sourceSize":{"w":34,"h":34},"spriteSourceSize":{"x":0,"y":0,"w":34,"h":34},"frame":{"x":957,"y":584,"w":34,"h":34}},{"filename":"icons/sound","rotated":false,"trimmed":false,"sourceSize":{"w":31,"h":27},"spriteSourceSize":{"x":0,"y":0,"w":31,"h":27},"frame":{"x":956,"y":621,"w":31,"h":27}},{"filename":"icons/share","rotated":false,"trimmed":false,"sourceSize":{"w":18,"h":24},"spriteSourceSize":{"x":0,"y":0,"w":18,"h":24},"frame":{"x":990,"y":621,"w":18,"h":24}},{"filename":"icons/sword-blue","rotated":false,"trimmed":false,"sourceSize":{"w":18,"h":16},"spriteSourceSize":{"x":0,"y":0,"w":18,"h":16},"frame":{"x":753,"y":763,"w":18,"h":16}},{"filename":"texts/on","rotated":false,"trimmed":false,"sourceSize":{"w":42,"h":9},"spriteSourceSize":{"x":0,"y":0,"w":42,"h":9},"frame":{"x":530,"y":996,"w":42,"h":9}},{"filename":"texts/vs","rotated":false,"trimmed":false,"sourceSize":{"w":24,"h":14},"spriteSourceSize":{"x":0,"y":0,"w":24,"h":14},"frame":{"x":854,"y":960,"w":24,"h":14}},{"filename":"icons/cup-bronze","rotated":false,"trimmed":false,"sourceSize":{"w":22,"h":18},"spriteSourceSize":{"x":0,"y":0,"w":22,"h":18},"frame":{"x":986,"y":798,"w":22,"h":18}},{"filename":"icons/cup-gold","rotated":false,"trimmed":false,"sourceSize":{"w":22,"h":18},"spriteSourceSize":{"x":0,"y":0,"w":22,"h":18},"frame":{"x":986,"y":819,"w":22,"h":18}},{"filename":"buttons/dot-blue","rotated":false,"trimmed":false,"sourceSize":{"w":28,"h":27},"spriteSourceSize":{"x":0,"y":0,"w":28,"h":27},"frame":{"x":871,"y":977,"w":28,"h":27}},{"filename":"icons/crown","rotated":false,"trimmed":false,"sourceSize":{"w":16,"h":14},"spriteSourceSize":{"x":0,"y":0,"w":16,"h":14},"frame":{"x":991,"y":567,"w":16,"h":14}},{"filename":"texts/no","rotated":false,"trimmed":false,"sourceSize":{"w":31,"h":18},"spriteSourceSize":{"x":0,"y":0,"w":31,"h":18},"frame":{"x":946,"y":836,"w":31,"h":18}},{"filename":"buttons/dot-green","rotated":false,"trimmed":false,"sourceSize":{"w":28,"h":27},"spriteSourceSize":{"x":0,"y":0,"w":28,"h":27},"frame":{"x":980,"y":840,"w":28,"h":27}},{"filename":"icons/retry","rotated":false,"trimmed":false,"sourceSize":{"w":25,"h":27},"spriteSourceSize":{"x":0,"y":0,"w":25,"h":27},"frame":{"x":945,"y":857,"w":25,"h":27}},{"filename":"icons/replay","rotated":false,"trimmed":false,"sourceSize":{"w":20,"h":24},"spriteSourceSize":{"x":0,"y":0,"w":20,"h":24},"frame":{"x":959,"y":887,"w":20,"h":24}},{"filename":"icons/play-green","rotated":false,"trimmed":false,"sourceSize":{"w":24,"h":24},"spriteSourceSize":{"x":0,"y":0,"w":24,"h":24},"frame":{"x":959,"y":914,"w":24,"h":24}},{"filename":"icons/cup-silver","rotated":false,"trimmed":false,"sourceSize":{"w":22,"h":18},"spriteSourceSize":{"x":0,"y":0,"w":22,"h":18},"frame":{"x":986,"y":870,"w":22,"h":18}},{"filename":"icons/white-journey","rotated":false,"trimmed":false,"sourceSize":{"w":21,"h":20},"spriteSourceSize":{"x":0,"y":0,"w":21,"h":20},"frame":{"x":982,"y":891,"w":21,"h":20}},{"filename":"icons/plus","rotated":false,"trimmed":false,"sourceSize":{"w":21,"h":22},"spriteSourceSize":{"x":0,"y":0,"w":21,"h":22},"frame":{"x":986,"y":914,"w":21,"h":22}},{"filename":"icons/i-play","rotated":false,"trimmed":false,"sourceSize":{"w":16,"h":20},"spriteSourceSize":{"x":0,"y":0,"w":16,"h":20},"frame":{"x":989,"y":715,"w":16,"h":20}},{"filename":"icons/back","rotated":false,"trimmed":false,"sourceSize":{"w":25,"h":19},"spriteSourceSize":{"x":0,"y":0,"w":25,"h":19},"frame":{"x":902,"y":940,"w":25,"h":19}},{"filename":"icons/play","rotated":false,"trimmed":false,"sourceSize":{"w":24,"h":24},"spriteSourceSize":{"x":0,"y":0,"w":24,"h":24},"frame":{"x":930,"y":940,"w":24,"h":24}},{"filename":"icons/home","rotated":false,"trimmed":false,"sourceSize":{"w":24,"h":22},"spriteSourceSize":{"x":0,"y":0,"w":24,"h":22},"frame":{"x":957,"y":941,"w":24,"h":22}},{"filename":"icons/flat-ad","rotated":false,"trimmed":false,"sourceSize":{"w":24,"h":21},"spriteSourceSize":{"x":0,"y":0,"w":24,"h":21},"frame":{"x":984,"y":941,"w":24,"h":21}},{"filename":"icons/brown-journey","rotated":false,"trimmed":false,"sourceSize":{"w":23,"h":21},"spriteSourceSize":{"x":0,"y":0,"w":23,"h":21},"frame":{"x":902,"y":962,"w":23,"h":21}},{"filename":"icons/sword","rotated":false,"trimmed":false,"sourceSize":{"w":23,"h":19},"spriteSourceSize":{"x":0,"y":0,"w":23,"h":19},"frame":{"x":902,"y":986,"w":23,"h":19}},{"filename":"buttons/circle-button","rotated":false,"trimmed":false,"sourceSize":{"w":21,"h":21},"spriteSourceSize":{"x":0,"y":0,"w":21,"h":21},"frame":{"x":928,"y":967,"w":21,"h":21}},{"filename":"icons/setting","rotated":false,"trimmed":false,"sourceSize":{"w":21,"h":21},"spriteSourceSize":{"x":0,"y":0,"w":21,"h":21},"frame":{"x":952,"y":967,"w":21,"h":21}}]},{"image":"default-resources-1.png","format":"RGBA8888","size":{"w":389,"h":389},"scale":0.5,"frames":[{"filename":"border-bottom-panel","rotated":false,"trimmed":false,"sourceSize":{"w":375,"h":18},"spriteSourceSize":{"x":0,"y":0,"w":375,"h":18},"frame":{"x":2,"y":2,"w":375,"h":18}},{"filename":"daily-challenge/bg-item-dark","rotated":false,"trimmed":false,"sourceSize":{"w":254,"h":41},"spriteSourceSize":{"x":0,"y":0,"w":254,"h":41},"frame":{"x":2,"y":23,"w":254,"h":41}},{"filename":"daily-challenge/bg-item-light","rotated":false,"trimmed":false,"sourceSize":{"w":254,"h":41},"spriteSourceSize":{"x":0,"y":0,"w":254,"h":41},"frame":{"x":2,"y":67,"w":254,"h":41}},{"filename":"texts/waiting-for-opponent","rotated":false,"trimmed":false,"sourceSize":{"w":262,"h":16},"spriteSourceSize":{"x":0,"y":0,"w":262,"h":16},"frame":{"x":2,"y":111,"w":262,"h":16}},{"filename":"daily-challenge/bottom-panel","rotated":false,"trimmed":false,"sourceSize":{"w":261,"h":15},"spriteSourceSize":{"x":0,"y":0,"w":261,"h":15},"frame":{"x":2,"y":130,"w":261,"h":15}},{"filename":"daily-challenge/top-panel","rotated":false,"trimmed":false,"sourceSize":{"w":261,"h":15},"spriteSourceSize":{"x":0,"y":0,"w":261,"h":15},"frame":{"x":2,"y":148,"w":261,"h":15}},{"filename":"texts/second-chance","rotated":false,"trimmed":false,"sourceSize":{"w":259,"h":16},"spriteSourceSize":{"x":0,"y":0,"w":259,"h":16},"frame":{"x":2,"y":166,"w":259,"h":16}},{"filename":"popup/top","rotated":false,"trimmed":false,"sourceSize":{"w":216,"h":45},"spriteSourceSize":{"x":0,"y":0,"w":216,"h":45},"frame":{"x":2,"y":185,"w":216,"h":45}},{"filename":"texts/out-of-live","rotated":false,"trimmed":false,"sourceSize":{"w":216,"h":20},"spriteSourceSize":{"x":0,"y":0,"w":216,"h":20},"frame":{"x":2,"y":233,"w":216,"h":20}},{"filename":"texts/keep-playing","rotated":false,"trimmed":false,"sourceSize":{"w":211,"h":20},"spriteSourceSize":{"x":0,"y":0,"w":211,"h":20},"frame":{"x":2,"y":256,"w":211,"h":20}},{"filename":"texts/setting","rotated":false,"trimmed":false,"sourceSize":{"w":194,"h":24},"spriteSourceSize":{"x":0,"y":0,"w":194,"h":24},"frame":{"x":2,"y":279,"w":194,"h":24}},{"filename":"texts/lose","rotated":false,"trimmed":false,"sourceSize":{"w":190,"h":23},"spriteSourceSize":{"x":0,"y":0,"w":190,"h":23},"frame":{"x":2,"y":306,"w":190,"h":23}},{"filename":"texts/daily-challenge","rotated":false,"trimmed":false,"sourceSize":{"w":188,"h":24},"spriteSourceSize":{"x":0,"y":0,"w":188,"h":24},"frame":{"x":2,"y":332,"w":188,"h":24}},{"filename":"wood-panel","rotated":false,"trimmed":false,"sourceSize":{"w":151,"h":28},"spriteSourceSize":{"x":0,"y":0,"w":151,"h":28},"frame":{"x":2,"y":359,"w":151,"h":28}},{"filename":"texts/collect","rotated":false,"trimmed":false,"sourceSize":{"w":93,"h":15},"spriteSourceSize":{"x":0,"y":0,"w":93,"h":15},"frame":{"x":259,"y":23,"w":93,"h":15}},{"filename":"texts/text-retry","rotated":false,"trimmed":false,"sourceSize":{"w":90,"h":14},"spriteSourceSize":{"x":0,"y":0,"w":90,"h":14},"frame":{"x":259,"y":41,"w":90,"h":14}},{"filename":"texts/no-thank","rotated":false,"trimmed":false,"sourceSize":{"w":84,"h":14},"spriteSourceSize":{"x":0,"y":0,"w":84,"h":14},"frame":{"x":259,"y":58,"w":84,"h":14}},{"filename":"texts/start","rotated":false,"trimmed":false,"sourceSize":{"w":81,"h":15},"spriteSourceSize":{"x":0,"y":0,"w":81,"h":15},"frame":{"x":259,"y":75,"w":81,"h":15}},{"filename":"texts/friends-disable","rotated":false,"trimmed":false,"sourceSize":{"w":64,"h":14},"spriteSourceSize":{"x":0,"y":0,"w":64,"h":14},"frame":{"x":259,"y":93,"w":64,"h":14}},{"filename":"texts/invite-friends","rotated":false,"trimmed":false,"sourceSize":{"w":166,"h":15},"spriteSourceSize":{"x":0,"y":0,"w":166,"h":15},"frame":{"x":221,"y":185,"w":166,"h":15}},{"filename":"texts/refill-lives","rotated":false,"trimmed":false,"sourceSize":{"w":163,"h":15},"spriteSourceSize":{"x":0,"y":0,"w":163,"h":15},"frame":{"x":221,"y":203,"w":163,"h":15}},{"filename":"texts/first-milestone","rotated":false,"trimmed":false,"sourceSize":{"w":153,"h":20},"spriteSourceSize":{"x":0,"y":0,"w":153,"h":20},"frame":{"x":221,"y":221,"w":153,"h":20}},{"filename":"texts/play-single","rotated":false,"trimmed":false,"sourceSize":{"w":142,"h":18},"spriteSourceSize":{"x":0,"y":0,"w":142,"h":18},"frame":{"x":221,"y":244,"w":142,"h":18}},{"filename":"texts/next-milestone","rotated":false,"trimmed":false,"sourceSize":{"w":170,"h":24},"spriteSourceSize":{"x":0,"y":0,"w":170,"h":24},"frame":{"x":216,"y":265,"w":170,"h":24}},{"filename":"texts/your-score","rotated":false,"trimmed":false,"sourceSize":{"w":188,"h":24},"spriteSourceSize":{"x":0,"y":0,"w":188,"h":24},"frame":{"x":199,"y":292,"w":188,"h":24}},{"filename":"texts/win","rotated":false,"trimmed":false,"sourceSize":{"w":184,"h":23},"spriteSourceSize":{"x":0,"y":0,"w":184,"h":23},"frame":{"x":195,"y":319,"w":184,"h":23}},{"filename":"texts/congratulations","rotated":false,"trimmed":false,"sourceSize":{"w":180,"h":20},"spriteSourceSize":{"x":0,"y":0,"w":180,"h":20},"frame":{"x":193,"y":345,"w":180,"h":20}},{"filename":"texts/target-score","rotated":false,"trimmed":false,"sourceSize":{"w":174,"h":18},"spriteSourceSize":{"x":0,"y":0,"w":174,"h":18},"frame":{"x":156,"y":368,"w":174,"h":18}},{"filename":"texts/text-journey","rotated":false,"trimmed":false,"sourceSize":{"w":62,"h":18},"spriteSourceSize":{"x":0,"y":0,"w":62,"h":18},"frame":{"x":267,"y":110,"w":62,"h":18}},{"filename":"texts/friends","rotated":false,"trimmed":false,"sourceSize":{"w":64,"h":14},"spriteSourceSize":{"x":0,"y":0,"w":64,"h":14},"frame":{"x":266,"y":131,"w":64,"h":14}},{"filename":"texts/world","rotated":false,"trimmed":false,"sourceSize":{"w":59,"h":14},"spriteSourceSize":{"x":0,"y":0,"w":59,"h":14},"frame":{"x":266,"y":148,"w":59,"h":14}},{"filename":"leaderboards/tab-on","rotated":false,"trimmed":false,"sourceSize":{"w":57,"h":18},"spriteSourceSize":{"x":0,"y":0,"w":57,"h":18},"frame":{"x":328,"y":148,"w":57,"h":18}},{"filename":"ui-ngang/text-mission","rotated":false,"trimmed":false,"sourceSize":{"w":49,"h":21},"spriteSourceSize":{"x":0,"y":0,"w":49,"h":21},"frame":{"x":332,"y":93,"w":49,"h":21}}]}],"meta":{"app":"https://www.codeandweb.com/texturepacker","version":"3.0","smartupdate":"$TexturePacker:SmartUpdate:9b98e4deef745ac4c91e0d4c9a1839ec:b9ac081afc422c226442831a54c15164:38a69b481ce127014b0b7fd232b2e3f4$"}}