{"textures":[{"image":"default-resources-0.png","format":"RGBA8888","size":{"w":1015,"h":1015},"scale":0.5,"frames":[{"filename":"bg/bg-middle","rotated":false,"trimmed":false,"sourceSize":{"w":360,"h":425},"spriteSourceSize":{"x":0,"y":0,"w":360,"h":425},"frame":{"x":2,"y":2,"w":360,"h":425}},{"filename":"ui-ngang/bg-middle","rotated":false,"trimmed":false,"sourceSize":{"w":360,"h":284},"spriteSourceSize":{"x":0,"y":0,"w":360,"h":284},"frame":{"x":2,"y":430,"w":360,"h":284}},{"filename":"leaderboards/bg-top","rotated":false,"trimmed":false,"sourceSize":{"w":475,"h":84},"spriteSourceSize":{"x":0,"y":0,"w":475,"h":84},"frame":{"x":365,"y":2,"w":475,"h":84}},{"filename":"leaderboards/bg-bottom","rotated":false,"trimmed":false,"sourceSize":{"w":475,"h":34},"spriteSourceSize":{"x":0,"y":0,"w":475,"h":34},"frame":{"x":365,"y":89,"w":475,"h":34}},{"filename":"leaderboards/bg-middle","rotated":false,"trimmed":false,"sourceSize":{"w":475,"h":24},"spriteSourceSize":{"x":0,"y":0,"w":475,"h":24},"frame":{"x":365,"y":126,"w":475,"h":24}},{"filename":"lives/heart","rotated":false,"trimmed":false,"sourceSize":{"w":170,"h":140},"spriteSourceSize":{"x":0,"y":0,"w":170,"h":140},"frame":{"x":843,"y":2,"w":170,"h":140}},{"filename":"footer","rotated":false,"trimmed":false,"sourceSize":{"w":375,"h":77},"spriteSourceSize":{"x":0,"y":0,"w":375,"h":77},"frame":{"x":365,"y":153,"w":375,"h":77}},{"filename":"ui-ngang/bg-top","rotated":false,"trimmed":false,"sourceSize":{"w":360,"h":89},"spriteSourceSize":{"x":0,"y":0,"w":360,"h":89},"frame":{"x":2,"y":717,"w":360,"h":89}},{"filename":"ui-ngang/bg-bottom","rotated":false,"trimmed":false,"sourceSize":{"w":360,"h":88},"spriteSourceSize":{"x":0,"y":0,"w":360,"h":88},"frame":{"x":365,"y":233,"w":360,"h":88}},{"filename":"bg/bg-bottom","rotated":false,"trimmed":false,"sourceSize":{"w":360,"h":56},"spriteSourceSize":{"x":0,"y":0,"w":360,"h":56},"frame":{"x":2,"y":809,"w":360,"h":56}},{"filename":"bg/bg-top","rotated":false,"trimmed":false,"sourceSize":{"w":360,"h":56},"spriteSourceSize":{"x":0,"y":0,"w":360,"h":56},"frame":{"x":365,"y":324,"w":360,"h":56}},{"filename":"daily-challenge/bg","rotated":false,"trimmed":false,"sourceSize":{"w":260,"h":143},"spriteSourceSize":{"x":0,"y":0,"w":260,"h":143},"frame":{"x":2,"y":868,"w":260,"h":143}},{"filename":"ui-ngang/khung-next-block","rotated":false,"trimmed":false,"sourceSize":{"w":100,"h":300},"spriteSourceSize":{"x":0,"y":0,"w":100,"h":300},"frame":{"x":365,"y":383,"w":100,"h":300}},{"filename":"score-panel","rotated":false,"trimmed":false,"sourceSize":{"w":263,"h":76},"spriteSourceSize":{"x":0,"y":0,"w":263,"h":76},"frame":{"x":468,"y":383,"w":263,"h":76}},{"filename":"popup/middle","rotated":false,"trimmed":false,"sourceSize":{"w":216,"h":114},"spriteSourceSize":{"x":0,"y":0,"w":216,"h":114},"frame":{"x":468,"y":462,"w":216,"h":114}},{"filename":"popup/background","rotated":false,"trimmed":false,"sourceSize":{"w":198,"h":111},"spriteSourceSize":{"x":0,"y":0,"w":198,"h":111},"frame":{"x":468,"y":579,"w":198,"h":111}},{"filename":"ui-ngang/khung-mission","rotated":false,"trimmed":false,"sourceSize":{"w":48,"h":232},"spriteSourceSize":{"x":0,"y":0,"w":48,"h":232},"frame":{"x":365,"y":686,"w":48,"h":232}},{"filename":"daily-challenge/bg-item-dark","rotated":false,"trimmed":false,"sourceSize":{"w":254,"h":41},"spriteSourceSize":{"x":0,"y":0,"w":254,"h":41},"frame":{"x":416,"y":693,"w":254,"h":41}},{"filename":"bg/bg-dark","rotated":false,"trimmed":false,"sourceSize":{"w":122,"h":152},"spriteSourceSize":{"x":0,"y":0,"w":122,"h":152},"frame":{"x":416,"y":737,"w":122,"h":152}},{"filename":"bg-progress-circle","rotated":false,"trimmed":false,"sourceSize":{"w":116,"h":116},"spriteSourceSize":{"x":0,"y":0,"w":116,"h":116},"frame":{"x":541,"y":737,"w":116,"h":116}},{"filename":"avatar/border-big","rotated":false,"trimmed":false,"sourceSize":{"w":88,"h":88},"spriteSourceSize":{"x":0,"y":0,"w":88,"h":88},"frame":{"x":265,"y":868,"w":88,"h":88}},{"filename":"buttons/dark-blue","rotated":false,"trimmed":false,"sourceSize":{"w":183,"h":54},"spriteSourceSize":{"x":0,"y":0,"w":183,"h":54},"frame":{"x":265,"y":959,"w":183,"h":54}},{"filename":"daily-challenge/title-panel","rotated":false,"trimmed":false,"sourceSize":{"w":141,"h":35},"spriteSourceSize":{"x":0,"y":0,"w":141,"h":35},"frame":{"x":356,"y":921,"w":141,"h":35}},{"filename":"lives/time-block-2","rotated":false,"trimmed":false,"sourceSize":{"w":182,"h":54},"spriteSourceSize":{"x":0,"y":0,"w":182,"h":54},"frame":{"x":451,"y":959,"w":182,"h":54}},{"filename":"score-panel-dark","rotated":false,"trimmed":false,"sourceSize":{"w":94,"h":26},"spriteSourceSize":{"x":0,"y":0,"w":94,"h":26},"frame":{"x":416,"y":892,"w":94,"h":26}},{"filename":"bottom-panel","rotated":false,"trimmed":false,"sourceSize":{"w":141,"h":86},"spriteSourceSize":{"x":0,"y":0,"w":141,"h":86},"frame":{"x":743,"y":153,"w":141,"h":86}},{"filename":"best-score-frame-long","rotated":false,"trimmed":false,"sourceSize":{"w":193,"h":77},"spriteSourceSize":{"x":0,"y":0,"w":193,"h":77},"frame":{"x":728,"y":242,"w":193,"h":77}},{"filename":"popup/top-dark","rotated":false,"trimmed":false,"sourceSize":{"w":216,"h":45},"spriteSourceSize":{"x":0,"y":0,"w":216,"h":45},"frame":{"x":728,"y":322,"w":216,"h":45}},{"filename":"texts/next-milestone","rotated":false,"trimmed":false,"sourceSize":{"w":258,"h":18},"spriteSourceSize":{"x":0,"y":0,"w":258,"h":18},"frame":{"x":734,"y":370,"w":258,"h":18}},{"filename":"daily-challenge/bottom-panel","rotated":false,"trimmed":false,"sourceSize":{"w":261,"h":15},"spriteSourceSize":{"x":0,"y":0,"w":261,"h":15},"frame":{"x":734,"y":391,"w":261,"h":15}},{"filename":"daily-challenge/middle-panel","rotated":false,"trimmed":false,"sourceSize":{"w":261,"h":13},"spriteSourceSize":{"x":0,"y":0,"w":261,"h":13},"frame":{"x":734,"y":409,"w":261,"h":13}},{"filename":"popup/bottom","rotated":false,"trimmed":false,"sourceSize":{"w":216,"h":14},"spriteSourceSize":{"x":0,"y":0,"w":216,"h":14},"frame":{"x":734,"y":425,"w":216,"h":14}},{"filename":"buttons/green-large","rotated":false,"trimmed":false,"sourceSize":{"w":165,"h":54},"spriteSourceSize":{"x":0,"y":0,"w":165,"h":54},"frame":{"x":734,"y":442,"w":165,"h":54}},{"filename":"buttons/brown","rotated":false,"trimmed":false,"sourceSize":{"w":165,"h":41},"spriteSourceSize":{"x":0,"y":0,"w":165,"h":41},"frame":{"x":687,"y":499,"w":165,"h":41}},{"filename":"leaderboards/bg-item","rotated":false,"trimmed":false,"sourceSize":{"w":159,"h":31},"spriteSourceSize":{"x":0,"y":0,"w":159,"h":31},"frame":{"x":687,"y":543,"w":159,"h":31}},{"filename":"texts/start-over","rotated":false,"trimmed":false,"sourceSize":{"w":153,"h":13},"spriteSourceSize":{"x":0,"y":0,"w":153,"h":13},"frame":{"x":687,"y":577,"w":153,"h":13}},{"filename":"popup/score-panel","rotated":false,"trimmed":false,"sourceSize":{"w":150,"h":46},"spriteSourceSize":{"x":0,"y":0,"w":150,"h":46},"frame":{"x":669,"y":593,"w":150,"h":46}},{"filename":"wood-panel","rotated":false,"trimmed":false,"sourceSize":{"w":151,"h":28},"spriteSourceSize":{"x":0,"y":0,"w":151,"h":28},"frame":{"x":669,"y":642,"w":151,"h":28}},{"filename":"buttons/green","rotated":false,"trimmed":false,"sourceSize":{"w":119,"h":41},"spriteSourceSize":{"x":0,"y":0,"w":119,"h":41},"frame":{"x":887,"y":145,"w":119,"h":41}},{"filename":"ui-ngang/khung-score","rotated":false,"trimmed":false,"sourceSize":{"w":87,"h":50},"spriteSourceSize":{"x":0,"y":0,"w":87,"h":50},"frame":{"x":887,"y":189,"w":87,"h":50}},{"filename":"texts/lose","rotated":false,"trimmed":false,"sourceSize":{"w":150,"h":23},"spriteSourceSize":{"x":0,"y":0,"w":150,"h":23},"frame":{"x":673,"y":673,"w":150,"h":23}},{"filename":"texts/leader-board","rotated":false,"trimmed":false,"sourceSize":{"w":148,"h":21},"spriteSourceSize":{"x":0,"y":0,"w":148,"h":21},"frame":{"x":673,"y":699,"w":148,"h":21}},{"filename":"texts/win","rotated":false,"trimmed":false,"sourceSize":{"w":138,"h":23},"spriteSourceSize":{"x":0,"y":0,"w":138,"h":23},"frame":{"x":673,"y":723,"w":138,"h":23}},{"filename":"texts/result","rotated":false,"trimmed":false,"sourceSize":{"w":134,"h":21},"spriteSourceSize":{"x":0,"y":0,"w":134,"h":21},"frame":{"x":660,"y":749,"w":134,"h":21}},{"filename":"preloader/dual-ring","rotated":false,"trimmed":true,"sourceSize":{"w":100,"h":100},"spriteSourceSize":{"x":13,"y":13,"w":74,"h":74},"frame":{"x":660,"y":773,"w":74,"h":74}},{"filename":"bg-combo","rotated":false,"trimmed":true,"sourceSize":{"w":106,"h":44},"spriteSourceSize":{"x":0,"y":4,"w":106,"h":40},"frame":{"x":541,"y":856,"w":106,"h":40}},{"filename":"ui-ngang/khung-best-score","rotated":false,"trimmed":false,"sourceSize":{"w":56,"h":85},"spriteSourceSize":{"x":0,"y":0,"w":56,"h":85},"frame":{"x":737,"y":773,"w":56,"h":85}},{"filename":"buttons/dark-blue-small","rotated":false,"trimmed":false,"sourceSize":{"w":89,"h":37},"spriteSourceSize":{"x":0,"y":0,"w":89,"h":37},"frame":{"x":924,"y":242,"w":89,"h":37}},{"filename":"texts/no-thank","rotated":false,"trimmed":false,"sourceSize":{"w":89,"h":14},"spriteSourceSize":{"x":0,"y":0,"w":89,"h":14},"frame":{"x":924,"y":282,"w":89,"h":14}},{"filename":"avatar/border-challenge","rotated":false,"trimmed":false,"sourceSize":{"w":60,"h":59},"spriteSourceSize":{"x":0,"y":0,"w":60,"h":59},"frame":{"x":953,"y":425,"w":60,"h":59}},{"filename":"texts/draw","rotated":false,"trimmed":false,"sourceSize":{"w":125,"h":23},"spriteSourceSize":{"x":0,"y":0,"w":125,"h":23},"frame":{"x":513,"y":899,"w":125,"h":23}},{"filename":"texts/text-tutorial","rotated":false,"trimmed":false,"sourceSize":{"w":124,"h":21},"spriteSourceSize":{"x":0,"y":0,"w":124,"h":21},"frame":{"x":500,"y":925,"w":124,"h":21}},{"filename":"buttons/challenge_light","rotated":false,"trimmed":false,"sourceSize":{"w":44,"h":33},"spriteSourceSize":{"x":0,"y":0,"w":44,"h":33},"frame":{"x":687,"y":462,"w":44,"h":33}},{"filename":"texts/text-share","rotated":false,"trimmed":false,"sourceSize":{"w":82,"h":14},"spriteSourceSize":{"x":0,"y":0,"w":82,"h":14},"frame":{"x":924,"y":299,"w":82,"h":14}},{"filename":"bg/level-playing","rotated":false,"trimmed":false,"sourceSize":{"w":57,"h":47},"spriteSourceSize":{"x":0,"y":0,"w":57,"h":47},"frame":{"x":947,"y":316,"w":57,"h":47}},{"filename":"ui-ngang/text-score","rotated":false,"trimmed":false,"sourceSize":{"w":74,"h":18},"spriteSourceSize":{"x":0,"y":0,"w":74,"h":18},"frame":{"x":660,"y":850,"w":74,"h":18}},{"filename":"texts/text-next-level","rotated":false,"trimmed":false,"sourceSize":{"w":105,"h":36},"spriteSourceSize":{"x":0,"y":0,"w":105,"h":36},"frame":{"x":650,"y":871,"w":105,"h":36}},{"filename":"leaderboards/bg-item-0","rotated":false,"trimmed":false,"sourceSize":{"w":116,"h":23},"spriteSourceSize":{"x":0,"y":0,"w":116,"h":23},"frame":{"x":641,"y":910,"w":116,"h":23}},{"filename":"bg-streak","rotated":false,"trimmed":true,"sourceSize":{"w":106,"h":44},"spriteSourceSize":{"x":0,"y":4,"w":106,"h":40},"frame":{"x":636,"y":936,"w":106,"h":40}},{"filename":"leaderboards/bg-item-1","rotated":false,"trimmed":false,"sourceSize":{"w":116,"h":23},"spriteSourceSize":{"x":0,"y":0,"w":116,"h":23},"frame":{"x":636,"y":979,"w":116,"h":23}},{"filename":"avatar/background","rotated":false,"trimmed":false,"sourceSize":{"w":53,"h":54},"spriteSourceSize":{"x":0,"y":0,"w":53,"h":54},"frame":{"x":855,"y":499,"w":53,"h":54}},{"filename":"icon-journey","rotated":false,"trimmed":false,"sourceSize":{"w":75,"h":61},"spriteSourceSize":{"x":0,"y":0,"w":75,"h":61},"frame":{"x":911,"y":487,"w":75,"h":61}},{"filename":"buttons/minor","rotated":false,"trimmed":false,"sourceSize":{"w":41,"h":36},"spriteSourceSize":{"x":0,"y":0,"w":41,"h":36},"frame":{"x":902,"y":442,"w":41,"h":36}},{"filename":"buttons/dark-blue-big","rotated":false,"trimmed":false,"sourceSize":{"w":90,"h":41},"spriteSourceSize":{"x":0,"y":0,"w":90,"h":41},"frame":{"x":911,"y":551,"w":90,"h":41}},{"filename":"icons/play-green","rotated":false,"trimmed":false,"sourceSize":{"w":24,"h":24},"spriteSourceSize":{"x":0,"y":0,"w":24,"h":24},"frame":{"x":989,"y":487,"w":24,"h":24}},{"filename":"icons/play","rotated":false,"trimmed":false,"sourceSize":{"w":24,"h":24},"spriteSourceSize":{"x":0,"y":0,"w":24,"h":24},"frame":{"x":989,"y":514,"w":24,"h":24}},{"filename":"best-score-frame","rotated":false,"trimmed":false,"sourceSize":{"w":56,"h":76},"spriteSourceSize":{"x":0,"y":0,"w":56,"h":76},"frame":{"x":796,"y":773,"w":56,"h":76}},{"filename":"texts/mission","rotated":false,"trimmed":false,"sourceSize":{"w":119,"h":21},"spriteSourceSize":{"x":0,"y":0,"w":119,"h":21},"frame":{"x":797,"y":749,"w":119,"h":21}},{"filename":"avatar/border","rotated":false,"trimmed":true,"sourceSize":{"w":69,"h":72},"spriteSourceSize":{"x":0,"y":1,"w":69,"h":71},"frame":{"x":855,"y":773,"w":69,"h":71}},{"filename":"buttons/toggle-off","rotated":false,"trimmed":false,"sourceSize":{"w":67,"h":23},"spriteSourceSize":{"x":0,"y":0,"w":67,"h":23},"frame":{"x":814,"y":723,"w":67,"h":23}},{"filename":"texts/play-with","rotated":false,"trimmed":false,"sourceSize":{"w":117,"h":17},"spriteSourceSize":{"x":0,"y":0,"w":117,"h":17},"frame":{"x":884,"y":595,"w":117,"h":17}},{"filename":"texts/text-ranking","rotated":false,"trimmed":false,"sourceSize":{"w":111,"h":12},"spriteSourceSize":{"x":0,"y":0,"w":111,"h":12},"frame":{"x":884,"y":615,"w":111,"h":12}},{"filename":"texts/continue","rotated":false,"trimmed":false,"sourceSize":{"w":97,"h":16},"spriteSourceSize":{"x":0,"y":0,"w":97,"h":16},"frame":{"x":884,"y":630,"w":97,"h":16}},{"filename":"texts/collect","rotated":false,"trimmed":false,"sourceSize":{"w":96,"h":15},"spriteSourceSize":{"x":0,"y":0,"w":96,"h":15},"frame":{"x":884,"y":649,"w":96,"h":15}},{"filename":"texts/text-journey","rotated":false,"trimmed":false,"sourceSize":{"w":93,"h":18},"spriteSourceSize":{"x":0,"y":0,"w":93,"h":18},"frame":{"x":884,"y":667,"w":93,"h":18}},{"filename":"buttons/green-big","rotated":false,"trimmed":false,"sourceSize":{"w":90,"h":41},"spriteSourceSize":{"x":0,"y":0,"w":90,"h":41},"frame":{"x":884,"y":688,"w":90,"h":41}},{"filename":"texts/world-disable","rotated":false,"trimmed":false,"sourceSize":{"w":60,"h":14},"spriteSourceSize":{"x":0,"y":0,"w":60,"h":14},"frame":{"x":884,"y":732,"w":60,"h":14}},{"filename":"daily-challenge/time-panel","rotated":false,"trimmed":false,"sourceSize":{"w":85,"h":24},"spriteSourceSize":{"x":0,"y":0,"w":85,"h":24},"frame":{"x":855,"y":847,"w":85,"h":24}},{"filename":"texts/start","rotated":false,"trimmed":false,"sourceSize":{"w":56,"h":16},"spriteSourceSize":{"x":0,"y":0,"w":56,"h":16},"frame":{"x":796,"y":852,"w":56,"h":16}},{"filename":"leaderboards/tab-off","rotated":false,"trimmed":false,"sourceSize":{"w":57,"h":18},"spriteSourceSize":{"x":0,"y":0,"w":57,"h":18},"frame":{"x":849,"y":556,"w":57,"h":18}},{"filename":"texts/world","rotated":false,"trimmed":false,"sourceSize":{"w":60,"h":14},"spriteSourceSize":{"x":0,"y":0,"w":60,"h":14},"frame":{"x":843,"y":577,"w":60,"h":14}},{"filename":"bg/level-locked","rotated":false,"trimmed":false,"sourceSize":{"w":51,"h":42},"spriteSourceSize":{"x":0,"y":0,"w":51,"h":42},"frame":{"x":822,"y":594,"w":51,"h":42}},{"filename":"text-target-panel","rotated":false,"trimmed":false,"sourceSize":{"w":49,"h":23},"spriteSourceSize":{"x":0,"y":0,"w":49,"h":23},"frame":{"x":823,"y":639,"w":49,"h":23}},{"filename":"bg/level-played","rotated":false,"trimmed":false,"sourceSize":{"w":50,"h":41},"spriteSourceSize":{"x":0,"y":0,"w":50,"h":41},"frame":{"x":826,"y":665,"w":50,"h":41}},{"filename":"icons/vibrate","rotated":false,"trimmed":false,"sourceSize":{"w":31,"h":37},"spriteSourceSize":{"x":0,"y":0,"w":31,"h":37},"frame":{"x":977,"y":189,"w":31,"h":37}},{"filename":"texts/on","rotated":false,"trimmed":false,"sourceSize":{"w":32,"h":10},"spriteSourceSize":{"x":0,"y":0,"w":32,"h":10},"frame":{"x":977,"y":229,"w":32,"h":10}},{"filename":"ui-ngang/text-mission","rotated":false,"trimmed":false,"sourceSize":{"w":66,"h":18},"spriteSourceSize":{"x":0,"y":0,"w":66,"h":18},"frame":{"x":947,"y":732,"w":66,"h":18}},{"filename":"texts/replay","rotated":false,"trimmed":false,"sourceSize":{"w":79,"h":16},"spriteSourceSize":{"x":0,"y":0,"w":79,"h":16},"frame":{"x":919,"y":753,"w":79,"h":16}},{"filename":"buttons/skip","rotated":false,"trimmed":false,"sourceSize":{"w":60,"h":36},"spriteSourceSize":{"x":0,"y":0,"w":60,"h":36},"frame":{"x":927,"y":772,"w":60,"h":36}},{"filename":"buttons/play","rotated":false,"trimmed":false,"sourceSize":{"w":43,"h":33},"spriteSourceSize":{"x":0,"y":0,"w":43,"h":33},"frame":{"x":927,"y":811,"w":43,"h":33}},{"filename":"buttons/share","rotated":false,"trimmed":false,"sourceSize":{"w":40,"h":29},"spriteSourceSize":{"x":0,"y":0,"w":40,"h":29},"frame":{"x":973,"y":811,"w":40,"h":29}},{"filename":"texts/off","rotated":false,"trimmed":false,"sourceSize":{"w":54,"h":9},"spriteSourceSize":{"x":0,"y":0,"w":54,"h":9},"frame":{"x":824,"y":709,"w":54,"h":9}},{"filename":"icons/dot","rotated":false,"trimmed":false,"sourceSize":{"w":34,"h":35},"spriteSourceSize":{"x":0,"y":0,"w":34,"h":35},"frame":{"x":758,"y":861,"w":34,"h":35}},{"filename":"leaderboards/tab-on","rotated":false,"trimmed":false,"sourceSize":{"w":57,"h":18},"spriteSourceSize":{"x":0,"y":0,"w":57,"h":18},"frame":{"x":795,"y":871,"w":57,"h":18}},{"filename":"texts/text-retry","rotated":false,"trimmed":false,"sourceSize":{"w":76,"h":16},"spriteSourceSize":{"x":0,"y":0,"w":76,"h":16},"frame":{"x":855,"y":874,"w":76,"h":16}},{"filename":"icons/crown-big","rotated":false,"trimmed":false,"sourceSize":{"w":37,"h":35},"spriteSourceSize":{"x":0,"y":0,"w":37,"h":35},"frame":{"x":760,"y":899,"w":37,"h":35}},{"filename":"buttons/random","rotated":false,"trimmed":false,"sourceSize":{"w":43,"h":33},"spriteSourceSize":{"x":0,"y":0,"w":43,"h":33},"frame":{"x":800,"y":892,"w":43,"h":33}},{"filename":"buttons/toggle-on","rotated":false,"trimmed":false,"sourceSize":{"w":67,"h":23},"spriteSourceSize":{"x":0,"y":0,"w":67,"h":23},"frame":{"x":846,"y":893,"w":67,"h":23}},{"filename":"texts/play","rotated":false,"trimmed":false,"sourceSize":{"w":60,"h":16},"spriteSourceSize":{"x":0,"y":0,"w":60,"h":16},"frame":{"x":846,"y":919,"w":60,"h":16}},{"filename":"icons/icon-daily","rotated":false,"trimmed":false,"sourceSize":{"w":34,"h":34},"spriteSourceSize":{"x":0,"y":0,"w":34,"h":34},"frame":{"x":745,"y":937,"w":34,"h":34}},{"filename":"icons/brown-journey","rotated":false,"trimmed":false,"sourceSize":{"w":23,"h":21},"spriteSourceSize":{"x":0,"y":0,"w":23,"h":21},"frame":{"x":990,"y":772,"w":23,"h":21}},{"filename":"icons/music","rotated":false,"trimmed":false,"sourceSize":{"w":28,"h":31},"spriteSourceSize":{"x":0,"y":0,"w":28,"h":31},"frame":{"x":943,"y":847,"w":28,"h":31}},{"filename":"icons/icon-journey","rotated":false,"trimmed":false,"sourceSize":{"w":37,"h":31},"spriteSourceSize":{"x":0,"y":0,"w":37,"h":31},"frame":{"x":974,"y":843,"w":37,"h":31}},{"filename":"icons/sound","rotated":false,"trimmed":false,"sourceSize":{"w":31,"h":27},"spriteSourceSize":{"x":0,"y":0,"w":31,"h":27},"frame":{"x":755,"y":974,"w":31,"h":27}},{"filename":"texts/play-with-blue","rotated":false,"trimmed":false,"sourceSize":{"w":58,"h":9},"spriteSourceSize":{"x":0,"y":0,"w":58,"h":9},"frame":{"x":755,"y":1004,"w":58,"h":9}},{"filename":"buttons/dot-blue","rotated":false,"trimmed":false,"sourceSize":{"w":28,"h":27},"spriteSourceSize":{"x":0,"y":0,"w":28,"h":27},"frame":{"x":782,"y":937,"w":28,"h":27}},{"filename":"buttons/dot-green","rotated":false,"trimmed":false,"sourceSize":{"w":28,"h":27},"spriteSourceSize":{"x":0,"y":0,"w":28,"h":27},"frame":{"x":813,"y":928,"w":28,"h":27}},{"filename":"texts/friends-disable","rotated":false,"trimmed":false,"sourceSize":{"w":45,"h":14},"spriteSourceSize":{"x":0,"y":0,"w":45,"h":14},"frame":{"x":844,"y":938,"w":45,"h":14}},{"filename":"texts/friends","rotated":false,"trimmed":false,"sourceSize":{"w":45,"h":14},"spriteSourceSize":{"x":0,"y":0,"w":45,"h":14},"frame":{"x":844,"y":955,"w":45,"h":14}},{"filename":"icons/retry","rotated":false,"trimmed":false,"sourceSize":{"w":25,"h":27},"spriteSourceSize":{"x":0,"y":0,"w":25,"h":27},"frame":{"x":892,"y":938,"w":25,"h":27}},{"filename":"buttons/close","rotated":false,"trimmed":false,"sourceSize":{"w":26,"h":26},"spriteSourceSize":{"x":0,"y":0,"w":26,"h":26},"frame":{"x":789,"y":967,"w":26,"h":26}},{"filename":"icons/sword","rotated":false,"trimmed":false,"sourceSize":{"w":23,"h":19},"spriteSourceSize":{"x":0,"y":0,"w":23,"h":19},"frame":{"x":818,"y":958,"w":23,"h":19}},{"filename":"icons/sword-blue","rotated":false,"trimmed":false,"sourceSize":{"w":18,"h":16},"spriteSourceSize":{"x":0,"y":0,"w":18,"h":16},"frame":{"x":995,"y":366,"w":18,"h":16}},{"filename":"icons/replay","rotated":false,"trimmed":false,"sourceSize":{"w":20,"h":24},"spriteSourceSize":{"x":0,"y":0,"w":20,"h":24},"frame":{"x":916,"y":893,"w":20,"h":24}},{"filename":"icons/rank","rotated":false,"trimmed":false,"sourceSize":{"w":26,"h":25},"spriteSourceSize":{"x":0,"y":0,"w":26,"h":25},"frame":{"x":818,"y":980,"w":26,"h":25}},{"filename":"texts/no","rotated":false,"trimmed":false,"sourceSize":{"w":31,"h":18},"spriteSourceSize":{"x":0,"y":0,"w":31,"h":18},"frame":{"x":847,"y":972,"w":31,"h":18}},{"filename":"icons/white-journey","rotated":false,"trimmed":false,"sourceSize":{"w":21,"h":20},"spriteSourceSize":{"x":0,"y":0,"w":21,"h":20},"frame":{"x":847,"y":993,"w":21,"h":20}},{"filename":"icons/i-play","rotated":false,"trimmed":false,"sourceSize":{"w":16,"h":20},"spriteSourceSize":{"x":0,"y":0,"w":16,"h":20},"frame":{"x":871,"y":993,"w":16,"h":20}},{"filename":"icons/clock","rotated":false,"trimmed":false,"sourceSize":{"w":17,"h":18},"spriteSourceSize":{"x":0,"y":0,"w":17,"h":18},"frame":{"x":881,"y":972,"w":17,"h":18}},{"filename":"icons/plus","rotated":false,"trimmed":false,"sourceSize":{"w":21,"h":22},"spriteSourceSize":{"x":0,"y":0,"w":21,"h":22},"frame":{"x":901,"y":968,"w":21,"h":22}},{"filename":"icons/back","rotated":false,"trimmed":false,"sourceSize":{"w":25,"h":19},"spriteSourceSize":{"x":0,"y":0,"w":25,"h":19},"frame":{"x":890,"y":993,"w":25,"h":19}},{"filename":"texts/vs","rotated":false,"trimmed":false,"sourceSize":{"w":24,"h":14},"spriteSourceSize":{"x":0,"y":0,"w":24,"h":14},"frame":{"x":909,"y":920,"w":24,"h":14}},{"filename":"icons/share","rotated":false,"trimmed":false,"sourceSize":{"w":18,"h":24},"spriteSourceSize":{"x":0,"y":0,"w":18,"h":24},"frame":{"x":920,"y":937,"w":18,"h":24}},{"filename":"texts/yes","rotated":false,"trimmed":false,"sourceSize":{"w":20,"h":22},"spriteSourceSize":{"x":0,"y":0,"w":20,"h":22},"frame":{"x":925,"y":964,"w":20,"h":22}},{"filename":"icons/home","rotated":false,"trimmed":false,"sourceSize":{"w":24,"h":22},"spriteSourceSize":{"x":0,"y":0,"w":24,"h":22},"frame":{"x":939,"y":881,"w":24,"h":22}},{"filename":"icons/flat-ad","rotated":false,"trimmed":false,"sourceSize":{"w":24,"h":21},"spriteSourceSize":{"x":0,"y":0,"w":24,"h":21},"frame":{"x":939,"y":906,"w":24,"h":21}},{"filename":"icons/battle","rotated":false,"trimmed":false,"sourceSize":{"w":22,"h":21},"spriteSourceSize":{"x":0,"y":0,"w":22,"h":21},"frame":{"x":941,"y":930,"w":22,"h":21}},{"filename":"buttons/circle-button","rotated":false,"trimmed":false,"sourceSize":{"w":21,"h":21},"spriteSourceSize":{"x":0,"y":0,"w":21,"h":21},"frame":{"x":984,"y":630,"w":21,"h":21}},{"filename":"icons/check","rotated":false,"trimmed":false,"sourceSize":{"w":22,"h":18},"spriteSourceSize":{"x":0,"y":0,"w":22,"h":18},"frame":{"x":983,"y":654,"w":22,"h":18}},{"filename":"icons/cup-bronze","rotated":false,"trimmed":false,"sourceSize":{"w":22,"h":18},"spriteSourceSize":{"x":0,"y":0,"w":22,"h":18},"frame":{"x":980,"y":675,"w":22,"h":18}},{"filename":"icons/setting","rotated":false,"trimmed":false,"sourceSize":{"w":21,"h":21},"spriteSourceSize":{"x":0,"y":0,"w":21,"h":21},"frame":{"x":977,"y":696,"w":21,"h":21}},{"filename":"icons/share-blue","rotated":false,"trimmed":false,"sourceSize":{"w":16,"h":22},"spriteSourceSize":{"x":0,"y":0,"w":16,"h":22},"frame":{"x":966,"y":881,"w":16,"h":22}},{"filename":"icons/cup-gold","rotated":false,"trimmed":false,"sourceSize":{"w":22,"h":18},"spriteSourceSize":{"x":0,"y":0,"w":22,"h":18},"frame":{"x":985,"y":877,"w":22,"h":18}},{"filename":"icons/cup-silver","rotated":false,"trimmed":false,"sourceSize":{"w":22,"h":18},"spriteSourceSize":{"x":0,"y":0,"w":22,"h":18},"frame":{"x":966,"y":906,"w":22,"h":18}},{"filename":"icons/crown","rotated":false,"trimmed":false,"sourceSize":{"w":16,"h":14},"spriteSourceSize":{"x":0,"y":0,"w":16,"h":14},"frame":{"x":966,"y":927,"w":16,"h":14}}]},{"image":"default-resources-1.png","format":"RGBA8888","size":{"w":416,"h":416},"scale":0.5,"frames":[{"filename":"border-bottom-panel","rotated":false,"trimmed":false,"sourceSize":{"w":375,"h":18},"spriteSourceSize":{"x":0,"y":0,"w":375,"h":18},"frame":{"x":2,"y":2,"w":375,"h":18}},{"filename":"leaf","rotated":false,"trimmed":false,"sourceSize":{"w":282,"h":66},"spriteSourceSize":{"x":0,"y":0,"w":282,"h":66},"frame":{"x":2,"y":23,"w":282,"h":66}},{"filename":"texts/refill-lives","rotated":false,"trimmed":false,"sourceSize":{"w":123,"h":15},"spriteSourceSize":{"x":0,"y":0,"w":123,"h":15},"frame":{"x":287,"y":23,"w":123,"h":15}},{"filename":"daily-challenge/top-panel","rotated":false,"trimmed":false,"sourceSize":{"w":261,"h":15},"spriteSourceSize":{"x":0,"y":0,"w":261,"h":15},"frame":{"x":2,"y":92,"w":261,"h":15}},{"filename":"ui-ngang/text-next-block","rotated":false,"trimmed":false,"sourceSize":{"w":139,"h":18},"spriteSourceSize":{"x":0,"y":0,"w":139,"h":18},"frame":{"x":266,"y":92,"w":139,"h":18}},{"filename":"border-daily","rotated":false,"trimmed":false,"sourceSize":{"w":259,"h":26},"spriteSourceSize":{"x":0,"y":0,"w":259,"h":26},"frame":{"x":2,"y":110,"w":259,"h":26}},{"filename":"daily-challenge/bg-item-light","rotated":false,"trimmed":false,"sourceSize":{"w":254,"h":41},"spriteSourceSize":{"x":0,"y":0,"w":254,"h":41},"frame":{"x":2,"y":139,"w":254,"h":41}},{"filename":"texts/waiting-for-opponent","rotated":false,"trimmed":false,"sourceSize":{"w":253,"h":15},"spriteSourceSize":{"x":0,"y":0,"w":253,"h":15},"frame":{"x":2,"y":183,"w":253,"h":15}},{"filename":"texts/first-milestone","rotated":false,"trimmed":false,"sourceSize":{"w":244,"h":21},"spriteSourceSize":{"x":0,"y":0,"w":244,"h":21},"frame":{"x":2,"y":201,"w":244,"h":21}},{"filename":"popup/top","rotated":false,"trimmed":false,"sourceSize":{"w":216,"h":45},"spriteSourceSize":{"x":0,"y":0,"w":216,"h":45},"frame":{"x":2,"y":225,"w":216,"h":45}},{"filename":"texts/out-of-live","rotated":false,"trimmed":false,"sourceSize":{"w":185,"h":21},"spriteSourceSize":{"x":0,"y":0,"w":185,"h":21},"frame":{"x":221,"y":225,"w":185,"h":21}},{"filename":"texts/level-failed","rotated":false,"trimmed":false,"sourceSize":{"w":175,"h":15},"spriteSourceSize":{"x":0,"y":0,"w":175,"h":15},"frame":{"x":221,"y":249,"w":175,"h":15}},{"filename":"texts/setting","rotated":false,"trimmed":false,"sourceSize":{"w":174,"h":21},"spriteSourceSize":{"x":0,"y":0,"w":174,"h":21},"frame":{"x":221,"y":267,"w":174,"h":21}},{"filename":"lives/time-block","rotated":false,"trimmed":false,"sourceSize":{"w":173,"h":44},"spriteSourceSize":{"x":0,"y":0,"w":173,"h":44},"frame":{"x":2,"y":273,"w":173,"h":44}},{"filename":"texts/congratulations","rotated":false,"trimmed":false,"sourceSize":{"w":236,"h":21},"spriteSourceSize":{"x":0,"y":0,"w":236,"h":21},"frame":{"x":178,"y":291,"w":236,"h":21}},{"filename":"texts/daily-challenge","rotated":false,"trimmed":false,"sourceSize":{"w":236,"h":21},"spriteSourceSize":{"x":0,"y":0,"w":236,"h":21},"frame":{"x":178,"y":315,"w":236,"h":21}},{"filename":"texts/play-single","rotated":false,"trimmed":false,"sourceSize":{"w":172,"h":17},"spriteSourceSize":{"x":0,"y":0,"w":172,"h":17},"frame":{"x":2,"y":320,"w":172,"h":17}},{"filename":"texts/your-score","rotated":false,"trimmed":false,"sourceSize":{"w":236,"h":21},"spriteSourceSize":{"x":0,"y":0,"w":236,"h":21},"frame":{"x":177,"y":339,"w":236,"h":21}},{"filename":"texts/invite-friends","rotated":false,"trimmed":false,"sourceSize":{"w":170,"h":17},"spriteSourceSize":{"x":0,"y":0,"w":170,"h":17},"frame":{"x":2,"y":340,"w":170,"h":17}},{"filename":"texts/target-score","rotated":false,"trimmed":false,"sourceSize":{"w":168,"h":17},"spriteSourceSize":{"x":0,"y":0,"w":168,"h":17},"frame":{"x":2,"y":360,"w":168,"h":17}},{"filename":"texts/second-chance","rotated":false,"trimmed":false,"sourceSize":{"w":241,"h":21},"spriteSourceSize":{"x":0,"y":0,"w":241,"h":21},"frame":{"x":173,"y":363,"w":241,"h":21}},{"filename":"texts/keep-playing","rotated":false,"trimmed":false,"sourceSize":{"w":244,"h":18},"spriteSourceSize":{"x":0,"y":0,"w":244,"h":18},"frame":{"x":2,"y":387,"w":244,"h":18}}]}],"meta":{"app":"https://www.codeandweb.com/texturepacker","version":"3.0","smartupdate":"$TexturePacker:SmartUpdate:7a922d58708575e456a57949e5b13c1d:3b99d41ee69d6050b8c2d04128bd43fa:38a69b481ce127014b0b7fd232b2e3f4$"}}