{"textures":[{"image":"default-resources-0.png","format":"RGBA8888","size":{"w":1024,"h":1024},"scale":1,"frames":[{"filename":"leaderboards/bg-top","rotated":false,"trimmed":false,"sourceSize":{"w":949,"h":168},"spriteSourceSize":{"x":0,"y":0,"w":949,"h":168},"frame":{"x":2,"y":2,"w":949,"h":168}},{"filename":"bg/bg-middle","rotated":false,"trimmed":false,"sourceSize":{"w":719,"h":849},"spriteSourceSize":{"x":0,"y":0,"w":719,"h":849},"frame":{"x":2,"y":173,"w":719,"h":849}},{"filename":"icons/dot","rotated":false,"trimmed":false,"sourceSize":{"w":68,"h":70},"spriteSourceSize":{"x":0,"y":0,"w":68,"h":70},"frame":{"x":954,"y":2,"w":68,"h":70}},{"filename":"icons/icon-daily","rotated":false,"trimmed":false,"sourceSize":{"w":67,"h":67},"spriteSourceSize":{"x":0,"y":0,"w":67,"h":67},"frame":{"x":954,"y":75,"w":67,"h":67}},{"filename":"texts/leader-board","rotated":false,"trimmed":false,"sourceSize":{"w":295,"h":41},"spriteSourceSize":{"x":0,"y":0,"w":295,"h":41},"frame":{"x":724,"y":173,"w":295,"h":41}},{"filename":"texts/on","rotated":false,"trimmed":false,"sourceSize":{"w":64,"h":20},"spriteSourceSize":{"x":0,"y":0,"w":64,"h":20},"frame":{"x":954,"y":145,"w":64,"h":20}},{"filename":"daily-challenge/title-panel","rotated":false,"trimmed":false,"sourceSize":{"w":282,"h":69},"spriteSourceSize":{"x":0,"y":0,"w":282,"h":69},"frame":{"x":724,"y":217,"w":282,"h":69}},{"filename":"bottom-panel","rotated":false,"trimmed":false,"sourceSize":{"w":281,"h":171},"spriteSourceSize":{"x":0,"y":0,"w":281,"h":171},"frame":{"x":724,"y":289,"w":281,"h":171}},{"filename":"ui-ngang/text-next-block","rotated":false,"trimmed":false,"sourceSize":{"w":277,"h":36},"spriteSourceSize":{"x":0,"y":0,"w":277,"h":36},"frame":{"x":724,"y":463,"w":277,"h":36}},{"filename":"texts/win","rotated":false,"trimmed":false,"sourceSize":{"w":276,"h":45},"spriteSourceSize":{"x":0,"y":0,"w":276,"h":45},"frame":{"x":724,"y":502,"w":276,"h":45}},{"filename":"ui-ngang/khung-mission","rotated":false,"trimmed":false,"sourceSize":{"w":95,"h":464},"spriteSourceSize":{"x":0,"y":0,"w":95,"h":464},"frame":{"x":724,"y":550,"w":95,"h":464}},{"filename":"texts/continue","rotated":false,"trimmed":false,"sourceSize":{"w":193,"h":31},"spriteSourceSize":{"x":0,"y":0,"w":193,"h":31},"frame":{"x":822,"y":550,"w":193,"h":31}},{"filename":"texts/collect","rotated":false,"trimmed":false,"sourceSize":{"w":192,"h":29},"spriteSourceSize":{"x":0,"y":0,"w":192,"h":29},"frame":{"x":822,"y":584,"w":192,"h":29}},{"filename":"score-panel-dark","rotated":false,"trimmed":false,"sourceSize":{"w":187,"h":51},"spriteSourceSize":{"x":0,"y":0,"w":187,"h":51},"frame":{"x":822,"y":616,"w":187,"h":51}},{"filename":"texts/text-journey","rotated":false,"trimmed":false,"sourceSize":{"w":185,"h":35},"spriteSourceSize":{"x":0,"y":0,"w":185,"h":35},"frame":{"x":822,"y":670,"w":185,"h":35}},{"filename":"buttons/dark-blue-big","rotated":false,"trimmed":false,"sourceSize":{"w":179,"h":82},"spriteSourceSize":{"x":0,"y":0,"w":179,"h":82},"frame":{"x":822,"y":708,"w":179,"h":82}},{"filename":"buttons/green-big","rotated":false,"trimmed":false,"sourceSize":{"w":179,"h":82},"spriteSourceSize":{"x":0,"y":0,"w":179,"h":82},"frame":{"x":822,"y":793,"w":179,"h":82}},{"filename":"avatar/border","rotated":false,"trimmed":true,"sourceSize":{"w":138,"h":144},"spriteSourceSize":{"x":0,"y":4,"w":138,"h":140},"frame":{"x":822,"y":878,"w":138,"h":140}},{"filename":"icons/music","rotated":false,"trimmed":false,"sourceSize":{"w":56,"h":61},"spriteSourceSize":{"x":0,"y":0,"w":56,"h":61},"frame":{"x":963,"y":878,"w":56,"h":61}},{"filename":"buttons/dot-blue","rotated":false,"trimmed":false,"sourceSize":{"w":56,"h":54},"spriteSourceSize":{"x":0,"y":0,"w":56,"h":54},"frame":{"x":963,"y":942,"w":56,"h":54}}]},{"image":"default-resources-1.png","format":"RGBA8888","size":{"w":1024,"h":1024},"scale":1,"frames":[{"filename":"leaderboards/bg-bottom","rotated":false,"trimmed":false,"sourceSize":{"w":949,"h":67},"spriteSourceSize":{"x":0,"y":0,"w":949,"h":67},"frame":{"x":2,"y":2,"w":949,"h":67}},{"filename":"icons/vibrate","rotated":false,"trimmed":false,"sourceSize":{"w":62,"h":73},"spriteSourceSize":{"x":0,"y":0,"w":62,"h":73},"frame":{"x":954,"y":2,"w":62,"h":73}},{"filename":"leaderboards/bg-middle","rotated":false,"trimmed":false,"sourceSize":{"w":949,"h":47},"spriteSourceSize":{"x":0,"y":0,"w":949,"h":47},"frame":{"x":2,"y":72,"w":949,"h":47}},{"filename":"icons/sound","rotated":false,"trimmed":false,"sourceSize":{"w":62,"h":54},"spriteSourceSize":{"x":0,"y":0,"w":62,"h":54},"frame":{"x":954,"y":78,"w":62,"h":54}},{"filename":"footer","rotated":false,"trimmed":false,"sourceSize":{"w":750,"h":153},"spriteSourceSize":{"x":0,"y":0,"w":750,"h":153},"frame":{"x":2,"y":122,"w":750,"h":153}},{"filename":"texts/result","rotated":false,"trimmed":false,"sourceSize":{"w":267,"h":41},"spriteSourceSize":{"x":0,"y":0,"w":267,"h":41},"frame":{"x":755,"y":135,"w":267,"h":41}},{"filename":"texts/draw","rotated":false,"trimmed":false,"sourceSize":{"w":249,"h":45},"spriteSourceSize":{"x":0,"y":0,"w":249,"h":45},"frame":{"x":755,"y":179,"w":249,"h":45}},{"filename":"texts/text-tutorial","rotated":false,"trimmed":false,"sourceSize":{"w":248,"h":41},"spriteSourceSize":{"x":0,"y":0,"w":248,"h":41},"frame":{"x":755,"y":227,"w":248,"h":41}},{"filename":"texts/refill-lives","rotated":false,"trimmed":false,"sourceSize":{"w":245,"h":30},"spriteSourceSize":{"x":0,"y":0,"w":245,"h":30},"frame":{"x":755,"y":271,"w":245,"h":30}},{"filename":"border-bottom-panel","rotated":false,"trimmed":false,"sourceSize":{"w":750,"h":36},"spriteSourceSize":{"x":0,"y":0,"w":750,"h":36},"frame":{"x":2,"y":278,"w":750,"h":36}},{"filename":"bg/bg-dark","rotated":false,"trimmed":false,"sourceSize":{"w":243,"h":303},"spriteSourceSize":{"x":0,"y":0,"w":243,"h":303},"frame":{"x":755,"y":304,"w":243,"h":303}},{"filename":"ui-ngang/bg-middle","rotated":false,"trimmed":false,"sourceSize":{"w":719,"h":568},"spriteSourceSize":{"x":0,"y":0,"w":719,"h":568},"frame":{"x":2,"y":317,"w":719,"h":568}},{"filename":"leaf","rotated":false,"trimmed":false,"sourceSize":{"w":563,"h":132},"spriteSourceSize":{"x":0,"y":0,"w":563,"h":132},"frame":{"x":2,"y":888,"w":563,"h":132}},{"filename":"icon-journey","rotated":false,"trimmed":false,"sourceSize":{"w":150,"h":122},"spriteSourceSize":{"x":0,"y":0,"w":150,"h":122},"frame":{"x":568,"y":888,"w":150,"h":122}},{"filename":"wood-panel","rotated":false,"trimmed":false,"sourceSize":{"w":301,"h":56},"spriteSourceSize":{"x":0,"y":0,"w":301,"h":56},"frame":{"x":721,"y":888,"w":301,"h":56}},{"filename":"texts/lose","rotated":false,"trimmed":false,"sourceSize":{"w":300,"h":45},"spriteSourceSize":{"x":0,"y":0,"w":300,"h":45},"frame":{"x":721,"y":947,"w":300,"h":45}},{"filename":"texts/no-thank","rotated":false,"trimmed":false,"sourceSize":{"w":177,"h":27},"spriteSourceSize":{"x":0,"y":0,"w":177,"h":27},"frame":{"x":721,"y":995,"w":177,"h":27}},{"filename":"texts/world-disable","rotated":false,"trimmed":false,"sourceSize":{"w":119,"h":27},"spriteSourceSize":{"x":0,"y":0,"w":119,"h":27},"frame":{"x":901,"y":995,"w":119,"h":27}},{"filename":"bg-progress-circle","rotated":false,"trimmed":false,"sourceSize":{"w":232,"h":231},"spriteSourceSize":{"x":0,"y":0,"w":232,"h":231},"frame":{"x":724,"y":610,"w":232,"h":231}},{"filename":"texts/mission","rotated":false,"trimmed":false,"sourceSize":{"w":238,"h":41},"spriteSourceSize":{"x":0,"y":0,"w":238,"h":41},"frame":{"x":724,"y":844,"w":238,"h":41}},{"filename":"buttons/dot-green","rotated":false,"trimmed":false,"sourceSize":{"w":56,"h":54},"spriteSourceSize":{"x":0,"y":0,"w":56,"h":54},"frame":{"x":965,"y":610,"w":56,"h":54}},{"filename":"texts/no","rotated":false,"trimmed":false,"sourceSize":{"w":61,"h":35},"spriteSourceSize":{"x":0,"y":0,"w":61,"h":35},"frame":{"x":959,"y":667,"w":61,"h":35}},{"filename":"buttons/close","rotated":false,"trimmed":false,"sourceSize":{"w":52,"h":52},"spriteSourceSize":{"x":0,"y":0,"w":52,"h":52},"frame":{"x":965,"y":705,"w":52,"h":52}},{"filename":"icons/rank","rotated":false,"trimmed":false,"sourceSize":{"w":51,"h":49},"spriteSourceSize":{"x":0,"y":0,"w":51,"h":49},"frame":{"x":965,"y":760,"w":51,"h":49}},{"filename":"texts/vs","rotated":false,"trimmed":false,"sourceSize":{"w":47,"h":28},"spriteSourceSize":{"x":0,"y":0,"w":47,"h":28},"frame":{"x":959,"y":812,"w":47,"h":28}},{"filename":"icons/brown-journey","rotated":false,"trimmed":false,"sourceSize":{"w":45,"h":42},"spriteSourceSize":{"x":0,"y":0,"w":45,"h":42},"frame":{"x":965,"y":843,"w":45,"h":42}}]},{"image":"default-resources-2.png","format":"RGBA8888","size":{"w":1024,"h":1024},"scale":1,"frames":[{"filename":"ui-ngang/bg-top","rotated":false,"trimmed":false,"sourceSize":{"w":719,"h":178},"spriteSourceSize":{"x":0,"y":0,"w":719,"h":178},"frame":{"x":2,"y":2,"w":719,"h":178}},{"filename":"buttons/green","rotated":false,"trimmed":false,"sourceSize":{"w":238,"h":82},"spriteSourceSize":{"x":0,"y":0,"w":238,"h":82},"frame":{"x":724,"y":2,"w":238,"h":82}},{"filename":"icons/retry","rotated":false,"trimmed":false,"sourceSize":{"w":50,"h":53},"spriteSourceSize":{"x":0,"y":0,"w":50,"h":53},"frame":{"x":965,"y":2,"w":50,"h":53}},{"filename":"icons/back","rotated":false,"trimmed":false,"sourceSize":{"w":50,"h":38},"spriteSourceSize":{"x":0,"y":0,"w":50,"h":38},"frame":{"x":965,"y":58,"w":50,"h":38}},{"filename":"texts/play-with","rotated":false,"trimmed":false,"sourceSize":{"w":233,"h":34},"spriteSourceSize":{"x":0,"y":0,"w":233,"h":34},"frame":{"x":724,"y":87,"w":233,"h":34}},{"filename":"icons/play-green","rotated":false,"trimmed":false,"sourceSize":{"w":47,"h":47},"spriteSourceSize":{"x":0,"y":0,"w":47,"h":47},"frame":{"x":960,"y":99,"w":47,"h":47}},{"filename":"leaderboards/bg-item-0","rotated":false,"trimmed":false,"sourceSize":{"w":232,"h":46},"spriteSourceSize":{"x":0,"y":0,"w":232,"h":46},"frame":{"x":724,"y":124,"w":232,"h":46}},{"filename":"icons/play","rotated":false,"trimmed":false,"sourceSize":{"w":47,"h":47},"spriteSourceSize":{"x":0,"y":0,"w":47,"h":47},"frame":{"x":959,"y":149,"w":47,"h":47}},{"filename":"leaderboards/bg-item-1","rotated":false,"trimmed":false,"sourceSize":{"w":232,"h":46},"spriteSourceSize":{"x":0,"y":0,"w":232,"h":46},"frame":{"x":724,"y":173,"w":232,"h":46}},{"filename":"ui-ngang/bg-bottom","rotated":false,"trimmed":false,"sourceSize":{"w":719,"h":175},"spriteSourceSize":{"x":0,"y":0,"w":719,"h":175},"frame":{"x":2,"y":183,"w":719,"h":175}},{"filename":"icons/home","rotated":false,"trimmed":false,"sourceSize":{"w":47,"h":43},"spriteSourceSize":{"x":0,"y":0,"w":47,"h":43},"frame":{"x":959,"y":199,"w":47,"h":43}},{"filename":"texts/text-ranking","rotated":false,"trimmed":false,"sourceSize":{"w":222,"h":23},"spriteSourceSize":{"x":0,"y":0,"w":222,"h":23},"frame":{"x":724,"y":222,"w":222,"h":23}},{"filename":"icons/icon-journey","rotated":false,"trimmed":false,"sourceSize":{"w":73,"h":62},"spriteSourceSize":{"x":0,"y":0,"w":73,"h":62},"frame":{"x":949,"y":245,"w":73,"h":62}},{"filename":"bg-combo","rotated":false,"trimmed":true,"sourceSize":{"w":212,"h":87},"spriteSourceSize":{"x":0,"y":9,"w":212,"h":78},"frame":{"x":724,"y":248,"w":212,"h":78}},{"filename":"buttons/minor","rotated":false,"trimmed":false,"sourceSize":{"w":82,"h":71},"spriteSourceSize":{"x":0,"y":0,"w":82,"h":71},"frame":{"x":939,"y":310,"w":82,"h":71}},{"filename":"bg-streak","rotated":false,"trimmed":true,"sourceSize":{"w":212,"h":87},"spriteSourceSize":{"x":0,"y":9,"w":212,"h":78},"frame":{"x":724,"y":329,"w":212,"h":78}},{"filename":"bg/bg-bottom","rotated":false,"trimmed":false,"sourceSize":{"w":719,"h":111},"spriteSourceSize":{"x":0,"y":0,"w":719,"h":111},"frame":{"x":2,"y":361,"w":719,"h":111}},{"filename":"buttons/share","rotated":false,"trimmed":false,"sourceSize":{"w":79,"h":58},"spriteSourceSize":{"x":0,"y":0,"w":79,"h":58},"frame":{"x":939,"y":384,"w":79,"h":58}},{"filename":"texts/text-next-level","rotated":false,"trimmed":false,"sourceSize":{"w":209,"h":72},"spriteSourceSize":{"x":0,"y":0,"w":209,"h":72},"frame":{"x":724,"y":410,"w":209,"h":72}},{"filename":"bg/bg-top","rotated":false,"trimmed":false,"sourceSize":{"w":719,"h":111},"spriteSourceSize":{"x":0,"y":0,"w":719,"h":111},"frame":{"x":2,"y":475,"w":719,"h":111}},{"filename":"buttons/play","rotated":false,"trimmed":false,"sourceSize":{"w":86,"h":65},"spriteSourceSize":{"x":0,"y":0,"w":86,"h":65},"frame":{"x":936,"y":445,"w":86,"h":65}},{"filename":"buttons/dark-blue-small","rotated":false,"trimmed":false,"sourceSize":{"w":178,"h":74},"spriteSourceSize":{"x":0,"y":0,"w":178,"h":74},"frame":{"x":724,"y":485,"w":178,"h":74}},{"filename":"texts/play-with-blue","rotated":false,"trimmed":false,"sourceSize":{"w":115,"h":18},"spriteSourceSize":{"x":0,"y":0,"w":115,"h":18},"frame":{"x":905,"y":513,"w":115,"h":18}},{"filename":"bg/level-playing","rotated":false,"trimmed":false,"sourceSize":{"w":113,"h":94},"spriteSourceSize":{"x":0,"y":0,"w":113,"h":94},"frame":{"x":905,"y":534,"w":113,"h":94}},{"filename":"avatar/border-big","rotated":false,"trimmed":false,"sourceSize":{"w":175,"h":175},"spriteSourceSize":{"x":0,"y":0,"w":175,"h":175},"frame":{"x":724,"y":562,"w":175,"h":175}},{"filename":"buttons/skip","rotated":false,"trimmed":false,"sourceSize":{"w":120,"h":71},"spriteSourceSize":{"x":0,"y":0,"w":120,"h":71},"frame":{"x":902,"y":631,"w":120,"h":71}},{"filename":"avatar/border-challenge","rotated":false,"trimmed":false,"sourceSize":{"w":119,"h":118},"spriteSourceSize":{"x":0,"y":0,"w":119,"h":118},"frame":{"x":902,"y":705,"w":119,"h":118}},{"filename":"lives/heart","rotated":false,"trimmed":false,"sourceSize":{"w":339,"h":279},"spriteSourceSize":{"x":0,"y":0,"w":339,"h":279},"frame":{"x":2,"y":740,"w":339,"h":279}},{"filename":"preloader/dual-ring","rotated":false,"trimmed":true,"sourceSize":{"w":200,"h":200},"spriteSourceSize":{"x":27,"y":26,"w":146,"h":148},"frame":{"x":2,"y":589,"w":146,"h":148}},{"filename":"texts/out-of-live","rotated":false,"trimmed":false,"sourceSize":{"w":370,"h":41},"spriteSourceSize":{"x":0,"y":0,"w":370,"h":41},"frame":{"x":344,"y":589,"w":370,"h":41}},{"filename":"ui-ngang/khung-score","rotated":false,"trimmed":false,"sourceSize":{"w":173,"h":99},"spriteSourceSize":{"x":0,"y":0,"w":173,"h":99},"frame":{"x":151,"y":633,"w":173,"h":99}},{"filename":"icons/flat-ad","rotated":false,"trimmed":false,"sourceSize":{"w":47,"h":41},"spriteSourceSize":{"x":0,"y":0,"w":47,"h":41},"frame":{"x":151,"y":589,"w":47,"h":41}},{"filename":"icons/battle","rotated":false,"trimmed":false,"sourceSize":{"w":44,"h":41},"spriteSourceSize":{"x":0,"y":0,"w":44,"h":41},"frame":{"x":201,"y":589,"w":44,"h":41}},{"filename":"icons/setting","rotated":false,"trimmed":false,"sourceSize":{"w":42,"h":41},"spriteSourceSize":{"x":0,"y":0,"w":42,"h":41},"frame":{"x":248,"y":589,"w":42,"h":41}},{"filename":"buttons/circle-button","rotated":false,"trimmed":false,"sourceSize":{"w":41,"h":41},"spriteSourceSize":{"x":0,"y":0,"w":41,"h":41},"frame":{"x":293,"y":589,"w":41,"h":41}},{"filename":"popup/score-panel","rotated":false,"trimmed":false,"sourceSize":{"w":299,"h":92},"spriteSourceSize":{"x":0,"y":0,"w":299,"h":92},"frame":{"x":327,"y":633,"w":299,"h":92}},{"filename":"texts/friends-disable","rotated":false,"trimmed":false,"sourceSize":{"w":89,"h":27},"spriteSourceSize":{"x":0,"y":0,"w":89,"h":27},"frame":{"x":629,"y":633,"w":89,"h":27}},{"filename":"texts/friends","rotated":false,"trimmed":false,"sourceSize":{"w":89,"h":27},"spriteSourceSize":{"x":0,"y":0,"w":89,"h":27},"frame":{"x":629,"y":663,"w":89,"h":27}},{"filename":"buttons/challenge_light","rotated":false,"trimmed":false,"sourceSize":{"w":88,"h":65},"spriteSourceSize":{"x":0,"y":0,"w":88,"h":65},"frame":{"x":629,"y":693,"w":88,"h":65}},{"filename":"daily-challenge/time-panel","rotated":false,"trimmed":false,"sourceSize":{"w":170,"h":48},"spriteSourceSize":{"x":0,"y":0,"w":170,"h":48},"frame":{"x":720,"y":740,"w":170,"h":48}},{"filename":"popup/middle","rotated":false,"trimmed":false,"sourceSize":{"w":431,"h":227},"spriteSourceSize":{"x":0,"y":0,"w":431,"h":227},"frame":{"x":344,"y":791,"w":431,"h":227}},{"filename":"texts/text-share","rotated":false,"trimmed":false,"sourceSize":{"w":164,"h":27},"spriteSourceSize":{"x":0,"y":0,"w":164,"h":27},"frame":{"x":344,"y":761,"w":164,"h":27}},{"filename":"texts/world","rotated":false,"trimmed":false,"sourceSize":{"w":119,"h":27},"spriteSourceSize":{"x":0,"y":0,"w":119,"h":27},"frame":{"x":511,"y":761,"w":119,"h":27}},{"filename":"icons/crown","rotated":false,"trimmed":false,"sourceSize":{"w":31,"h":27},"spriteSourceSize":{"x":0,"y":0,"w":31,"h":27},"frame":{"x":633,"y":761,"w":31,"h":27}},{"filename":"texts/play","rotated":false,"trimmed":false,"sourceSize":{"w":119,"h":31},"spriteSourceSize":{"x":0,"y":0,"w":119,"h":31},"frame":{"x":778,"y":791,"w":119,"h":31}},{"filename":"leaderboards/tab-off","rotated":false,"trimmed":false,"sourceSize":{"w":113,"h":36},"spriteSourceSize":{"x":0,"y":0,"w":113,"h":36},"frame":{"x":778,"y":825,"w":113,"h":36}},{"filename":"best-score-frame","rotated":false,"trimmed":false,"sourceSize":{"w":111,"h":152},"spriteSourceSize":{"x":0,"y":0,"w":111,"h":152},"frame":{"x":778,"y":864,"w":111,"h":152}},{"filename":"texts/off","rotated":false,"trimmed":false,"sourceSize":{"w":107,"h":18},"spriteSourceSize":{"x":0,"y":0,"w":107,"h":18},"frame":{"x":344,"y":728,"w":107,"h":18}},{"filename":"leaderboards/tab-on","rotated":false,"trimmed":false,"sourceSize":{"w":113,"h":36},"spriteSourceSize":{"x":0,"y":0,"w":113,"h":36},"frame":{"x":894,"y":826,"w":113,"h":36}},{"filename":"texts/start","rotated":false,"trimmed":false,"sourceSize":{"w":111,"h":31},"spriteSourceSize":{"x":0,"y":0,"w":111,"h":31},"frame":{"x":892,"y":865,"w":111,"h":31}},{"filename":"avatar/background","rotated":false,"trimmed":false,"sourceSize":{"w":105,"h":107},"spriteSourceSize":{"x":0,"y":0,"w":105,"h":107},"frame":{"x":892,"y":899,"w":105,"h":107}}]},{"image":"default-resources-3.png","format":"RGBA8888","size":{"w":1006,"h":1006},"scale":1,"frames":[{"filename":"daily-challenge/bg","rotated":false,"trimmed":false,"sourceSize":{"w":520,"h":285},"spriteSourceSize":{"x":0,"y":0,"w":520,"h":285},"frame":{"x":2,"y":2,"w":520,"h":285}},{"filename":"ui-ngang/khung-next-block","rotated":false,"trimmed":false,"sourceSize":{"w":200,"h":600},"spriteSourceSize":{"x":0,"y":0,"w":200,"h":600},"frame":{"x":2,"y":290,"w":200,"h":600}},{"filename":"popup/background","rotated":false,"trimmed":false,"sourceSize":{"w":395,"h":221},"spriteSourceSize":{"x":0,"y":0,"w":395,"h":221},"frame":{"x":525,"y":2,"w":395,"h":221}},{"filename":"best-score-frame-long","rotated":false,"trimmed":false,"sourceSize":{"w":386,"h":154},"spriteSourceSize":{"x":0,"y":0,"w":386,"h":154},"frame":{"x":205,"y":290,"w":386,"h":154}},{"filename":"popup/top-dark","rotated":false,"trimmed":false,"sourceSize":{"w":431,"h":89},"spriteSourceSize":{"x":0,"y":0,"w":431,"h":89},"frame":{"x":205,"y":447,"w":431,"h":89}},{"filename":"popup/top","rotated":false,"trimmed":false,"sourceSize":{"w":431,"h":89},"spriteSourceSize":{"x":0,"y":0,"w":431,"h":89},"frame":{"x":205,"y":539,"w":431,"h":89}},{"filename":"daily-challenge/bg-item-dark","rotated":false,"trimmed":false,"sourceSize":{"w":508,"h":81},"spriteSourceSize":{"x":0,"y":0,"w":508,"h":81},"frame":{"x":205,"y":631,"w":508,"h":81}},{"filename":"texts/first-milestone","rotated":false,"trimmed":false,"sourceSize":{"w":487,"h":41},"spriteSourceSize":{"x":0,"y":0,"w":487,"h":41},"frame":{"x":205,"y":715,"w":487,"h":41}},{"filename":"texts/keep-playing","rotated":false,"trimmed":false,"sourceSize":{"w":487,"h":36},"spriteSourceSize":{"x":0,"y":0,"w":487,"h":36},"frame":{"x":205,"y":759,"w":487,"h":36}},{"filename":"texts/second-chance","rotated":false,"trimmed":false,"sourceSize":{"w":482,"h":41},"spriteSourceSize":{"x":0,"y":0,"w":482,"h":41},"frame":{"x":205,"y":798,"w":482,"h":41}},{"filename":"texts/daily-challenge","rotated":false,"trimmed":false,"sourceSize":{"w":471,"h":42},"spriteSourceSize":{"x":0,"y":0,"w":471,"h":42},"frame":{"x":205,"y":842,"w":471,"h":42}},{"filename":"texts/congratulations","rotated":false,"trimmed":false,"sourceSize":{"w":471,"h":41},"spriteSourceSize":{"x":0,"y":0,"w":471,"h":41},"frame":{"x":205,"y":887,"w":471,"h":41}},{"filename":"leaderboards/bg-item","rotated":false,"trimmed":false,"sourceSize":{"w":317,"h":61},"spriteSourceSize":{"x":0,"y":0,"w":317,"h":61},"frame":{"x":525,"y":226,"w":317,"h":61}},{"filename":"lives/time-block-2","rotated":false,"trimmed":false,"sourceSize":{"w":363,"h":108},"spriteSourceSize":{"x":0,"y":0,"w":363,"h":108},"frame":{"x":594,"y":290,"w":363,"h":108}},{"filename":"buttons/dark-blue","rotated":false,"trimmed":false,"sourceSize":{"w":365,"h":107},"spriteSourceSize":{"x":0,"y":0,"w":365,"h":107},"frame":{"x":639,"y":401,"w":365,"h":107}},{"filename":"lives/time-block","rotated":false,"trimmed":false,"sourceSize":{"w":346,"h":87},"spriteSourceSize":{"x":0,"y":0,"w":346,"h":87},"frame":{"x":639,"y":511,"w":346,"h":87}},{"filename":"texts/start-over","rotated":false,"trimmed":false,"sourceSize":{"w":306,"h":25},"spriteSourceSize":{"x":0,"y":0,"w":306,"h":25},"frame":{"x":639,"y":601,"w":306,"h":25}},{"filename":"texts/your-score","rotated":false,"trimmed":false,"sourceSize":{"w":471,"h":41},"spriteSourceSize":{"x":0,"y":0,"w":471,"h":41},"frame":{"x":2,"y":931,"w":471,"h":41}},{"filename":"popup/bottom","rotated":false,"trimmed":false,"sourceSize":{"w":431,"h":27},"spriteSourceSize":{"x":0,"y":0,"w":431,"h":27},"frame":{"x":2,"y":975,"w":431,"h":27}},{"filename":"texts/target-score","rotated":false,"trimmed":false,"sourceSize":{"w":335,"h":34},"spriteSourceSize":{"x":0,"y":0,"w":335,"h":34},"frame":{"x":476,"y":931,"w":335,"h":34}},{"filename":"ui-ngang/text-score","rotated":false,"trimmed":false,"sourceSize":{"w":148,"h":36},"spriteSourceSize":{"x":0,"y":0,"w":148,"h":36},"frame":{"x":476,"y":968,"w":148,"h":36}},{"filename":"ui-ngang/text-mission","rotated":false,"trimmed":false,"sourceSize":{"w":131,"h":36},"spriteSourceSize":{"x":0,"y":0,"w":131,"h":36},"frame":{"x":627,"y":968,"w":131,"h":36}},{"filename":"ui-ngang/khung-best-score","rotated":false,"trimmed":false,"sourceSize":{"w":111,"h":169},"spriteSourceSize":{"x":0,"y":0,"w":111,"h":169},"frame":{"x":716,"y":629,"w":111,"h":169}},{"filename":"texts/replay","rotated":false,"trimmed":false,"sourceSize":{"w":158,"h":31},"spriteSourceSize":{"x":0,"y":0,"w":158,"h":31},"frame":{"x":2,"y":893,"w":158,"h":31}},{"filename":"bg/level-locked","rotated":false,"trimmed":false,"sourceSize":{"w":101,"h":83},"spriteSourceSize":{"x":0,"y":0,"w":101,"h":83},"frame":{"x":830,"y":629,"w":101,"h":83}},{"filename":"bg/level-played","rotated":false,"trimmed":false,"sourceSize":{"w":100,"h":82},"spriteSourceSize":{"x":0,"y":0,"w":100,"h":82},"frame":{"x":830,"y":715,"w":100,"h":82}},{"filename":"buttons/toggle-off","rotated":false,"trimmed":false,"sourceSize":{"w":133,"h":46},"spriteSourceSize":{"x":0,"y":0,"w":133,"h":46},"frame":{"x":690,"y":801,"w":133,"h":46}},{"filename":"buttons/toggle-on","rotated":false,"trimmed":false,"sourceSize":{"w":133,"h":46},"spriteSourceSize":{"x":0,"y":0,"w":133,"h":46},"frame":{"x":679,"y":850,"w":133,"h":46}},{"filename":"icons/crown-big","rotated":false,"trimmed":false,"sourceSize":{"w":74,"h":70},"spriteSourceSize":{"x":0,"y":0,"w":74,"h":70},"frame":{"x":923,"y":2,"w":74,"h":70}},{"filename":"icons/cup-bronze","rotated":false,"trimmed":false,"sourceSize":{"w":43,"h":36},"spriteSourceSize":{"x":0,"y":0,"w":43,"h":36},"frame":{"x":761,"y":968,"w":43,"h":36}},{"filename":"icons/white-journey","rotated":false,"trimmed":false,"sourceSize":{"w":42,"h":40},"spriteSourceSize":{"x":0,"y":0,"w":42,"h":40},"frame":{"x":594,"y":401,"w":42,"h":40}},{"filename":"text-target-panel","rotated":false,"trimmed":false,"sourceSize":{"w":98,"h":46},"spriteSourceSize":{"x":0,"y":0,"w":98,"h":46},"frame":{"x":845,"y":226,"w":98,"h":46}},{"filename":"icons/clock","rotated":false,"trimmed":false,"sourceSize":{"w":34,"h":35},"spriteSourceSize":{"x":0,"y":0,"w":34,"h":35},"frame":{"x":163,"y":893,"w":34,"h":35}},{"filename":"texts/text-retry","rotated":false,"trimmed":false,"sourceSize":{"w":152,"h":31},"spriteSourceSize":{"x":0,"y":0,"w":152,"h":31},"frame":{"x":830,"y":800,"w":152,"h":31}},{"filename":"buttons/random","rotated":false,"trimmed":false,"sourceSize":{"w":86,"h":65},"spriteSourceSize":{"x":0,"y":0,"w":86,"h":65},"frame":{"x":826,"y":834,"w":86,"h":65}},{"filename":"icons/replay","rotated":false,"trimmed":false,"sourceSize":{"w":40,"h":47},"spriteSourceSize":{"x":0,"y":0,"w":40,"h":47},"frame":{"x":923,"y":75,"w":40,"h":47}},{"filename":"icons/plus","rotated":false,"trimmed":false,"sourceSize":{"w":42,"h":44},"spriteSourceSize":{"x":0,"y":0,"w":42,"h":44},"frame":{"x":915,"y":834,"w":42,"h":44}},{"filename":"icons/check","rotated":false,"trimmed":false,"sourceSize":{"w":44,"h":35},"spriteSourceSize":{"x":0,"y":0,"w":44,"h":35},"frame":{"x":960,"y":834,"w":44,"h":35}},{"filename":"icons/cup-gold","rotated":false,"trimmed":false,"sourceSize":{"w":43,"h":36},"spriteSourceSize":{"x":0,"y":0,"w":43,"h":36},"frame":{"x":807,"y":968,"w":43,"h":36}},{"filename":"texts/yes","rotated":false,"trimmed":false,"sourceSize":{"w":40,"h":44},"spriteSourceSize":{"x":0,"y":0,"w":40,"h":44},"frame":{"x":923,"y":125,"w":40,"h":44}},{"filename":"icons/share","rotated":false,"trimmed":false,"sourceSize":{"w":36,"h":47},"spriteSourceSize":{"x":0,"y":0,"w":36,"h":47},"frame":{"x":923,"y":172,"w":36,"h":47}},{"filename":"icons/share-blue","rotated":false,"trimmed":false,"sourceSize":{"w":32,"h":43},"spriteSourceSize":{"x":0,"y":0,"w":32,"h":43},"frame":{"x":966,"y":75,"w":32,"h":43}},{"filename":"icons/i-play","rotated":false,"trimmed":false,"sourceSize":{"w":31,"h":39},"spriteSourceSize":{"x":0,"y":0,"w":31,"h":39},"frame":{"x":966,"y":121,"w":31,"h":39}},{"filename":"icons/sword","rotated":false,"trimmed":false,"sourceSize":{"w":46,"h":38},"spriteSourceSize":{"x":0,"y":0,"w":46,"h":38},"frame":{"x":948,"y":601,"w":46,"h":38}},{"filename":"icons/cup-silver","rotated":false,"trimmed":false,"sourceSize":{"w":43,"h":36},"spriteSourceSize":{"x":0,"y":0,"w":43,"h":36},"frame":{"x":934,"y":642,"w":43,"h":36}},{"filename":"icons/sword-blue","rotated":false,"trimmed":false,"sourceSize":{"w":35,"h":31},"spriteSourceSize":{"x":0,"y":0,"w":35,"h":31},"frame":{"x":934,"y":681,"w":35,"h":31}}]},{"image":"default-resources-4.png","format":"RGBA8888","size":{"w":685,"h":685},"scale":1,"frames":[{"filename":"score-panel","rotated":false,"trimmed":false,"sourceSize":{"w":526,"h":152},"spriteSourceSize":{"x":0,"y":0,"w":526,"h":152},"frame":{"x":2,"y":2,"w":526,"h":152}},{"filename":"daily-challenge/bottom-panel","rotated":false,"trimmed":false,"sourceSize":{"w":521,"h":30},"spriteSourceSize":{"x":0,"y":0,"w":521,"h":30},"frame":{"x":2,"y":157,"w":521,"h":30}},{"filename":"daily-challenge/top-panel","rotated":false,"trimmed":false,"sourceSize":{"w":521,"h":30},"spriteSourceSize":{"x":0,"y":0,"w":521,"h":30},"frame":{"x":2,"y":190,"w":521,"h":30}},{"filename":"daily-challenge/middle-panel","rotated":false,"trimmed":false,"sourceSize":{"w":521,"h":26},"spriteSourceSize":{"x":0,"y":0,"w":521,"h":26},"frame":{"x":2,"y":223,"w":521,"h":26}},{"filename":"border-daily","rotated":false,"trimmed":false,"sourceSize":{"w":518,"h":51},"spriteSourceSize":{"x":0,"y":0,"w":518,"h":51},"frame":{"x":2,"y":252,"w":518,"h":51}},{"filename":"texts/next-milestone","rotated":false,"trimmed":false,"sourceSize":{"w":515,"h":35},"spriteSourceSize":{"x":0,"y":0,"w":515,"h":35},"frame":{"x":2,"y":306,"w":515,"h":35}},{"filename":"daily-challenge/bg-item-light","rotated":false,"trimmed":false,"sourceSize":{"w":508,"h":81},"spriteSourceSize":{"x":0,"y":0,"w":508,"h":81},"frame":{"x":2,"y":344,"w":508,"h":81}},{"filename":"buttons/green-large","rotated":false,"trimmed":false,"sourceSize":{"w":330,"h":107},"spriteSourceSize":{"x":0,"y":0,"w":330,"h":107},"frame":{"x":2,"y":428,"w":330,"h":107}},{"filename":"texts/setting","rotated":false,"trimmed":false,"sourceSize":{"w":348,"h":41},"spriteSourceSize":{"x":0,"y":0,"w":348,"h":41},"frame":{"x":335,"y":428,"w":348,"h":41}},{"filename":"texts/play-single","rotated":false,"trimmed":false,"sourceSize":{"w":343,"h":34},"spriteSourceSize":{"x":0,"y":0,"w":343,"h":34},"frame":{"x":335,"y":472,"w":343,"h":34}},{"filename":"texts/invite-friends","rotated":false,"trimmed":false,"sourceSize":{"w":339,"h":34},"spriteSourceSize":{"x":0,"y":0,"w":339,"h":34},"frame":{"x":335,"y":509,"w":339,"h":34}},{"filename":"buttons/brown","rotated":false,"trimmed":false,"sourceSize":{"w":329,"h":81},"spriteSourceSize":{"x":0,"y":0,"w":329,"h":81},"frame":{"x":2,"y":538,"w":329,"h":81}},{"filename":"texts/level-failed","rotated":false,"trimmed":false,"sourceSize":{"w":349,"h":30},"spriteSourceSize":{"x":0,"y":0,"w":349,"h":30},"frame":{"x":334,"y":546,"w":349,"h":30}},{"filename":"texts/waiting-for-opponent","rotated":false,"trimmed":false,"sourceSize":{"w":505,"h":29},"spriteSourceSize":{"x":0,"y":0,"w":505,"h":29},"frame":{"x":2,"y":622,"w":505,"h":29}}]}],"meta":{"app":"https://www.codeandweb.com/texturepacker","version":"3.0","smartupdate":"$TexturePacker:SmartUpdate:7a922d58708575e456a57949e5b13c1d:3b99d41ee69d6050b8c2d04128bd43fa:38a69b481ce127014b0b7fd232b2e3f4$"}}