{
	"textures": [
		{
			"image": "effects-resources.png",
			"format": "RGBA8888",
			"size": {
				"w": 219,
				"h": 219
			},
			"scale": 0.5,
			"frames": [
				{
					"filename": "text/text_excellent",
					"rotated": false,
					"trimmed": false,
					"sourceSize": {
						"w": 208,
						"h": 30
					},
					"spriteSourceSize": {
						"x": 0,
						"y": 0,
						"w": 208,
						"h": 30
					},
					"frame": {
						"x": 2,
						"y": 2,
						"w": 208,
						"h": 30
					}
				},
				{
					"filename": "glow-circle",
					"rotated": false,
					"trimmed": false,
					"sourceSize": {
						"w": 100,
						"h": 100
					},
					"spriteSourceSize": {
						"x": 0,
						"y": 0,
						"w": 100,
						"h": 100
					},
					"frame": {
						"x": 2,
						"y": 35,
						"w": 100,
						"h": 100
					}
				},
				{
					"filename": "star-yellow",
					"rotated": false,
					"trimmed": false,
					"sourceSize": {
						"w": 85,
						"h": 72
					},
					"spriteSourceSize": {
						"x": 0,
						"y": 0,
						"w": 85,
						"h": 72
					},
					"frame": {
						"x": 2,
						"y": 138,
						"w": 85,
						"h": 72
					}
				},
				{
					"filename": "text/text_cool",
					"rotated": false,
					"trimmed": false,
					"sourceSize": {
						"w": 88,
						"h": 31
					},
					"spriteSourceSize": {
						"x": 0,
						"y": 0,
						"w": 88,
						"h": 31
					},
					"frame": {
						"x": 105,
						"y": 35,
						"w": 88,
						"h": 31
					}
				},
				{
					"filename": "blank",
					"rotated": false,
					"trimmed": false,
					"sourceSize": {
						"w": 50,
						"h": 50
					},
					"spriteSourceSize": {
						"x": 0,
						"y": 0,
						"w": 50,
						"h": 50
					},
					"frame": {
						"x": 105,
						"y": 69,
						"w": 50,
						"h": 50
					}
				},
				{
					"filename": "star",
					"rotated": false,
					"trimmed": false,
					"sourceSize": {
						"w": 50,
						"h": 50
					},
					"spriteSourceSize": {
						"x": 0,
						"y": 0,
						"w": 50,
						"h": 50
					},
					"frame": {
						"x": 158,
						"y": 69,
						"w": 50,
						"h": 50
					}
				},
				{
					"filename": "glare-cross",
					"rotated": false,
					"trimmed": false,
					"sourceSize": {
						"w": 30,
						"h": 30
					},
					"spriteSourceSize": {
						"x": 0,
						"y": 0,
						"w": 30,
						"h": 30
					},
					"frame": {
						"x": 105,
						"y": 122,
						"w": 30,
						"h": 30
					}
				},
				{
					"filename": "text/text_good",
					"rotated": false,
					"trimmed": false,
					"sourceSize": {
						"w": 116,
						"h": 30
					},
					"spriteSourceSize": {
						"x": 0,
						"y": 0,
						"w": 116,
						"h": 30
					},
					"frame": {
						"x": 90,
						"y": 155,
						"w": 116,
						"h": 30
					}
				},
				{
					"filename": "confetti/hexagon-0",
					"rotated": false,
					"trimmed": false,
					"sourceSize": {
						"w": 25,
						"h": 25
					},
					"spriteSourceSize": {
						"x": 0,
						"y": 0,
						"w": 25,
						"h": 25
					},
					"frame": {
						"x": 138,
						"y": 122,
						"w": 25,
						"h": 25
					}
				},
				{
					"filename": "confetti/hexagon-1",
					"rotated": false,
					"trimmed": true,
					"sourceSize": {
						"w": 25,
						"h": 25
					},
					"spriteSourceSize": {
						"x": 0,
						"y": 2,
						"w": 25,
						"h": 21
					},
					"frame": {
						"x": 90,
						"y": 188,
						"w": 25,
						"h": 21
					}
				},
				{
					"filename": "confetti/hexagon-4",
					"rotated": false,
					"trimmed": true,
					"sourceSize": {
						"w": 25,
						"h": 25
					},
					"spriteSourceSize": {
						"x": 1,
						"y": 1,
						"w": 23,
						"h": 23
					},
					"frame": {
						"x": 166,
						"y": 122,
						"w": 23,
						"h": 23
					}
				},
				{
					"filename": "confetti/hexagon-2",
					"rotated": false,
					"trimmed": true,
					"sourceSize": {
						"w": 25,
						"h": 25
					},
					"spriteSourceSize": {
						"x": 1,
						"y": 3,
						"w": 23,
						"h": 19
					},
					"frame": {
						"x": 118,
						"y": 188,
						"w": 23,
						"h": 19
					}
				},
				{
					"filename": "confetti/hexagon-3",
					"rotated": false,
					"trimmed": true,
					"sourceSize": {
						"w": 25,
						"h": 25
					},
					"spriteSourceSize": {
						"x": 3,
						"y": 3,
						"w": 20,
						"h": 19
					},
					"frame": {
						"x": 144,
						"y": 188,
						"w": 20,
						"h": 19
					}
				},
				{
					"filename": "ribbon",
					"rotated": false,
					"trimmed": false,
					"sourceSize": {
						"w": 32,
						"h": 1
					},
					"spriteSourceSize": {
						"x": 0,
						"y": 0,
						"w": 32,
						"h": 1
					},
					"frame": {
						"x": 2,
						"y": 213,
						"w": 32,
						"h": 1
					}
				},
				{
					"filename": "ribbon/falling-confetti/confetti-c/confetti-c-1",
					"rotated": false,
					"trimmed": false,
					"sourceSize": {
						"w": 12,
						"h": 8
					},
					"spriteSourceSize": {
						"x": 0,
						"y": 0,
						"w": 12,
						"h": 8
					},
					"frame": {
						"x": 90,
						"y": 138,
						"w": 12,
						"h": 8
					}
				},
				{
					"filename": "ribbon/falling-confetti/confetti-d/confetti-d-3",
					"rotated": false,
					"trimmed": false,
					"sourceSize": {
						"w": 12,
						"h": 3
					},
					"spriteSourceSize": {
						"x": 0,
						"y": 0,
						"w": 12,
						"h": 3
					},
					"frame": {
						"x": 90,
						"y": 149,
						"w": 12,
						"h": 3
					}
				},
				{
					"filename": "ribbon/falling-confetti/confetti-d/confetti-d-4",
					"rotated": false,
					"trimmed": false,
					"sourceSize": {
						"w": 12,
						"h": 2
					},
					"spriteSourceSize": {
						"x": 0,
						"y": 0,
						"w": 12,
						"h": 2
					},
					"frame": {
						"x": 138,
						"y": 150,
						"w": 12,
						"h": 2
					}
				},
				{
					"filename": "confetti/small-1",
					"rotated": false,
					"trimmed": false,
					"sourceSize": {
						"w": 13,
						"h": 15
					},
					"spriteSourceSize": {
						"x": 0,
						"y": 0,
						"w": 13,
						"h": 15
					},
					"frame": {
						"x": 196,
						"y": 35,
						"w": 13,
						"h": 15
					}
				},
				{
					"filename": "confetti/small-4",
					"rotated": false,
					"trimmed": true,
					"sourceSize": {
						"w": 14,
						"h": 16
					},
					"spriteSourceSize": {
						"x": 1,
						"y": 0,
						"w": 12,
						"h": 16
					},
					"frame": {
						"x": 192,
						"y": 122,
						"w": 12,
						"h": 16
					}
				},
				{
					"filename": "ribbon/falling-confetti/confetti-c/confetti-c-3",
					"rotated": false,
					"trimmed": false,
					"sourceSize": {
						"w": 12,
						"h": 4
					},
					"spriteSourceSize": {
						"x": 0,
						"y": 0,
						"w": 12,
						"h": 4
					},
					"frame": {
						"x": 37,
						"y": 213,
						"w": 12,
						"h": 4
					}
				},
				{
					"filename": "ribbon/falling-confetti/confetti-a/confetti-a-2",
					"rotated": false,
					"trimmed": false,
					"sourceSize": {
						"w": 11,
						"h": 4
					},
					"spriteSourceSize": {
						"x": 0,
						"y": 0,
						"w": 11,
						"h": 4
					},
					"frame": {
						"x": 52,
						"y": 213,
						"w": 11,
						"h": 4
					}
				},
				{
					"filename": "ribbon/falling-confetti/confetti-c/confetti-c-2",
					"rotated": false,
					"trimmed": false,
					"sourceSize": {
						"w": 13,
						"h": 5
					},
					"spriteSourceSize": {
						"x": 0,
						"y": 0,
						"w": 13,
						"h": 5
					},
					"frame": {
						"x": 90,
						"y": 212,
						"w": 13,
						"h": 5
					}
				},
				{
					"filename": "ribbon/falling-confetti/confetti-b/confetti-b-2",
					"rotated": false,
					"trimmed": false,
					"sourceSize": {
						"w": 12,
						"h": 5
					},
					"spriteSourceSize": {
						"x": 0,
						"y": 0,
						"w": 12,
						"h": 5
					},
					"frame": {
						"x": 106,
						"y": 212,
						"w": 12,
						"h": 5
					}
				},
				{
					"filename": "ribbon/falling-confetti/confetti-b/confetti-b-1",
					"rotated": false,
					"trimmed": false,
					"sourceSize": {
						"w": 12,
						"h": 7
					},
					"spriteSourceSize": {
						"x": 0,
						"y": 0,
						"w": 12,
						"h": 7
					},
					"frame": {
						"x": 121,
						"y": 210,
						"w": 12,
						"h": 7
					}
				},
				{
					"filename": "ribbon/falling-confetti/confetti-a/confetti-a-1",
					"rotated": false,
					"trimmed": false,
					"sourceSize": {
						"w": 11,
						"h": 7
					},
					"spriteSourceSize": {
						"x": 0,
						"y": 0,
						"w": 11,
						"h": 7
					},
					"frame": {
						"x": 136,
						"y": 210,
						"w": 11,
						"h": 7
					}
				},
				{
					"filename": "ribbon/falling-confetti/confetti-d/confetti-d-1",
					"rotated": false,
					"trimmed": false,
					"sourceSize": {
						"w": 11,
						"h": 7
					},
					"spriteSourceSize": {
						"x": 0,
						"y": 0,
						"w": 11,
						"h": 7
					},
					"frame": {
						"x": 150,
						"y": 210,
						"w": 11,
						"h": 7
					}
				},
				{
					"filename": "ribbon/falling-confetti/confetti-a/confetti-a-3",
					"rotated": false,
					"trimmed": false,
					"sourceSize": {
						"w": 11,
						"h": 2
					},
					"spriteSourceSize": {
						"x": 0,
						"y": 0,
						"w": 11,
						"h": 2
					},
					"frame": {
						"x": 153,
						"y": 150,
						"w": 11,
						"h": 2
					}
				},
				{
					"filename": "star-y/star-2",
					"rotated": false,
					"trimmed": true,
					"sourceSize": {
						"w": 11,
						"h": 10
					},
					"spriteSourceSize": {
						"x": 1,
						"y": 0,
						"w": 10,
						"h": 10
					},
					"frame": {
						"x": 207,
						"y": 122,
						"w": 10,
						"h": 10
					}
				},
				{
					"filename": "confetti/small-2",
					"rotated": false,
					"trimmed": false,
					"sourceSize": {
						"w": 11,
						"h": 12
					},
					"spriteSourceSize": {
						"x": 0,
						"y": 0,
						"w": 11,
						"h": 12
					},
					"frame": {
						"x": 167,
						"y": 188,
						"w": 11,
						"h": 12
					}
				},
				{
					"filename": "star-x/star-1",
					"rotated": false,
					"trimmed": false,
					"sourceSize": {
						"w": 11,
						"h": 10
					},
					"spriteSourceSize": {
						"x": 0,
						"y": 0,
						"w": 11,
						"h": 10
					},
					"frame": {
						"x": 196,
						"y": 53,
						"w": 11,
						"h": 10
					}
				},
				{
					"filename": "star-y/star-1",
					"rotated": false,
					"trimmed": false,
					"sourceSize": {
						"w": 11,
						"h": 10
					},
					"spriteSourceSize": {
						"x": 0,
						"y": 0,
						"w": 11,
						"h": 10
					},
					"frame": {
						"x": 196,
						"y": 53,
						"w": 11,
						"h": 10
					}
				},
				{
					"filename": "star-x/star-2",
					"rotated": false,
					"trimmed": false,
					"sourceSize": {
						"w": 11,
						"h": 10
					},
					"spriteSourceSize": {
						"x": 0,
						"y": 0,
						"w": 11,
						"h": 10
					},
					"frame": {
						"x": 181,
						"y": 188,
						"w": 11,
						"h": 10
					}
				},
				{
					"filename": "star-y/star-4",
					"rotated": false,
					"trimmed": false,
					"sourceSize": {
						"w": 11,
						"h": 10
					},
					"spriteSourceSize": {
						"x": 0,
						"y": 0,
						"w": 11,
						"h": 10
					},
					"frame": {
						"x": 195,
						"y": 188,
						"w": 11,
						"h": 10
					}
				},
				{
					"filename": "confetti/small-3",
					"rotated": false,
					"trimmed": false,
					"sourceSize": {
						"w": 8,
						"h": 12
					},
					"spriteSourceSize": {
						"x": 0,
						"y": 0,
						"w": 8,
						"h": 12
					},
					"frame": {
						"x": 209,
						"y": 135,
						"w": 8,
						"h": 12
					}
				},
				{
					"filename": "dust-yellow",
					"rotated": false,
					"trimmed": false,
					"sourceSize": {
						"w": 8,
						"h": 8
					},
					"spriteSourceSize": {
						"x": 0,
						"y": 0,
						"w": 8,
						"h": 8
					},
					"frame": {
						"x": 209,
						"y": 150,
						"w": 8,
						"h": 8
					}
				},
				{
					"filename": "ribbon/falling-confetti/confetti-b/confetti-b-3",
					"rotated": false,
					"trimmed": false,
					"sourceSize": {
						"w": 13,
						"h": 3
					},
					"spriteSourceSize": {
						"x": 0,
						"y": 0,
						"w": 13,
						"h": 3
					},
					"frame": {
						"x": 66,
						"y": 213,
						"w": 13,
						"h": 3
					}
				},
				{
					"filename": "ribbon/falling-confetti/confetti-d/confetti-d-2",
					"rotated": false,
					"trimmed": false,
					"sourceSize": {
						"w": 12,
						"h": 5
					},
					"spriteSourceSize": {
						"x": 0,
						"y": 0,
						"w": 12,
						"h": 5
					},
					"frame": {
						"x": 192,
						"y": 141,
						"w": 12,
						"h": 5
					}
				},
				{
					"filename": "star-y/star-3",
					"rotated": false,
					"trimmed": true,
					"sourceSize": {
						"w": 11,
						"h": 10
					},
					"spriteSourceSize": {
						"x": 3,
						"y": 0,
						"w": 6,
						"h": 10
					},
					"frame": {
						"x": 209,
						"y": 161,
						"w": 6,
						"h": 10
					}
				},
				{
					"filename": "star-x/star-3",
					"rotated": false,
					"trimmed": true,
					"sourceSize": {
						"w": 11,
						"h": 10
					},
					"spriteSourceSize": {
						"x": 0,
						"y": 1,
						"w": 11,
						"h": 8
					},
					"frame": {
						"x": 167,
						"y": 203,
						"w": 11,
						"h": 8
					}
				},
				{
					"filename": "ribbon/falling-confetti/confetti-c/confetti-c-4",
					"rotated": false,
					"trimmed": false,
					"sourceSize": {
						"w": 11,
						"h": 3
					},
					"spriteSourceSize": {
						"x": 0,
						"y": 0,
						"w": 11,
						"h": 3
					},
					"frame": {
						"x": 164,
						"y": 214,
						"w": 11,
						"h": 3
					}
				},
				{
					"filename": "star-x/star-4",
					"rotated": false,
					"trimmed": true,
					"sourceSize": {
						"w": 11,
						"h": 10
					},
					"spriteSourceSize": {
						"x": 0,
						"y": 2,
						"w": 11,
						"h": 6
					},
					"frame": {
						"x": 181,
						"y": 201,
						"w": 11,
						"h": 6
					}
				},
				{
					"filename": "ribbon/falling-confetti/confetti-b/confetti-b-4",
					"rotated": false,
					"trimmed": false,
					"sourceSize": {
						"w": 13,
						"h": 1
					},
					"spriteSourceSize": {
						"x": 0,
						"y": 0,
						"w": 13,
						"h": 1
					},
					"frame": {
						"x": 167,
						"y": 148,
						"w": 13,
						"h": 1
					}
				},
				{
					"filename": "dust",
					"rotated": false,
					"trimmed": false,
					"sourceSize": {
						"w": 5,
						"h": 5
					},
					"spriteSourceSize": {
						"x": 0,
						"y": 0,
						"w": 5,
						"h": 5
					},
					"frame": {
						"x": 212,
						"y": 35,
						"w": 5,
						"h": 5
					}
				}
			]
		}
	],
	"meta": {
		"app": "https://www.codeandweb.com/texturepacker",
		"version": "3.0",
		"smartupdate": "$TexturePacker:SmartUpdate:83be97352efe56d7bfbb9365b4977bef:d44e05808825945d1e5cee3464b0e628:fcf0ca429d8c303c4783c89b34559bdb$"
	}
}
