{
	"textures": [
		{
			"image": "effects-resources.png",
			"format": "RGBA8888",
			"size": {
				"w": 210,
				"h": 210
			},
			"scale": 0.5,
			"frames": [
				{
					"filename": "text/text_excellent",
					"rotated": false,
					"trimmed": false,
					"sourceSize": {
						"w": 202,
						"h": 29
					},
					"spriteSourceSize": {
						"x": 0,
						"y": 0,
						"w": 202,
						"h": 29
					},
					"frame": {
						"x": 2,
						"y": 2,
						"w": 202,
						"h": 29
					}
				},
				{
					"filename": "glow-circle",
					"rotated": false,
					"trimmed": false,
					"sourceSize": {
						"w": 100,
						"h": 100
					},
					"spriteSourceSize": {
						"x": 0,
						"y": 0,
						"w": 100,
						"h": 100
					},
					"frame": {
						"x": 2,
						"y": 34,
						"w": 100,
						"h": 100
					}
				},
				{
					"filename": "text/text_good",
					"rotated": false,
					"trimmed": false,
					"sourceSize": {
						"w": 95,
						"h": 28
					},
					"spriteSourceSize": {
						"x": 0,
						"y": 0,
						"w": 95,
						"h": 28
					},
					"frame": {
						"x": 105,
						"y": 34,
						"w": 95,
						"h": 28
					}
				},
				{
					"filename": "dust",
					"rotated": false,
					"trimmed": false,
					"sourceSize": {
						"w": 5,
						"h": 5
					},
					"spriteSourceSize": {
						"x": 0,
						"y": 0,
						"w": 5,
						"h": 5
					},
					"frame": {
						"x": 203,
						"y": 34,
						"w": 5,
						"h": 5
					}
				},
				{
					"filename": "star-yellow",
					"rotated": false,
					"trimmed": false,
					"sourceSize": {
						"w": 85,
						"h": 72
					},
					"spriteSourceSize": {
						"x": 0,
						"y": 0,
						"w": 85,
						"h": 72
					},
					"frame": {
						"x": 105,
						"y": 65,
						"w": 85,
						"h": 72
					}
				},
				{
					"filename": "confetti/small-1",
					"rotated": false,
					"trimmed": false,
					"sourceSize": {
						"w": 13,
						"h": 15
					},
					"spriteSourceSize": {
						"x": 0,
						"y": 0,
						"w": 13,
						"h": 15
					},
					"frame": {
						"x": 193,
						"y": 65,
						"w": 13,
						"h": 15
					}
				},
				{
					"filename": "ribbon/falling-confetti/confetti-c/confetti-c-2",
					"rotated": false,
					"trimmed": false,
					"sourceSize": {
						"w": 13,
						"h": 5
					},
					"spriteSourceSize": {
						"x": 0,
						"y": 0,
						"w": 13,
						"h": 5
					},
					"frame": {
						"x": 193,
						"y": 83,
						"w": 13,
						"h": 5
					}
				},
				{
					"filename": "ribbon/falling-confetti/confetti-b/confetti-b-3",
					"rotated": false,
					"trimmed": false,
					"sourceSize": {
						"w": 13,
						"h": 3
					},
					"spriteSourceSize": {
						"x": 0,
						"y": 0,
						"w": 13,
						"h": 3
					},
					"frame": {
						"x": 193,
						"y": 91,
						"w": 13,
						"h": 3
					}
				},
				{
					"filename": "ribbon/falling-confetti/confetti-b/confetti-b-4",
					"rotated": false,
					"trimmed": false,
					"sourceSize": {
						"w": 13,
						"h": 1
					},
					"spriteSourceSize": {
						"x": 0,
						"y": 0,
						"w": 13,
						"h": 1
					},
					"frame": {
						"x": 193,
						"y": 97,
						"w": 13,
						"h": 1
					}
				},
				{
					"filename": "confetti/small-4",
					"rotated": false,
					"trimmed": true,
					"sourceSize": {
						"w": 14,
						"h": 16
					},
					"spriteSourceSize": {
						"x": 1,
						"y": 0,
						"w": 12,
						"h": 16
					},
					"frame": {
						"x": 193,
						"y": 101,
						"w": 12,
						"h": 16
					}
				},
				{
					"filename": "ribbon/falling-confetti/confetti-c/confetti-c-1",
					"rotated": false,
					"trimmed": false,
					"sourceSize": {
						"w": 12,
						"h": 8
					},
					"spriteSourceSize": {
						"x": 0,
						"y": 0,
						"w": 12,
						"h": 8
					},
					"frame": {
						"x": 193,
						"y": 120,
						"w": 12,
						"h": 8
					}
				},
				{
					"filename": "ribbon/falling-confetti/confetti-b/confetti-b-1",
					"rotated": false,
					"trimmed": false,
					"sourceSize": {
						"w": 12,
						"h": 7
					},
					"spriteSourceSize": {
						"x": 0,
						"y": 0,
						"w": 12,
						"h": 7
					},
					"frame": {
						"x": 193,
						"y": 131,
						"w": 12,
						"h": 7
					}
				},
				{
					"filename": "star",
					"rotated": false,
					"trimmed": false,
					"sourceSize": {
						"w": 50,
						"h": 50
					},
					"spriteSourceSize": {
						"x": 0,
						"y": 0,
						"w": 50,
						"h": 50
					},
					"frame": {
						"x": 2,
						"y": 141,
						"w": 50,
						"h": 50
					}
				},
				{
					"filename": "ribbon",
					"rotated": false,
					"trimmed": false,
					"sourceSize": {
						"w": 32,
						"h": 1
					},
					"spriteSourceSize": {
						"x": 0,
						"y": 0,
						"w": 32,
						"h": 1
					},
					"frame": {
						"x": 2,
						"y": 137,
						"w": 32,
						"h": 1
					}
				},
				{
					"filename": "confetti/small-2",
					"rotated": false,
					"trimmed": false,
					"sourceSize": {
						"w": 11,
						"h": 12
					},
					"spriteSourceSize": {
						"x": 0,
						"y": 0,
						"w": 11,
						"h": 12
					},
					"frame": {
						"x": 2,
						"y": 194,
						"w": 11,
						"h": 12
					}
				},
				{
					"filename": "confetti/small-3",
					"rotated": false,
					"trimmed": false,
					"sourceSize": {
						"w": 8,
						"h": 12
					},
					"spriteSourceSize": {
						"x": 0,
						"y": 0,
						"w": 8,
						"h": 12
					},
					"frame": {
						"x": 16,
						"y": 194,
						"w": 8,
						"h": 12
					}
				},
				{
					"filename": "star-x/star-1",
					"rotated": false,
					"trimmed": false,
					"sourceSize": {
						"w": 11,
						"h": 10
					},
					"spriteSourceSize": {
						"x": 0,
						"y": 0,
						"w": 11,
						"h": 10
					},
					"frame": {
						"x": 27,
						"y": 194,
						"w": 11,
						"h": 10
					}
				},
				{
					"filename": "star-y/star-1",
					"rotated": false,
					"trimmed": false,
					"sourceSize": {
						"w": 11,
						"h": 10
					},
					"spriteSourceSize": {
						"x": 0,
						"y": 0,
						"w": 11,
						"h": 10
					},
					"frame": {
						"x": 27,
						"y": 194,
						"w": 11,
						"h": 10
					}
				},
				{
					"filename": "star-x/star-2",
					"rotated": false,
					"trimmed": false,
					"sourceSize": {
						"w": 11,
						"h": 10
					},
					"spriteSourceSize": {
						"x": 0,
						"y": 0,
						"w": 11,
						"h": 10
					},
					"frame": {
						"x": 41,
						"y": 194,
						"w": 11,
						"h": 10
					}
				},
				{
					"filename": "text/text_cool",
					"rotated": false,
					"trimmed": false,
					"sourceSize": {
						"w": 130,
						"h": 28
					},
					"spriteSourceSize": {
						"x": 0,
						"y": 0,
						"w": 130,
						"h": 28
					},
					"frame": {
						"x": 55,
						"y": 140,
						"w": 130,
						"h": 28
					}
				},
				{
					"filename": "confetti/hexagon-3",
					"rotated": false,
					"trimmed": true,
					"sourceSize": {
						"w": 25,
						"h": 25
					},
					"spriteSourceSize": {
						"x": 3,
						"y": 3,
						"w": 20,
						"h": 19
					},
					"frame": {
						"x": 188,
						"y": 141,
						"w": 20,
						"h": 19
					}
				},
				{
					"filename": "glare-cross",
					"rotated": false,
					"trimmed": false,
					"sourceSize": {
						"w": 30,
						"h": 30
					},
					"spriteSourceSize": {
						"x": 0,
						"y": 0,
						"w": 30,
						"h": 30
					},
					"frame": {
						"x": 55,
						"y": 171,
						"w": 30,
						"h": 30
					}
				},
				{
					"filename": "ribbon/falling-confetti/confetti-c/confetti-c-3",
					"rotated": false,
					"trimmed": false,
					"sourceSize": {
						"w": 12,
						"h": 4
					},
					"spriteSourceSize": {
						"x": 0,
						"y": 0,
						"w": 12,
						"h": 4
					},
					"frame": {
						"x": 55,
						"y": 204,
						"w": 12,
						"h": 4
					}
				},
				{
					"filename": "ribbon/falling-confetti/confetti-a/confetti-a-2",
					"rotated": false,
					"trimmed": false,
					"sourceSize": {
						"w": 11,
						"h": 4
					},
					"spriteSourceSize": {
						"x": 0,
						"y": 0,
						"w": 11,
						"h": 4
					},
					"frame": {
						"x": 70,
						"y": 204,
						"w": 11,
						"h": 4
					}
				},
				{
					"filename": "ribbon/falling-confetti/confetti-d/confetti-d-3",
					"rotated": false,
					"trimmed": false,
					"sourceSize": {
						"w": 12,
						"h": 3
					},
					"spriteSourceSize": {
						"x": 0,
						"y": 0,
						"w": 12,
						"h": 3
					},
					"frame": {
						"x": 84,
						"y": 204,
						"w": 12,
						"h": 3
					}
				},
				{
					"filename": "confetti/hexagon-0",
					"rotated": false,
					"trimmed": false,
					"sourceSize": {
						"w": 25,
						"h": 25
					},
					"spriteSourceSize": {
						"x": 0,
						"y": 0,
						"w": 25,
						"h": 25
					},
					"frame": {
						"x": 88,
						"y": 171,
						"w": 25,
						"h": 25
					}
				},
				{
					"filename": "ribbon/falling-confetti/confetti-d/confetti-d-4",
					"rotated": false,
					"trimmed": false,
					"sourceSize": {
						"w": 12,
						"h": 2
					},
					"spriteSourceSize": {
						"x": 0,
						"y": 0,
						"w": 12,
						"h": 2
					},
					"frame": {
						"x": 88,
						"y": 199,
						"w": 12,
						"h": 2
					}
				},
				{
					"filename": "star-x/star-3",
					"rotated": false,
					"trimmed": true,
					"sourceSize": {
						"w": 11,
						"h": 10
					},
					"spriteSourceSize": {
						"x": 0,
						"y": 1,
						"w": 11,
						"h": 8
					},
					"frame": {
						"x": 103,
						"y": 199,
						"w": 11,
						"h": 8
					}
				},
				{
					"filename": "confetti/hexagon-4",
					"rotated": false,
					"trimmed": true,
					"sourceSize": {
						"w": 25,
						"h": 25
					},
					"spriteSourceSize": {
						"x": 1,
						"y": 1,
						"w": 23,
						"h": 23
					},
					"frame": {
						"x": 116,
						"y": 171,
						"w": 23,
						"h": 23
					}
				},
				{
					"filename": "star-y/star-4",
					"rotated": false,
					"trimmed": false,
					"sourceSize": {
						"w": 11,
						"h": 10
					},
					"spriteSourceSize": {
						"x": 0,
						"y": 0,
						"w": 11,
						"h": 10
					},
					"frame": {
						"x": 117,
						"y": 197,
						"w": 11,
						"h": 10
					}
				},
				{
					"filename": "star-y/star-2",
					"rotated": false,
					"trimmed": true,
					"sourceSize": {
						"w": 11,
						"h": 10
					},
					"spriteSourceSize": {
						"x": 1,
						"y": 0,
						"w": 10,
						"h": 10
					},
					"frame": {
						"x": 131,
						"y": 197,
						"w": 10,
						"h": 10
					}
				},
				{
					"filename": "confetti/hexagon-1",
					"rotated": false,
					"trimmed": true,
					"sourceSize": {
						"w": 25,
						"h": 25
					},
					"spriteSourceSize": {
						"x": 0,
						"y": 2,
						"w": 25,
						"h": 21
					},
					"frame": {
						"x": 142,
						"y": 171,
						"w": 25,
						"h": 21
					}
				},
				{
					"filename": "star-y/star-3",
					"rotated": false,
					"trimmed": true,
					"sourceSize": {
						"w": 11,
						"h": 10
					},
					"spriteSourceSize": {
						"x": 3,
						"y": 0,
						"w": 6,
						"h": 10
					},
					"frame": {
						"x": 144,
						"y": 195,
						"w": 6,
						"h": 10
					}
				},
				{
					"filename": "dust-yellow",
					"rotated": false,
					"trimmed": false,
					"sourceSize": {
						"w": 8,
						"h": 8
					},
					"spriteSourceSize": {
						"x": 0,
						"y": 0,
						"w": 8,
						"h": 8
					},
					"frame": {
						"x": 153,
						"y": 195,
						"w": 8,
						"h": 8
					}
				},
				{
					"filename": "ribbon/falling-confetti/confetti-a/confetti-a-3",
					"rotated": false,
					"trimmed": false,
					"sourceSize": {
						"w": 11,
						"h": 2
					},
					"spriteSourceSize": {
						"x": 0,
						"y": 0,
						"w": 11,
						"h": 2
					},
					"frame": {
						"x": 153,
						"y": 206,
						"w": 11,
						"h": 2
					}
				},
				{
					"filename": "ribbon/falling-confetti/confetti-a/confetti-a-1",
					"rotated": false,
					"trimmed": false,
					"sourceSize": {
						"w": 11,
						"h": 7
					},
					"spriteSourceSize": {
						"x": 0,
						"y": 0,
						"w": 11,
						"h": 7
					},
					"frame": {
						"x": 164,
						"y": 195,
						"w": 11,
						"h": 7
					}
				},
				{
					"filename": "ribbon/falling-confetti/confetti-c/confetti-c-4",
					"rotated": false,
					"trimmed": false,
					"sourceSize": {
						"w": 11,
						"h": 3
					},
					"spriteSourceSize": {
						"x": 0,
						"y": 0,
						"w": 11,
						"h": 3
					},
					"frame": {
						"x": 167,
						"y": 205,
						"w": 11,
						"h": 3
					}
				},
				{
					"filename": "confetti/hexagon-2",
					"rotated": false,
					"trimmed": true,
					"sourceSize": {
						"w": 25,
						"h": 25
					},
					"spriteSourceSize": {
						"x": 1,
						"y": 3,
						"w": 23,
						"h": 19
					},
					"frame": {
						"x": 170,
						"y": 171,
						"w": 23,
						"h": 19
					}
				},
				{
					"filename": "ribbon/falling-confetti/confetti-b/confetti-b-2",
					"rotated": false,
					"trimmed": false,
					"sourceSize": {
						"w": 12,
						"h": 5
					},
					"spriteSourceSize": {
						"x": 0,
						"y": 0,
						"w": 12,
						"h": 5
					},
					"frame": {
						"x": 188,
						"y": 163,
						"w": 12,
						"h": 5
					}
				},
				{
					"filename": "ribbon/falling-confetti/confetti-d/confetti-d-2",
					"rotated": false,
					"trimmed": false,
					"sourceSize": {
						"w": 12,
						"h": 5
					},
					"spriteSourceSize": {
						"x": 0,
						"y": 0,
						"w": 12,
						"h": 5
					},
					"frame": {
						"x": 196,
						"y": 171,
						"w": 12,
						"h": 5
					}
				},
				{
					"filename": "ribbon/falling-confetti/confetti-d/confetti-d-1",
					"rotated": false,
					"trimmed": false,
					"sourceSize": {
						"w": 11,
						"h": 7
					},
					"spriteSourceSize": {
						"x": 0,
						"y": 0,
						"w": 11,
						"h": 7
					},
					"frame": {
						"x": 196,
						"y": 179,
						"w": 11,
						"h": 7
					}
				},
				{
					"filename": "star-x/star-4",
					"rotated": false,
					"trimmed": true,
					"sourceSize": {
						"w": 11,
						"h": 10
					},
					"spriteSourceSize": {
						"x": 0,
						"y": 2,
						"w": 11,
						"h": 6
					},
					"frame": {
						"x": 196,
						"y": 189,
						"w": 11,
						"h": 6
					}
				}
			]
		}
	],
	"meta": {
		"app": "https://www.codeandweb.com/texturepacker",
		"version": "3.0",
		"smartupdate": "$TexturePacker:SmartUpdate:a6789aca0d18268a48078436c2a6ea01:59c9bd10eff5b6540abb27a1f7e08746:fcf0ca429d8c303c4783c89b34559bdb$"
	}
}
