{"textures":[{"image":"default-resources-0.png","format":"RGBA8888","size":{"w":1024,"h":1024},"scale":1,"frames":[{"filename":"leaderboards/bg-top","rotated":false,"trimmed":false,"sourceSize":{"w":949,"h":168},"spriteSourceSize":{"x":0,"y":0,"w":949,"h":168},"frame":{"x":2,"y":2,"w":949,"h":168}},{"filename":"bg/bg-middle","rotated":false,"trimmed":false,"sourceSize":{"w":719,"h":849},"spriteSourceSize":{"x":0,"y":0,"w":719,"h":849},"frame":{"x":2,"y":173,"w":719,"h":849}},{"filename":"icons/dot","rotated":false,"trimmed":false,"sourceSize":{"w":68,"h":70},"spriteSourceSize":{"x":0,"y":0,"w":68,"h":70},"frame":{"x":954,"y":2,"w":68,"h":70}},{"filename":"icons/icon-daily","rotated":false,"trimmed":false,"sourceSize":{"w":67,"h":67},"spriteSourceSize":{"x":0,"y":0,"w":67,"h":67},"frame":{"x":954,"y":75,"w":67,"h":67}},{"filename":"texts/world-disable","rotated":false,"trimmed":false,"sourceSize":{"w":66,"h":25},"spriteSourceSize":{"x":0,"y":0,"w":66,"h":25},"frame":{"x":954,"y":145,"w":66,"h":25}},{"filename":"texts/text-journey","rotated":false,"trimmed":false,"sourceSize":{"w":287,"h":33},"spriteSourceSize":{"x":0,"y":0,"w":287,"h":33},"frame":{"x":724,"y":173,"w":287,"h":33}},{"filename":"daily-challenge/title-panel","rotated":false,"trimmed":false,"sourceSize":{"w":282,"h":69},"spriteSourceSize":{"x":0,"y":0,"w":282,"h":69},"frame":{"x":724,"y":209,"w":282,"h":69}},{"filename":"bottom-panel","rotated":false,"trimmed":false,"sourceSize":{"w":281,"h":171},"spriteSourceSize":{"x":0,"y":0,"w":281,"h":171},"frame":{"x":724,"y":281,"w":281,"h":171}},{"filename":"texts/result","rotated":false,"trimmed":false,"sourceSize":{"w":265,"h":41},"spriteSourceSize":{"x":0,"y":0,"w":265,"h":41},"frame":{"x":724,"y":455,"w":265,"h":41}},{"filename":"texts/your-score","rotated":false,"trimmed":false,"sourceSize":{"w":249,"h":41},"spriteSourceSize":{"x":0,"y":0,"w":249,"h":41},"frame":{"x":724,"y":499,"w":249,"h":41}},{"filename":"icons/sword","rotated":false,"trimmed":false,"sourceSize":{"w":46,"h":38},"spriteSourceSize":{"x":0,"y":0,"w":46,"h":38},"frame":{"x":976,"y":499,"w":46,"h":38}},{"filename":"icons/brown-journey","rotated":false,"trimmed":false,"sourceSize":{"w":45,"h":42},"spriteSourceSize":{"x":0,"y":0,"w":45,"h":42},"frame":{"x":976,"y":540,"w":45,"h":42}},{"filename":"texts/target-score","rotated":false,"trimmed":false,"sourceSize":{"w":247,"h":33},"spriteSourceSize":{"x":0,"y":0,"w":247,"h":33},"frame":{"x":724,"y":543,"w":247,"h":33}},{"filename":"texts/text-tutorial","rotated":false,"trimmed":false,"sourceSize":{"w":244,"h":38},"spriteSourceSize":{"x":0,"y":0,"w":244,"h":38},"frame":{"x":724,"y":579,"w":244,"h":38}},{"filename":"icons/rank","rotated":false,"trimmed":false,"sourceSize":{"w":51,"h":49},"spriteSourceSize":{"x":0,"y":0,"w":51,"h":49},"frame":{"x":971,"y":585,"w":51,"h":49}},{"filename":"bg/bg-dark","rotated":false,"trimmed":false,"sourceSize":{"w":243,"h":303},"spriteSourceSize":{"x":0,"y":0,"w":243,"h":303},"frame":{"x":724,"y":620,"w":243,"h":303}},{"filename":"buttons/close","rotated":false,"trimmed":false,"sourceSize":{"w":52,"h":52},"spriteSourceSize":{"x":0,"y":0,"w":52,"h":52},"frame":{"x":970,"y":637,"w":52,"h":52}},{"filename":"bg/level-playing","rotated":false,"trimmed":false,"sourceSize":{"w":113,"h":94},"spriteSourceSize":{"x":0,"y":0,"w":113,"h":94},"frame":{"x":724,"y":926,"w":113,"h":94}},{"filename":"icons/retry","rotated":false,"trimmed":false,"sourceSize":{"w":50,"h":53},"spriteSourceSize":{"x":0,"y":0,"w":50,"h":53},"frame":{"x":970,"y":692,"w":50,"h":53}},{"filename":"icons/back","rotated":false,"trimmed":false,"sourceSize":{"w":50,"h":38},"spriteSourceSize":{"x":0,"y":0,"w":50,"h":38},"frame":{"x":970,"y":748,"w":50,"h":38}},{"filename":"buttons/dark-blue-big","rotated":false,"trimmed":false,"sourceSize":{"w":179,"h":82},"spriteSourceSize":{"x":0,"y":0,"w":179,"h":82},"frame":{"x":840,"y":926,"w":179,"h":82}},{"filename":"icons/play-green","rotated":false,"trimmed":false,"sourceSize":{"w":47,"h":47},"spriteSourceSize":{"x":0,"y":0,"w":47,"h":47},"frame":{"x":970,"y":789,"w":47,"h":47}},{"filename":"icons/play","rotated":false,"trimmed":false,"sourceSize":{"w":47,"h":47},"spriteSourceSize":{"x":0,"y":0,"w":47,"h":47},"frame":{"x":970,"y":839,"w":47,"h":47}},{"filename":"icons/sword-blue","rotated":false,"trimmed":false,"sourceSize":{"w":35,"h":31},"spriteSourceSize":{"x":0,"y":0,"w":35,"h":31},"frame":{"x":970,"y":889,"w":35,"h":31}}]},{"image":"default-resources-1.png","format":"RGBA8888","size":{"w":1024,"h":1024},"scale":1,"frames":[{"filename":"leaderboards/bg-bottom","rotated":false,"trimmed":false,"sourceSize":{"w":949,"h":67},"spriteSourceSize":{"x":0,"y":0,"w":949,"h":67},"frame":{"x":2,"y":2,"w":949,"h":67}},{"filename":"texts/world","rotated":false,"trimmed":false,"sourceSize":{"w":66,"h":25},"spriteSourceSize":{"x":0,"y":0,"w":66,"h":25},"frame":{"x":954,"y":2,"w":66,"h":25}},{"filename":"icons/vibrate","rotated":false,"trimmed":false,"sourceSize":{"w":62,"h":73},"spriteSourceSize":{"x":0,"y":0,"w":62,"h":73},"frame":{"x":954,"y":30,"w":62,"h":73}},{"filename":"leaderboards/bg-middle","rotated":false,"trimmed":false,"sourceSize":{"w":949,"h":47},"spriteSourceSize":{"x":0,"y":0,"w":949,"h":47},"frame":{"x":2,"y":72,"w":949,"h":47}},{"filename":"icons/sound","rotated":false,"trimmed":false,"sourceSize":{"w":62,"h":54},"spriteSourceSize":{"x":0,"y":0,"w":62,"h":54},"frame":{"x":954,"y":106,"w":62,"h":54}},{"filename":"footer","rotated":false,"trimmed":false,"sourceSize":{"w":750,"h":153},"spriteSourceSize":{"x":0,"y":0,"w":750,"h":153},"frame":{"x":2,"y":122,"w":750,"h":153}},{"filename":"score-panel-dark","rotated":false,"trimmed":false,"sourceSize":{"w":187,"h":51},"spriteSourceSize":{"x":0,"y":0,"w":187,"h":51},"frame":{"x":755,"y":122,"w":187,"h":51}},{"filename":"icons/crown-big","rotated":false,"trimmed":false,"sourceSize":{"w":74,"h":70},"spriteSourceSize":{"x":0,"y":0,"w":74,"h":70},"frame":{"x":945,"y":163,"w":74,"h":70}},{"filename":"buttons/green-big","rotated":false,"trimmed":false,"sourceSize":{"w":179,"h":82},"spriteSourceSize":{"x":0,"y":0,"w":179,"h":82},"frame":{"x":755,"y":176,"w":179,"h":82}},{"filename":"buttons/minor","rotated":false,"trimmed":false,"sourceSize":{"w":82,"h":71},"spriteSourceSize":{"x":0,"y":0,"w":82,"h":71},"frame":{"x":937,"y":236,"w":82,"h":71}},{"filename":"buttons/dark-blue-small","rotated":false,"trimmed":false,"sourceSize":{"w":178,"h":74},"spriteSourceSize":{"x":0,"y":0,"w":178,"h":74},"frame":{"x":755,"y":261,"w":178,"h":74}},{"filename":"buttons/play","rotated":false,"trimmed":false,"sourceSize":{"w":86,"h":65},"spriteSourceSize":{"x":0,"y":0,"w":86,"h":65},"frame":{"x":936,"y":310,"w":86,"h":65}},{"filename":"border-bottom-panel","rotated":false,"trimmed":false,"sourceSize":{"w":750,"h":36},"spriteSourceSize":{"x":0,"y":0,"w":750,"h":36},"frame":{"x":2,"y":278,"w":750,"h":36}},{"filename":"ui-ngang/bg-middle","rotated":false,"trimmed":false,"sourceSize":{"w":719,"h":568},"spriteSourceSize":{"x":0,"y":0,"w":719,"h":568},"frame":{"x":2,"y":317,"w":719,"h":568}},{"filename":"leaf","rotated":false,"trimmed":false,"sourceSize":{"w":563,"h":132},"spriteSourceSize":{"x":0,"y":0,"w":563,"h":132},"frame":{"x":2,"y":888,"w":563,"h":132}},{"filename":"texts/text-next-level","rotated":false,"trimmed":false,"sourceSize":{"w":204,"h":71},"spriteSourceSize":{"x":0,"y":0,"w":204,"h":71},"frame":{"x":724,"y":338,"w":204,"h":71}},{"filename":"buttons/challenge_light","rotated":false,"trimmed":false,"sourceSize":{"w":88,"h":65},"spriteSourceSize":{"x":0,"y":0,"w":88,"h":65},"frame":{"x":931,"y":378,"w":88,"h":65}},{"filename":"ui-ngang/khung-next-block","rotated":false,"trimmed":false,"sourceSize":{"w":200,"h":600},"spriteSourceSize":{"x":0,"y":0,"w":200,"h":600},"frame":{"x":724,"y":412,"w":200,"h":600}},{"filename":"ui-ngang/khung-mission","rotated":false,"trimmed":false,"sourceSize":{"w":95,"h":464},"spriteSourceSize":{"x":0,"y":0,"w":95,"h":464},"frame":{"x":927,"y":446,"w":95,"h":464}},{"filename":"icon-journey","rotated":false,"trimmed":false,"sourceSize":{"w":150,"h":122},"spriteSourceSize":{"x":0,"y":0,"w":150,"h":122},"frame":{"x":568,"y":888,"w":150,"h":122}},{"filename":"ui-ngang/text-score","rotated":false,"trimmed":false,"sourceSize":{"w":88,"h":30},"spriteSourceSize":{"x":0,"y":0,"w":88,"h":30},"frame":{"x":927,"y":913,"w":88,"h":30}},{"filename":"buttons/random","rotated":false,"trimmed":false,"sourceSize":{"w":86,"h":65},"spriteSourceSize":{"x":0,"y":0,"w":86,"h":65},"frame":{"x":927,"y":946,"w":86,"h":65}}]},{"image":"default-resources-2.png","format":"RGBA8888","size":{"w":1022,"h":1022},"scale":1,"frames":[{"filename":"ui-ngang/bg-top","rotated":false,"trimmed":false,"sourceSize":{"w":719,"h":178},"spriteSourceSize":{"x":0,"y":0,"w":719,"h":178},"frame":{"x":2,"y":2,"w":719,"h":178}},{"filename":"buttons/green","rotated":false,"trimmed":false,"sourceSize":{"w":238,"h":82},"spriteSourceSize":{"x":0,"y":0,"w":238,"h":82},"frame":{"x":724,"y":2,"w":238,"h":82}},{"filename":"icons/home","rotated":false,"trimmed":false,"sourceSize":{"w":47,"h":43},"spriteSourceSize":{"x":0,"y":0,"w":47,"h":43},"frame":{"x":965,"y":2,"w":47,"h":43}},{"filename":"icons/flat-ad","rotated":false,"trimmed":false,"sourceSize":{"w":47,"h":41},"spriteSourceSize":{"x":0,"y":0,"w":47,"h":41},"frame":{"x":965,"y":48,"w":47,"h":41}},{"filename":"buttons/skip","rotated":false,"trimmed":false,"sourceSize":{"w":237,"h":71},"spriteSourceSize":{"x":0,"y":0,"w":237,"h":71},"frame":{"x":724,"y":87,"w":237,"h":71}},{"filename":"icons/music","rotated":false,"trimmed":false,"sourceSize":{"w":56,"h":61},"spriteSourceSize":{"x":0,"y":0,"w":56,"h":61},"frame":{"x":964,"y":92,"w":56,"h":61}},{"filename":"buttons/dot-blue","rotated":false,"trimmed":false,"sourceSize":{"w":56,"h":54},"spriteSourceSize":{"x":0,"y":0,"w":56,"h":54},"frame":{"x":964,"y":156,"w":56,"h":54}},{"filename":"texts/no-thank","rotated":false,"trimmed":false,"sourceSize":{"w":236,"h":41},"spriteSourceSize":{"x":0,"y":0,"w":236,"h":41},"frame":{"x":724,"y":161,"w":236,"h":41}},{"filename":"ui-ngang/bg-bottom","rotated":false,"trimmed":false,"sourceSize":{"w":719,"h":175},"spriteSourceSize":{"x":0,"y":0,"w":719,"h":175},"frame":{"x":2,"y":183,"w":719,"h":175}},{"filename":"bg-progress-circle","rotated":false,"trimmed":false,"sourceSize":{"w":232,"h":231},"spriteSourceSize":{"x":0,"y":0,"w":232,"h":231},"frame":{"x":724,"y":205,"w":232,"h":231}},{"filename":"bg/bg-bottom","rotated":false,"trimmed":false,"sourceSize":{"w":719,"h":111},"spriteSourceSize":{"x":0,"y":0,"w":719,"h":111},"frame":{"x":2,"y":361,"w":719,"h":111}},{"filename":"texts/yes","rotated":false,"trimmed":false,"sourceSize":{"w":57,"h":40},"spriteSourceSize":{"x":0,"y":0,"w":57,"h":40},"frame":{"x":959,"y":213,"w":57,"h":40}},{"filename":"buttons/dot-green","rotated":false,"trimmed":false,"sourceSize":{"w":56,"h":54},"spriteSourceSize":{"x":0,"y":0,"w":56,"h":54},"frame":{"x":959,"y":256,"w":56,"h":54}},{"filename":"icons/battle","rotated":false,"trimmed":false,"sourceSize":{"w":44,"h":41},"spriteSourceSize":{"x":0,"y":0,"w":44,"h":41},"frame":{"x":959,"y":313,"w":44,"h":41}},{"filename":"icons/check","rotated":false,"trimmed":false,"sourceSize":{"w":44,"h":35},"spriteSourceSize":{"x":0,"y":0,"w":44,"h":35},"frame":{"x":959,"y":357,"w":44,"h":35}},{"filename":"icons/cup-bronze","rotated":false,"trimmed":false,"sourceSize":{"w":43,"h":36},"spriteSourceSize":{"x":0,"y":0,"w":43,"h":36},"frame":{"x":959,"y":395,"w":43,"h":36}},{"filename":"icons/cup-gold","rotated":false,"trimmed":false,"sourceSize":{"w":43,"h":36},"spriteSourceSize":{"x":0,"y":0,"w":43,"h":36},"frame":{"x":959,"y":434,"w":43,"h":36}},{"filename":"leaderboards/bg-item-0","rotated":false,"trimmed":false,"sourceSize":{"w":232,"h":46},"spriteSourceSize":{"x":0,"y":0,"w":232,"h":46},"frame":{"x":724,"y":439,"w":232,"h":46}},{"filename":"bg/bg-top","rotated":false,"trimmed":false,"sourceSize":{"w":719,"h":111},"spriteSourceSize":{"x":0,"y":0,"w":719,"h":111},"frame":{"x":2,"y":475,"w":719,"h":111}},{"filename":"icons/cup-silver","rotated":false,"trimmed":false,"sourceSize":{"w":43,"h":36},"spriteSourceSize":{"x":0,"y":0,"w":43,"h":36},"frame":{"x":959,"y":473,"w":43,"h":36}},{"filename":"leaderboards/bg-item-1","rotated":false,"trimmed":false,"sourceSize":{"w":232,"h":46},"spriteSourceSize":{"x":0,"y":0,"w":232,"h":46},"frame":{"x":724,"y":488,"w":232,"h":46}},{"filename":"icons/plus","rotated":false,"trimmed":false,"sourceSize":{"w":42,"h":44},"spriteSourceSize":{"x":0,"y":0,"w":42,"h":44},"frame":{"x":959,"y":512,"w":42,"h":44}},{"filename":"texts/text-retry","rotated":false,"trimmed":false,"sourceSize":{"w":226,"h":31},"spriteSourceSize":{"x":0,"y":0,"w":226,"h":31},"frame":{"x":724,"y":537,"w":226,"h":31}},{"filename":"icons/setting","rotated":false,"trimmed":false,"sourceSize":{"w":42,"h":41},"spriteSourceSize":{"x":0,"y":0,"w":42,"h":41},"frame":{"x":953,"y":559,"w":42,"h":41}},{"filename":"bg-combo","rotated":false,"trimmed":true,"sourceSize":{"w":212,"h":87},"spriteSourceSize":{"x":0,"y":9,"w":212,"h":78},"frame":{"x":724,"y":571,"w":212,"h":78}},{"filename":"buttons/share","rotated":false,"trimmed":false,"sourceSize":{"w":79,"h":58},"spriteSourceSize":{"x":0,"y":0,"w":79,"h":58},"frame":{"x":939,"y":603,"w":79,"h":58}},{"filename":"daily-challenge/bg","rotated":false,"trimmed":false,"sourceSize":{"w":520,"h":285},"spriteSourceSize":{"x":0,"y":0,"w":520,"h":285},"frame":{"x":2,"y":664,"w":520,"h":285}},{"filename":"texts/daily-challenge","rotated":false,"trimmed":false,"sourceSize":{"w":495,"h":40},"spriteSourceSize":{"x":0,"y":0,"w":495,"h":40},"frame":{"x":525,"y":664,"w":495,"h":40}},{"filename":"ui-ngang/text-next-block","rotated":false,"trimmed":false,"sourceSize":{"w":199,"h":67},"spriteSourceSize":{"x":0,"y":0,"w":199,"h":67},"frame":{"x":2,"y":952,"w":199,"h":67}},{"filename":"icons/icon-journey","rotated":false,"trimmed":false,"sourceSize":{"w":73,"h":62},"spriteSourceSize":{"x":0,"y":0,"w":73,"h":62},"frame":{"x":204,"y":952,"w":73,"h":62}},{"filename":"leaderboards/bg-item","rotated":false,"trimmed":false,"sourceSize":{"w":317,"h":61},"spriteSourceSize":{"x":0,"y":0,"w":317,"h":61},"frame":{"x":280,"y":952,"w":317,"h":61}},{"filename":"popup/middle","rotated":false,"trimmed":false,"sourceSize":{"w":431,"h":227},"spriteSourceSize":{"x":0,"y":0,"w":431,"h":227},"frame":{"x":525,"y":707,"w":431,"h":227}},{"filename":"bg/level-locked","rotated":false,"trimmed":false,"sourceSize":{"w":101,"h":83},"spriteSourceSize":{"x":0,"y":0,"w":101,"h":83},"frame":{"x":600,"y":937,"w":101,"h":83}},{"filename":"bg/level-played","rotated":false,"trimmed":false,"sourceSize":{"w":100,"h":82},"spriteSourceSize":{"x":0,"y":0,"w":100,"h":82},"frame":{"x":704,"y":937,"w":100,"h":82}},{"filename":"bg-streak","rotated":false,"trimmed":true,"sourceSize":{"w":212,"h":87},"spriteSourceSize":{"x":0,"y":9,"w":212,"h":78},"frame":{"x":807,"y":937,"w":212,"h":78}},{"filename":"wood-panel","rotated":false,"trimmed":false,"sourceSize":{"w":301,"h":56},"spriteSourceSize":{"x":0,"y":0,"w":301,"h":56},"frame":{"x":2,"y":589,"w":301,"h":56}},{"filename":"texts/invite-friends","rotated":false,"trimmed":false,"sourceSize":{"w":396,"h":43},"spriteSourceSize":{"x":0,"y":0,"w":396,"h":43},"frame":{"x":306,"y":589,"w":396,"h":43}},{"filename":"texts/collect","rotated":false,"trimmed":false,"sourceSize":{"w":171,"h":26},"spriteSourceSize":{"x":0,"y":0,"w":171,"h":26},"frame":{"x":306,"y":635,"w":171,"h":26}},{"filename":"texts/text-close","rotated":false,"trimmed":false,"sourceSize":{"w":117,"h":26},"spriteSourceSize":{"x":0,"y":0,"w":117,"h":26},"frame":{"x":480,"y":635,"w":117,"h":26}},{"filename":"texts/text-share","rotated":false,"trimmed":false,"sourceSize":{"w":116,"h":20},"spriteSourceSize":{"x":0,"y":0,"w":116,"h":20},"frame":{"x":600,"y":635,"w":116,"h":20}},{"filename":"icons/white-journey","rotated":false,"trimmed":false,"sourceSize":{"w":42,"h":40},"spriteSourceSize":{"x":0,"y":0,"w":42,"h":40},"frame":{"x":959,"y":707,"w":42,"h":40}},{"filename":"buttons/circle-button","rotated":false,"trimmed":false,"sourceSize":{"w":41,"h":41},"spriteSourceSize":{"x":0,"y":0,"w":41,"h":41},"frame":{"x":959,"y":750,"w":41,"h":41}},{"filename":"icons/replay","rotated":false,"trimmed":false,"sourceSize":{"w":40,"h":47},"spriteSourceSize":{"x":0,"y":0,"w":40,"h":47},"frame":{"x":959,"y":794,"w":40,"h":47}},{"filename":"icons/share","rotated":false,"trimmed":false,"sourceSize":{"w":36,"h":47},"spriteSourceSize":{"x":0,"y":0,"w":36,"h":47},"frame":{"x":959,"y":844,"w":36,"h":47}},{"filename":"icons/i-play","rotated":false,"trimmed":false,"sourceSize":{"w":31,"h":39},"spriteSourceSize":{"x":0,"y":0,"w":31,"h":39},"frame":{"x":959,"y":894,"w":31,"h":39}}]},{"image":"default-resources-3.png","format":"RGBA8888","size":{"w":1024,"h":1024},"scale":1,"frames":[{"filename":"score-panel","rotated":false,"trimmed":false,"sourceSize":{"w":526,"h":152},"spriteSourceSize":{"x":0,"y":0,"w":526,"h":152},"frame":{"x":2,"y":2,"w":526,"h":152}},{"filename":"texts/waiting-for-opponent","rotated":false,"trimmed":false,"sourceSize":{"w":476,"h":50},"spriteSourceSize":{"x":0,"y":0,"w":476,"h":50},"frame":{"x":531,"y":2,"w":476,"h":50}},{"filename":"texts/next-milestone","rotated":false,"trimmed":false,"sourceSize":{"w":469,"h":49},"spriteSourceSize":{"x":0,"y":0,"w":469,"h":49},"frame":{"x":531,"y":55,"w":469,"h":49}},{"filename":"texts/out-of-live","rotated":false,"trimmed":false,"sourceSize":{"w":468,"h":38},"spriteSourceSize":{"x":0,"y":0,"w":468,"h":38},"frame":{"x":531,"y":107,"w":468,"h":38}},{"filename":"popup/top-dark","rotated":false,"trimmed":false,"sourceSize":{"w":431,"h":89},"spriteSourceSize":{"x":0,"y":0,"w":431,"h":89},"frame":{"x":531,"y":148,"w":431,"h":89}},{"filename":"texts/keep-playing","rotated":false,"trimmed":false,"sourceSize":{"w":522,"h":47},"spriteSourceSize":{"x":0,"y":0,"w":522,"h":47},"frame":{"x":2,"y":157,"w":522,"h":47}},{"filename":"texts/leader-board","rotated":false,"trimmed":false,"sourceSize":{"w":521,"h":50},"spriteSourceSize":{"x":0,"y":0,"w":521,"h":50},"frame":{"x":2,"y":207,"w":521,"h":50}},{"filename":"icons/clock","rotated":false,"trimmed":false,"sourceSize":{"w":34,"h":35},"spriteSourceSize":{"x":0,"y":0,"w":34,"h":35},"frame":{"x":965,"y":148,"w":34,"h":35}},{"filename":"icons/share-blue","rotated":false,"trimmed":false,"sourceSize":{"w":32,"h":43},"spriteSourceSize":{"x":0,"y":0,"w":32,"h":43},"frame":{"x":965,"y":186,"w":32,"h":43}},{"filename":"icons/crown","rotated":false,"trimmed":false,"sourceSize":{"w":31,"h":27},"spriteSourceSize":{"x":0,"y":0,"w":31,"h":27},"frame":{"x":965,"y":232,"w":31,"h":27}},{"filename":"popup/top","rotated":false,"trimmed":false,"sourceSize":{"w":431,"h":89},"spriteSourceSize":{"x":0,"y":0,"w":431,"h":89},"frame":{"x":526,"y":240,"w":431,"h":89}},{"filename":"daily-challenge/bottom-panel","rotated":false,"trimmed":false,"sourceSize":{"w":521,"h":30},"spriteSourceSize":{"x":0,"y":0,"w":521,"h":30},"frame":{"x":2,"y":260,"w":521,"h":30}},{"filename":"daily-challenge/top-panel","rotated":false,"trimmed":false,"sourceSize":{"w":521,"h":30},"spriteSourceSize":{"x":0,"y":0,"w":521,"h":30},"frame":{"x":2,"y":293,"w":521,"h":30}},{"filename":"daily-challenge/middle-panel","rotated":false,"trimmed":false,"sourceSize":{"w":521,"h":26},"spriteSourceSize":{"x":0,"y":0,"w":521,"h":26},"frame":{"x":2,"y":326,"w":521,"h":26}},{"filename":"popup/bottom","rotated":false,"trimmed":false,"sourceSize":{"w":431,"h":27},"spriteSourceSize":{"x":0,"y":0,"w":431,"h":27},"frame":{"x":526,"y":332,"w":431,"h":27}},{"filename":"border-daily","rotated":false,"trimmed":false,"sourceSize":{"w":518,"h":51},"spriteSourceSize":{"x":0,"y":0,"w":518,"h":51},"frame":{"x":2,"y":355,"w":518,"h":51}},{"filename":"popup/background","rotated":false,"trimmed":false,"sourceSize":{"w":395,"h":221},"spriteSourceSize":{"x":0,"y":0,"w":395,"h":221},"frame":{"x":523,"y":362,"w":395,"h":221}},{"filename":"texts/off","rotated":false,"trimmed":false,"sourceSize":{"w":101,"h":31},"spriteSourceSize":{"x":0,"y":0,"w":101,"h":31},"frame":{"x":921,"y":362,"w":101,"h":31}},{"filename":"blank","rotated":false,"trimmed":false,"sourceSize":{"w":100,"h":100},"spriteSourceSize":{"x":0,"y":0,"w":100,"h":100},"frame":{"x":921,"y":396,"w":100,"h":100}},{"filename":"text-target-panel","rotated":false,"trimmed":false,"sourceSize":{"w":98,"h":46},"spriteSourceSize":{"x":0,"y":0,"w":98,"h":46},"frame":{"x":921,"y":499,"w":98,"h":46}},{"filename":"daily-challenge/bg-item-dark","rotated":false,"trimmed":false,"sourceSize":{"w":508,"h":81},"spriteSourceSize":{"x":0,"y":0,"w":508,"h":81},"frame":{"x":2,"y":409,"w":508,"h":81}},{"filename":"daily-challenge/bg-item-light","rotated":false,"trimmed":false,"sourceSize":{"w":508,"h":81},"spriteSourceSize":{"x":0,"y":0,"w":508,"h":81},"frame":{"x":2,"y":493,"w":508,"h":81}},{"filename":"texts/level-failed","rotated":false,"trimmed":false,"sourceSize":{"w":500,"h":37},"spriteSourceSize":{"x":0,"y":0,"w":500,"h":37},"frame":{"x":2,"y":577,"w":500,"h":37}},{"filename":"texts/no","rotated":false,"trimmed":false,"sourceSize":{"w":72,"h":33},"spriteSourceSize":{"x":0,"y":0,"w":72,"h":33},"frame":{"x":921,"y":548,"w":72,"h":33}},{"filename":"texts/on","rotated":false,"trimmed":false,"sourceSize":{"w":70,"h":31},"spriteSourceSize":{"x":0,"y":0,"w":70,"h":31},"frame":{"x":921,"y":584,"w":70,"h":31}},{"filename":"texts/second-chance","rotated":false,"trimmed":false,"sourceSize":{"w":389,"h":48},"spriteSourceSize":{"x":0,"y":0,"w":389,"h":48},"frame":{"x":505,"y":586,"w":389,"h":48}},{"filename":"avatar/border-challenge","rotated":false,"trimmed":false,"sourceSize":{"w":119,"h":118},"spriteSourceSize":{"x":0,"y":0,"w":119,"h":118},"frame":{"x":897,"y":618,"w":119,"h":118}},{"filename":"lives/heart","rotated":false,"trimmed":false,"sourceSize":{"w":339,"h":279},"spriteSourceSize":{"x":0,"y":0,"w":339,"h":279},"frame":{"x":2,"y":739,"w":339,"h":279}},{"filename":"ui-ngang/khung-score","rotated":false,"trimmed":false,"sourceSize":{"w":173,"h":99},"spriteSourceSize":{"x":0,"y":0,"w":173,"h":99},"frame":{"x":2,"y":637,"w":173,"h":99}},{"filename":"texts/play-with-blue","rotated":false,"trimmed":false,"sourceSize":{"w":319,"h":31},"spriteSourceSize":{"x":0,"y":0,"w":319,"h":31},"frame":{"x":178,"y":617,"w":319,"h":31}},{"filename":"buttons/brown","rotated":false,"trimmed":false,"sourceSize":{"w":329,"h":81},"spriteSourceSize":{"x":0,"y":0,"w":329,"h":81},"frame":{"x":178,"y":651,"w":329,"h":81}},{"filename":"texts/congratulations","rotated":false,"trimmed":false,"sourceSize":{"w":371,"h":50},"spriteSourceSize":{"x":0,"y":0,"w":371,"h":50},"frame":{"x":510,"y":637,"w":371,"h":50}},{"filename":"texts/play-single","rotated":false,"trimmed":false,"sourceSize":{"w":367,"h":44},"spriteSourceSize":{"x":0,"y":0,"w":367,"h":44},"frame":{"x":510,"y":690,"w":367,"h":44}},{"filename":"preloader/dual-ring","rotated":false,"trimmed":true,"sourceSize":{"w":200,"h":200},"spriteSourceSize":{"x":27,"y":26,"w":146,"h":148},"frame":{"x":344,"y":735,"w":146,"h":148}},{"filename":"texts/lose","rotated":false,"trimmed":false,"sourceSize":{"w":387,"h":41},"spriteSourceSize":{"x":0,"y":0,"w":387,"h":41},"frame":{"x":493,"y":737,"w":387,"h":41}},{"filename":"texts/replay","rotated":false,"trimmed":false,"sourceSize":{"w":139,"h":29},"spriteSourceSize":{"x":0,"y":0,"w":139,"h":29},"frame":{"x":883,"y":739,"w":139,"h":29}},{"filename":"avatar/border","rotated":false,"trimmed":true,"sourceSize":{"w":138,"h":144},"spriteSourceSize":{"x":0,"y":4,"w":138,"h":140},"frame":{"x":883,"y":771,"w":138,"h":140}},{"filename":"lives/time-block-2","rotated":false,"trimmed":false,"sourceSize":{"w":363,"h":108},"spriteSourceSize":{"x":0,"y":0,"w":363,"h":108},"frame":{"x":344,"y":914,"w":363,"h":108}},{"filename":"daily-challenge/time-panel","rotated":false,"trimmed":false,"sourceSize":{"w":170,"h":48},"spriteSourceSize":{"x":0,"y":0,"w":170,"h":48},"frame":{"x":710,"y":781,"w":170,"h":48}},{"filename":"avatar/background","rotated":false,"trimmed":false,"sourceSize":{"w":105,"h":107},"spriteSourceSize":{"x":0,"y":0,"w":105,"h":107},"frame":{"x":710,"y":914,"w":105,"h":107}},{"filename":"texts/mission","rotated":false,"trimmed":false,"sourceSize":{"w":210,"h":41},"spriteSourceSize":{"x":0,"y":0,"w":210,"h":41},"frame":{"x":493,"y":781,"w":210,"h":41}},{"filename":"texts/continue","rotated":false,"trimmed":false,"sourceSize":{"w":210,"h":29},"spriteSourceSize":{"x":0,"y":0,"w":210,"h":29},"frame":{"x":493,"y":825,"w":210,"h":29}},{"filename":"texts/vs","rotated":false,"trimmed":false,"sourceSize":{"w":172,"h":33},"spriteSourceSize":{"x":0,"y":0,"w":172,"h":33},"frame":{"x":706,"y":832,"w":172,"h":33}},{"filename":"texts/first-milestone","rotated":false,"trimmed":false,"sourceSize":{"w":332,"h":41},"spriteSourceSize":{"x":0,"y":0,"w":332,"h":41},"frame":{"x":493,"y":868,"w":332,"h":41}},{"filename":"texts/text-ranking","rotated":false,"trimmed":false,"sourceSize":{"w":199,"h":30},"spriteSourceSize":{"x":0,"y":0,"w":199,"h":30},"frame":{"x":818,"y":914,"w":199,"h":30}},{"filename":"buttons/toggle-off","rotated":false,"trimmed":false,"sourceSize":{"w":133,"h":46},"spriteSourceSize":{"x":0,"y":0,"w":133,"h":46},"frame":{"x":818,"y":947,"w":133,"h":46}}]},{"image":"default-resources-4.png","format":"RGBA8888","size":{"w":663,"h":663},"scale":1,"frames":[{"filename":"avatar/border-big","rotated":false,"trimmed":false,"sourceSize":{"w":175,"h":175},"spriteSourceSize":{"x":0,"y":0,"w":175,"h":175},"frame":{"x":2,"y":2,"w":175,"h":175}},{"filename":"best-score-frame-long","rotated":false,"trimmed":false,"sourceSize":{"w":386,"h":154},"spriteSourceSize":{"x":0,"y":0,"w":386,"h":154},"frame":{"x":2,"y":180,"w":386,"h":154}},{"filename":"buttons/dark-blue","rotated":false,"trimmed":false,"sourceSize":{"w":365,"h":107},"spriteSourceSize":{"x":0,"y":0,"w":365,"h":107},"frame":{"x":180,"y":2,"w":365,"h":107}},{"filename":"texts/refill-lives","rotated":false,"trimmed":false,"sourceSize":{"w":366,"h":30},"spriteSourceSize":{"x":0,"y":0,"w":366,"h":30},"frame":{"x":180,"y":112,"w":366,"h":30}},{"filename":"leaderboards/tab-off","rotated":false,"trimmed":false,"sourceSize":{"w":113,"h":36},"spriteSourceSize":{"x":0,"y":0,"w":113,"h":36},"frame":{"x":548,"y":2,"w":113,"h":36}},{"filename":"leaderboards/tab-on","rotated":false,"trimmed":false,"sourceSize":{"w":113,"h":36},"spriteSourceSize":{"x":0,"y":0,"w":113,"h":36},"frame":{"x":548,"y":41,"w":113,"h":36}},{"filename":"texts/start-over","rotated":false,"trimmed":false,"sourceSize":{"w":340,"h":31},"spriteSourceSize":{"x":0,"y":0,"w":340,"h":31},"frame":{"x":180,"y":145,"w":340,"h":31}},{"filename":"texts/win","rotated":false,"trimmed":false,"sourceSize":{"w":365,"h":50},"spriteSourceSize":{"x":0,"y":0,"w":365,"h":50},"frame":{"x":2,"y":337,"w":365,"h":50}},{"filename":"ui-ngang/khung-best-score","rotated":false,"trimmed":false,"sourceSize":{"w":111,"h":169},"spriteSourceSize":{"x":0,"y":0,"w":111,"h":169},"frame":{"x":370,"y":337,"w":111,"h":169}},{"filename":"texts/draw","rotated":false,"trimmed":false,"sourceSize":{"w":167,"h":41},"spriteSourceSize":{"x":0,"y":0,"w":167,"h":41},"frame":{"x":391,"y":179,"w":167,"h":41}},{"filename":"texts/friends-disable","rotated":false,"trimmed":false,"sourceSize":{"w":110,"h":30},"spriteSourceSize":{"x":0,"y":0,"w":110,"h":30},"frame":{"x":523,"y":145,"w":110,"h":30}},{"filename":"texts/friends","rotated":false,"trimmed":false,"sourceSize":{"w":110,"h":30},"spriteSourceSize":{"x":0,"y":0,"w":110,"h":30},"frame":{"x":549,"y":80,"w":110,"h":30}},{"filename":"ui-ngang/text-mission","rotated":false,"trimmed":false,"sourceSize":{"w":146,"h":30},"spriteSourceSize":{"x":0,"y":0,"w":146,"h":30},"frame":{"x":391,"y":223,"w":146,"h":30}},{"filename":"texts/play","rotated":false,"trimmed":false,"sourceSize":{"w":144,"h":33},"spriteSourceSize":{"x":0,"y":0,"w":144,"h":33},"frame":{"x":391,"y":256,"w":144,"h":33}},{"filename":"texts/start","rotated":false,"trimmed":false,"sourceSize":{"w":134,"h":34},"spriteSourceSize":{"x":0,"y":0,"w":134,"h":34},"frame":{"x":391,"y":292,"w":134,"h":34}},{"filename":"buttons/green-large","rotated":false,"trimmed":false,"sourceSize":{"w":330,"h":107},"spriteSourceSize":{"x":0,"y":0,"w":330,"h":107},"frame":{"x":2,"y":390,"w":330,"h":107}},{"filename":"popup/score-panel","rotated":false,"trimmed":false,"sourceSize":{"w":299,"h":92},"spriteSourceSize":{"x":0,"y":0,"w":299,"h":92},"frame":{"x":2,"y":500,"w":299,"h":92}},{"filename":"lives/time-block","rotated":false,"trimmed":false,"sourceSize":{"w":346,"h":87},"spriteSourceSize":{"x":0,"y":0,"w":346,"h":87},"frame":{"x":304,"y":509,"w":346,"h":87}},{"filename":"best-score-frame","rotated":false,"trimmed":false,"sourceSize":{"w":111,"h":152},"spriteSourceSize":{"x":0,"y":0,"w":111,"h":152},"frame":{"x":528,"y":292,"w":111,"h":152}},{"filename":"buttons/toggle-on","rotated":false,"trimmed":false,"sourceSize":{"w":133,"h":46},"spriteSourceSize":{"x":0,"y":0,"w":133,"h":46},"frame":{"x":484,"y":447,"w":133,"h":46}},{"filename":"texts/play-with","rotated":false,"trimmed":false,"sourceSize":{"w":319,"h":31},"spriteSourceSize":{"x":0,"y":0,"w":319,"h":31},"frame":{"x":2,"y":599,"w":319,"h":31}},{"filename":"texts/setting","rotated":false,"trimmed":false,"sourceSize":{"w":303,"h":48},"spriteSourceSize":{"x":0,"y":0,"w":303,"h":48},"frame":{"x":324,"y":599,"w":303,"h":48}}]}],"meta":{"app":"https://www.codeandweb.com/texturepacker","version":"3.0","smartupdate":"$TexturePacker:SmartUpdate:7ee4828d5b6cf3b92904cd87649c152b:bf686296d3bc2efcfb3ab22c74ed997a:38a69b481ce127014b0b7fd232b2e3f4$"}}