{
	"textures": [
		{
			"image": "default-resources-0.png",
			"format": "RGBA8888",
			"size": {
				"w": 1024,
				"h": 1024
			},
			"scale": 1,
			"frames": [
				{
					"filename": "leaderboards/bg-top",
					"rotated": false,
					"trimmed": false,
					"sourceSize": {
						"w": 949,
						"h": 168
					},
					"spriteSourceSize": {
						"x": 0,
						"y": 0,
						"w": 949,
						"h": 168
					},
					"frame": {
						"x": 2,
						"y": 2,
						"w": 949,
						"h": 168
					}
				},
				{
					"filename": "bg/bg-middle",
					"rotated": false,
					"trimmed": false,
					"sourceSize": {
						"w": 719,
						"h": 849
					},
					"spriteSourceSize": {
						"x": 0,
						"y": 0,
						"w": 719,
						"h": 849
					},
					"frame": {
						"x": 2,
						"y": 173,
						"w": 719,
						"h": 849
					}
				},
				{
					"filename": "icons/dot",
					"rotated": false,
					"trimmed": false,
					"sourceSize": {
						"w": 68,
						"h": 70
					},
					"spriteSourceSize": {
						"x": 0,
						"y": 0,
						"w": 68,
						"h": 70
					},
					"frame": {
						"x": 954,
						"y": 2,
						"w": 68,
						"h": 70
					}
				},
				{
					"filename": "icons/icon-daily",
					"rotated": false,
					"trimmed": false,
					"sourceSize": {
						"w": 67,
						"h": 67
					},
					"spriteSourceSize": {
						"x": 0,
						"y": 0,
						"w": 67,
						"h": 67
					},
					"frame": {
						"x": 954,
						"y": 75,
						"w": 67,
						"h": 67
					}
				},
				{
					"filename": "texts/leader-board",
					"rotated": false,
					"trimmed": false,
					"sourceSize": {
						"w": 295,
						"h": 41
					},
					"spriteSourceSize": {
						"x": 0,
						"y": 0,
						"w": 295,
						"h": 41
					},
					"frame": {
						"x": 724,
						"y": 173,
						"w": 295,
						"h": 41
					}
				},
				{
					"filename": "texts/on",
					"rotated": false,
					"trimmed": false,
					"sourceSize": {
						"w": 64,
						"h": 20
					},
					"spriteSourceSize": {
						"x": 0,
						"y": 0,
						"w": 64,
						"h": 20
					},
					"frame": {
						"x": 954,
						"y": 145,
						"w": 64,
						"h": 20
					}
				},
				{
					"filename": "daily-challenge/title-panel",
					"rotated": false,
					"trimmed": false,
					"sourceSize": {
						"w": 282,
						"h": 69
					},
					"spriteSourceSize": {
						"x": 0,
						"y": 0,
						"w": 282,
						"h": 69
					},
					"frame": {
						"x": 724,
						"y": 217,
						"w": 282,
						"h": 69
					}
				},
				{
					"filename": "bottom-panel",
					"rotated": false,
					"trimmed": false,
					"sourceSize": {
						"w": 281,
						"h": 171
					},
					"spriteSourceSize": {
						"x": 0,
						"y": 0,
						"w": 281,
						"h": 171
					},
					"frame": {
						"x": 724,
						"y": 289,
						"w": 281,
						"h": 171
					}
				},
				{
					"filename": "texts/win",
					"rotated": false,
					"trimmed": false,
					"sourceSize": {
						"w": 276,
						"h": 45
					},
					"spriteSourceSize": {
						"x": 0,
						"y": 0,
						"w": 276,
						"h": 45
					},
					"frame": {
						"x": 724,
						"y": 463,
						"w": 276,
						"h": 45
					}
				},
				{
					"filename": "texts/result",
					"rotated": false,
					"trimmed": false,
					"sourceSize": {
						"w": 267,
						"h": 41
					},
					"spriteSourceSize": {
						"x": 0,
						"y": 0,
						"w": 267,
						"h": 41
					},
					"frame": {
						"x": 724,
						"y": 511,
						"w": 267,
						"h": 41
					}
				},
				{
					"filename": "texts/draw",
					"rotated": false,
					"trimmed": false,
					"sourceSize": {
						"w": 249,
						"h": 45
					},
					"spriteSourceSize": {
						"x": 0,
						"y": 0,
						"w": 249,
						"h": 45
					},
					"frame": {
						"x": 724,
						"y": 555,
						"w": 249,
						"h": 45
					}
				},
				{
					"filename": "icons/sword",
					"rotated": false,
					"trimmed": false,
					"sourceSize": {
						"w": 46,
						"h": 38
					},
					"spriteSourceSize": {
						"x": 0,
						"y": 0,
						"w": 46,
						"h": 38
					},
					"frame": {
						"x": 976,
						"y": 555,
						"w": 46,
						"h": 38
					}
				},
				{
					"filename": "icons/brown-journey",
					"rotated": false,
					"trimmed": false,
					"sourceSize": {
						"w": 45,
						"h": 42
					},
					"spriteSourceSize": {
						"x": 0,
						"y": 0,
						"w": 45,
						"h": 42
					},
					"frame": {
						"x": 976,
						"y": 596,
						"w": 45,
						"h": 42
					}
				},
				{
					"filename": "texts/text-tutorial",
					"rotated": false,
					"trimmed": false,
					"sourceSize": {
						"w": 248,
						"h": 41
					},
					"spriteSourceSize": {
						"x": 0,
						"y": 0,
						"w": 248,
						"h": 41
					},
					"frame": {
						"x": 724,
						"y": 603,
						"w": 248,
						"h": 41
					}
				},
				{
					"filename": "icons/play-green",
					"rotated": false,
					"trimmed": false,
					"sourceSize": {
						"w": 47,
						"h": 47
					},
					"spriteSourceSize": {
						"x": 0,
						"y": 0,
						"w": 47,
						"h": 47
					},
					"frame": {
						"x": 975,
						"y": 641,
						"w": 47,
						"h": 47
					}
				},
				{
					"filename": "texts/refill-lives",
					"rotated": false,
					"trimmed": false,
					"sourceSize": {
						"w": 245,
						"h": 30
					},
					"spriteSourceSize": {
						"x": 0,
						"y": 0,
						"w": 245,
						"h": 30
					},
					"frame": {
						"x": 724,
						"y": 647,
						"w": 245,
						"h": 30
					}
				},
				{
					"filename": "bg/bg-dark",
					"rotated": false,
					"trimmed": false,
					"sourceSize": {
						"w": 243,
						"h": 303
					},
					"spriteSourceSize": {
						"x": 0,
						"y": 0,
						"w": 243,
						"h": 303
					},
					"frame": {
						"x": 724,
						"y": 680,
						"w": 243,
						"h": 303
					}
				},
				{
					"filename": "leaderboards/tab-off",
					"rotated": false,
					"trimmed": false,
					"sourceSize": {
						"w": 113,
						"h": 36
					},
					"spriteSourceSize": {
						"x": 0,
						"y": 0,
						"w": 113,
						"h": 36
					},
					"frame": {
						"x": 724,
						"y": 986,
						"w": 113,
						"h": 36
					}
				},
				{
					"filename": "leaderboards/tab-on",
					"rotated": false,
					"trimmed": false,
					"sourceSize": {
						"w": 113,
						"h": 36
					},
					"spriteSourceSize": {
						"x": 0,
						"y": 0,
						"w": 113,
						"h": 36
					},
					"frame": {
						"x": 840,
						"y": 986,
						"w": 113,
						"h": 36
					}
				},
				{
					"filename": "icons/cup-bronze",
					"rotated": false,
					"trimmed": false,
					"sourceSize": {
						"w": 43,
						"h": 36
					},
					"spriteSourceSize": {
						"x": 0,
						"y": 0,
						"w": 43,
						"h": 36
					},
					"frame": {
						"x": 956,
						"y": 986,
						"w": 43,
						"h": 36
					}
				},
				{
					"filename": "buttons/close",
					"rotated": false,
					"trimmed": false,
					"sourceSize": {
						"w": 52,
						"h": 52
					},
					"spriteSourceSize": {
						"x": 0,
						"y": 0,
						"w": 52,
						"h": 52
					},
					"frame": {
						"x": 970,
						"y": 691,
						"w": 52,
						"h": 52
					}
				},
				{
					"filename": "icons/rank",
					"rotated": false,
					"trimmed": false,
					"sourceSize": {
						"w": 51,
						"h": 49
					},
					"spriteSourceSize": {
						"x": 0,
						"y": 0,
						"w": 51,
						"h": 49
					},
					"frame": {
						"x": 970,
						"y": 746,
						"w": 51,
						"h": 49
					}
				},
				{
					"filename": "icons/retry",
					"rotated": false,
					"trimmed": false,
					"sourceSize": {
						"w": 50,
						"h": 53
					},
					"spriteSourceSize": {
						"x": 0,
						"y": 0,
						"w": 50,
						"h": 53
					},
					"frame": {
						"x": 970,
						"y": 798,
						"w": 50,
						"h": 53
					}
				},
				{
					"filename": "icons/back",
					"rotated": false,
					"trimmed": false,
					"sourceSize": {
						"w": 50,
						"h": 38
					},
					"spriteSourceSize": {
						"x": 0,
						"y": 0,
						"w": 50,
						"h": 38
					},
					"frame": {
						"x": 970,
						"y": 854,
						"w": 50,
						"h": 38
					}
				},
				{
					"filename": "icons/play",
					"rotated": false,
					"trimmed": false,
					"sourceSize": {
						"w": 47,
						"h": 47
					},
					"spriteSourceSize": {
						"x": 0,
						"y": 0,
						"w": 47,
						"h": 47
					},
					"frame": {
						"x": 970,
						"y": 895,
						"w": 47,
						"h": 47
					}
				},
				{
					"filename": "icons/cup-gold",
					"rotated": false,
					"trimmed": false,
					"sourceSize": {
						"w": 43,
						"h": 36
					},
					"spriteSourceSize": {
						"x": 0,
						"y": 0,
						"w": 43,
						"h": 36
					},
					"frame": {
						"x": 970,
						"y": 945,
						"w": 43,
						"h": 36
					}
				}
			]
		},
		{
			"image": "default-resources-1.png",
			"format": "RGBA8888",
			"size": {
				"w": 1024,
				"h": 1024
			},
			"scale": 1,
			"frames": [
				{
					"filename": "leaderboards/bg-bottom",
					"rotated": false,
					"trimmed": false,
					"sourceSize": {
						"w": 949,
						"h": 67
					},
					"spriteSourceSize": {
						"x": 0,
						"y": 0,
						"w": 949,
						"h": 67
					},
					"frame": {
						"x": 2,
						"y": 2,
						"w": 949,
						"h": 67
					}
				},
				{
					"filename": "icons/vibrate",
					"rotated": false,
					"trimmed": false,
					"sourceSize": {
						"w": 62,
						"h": 73
					},
					"spriteSourceSize": {
						"x": 0,
						"y": 0,
						"w": 62,
						"h": 73
					},
					"frame": {
						"x": 954,
						"y": 2,
						"w": 62,
						"h": 73
					}
				},
				{
					"filename": "leaderboards/bg-middle",
					"rotated": false,
					"trimmed": false,
					"sourceSize": {
						"w": 949,
						"h": 47
					},
					"spriteSourceSize": {
						"x": 0,
						"y": 0,
						"w": 949,
						"h": 47
					},
					"frame": {
						"x": 2,
						"y": 72,
						"w": 949,
						"h": 47
					}
				},
				{
					"filename": "icons/sound",
					"rotated": false,
					"trimmed": false,
					"sourceSize": {
						"w": 62,
						"h": 54
					},
					"spriteSourceSize": {
						"x": 0,
						"y": 0,
						"w": 62,
						"h": 54
					},
					"frame": {
						"x": 954,
						"y": 78,
						"w": 62,
						"h": 54
					}
				},
				{
					"filename": "footer",
					"rotated": false,
					"trimmed": false,
					"sourceSize": {
						"w": 750,
						"h": 153
					},
					"spriteSourceSize": {
						"x": 0,
						"y": 0,
						"w": 750,
						"h": 153
					},
					"frame": {
						"x": 2,
						"y": 122,
						"w": 750,
						"h": 153
					}
				},
				{
					"filename": "texts/continue",
					"rotated": false,
					"trimmed": false,
					"sourceSize": {
						"w": 193,
						"h": 31
					},
					"spriteSourceSize": {
						"x": 0,
						"y": 0,
						"w": 193,
						"h": 31
					},
					"frame": {
						"x": 755,
						"y": 122,
						"w": 193,
						"h": 31
					}
				},
				{
					"filename": "texts/no",
					"rotated": false,
					"trimmed": false,
					"sourceSize": {
						"w": 61,
						"h": 35
					},
					"spriteSourceSize": {
						"x": 0,
						"y": 0,
						"w": 61,
						"h": 35
					},
					"frame": {
						"x": 951,
						"y": 135,
						"w": 61,
						"h": 35
					}
				},
				{
					"filename": "texts/collect",
					"rotated": false,
					"trimmed": false,
					"sourceSize": {
						"w": 192,
						"h": 29
					},
					"spriteSourceSize": {
						"x": 0,
						"y": 0,
						"w": 192,
						"h": 29
					},
					"frame": {
						"x": 755,
						"y": 156,
						"w": 192,
						"h": 29
					}
				},
				{
					"filename": "icons/music",
					"rotated": false,
					"trimmed": false,
					"sourceSize": {
						"w": 56,
						"h": 61
					},
					"spriteSourceSize": {
						"x": 0,
						"y": 0,
						"w": 56,
						"h": 61
					},
					"frame": {
						"x": 950,
						"y": 173,
						"w": 56,
						"h": 61
					}
				},
				{
					"filename": "score-panel-dark",
					"rotated": false,
					"trimmed": false,
					"sourceSize": {
						"w": 187,
						"h": 51
					},
					"spriteSourceSize": {
						"x": 0,
						"y": 0,
						"w": 187,
						"h": 51
					},
					"frame": {
						"x": 755,
						"y": 188,
						"w": 187,
						"h": 51
					}
				},
				{
					"filename": "icons/crown-big",
					"rotated": false,
					"trimmed": false,
					"sourceSize": {
						"w": 74,
						"h": 70
					},
					"spriteSourceSize": {
						"x": 0,
						"y": 0,
						"w": 74,
						"h": 70
					},
					"frame": {
						"x": 945,
						"y": 237,
						"w": 74,
						"h": 70
					}
				},
				{
					"filename": "texts/text-journey",
					"rotated": false,
					"trimmed": false,
					"sourceSize": {
						"w": 185,
						"h": 35
					},
					"spriteSourceSize": {
						"x": 0,
						"y": 0,
						"w": 185,
						"h": 35
					},
					"frame": {
						"x": 755,
						"y": 242,
						"w": 185,
						"h": 35
					}
				},
				{
					"filename": "border-bottom-panel",
					"rotated": false,
					"trimmed": false,
					"sourceSize": {
						"w": 750,
						"h": 36
					},
					"spriteSourceSize": {
						"x": 0,
						"y": 0,
						"w": 750,
						"h": 36
					},
					"frame": {
						"x": 2,
						"y": 278,
						"w": 750,
						"h": 36
					}
				},
				{
					"filename": "buttons/dark-blue-big",
					"rotated": false,
					"trimmed": false,
					"sourceSize": {
						"w": 179,
						"h": 82
					},
					"spriteSourceSize": {
						"x": 0,
						"y": 0,
						"w": 179,
						"h": 82
					},
					"frame": {
						"x": 755,
						"y": 280,
						"w": 179,
						"h": 82
					}
				},
				{
					"filename": "buttons/minor",
					"rotated": false,
					"trimmed": false,
					"sourceSize": {
						"w": 82,
						"h": 71
					},
					"spriteSourceSize": {
						"x": 0,
						"y": 0,
						"w": 82,
						"h": 71
					},
					"frame": {
						"x": 937,
						"y": 310,
						"w": 82,
						"h": 71
					}
				},
				{
					"filename": "bg/bg-bottom",
					"rotated": false,
					"trimmed": false,
					"sourceSize": {
						"w": 719,
						"h": 111
					},
					"spriteSourceSize": {
						"x": 0,
						"y": 0,
						"w": 719,
						"h": 111
					},
					"frame": {
						"x": 2,
						"y": 317,
						"w": 719,
						"h": 111
					}
				},
				{
					"filename": "texts/text-next-level",
					"rotated": false,
					"trimmed": false,
					"sourceSize": {
						"w": 209,
						"h": 72
					},
					"spriteSourceSize": {
						"x": 0,
						"y": 0,
						"w": 209,
						"h": 72
					},
					"frame": {
						"x": 724,
						"y": 365,
						"w": 209,
						"h": 72
					}
				},
				{
					"filename": "bg/bg-top",
					"rotated": false,
					"trimmed": false,
					"sourceSize": {
						"w": 719,
						"h": 111
					},
					"spriteSourceSize": {
						"x": 0,
						"y": 0,
						"w": 719,
						"h": 111
					},
					"frame": {
						"x": 2,
						"y": 431,
						"w": 719,
						"h": 111
					}
				},
				{
					"filename": "buttons/play",
					"rotated": false,
					"trimmed": false,
					"sourceSize": {
						"w": 86,
						"h": 65
					},
					"spriteSourceSize": {
						"x": 0,
						"y": 0,
						"w": 86,
						"h": 65
					},
					"frame": {
						"x": 936,
						"y": 384,
						"w": 86,
						"h": 65
					}
				},
				{
					"filename": "buttons/green-big",
					"rotated": false,
					"trimmed": false,
					"sourceSize": {
						"w": 179,
						"h": 82
					},
					"spriteSourceSize": {
						"x": 0,
						"y": 0,
						"w": 179,
						"h": 82
					},
					"frame": {
						"x": 724,
						"y": 440,
						"w": 179,
						"h": 82
					}
				},
				{
					"filename": "texts/play-with-blue",
					"rotated": false,
					"trimmed": false,
					"sourceSize": {
						"w": 115,
						"h": 18
					},
					"spriteSourceSize": {
						"x": 0,
						"y": 0,
						"w": 115,
						"h": 18
					},
					"frame": {
						"x": 906,
						"y": 452,
						"w": 115,
						"h": 18
					}
				},
				{
					"filename": "bg/level-playing",
					"rotated": false,
					"trimmed": false,
					"sourceSize": {
						"w": 113,
						"h": 94
					},
					"spriteSourceSize": {
						"x": 0,
						"y": 0,
						"w": 113,
						"h": 94
					},
					"frame": {
						"x": 906,
						"y": 473,
						"w": 113,
						"h": 94
					}
				},
				{
					"filename": "buttons/dark-blue-small",
					"rotated": false,
					"trimmed": false,
					"sourceSize": {
						"w": 178,
						"h": 74
					},
					"spriteSourceSize": {
						"x": 0,
						"y": 0,
						"w": 178,
						"h": 74
					},
					"frame": {
						"x": 724,
						"y": 525,
						"w": 178,
						"h": 74
					}
				},
				{
					"filename": "best-score-frame",
					"rotated": false,
					"trimmed": false,
					"sourceSize": {
						"w": 111,
						"h": 152
					},
					"spriteSourceSize": {
						"x": 0,
						"y": 0,
						"w": 111,
						"h": 152
					},
					"frame": {
						"x": 905,
						"y": 570,
						"w": 111,
						"h": 152
					}
				},
				{
					"filename": "daily-challenge/bg",
					"rotated": false,
					"trimmed": false,
					"sourceSize": {
						"w": 520,
						"h": 285
					},
					"spriteSourceSize": {
						"x": 0,
						"y": 0,
						"w": 520,
						"h": 285
					},
					"frame": {
						"x": 2,
						"y": 725,
						"w": 520,
						"h": 285
					}
				},
				{
					"filename": "avatar/border-big",
					"rotated": false,
					"trimmed": false,
					"sourceSize": {
						"w": 175,
						"h": 175
					},
					"spriteSourceSize": {
						"x": 0,
						"y": 0,
						"w": 175,
						"h": 175
					},
					"frame": {
						"x": 2,
						"y": 545,
						"w": 175,
						"h": 175
					}
				},
				{
					"filename": "avatar/border-challenge",
					"rotated": false,
					"trimmed": false,
					"sourceSize": {
						"w": 119,
						"h": 118
					},
					"spriteSourceSize": {
						"x": 0,
						"y": 0,
						"w": 119,
						"h": 118
					},
					"frame": {
						"x": 180,
						"y": 602,
						"w": 119,
						"h": 118
					}
				},
				{
					"filename": "buttons/dot-blue",
					"rotated": false,
					"trimmed": false,
					"sourceSize": {
						"w": 56,
						"h": 54
					},
					"spriteSourceSize": {
						"x": 0,
						"y": 0,
						"w": 56,
						"h": 54
					},
					"frame": {
						"x": 180,
						"y": 545,
						"w": 56,
						"h": 54
					}
				},
				{
					"filename": "texts/second-chance",
					"rotated": false,
					"trimmed": false,
					"sourceSize": {
						"w": 482,
						"h": 41
					},
					"spriteSourceSize": {
						"x": 0,
						"y": 0,
						"w": 482,
						"h": 41
					},
					"frame": {
						"x": 239,
						"y": 545,
						"w": 482,
						"h": 41
					}
				},
				{
					"filename": "texts/out-of-live",
					"rotated": false,
					"trimmed": false,
					"sourceSize": {
						"w": 370,
						"h": 41
					},
					"spriteSourceSize": {
						"x": 0,
						"y": 0,
						"w": 370,
						"h": 41
					},
					"frame": {
						"x": 525,
						"y": 602,
						"w": 370,
						"h": 41
					}
				},
				{
					"filename": "buttons/skip",
					"rotated": false,
					"trimmed": false,
					"sourceSize": {
						"w": 120,
						"h": 71
					},
					"spriteSourceSize": {
						"x": 0,
						"y": 0,
						"w": 120,
						"h": 71
					},
					"frame": {
						"x": 302,
						"y": 646,
						"w": 120,
						"h": 71
					}
				},
				{
					"filename": "buttons/dot-green",
					"rotated": false,
					"trimmed": false,
					"sourceSize": {
						"w": 56,
						"h": 54
					},
					"spriteSourceSize": {
						"x": 0,
						"y": 0,
						"w": 56,
						"h": 54
					},
					"frame": {
						"x": 302,
						"y": 589,
						"w": 56,
						"h": 54
					}
				},
				{
					"filename": "texts/replay",
					"rotated": false,
					"trimmed": false,
					"sourceSize": {
						"w": 158,
						"h": 31
					},
					"spriteSourceSize": {
						"x": 0,
						"y": 0,
						"w": 158,
						"h": 31
					},
					"frame": {
						"x": 361,
						"y": 589,
						"w": 158,
						"h": 31
					}
				},
				{
					"filename": "texts/off",
					"rotated": false,
					"trimmed": false,
					"sourceSize": {
						"w": 107,
						"h": 18
					},
					"spriteSourceSize": {
						"x": 0,
						"y": 0,
						"w": 107,
						"h": 18
					},
					"frame": {
						"x": 361,
						"y": 623,
						"w": 107,
						"h": 18
					}
				},
				{
					"filename": "icons/home",
					"rotated": false,
					"trimmed": false,
					"sourceSize": {
						"w": 47,
						"h": 43
					},
					"spriteSourceSize": {
						"x": 0,
						"y": 0,
						"w": 47,
						"h": 43
					},
					"frame": {
						"x": 471,
						"y": 623,
						"w": 47,
						"h": 43
					}
				},
				{
					"filename": "icons/cup-silver",
					"rotated": false,
					"trimmed": false,
					"sourceSize": {
						"w": 43,
						"h": 36
					},
					"spriteSourceSize": {
						"x": 0,
						"y": 0,
						"w": 43,
						"h": 36
					},
					"frame": {
						"x": 425,
						"y": 644,
						"w": 43,
						"h": 36
					}
				},
				{
					"filename": "popup/bottom",
					"rotated": false,
					"trimmed": false,
					"sourceSize": {
						"w": 431,
						"h": 27
					},
					"spriteSourceSize": {
						"x": 0,
						"y": 0,
						"w": 431,
						"h": 27
					},
					"frame": {
						"x": 471,
						"y": 669,
						"w": 431,
						"h": 27
					}
				},
				{
					"filename": "icons/i-play",
					"rotated": false,
					"trimmed": false,
					"sourceSize": {
						"w": 31,
						"h": 39
					},
					"spriteSourceSize": {
						"x": 0,
						"y": 0,
						"w": 31,
						"h": 39
					},
					"frame": {
						"x": 425,
						"y": 683,
						"w": 31,
						"h": 39
					}
				},
				{
					"filename": "texts/text-ranking",
					"rotated": false,
					"trimmed": false,
					"sourceSize": {
						"w": 222,
						"h": 23
					},
					"spriteSourceSize": {
						"x": 0,
						"y": 0,
						"w": 222,
						"h": 23
					},
					"frame": {
						"x": 459,
						"y": 699,
						"w": 222,
						"h": 23
					}
				},
				{
					"filename": "bg-combo",
					"rotated": false,
					"trimmed": true,
					"sourceSize": {
						"w": 212,
						"h": 87
					},
					"spriteSourceSize": {
						"x": 0,
						"y": 9,
						"w": 212,
						"h": 78
					},
					"frame": {
						"x": 684,
						"y": 699,
						"w": 212,
						"h": 78
					}
				},
				{
					"filename": "texts/play",
					"rotated": false,
					"trimmed": false,
					"sourceSize": {
						"w": 119,
						"h": 31
					},
					"spriteSourceSize": {
						"x": 0,
						"y": 0,
						"w": 119,
						"h": 31
					},
					"frame": {
						"x": 899,
						"y": 725,
						"w": 119,
						"h": 31
					}
				},
				{
					"filename": "texts/world-disable",
					"rotated": false,
					"trimmed": false,
					"sourceSize": {
						"w": 119,
						"h": 27
					},
					"spriteSourceSize": {
						"x": 0,
						"y": 0,
						"w": 119,
						"h": 27
					},
					"frame": {
						"x": 899,
						"y": 759,
						"w": 119,
						"h": 27
					}
				},
				{
					"filename": "bg-progress-circle",
					"rotated": false,
					"trimmed": false,
					"sourceSize": {
						"w": 232,
						"h": 231
					},
					"spriteSourceSize": {
						"x": 0,
						"y": 0,
						"w": 232,
						"h": 231
					},
					"frame": {
						"x": 525,
						"y": 789,
						"w": 232,
						"h": 231
					}
				},
				{
					"filename": "buttons/share",
					"rotated": false,
					"trimmed": false,
					"sourceSize": {
						"w": 79,
						"h": 58
					},
					"spriteSourceSize": {
						"x": 0,
						"y": 0,
						"w": 79,
						"h": 58
					},
					"frame": {
						"x": 525,
						"y": 725,
						"w": 79,
						"h": 58
					}
				},
				{
					"filename": "buttons/toggle-off",
					"rotated": false,
					"trimmed": false,
					"sourceSize": {
						"w": 133,
						"h": 46
					},
					"spriteSourceSize": {
						"x": 0,
						"y": 0,
						"w": 133,
						"h": 46
					},
					"frame": {
						"x": 760,
						"y": 780,
						"w": 133,
						"h": 46
					}
				},
				{
					"filename": "texts/world",
					"rotated": false,
					"trimmed": false,
					"sourceSize": {
						"w": 119,
						"h": 27
					},
					"spriteSourceSize": {
						"x": 0,
						"y": 0,
						"w": 119,
						"h": 27
					},
					"frame": {
						"x": 896,
						"y": 789,
						"w": 119,
						"h": 27
					}
				},
				{
					"filename": "icons/replay",
					"rotated": false,
					"trimmed": false,
					"sourceSize": {
						"w": 40,
						"h": 47
					},
					"spriteSourceSize": {
						"x": 0,
						"y": 0,
						"w": 40,
						"h": 47
					},
					"frame": {
						"x": 607,
						"y": 725,
						"w": 40,
						"h": 47
					}
				},
				{
					"filename": "icons/crown",
					"rotated": false,
					"trimmed": false,
					"sourceSize": {
						"w": 31,
						"h": 27
					},
					"spriteSourceSize": {
						"x": 0,
						"y": 0,
						"w": 31,
						"h": 27
					},
					"frame": {
						"x": 650,
						"y": 725,
						"w": 31,
						"h": 27
					}
				},
				{
					"filename": "texts/start",
					"rotated": false,
					"trimmed": false,
					"sourceSize": {
						"w": 111,
						"h": 31
					},
					"spriteSourceSize": {
						"x": 0,
						"y": 0,
						"w": 111,
						"h": 31
					},
					"frame": {
						"x": 896,
						"y": 819,
						"w": 111,
						"h": 31
					}
				},
				{
					"filename": "buttons/toggle-on",
					"rotated": false,
					"trimmed": false,
					"sourceSize": {
						"w": 133,
						"h": 46
					},
					"spriteSourceSize": {
						"x": 0,
						"y": 0,
						"w": 133,
						"h": 46
					},
					"frame": {
						"x": 760,
						"y": 829,
						"w": 133,
						"h": 46
					}
				},
				{
					"filename": "avatar/border",
					"rotated": false,
					"trimmed": true,
					"sourceSize": {
						"w": 138,
						"h": 144
					},
					"spriteSourceSize": {
						"x": 0,
						"y": 4,
						"w": 138,
						"h": 140
					},
					"frame": {
						"x": 760,
						"y": 878,
						"w": 138,
						"h": 140
					}
				},
				{
					"filename": "avatar/background",
					"rotated": false,
					"trimmed": false,
					"sourceSize": {
						"w": 105,
						"h": 107
					},
					"spriteSourceSize": {
						"x": 0,
						"y": 0,
						"w": 105,
						"h": 107
					},
					"frame": {
						"x": 901,
						"y": 853,
						"w": 105,
						"h": 107
					}
				},
				{
					"filename": "icons/share",
					"rotated": false,
					"trimmed": false,
					"sourceSize": {
						"w": 36,
						"h": 47
					},
					"spriteSourceSize": {
						"x": 0,
						"y": 0,
						"w": 36,
						"h": 47
					},
					"frame": {
						"x": 901,
						"y": 963,
						"w": 36,
						"h": 47
					}
				},
				{
					"filename": "icons/plus",
					"rotated": false,
					"trimmed": false,
					"sourceSize": {
						"w": 42,
						"h": 44
					},
					"spriteSourceSize": {
						"x": 0,
						"y": 0,
						"w": 42,
						"h": 44
					},
					"frame": {
						"x": 940,
						"y": 963,
						"w": 42,
						"h": 44
					}
				},
				{
					"filename": "icons/sword-blue",
					"rotated": false,
					"trimmed": false,
					"sourceSize": {
						"w": 35,
						"h": 31
					},
					"spriteSourceSize": {
						"x": 0,
						"y": 0,
						"w": 35,
						"h": 31
					},
					"frame": {
						"x": 985,
						"y": 963,
						"w": 35,
						"h": 31
					}
				}
			]
		},
		{
			"image": "default-resources-2.png",
			"format": "RGBA8888",
			"size": {
				"w": 1023,
				"h": 1023
			},
			"scale": 1,
			"frames": [
				{
					"filename": "leaf",
					"rotated": false,
					"trimmed": false,
					"sourceSize": {
						"w": 563,
						"h": 132
					},
					"spriteSourceSize": {
						"x": 0,
						"y": 0,
						"w": 563,
						"h": 132
					},
					"frame": {
						"x": 2,
						"y": 2,
						"w": 563,
						"h": 132
					}
				},
				{
					"filename": "popup/middle",
					"rotated": false,
					"trimmed": false,
					"sourceSize": {
						"w": 431,
						"h": 227
					},
					"spriteSourceSize": {
						"x": 0,
						"y": 0,
						"w": 431,
						"h": 227
					},
					"frame": {
						"x": 568,
						"y": 2,
						"w": 431,
						"h": 227
					}
				},
				{
					"filename": "score-panel",
					"rotated": false,
					"trimmed": false,
					"sourceSize": {
						"w": 526,
						"h": 152
					},
					"spriteSourceSize": {
						"x": 0,
						"y": 0,
						"w": 526,
						"h": 152
					},
					"frame": {
						"x": 2,
						"y": 137,
						"w": 526,
						"h": 152
					}
				},
				{
					"filename": "icons/clock",
					"rotated": false,
					"trimmed": false,
					"sourceSize": {
						"w": 34,
						"h": 35
					},
					"spriteSourceSize": {
						"x": 0,
						"y": 0,
						"w": 34,
						"h": 35
					},
					"frame": {
						"x": 531,
						"y": 137,
						"w": 34,
						"h": 35
					}
				},
				{
					"filename": "icons/share-blue",
					"rotated": false,
					"trimmed": false,
					"sourceSize": {
						"w": 32,
						"h": 43
					},
					"spriteSourceSize": {
						"x": 0,
						"y": 0,
						"w": 32,
						"h": 43
					},
					"frame": {
						"x": 531,
						"y": 175,
						"w": 32,
						"h": 43
					}
				},
				{
					"filename": "texts/first-milestone",
					"rotated": false,
					"trimmed": false,
					"sourceSize": {
						"w": 487,
						"h": 41
					},
					"spriteSourceSize": {
						"x": 0,
						"y": 0,
						"w": 487,
						"h": 41
					},
					"frame": {
						"x": 531,
						"y": 232,
						"w": 487,
						"h": 41
					}
				},
				{
					"filename": "texts/keep-playing",
					"rotated": false,
					"trimmed": false,
					"sourceSize": {
						"w": 487,
						"h": 36
					},
					"spriteSourceSize": {
						"x": 0,
						"y": 0,
						"w": 487,
						"h": 36
					},
					"frame": {
						"x": 531,
						"y": 276,
						"w": 487,
						"h": 36
					}
				},
				{
					"filename": "daily-challenge/bottom-panel",
					"rotated": false,
					"trimmed": false,
					"sourceSize": {
						"w": 521,
						"h": 30
					},
					"spriteSourceSize": {
						"x": 0,
						"y": 0,
						"w": 521,
						"h": 30
					},
					"frame": {
						"x": 2,
						"y": 292,
						"w": 521,
						"h": 30
					}
				},
				{
					"filename": "texts/daily-challenge",
					"rotated": false,
					"trimmed": false,
					"sourceSize": {
						"w": 471,
						"h": 42
					},
					"spriteSourceSize": {
						"x": 0,
						"y": 0,
						"w": 471,
						"h": 42
					},
					"frame": {
						"x": 526,
						"y": 315,
						"w": 471,
						"h": 42
					}
				},
				{
					"filename": "daily-challenge/top-panel",
					"rotated": false,
					"trimmed": false,
					"sourceSize": {
						"w": 521,
						"h": 30
					},
					"spriteSourceSize": {
						"x": 0,
						"y": 0,
						"w": 521,
						"h": 30
					},
					"frame": {
						"x": 2,
						"y": 325,
						"w": 521,
						"h": 30
					}
				},
				{
					"filename": "daily-challenge/middle-panel",
					"rotated": false,
					"trimmed": false,
					"sourceSize": {
						"w": 521,
						"h": 26
					},
					"spriteSourceSize": {
						"x": 0,
						"y": 0,
						"w": 521,
						"h": 26
					},
					"frame": {
						"x": 2,
						"y": 358,
						"w": 521,
						"h": 26
					}
				},
				{
					"filename": "texts/congratulations",
					"rotated": false,
					"trimmed": false,
					"sourceSize": {
						"w": 471,
						"h": 41
					},
					"spriteSourceSize": {
						"x": 0,
						"y": 0,
						"w": 471,
						"h": 41
					},
					"frame": {
						"x": 526,
						"y": 360,
						"w": 471,
						"h": 41
					}
				},
				{
					"filename": "border-daily",
					"rotated": false,
					"trimmed": false,
					"sourceSize": {
						"w": 518,
						"h": 51
					},
					"spriteSourceSize": {
						"x": 0,
						"y": 0,
						"w": 518,
						"h": 51
					},
					"frame": {
						"x": 2,
						"y": 387,
						"w": 518,
						"h": 51
					}
				},
				{
					"filename": "texts/your-score",
					"rotated": false,
					"trimmed": false,
					"sourceSize": {
						"w": 471,
						"h": 41
					},
					"spriteSourceSize": {
						"x": 0,
						"y": 0,
						"w": 471,
						"h": 41
					},
					"frame": {
						"x": 523,
						"y": 404,
						"w": 471,
						"h": 41
					}
				},
				{
					"filename": "texts/next-milestone",
					"rotated": false,
					"trimmed": false,
					"sourceSize": {
						"w": 515,
						"h": 35
					},
					"spriteSourceSize": {
						"x": 0,
						"y": 0,
						"w": 515,
						"h": 35
					},
					"frame": {
						"x": 2,
						"y": 441,
						"w": 515,
						"h": 35
					}
				},
				{
					"filename": "popup/top-dark",
					"rotated": false,
					"trimmed": false,
					"sourceSize": {
						"w": 431,
						"h": 89
					},
					"spriteSourceSize": {
						"x": 0,
						"y": 0,
						"w": 431,
						"h": 89
					},
					"frame": {
						"x": 520,
						"y": 448,
						"w": 431,
						"h": 89
					}
				},
				{
					"filename": "daily-challenge/bg-item-dark",
					"rotated": false,
					"trimmed": false,
					"sourceSize": {
						"w": 508,
						"h": 81
					},
					"spriteSourceSize": {
						"x": 0,
						"y": 0,
						"w": 508,
						"h": 81
					},
					"frame": {
						"x": 2,
						"y": 479,
						"w": 508,
						"h": 81
					}
				},
				{
					"filename": "daily-challenge/bg-item-light",
					"rotated": false,
					"trimmed": false,
					"sourceSize": {
						"w": 508,
						"h": 81
					},
					"spriteSourceSize": {
						"x": 0,
						"y": 0,
						"w": 508,
						"h": 81
					},
					"frame": {
						"x": 513,
						"y": 540,
						"w": 508,
						"h": 81
					}
				},
				{
					"filename": "texts/waiting-for-opponent",
					"rotated": false,
					"trimmed": false,
					"sourceSize": {
						"w": 505,
						"h": 29
					},
					"spriteSourceSize": {
						"x": 0,
						"y": 0,
						"w": 505,
						"h": 29
					},
					"frame": {
						"x": 2,
						"y": 563,
						"w": 505,
						"h": 29
					}
				},
				{
					"filename": "icons/flat-ad",
					"rotated": false,
					"trimmed": false,
					"sourceSize": {
						"w": 47,
						"h": 41
					},
					"spriteSourceSize": {
						"x": 0,
						"y": 0,
						"w": 47,
						"h": 41
					},
					"frame": {
						"x": 954,
						"y": 448,
						"w": 47,
						"h": 41
					}
				},
				{
					"filename": "texts/yes",
					"rotated": false,
					"trimmed": false,
					"sourceSize": {
						"w": 40,
						"h": 44
					},
					"spriteSourceSize": {
						"x": 0,
						"y": 0,
						"w": 40,
						"h": 44
					},
					"frame": {
						"x": 954,
						"y": 492,
						"w": 40,
						"h": 44
					}
				},
				{
					"filename": "popup/top",
					"rotated": false,
					"trimmed": false,
					"sourceSize": {
						"w": 431,
						"h": 89
					},
					"spriteSourceSize": {
						"x": 0,
						"y": 0,
						"w": 431,
						"h": 89
					},
					"frame": {
						"x": 2,
						"y": 595,
						"w": 431,
						"h": 89
					}
				},
				{
					"filename": "icons/icon-journey",
					"rotated": false,
					"trimmed": false,
					"sourceSize": {
						"w": 73,
						"h": 62
					},
					"spriteSourceSize": {
						"x": 0,
						"y": 0,
						"w": 73,
						"h": 62
					},
					"frame": {
						"x": 436,
						"y": 595,
						"w": 73,
						"h": 62
					}
				},
				{
					"filename": "lives/heart",
					"rotated": false,
					"trimmed": false,
					"sourceSize": {
						"w": 339,
						"h": 279
					},
					"spriteSourceSize": {
						"x": 0,
						"y": 0,
						"w": 339,
						"h": 279
					},
					"frame": {
						"x": 2,
						"y": 687,
						"w": 339,
						"h": 279
					}
				},
				{
					"filename": "daily-challenge/time-panel",
					"rotated": false,
					"trimmed": false,
					"sourceSize": {
						"w": 170,
						"h": 48
					},
					"spriteSourceSize": {
						"x": 0,
						"y": 0,
						"w": 170,
						"h": 48
					},
					"frame": {
						"x": 2,
						"y": 969,
						"w": 170,
						"h": 48
					}
				},
				{
					"filename": "leaderboards/bg-item-0",
					"rotated": false,
					"trimmed": false,
					"sourceSize": {
						"w": 232,
						"h": 46
					},
					"spriteSourceSize": {
						"x": 0,
						"y": 0,
						"w": 232,
						"h": 46
					},
					"frame": {
						"x": 175,
						"y": 969,
						"w": 232,
						"h": 46
					}
				},
				{
					"filename": "popup/background",
					"rotated": false,
					"trimmed": false,
					"sourceSize": {
						"w": 395,
						"h": 221
					},
					"spriteSourceSize": {
						"x": 0,
						"y": 0,
						"w": 395,
						"h": 221
					},
					"frame": {
						"x": 344,
						"y": 687,
						"w": 395,
						"h": 221
					}
				},
				{
					"filename": "lives/time-block-2",
					"rotated": false,
					"trimmed": false,
					"sourceSize": {
						"w": 363,
						"h": 108
					},
					"spriteSourceSize": {
						"x": 0,
						"y": 0,
						"w": 363,
						"h": 108
					},
					"frame": {
						"x": 410,
						"y": 911,
						"w": 363,
						"h": 108
					}
				},
				{
					"filename": "wood-panel",
					"rotated": false,
					"trimmed": false,
					"sourceSize": {
						"w": 301,
						"h": 56
					},
					"spriteSourceSize": {
						"x": 0,
						"y": 0,
						"w": 301,
						"h": 56
					},
					"frame": {
						"x": 512,
						"y": 624,
						"w": 301,
						"h": 56
					}
				},
				{
					"filename": "buttons/green",
					"rotated": false,
					"trimmed": false,
					"sourceSize": {
						"w": 238,
						"h": 82
					},
					"spriteSourceSize": {
						"x": 0,
						"y": 0,
						"w": 238,
						"h": 82
					},
					"frame": {
						"x": 776,
						"y": 683,
						"w": 238,
						"h": 82
					}
				},
				{
					"filename": "texts/mission",
					"rotated": false,
					"trimmed": false,
					"sourceSize": {
						"w": 238,
						"h": 41
					},
					"spriteSourceSize": {
						"x": 0,
						"y": 0,
						"w": 238,
						"h": 41
					},
					"frame": {
						"x": 776,
						"y": 768,
						"w": 238,
						"h": 41
					}
				},
				{
					"filename": "text-target-panel",
					"rotated": false,
					"trimmed": false,
					"sourceSize": {
						"w": 98,
						"h": 46
					},
					"spriteSourceSize": {
						"x": 0,
						"y": 0,
						"w": 98,
						"h": 46
					},
					"frame": {
						"x": 816,
						"y": 624,
						"w": 98,
						"h": 46
					}
				},
				{
					"filename": "texts/play-with",
					"rotated": false,
					"trimmed": false,
					"sourceSize": {
						"w": 233,
						"h": 34
					},
					"spriteSourceSize": {
						"x": 0,
						"y": 0,
						"w": 233,
						"h": 34
					},
					"frame": {
						"x": 776,
						"y": 812,
						"w": 233,
						"h": 34
					}
				},
				{
					"filename": "leaderboards/bg-item-1",
					"rotated": false,
					"trimmed": false,
					"sourceSize": {
						"w": 232,
						"h": 46
					},
					"spriteSourceSize": {
						"x": 0,
						"y": 0,
						"w": 232,
						"h": 46
					},
					"frame": {
						"x": 742,
						"y": 849,
						"w": 232,
						"h": 46
					}
				},
				{
					"filename": "icons/battle",
					"rotated": false,
					"trimmed": false,
					"sourceSize": {
						"w": 44,
						"h": 41
					},
					"spriteSourceSize": {
						"x": 0,
						"y": 0,
						"w": 44,
						"h": 41
					},
					"frame": {
						"x": 977,
						"y": 849,
						"w": 44,
						"h": 41
					}
				},
				{
					"filename": "icons/check",
					"rotated": false,
					"trimmed": false,
					"sourceSize": {
						"w": 44,
						"h": 35
					},
					"spriteSourceSize": {
						"x": 0,
						"y": 0,
						"w": 44,
						"h": 35
					},
					"frame": {
						"x": 977,
						"y": 893,
						"w": 44,
						"h": 35
					}
				},
				{
					"filename": "icon-journey",
					"rotated": false,
					"trimmed": false,
					"sourceSize": {
						"w": 150,
						"h": 122
					},
					"spriteSourceSize": {
						"x": 0,
						"y": 0,
						"w": 150,
						"h": 122
					},
					"frame": {
						"x": 776,
						"y": 898,
						"w": 150,
						"h": 122
					}
				},
				{
					"filename": "icons/setting",
					"rotated": false,
					"trimmed": false,
					"sourceSize": {
						"w": 42,
						"h": 41
					},
					"spriteSourceSize": {
						"x": 0,
						"y": 0,
						"w": 42,
						"h": 41
					},
					"frame": {
						"x": 929,
						"y": 898,
						"w": 42,
						"h": 41
					}
				},
				{
					"filename": "texts/vs",
					"rotated": false,
					"trimmed": false,
					"sourceSize": {
						"w": 47,
						"h": 28
					},
					"spriteSourceSize": {
						"x": 0,
						"y": 0,
						"w": 47,
						"h": 28
					},
					"frame": {
						"x": 974,
						"y": 931,
						"w": 47,
						"h": 28
					}
				},
				{
					"filename": "icons/white-journey",
					"rotated": false,
					"trimmed": false,
					"sourceSize": {
						"w": 42,
						"h": 40
					},
					"spriteSourceSize": {
						"x": 0,
						"y": 0,
						"w": 42,
						"h": 40
					},
					"frame": {
						"x": 929,
						"y": 942,
						"w": 42,
						"h": 40
					}
				},
				{
					"filename": "texts/friends-disable",
					"rotated": false,
					"trimmed": false,
					"sourceSize": {
						"w": 89,
						"h": 27
					},
					"spriteSourceSize": {
						"x": 0,
						"y": 0,
						"w": 89,
						"h": 27
					},
					"frame": {
						"x": 929,
						"y": 985,
						"w": 89,
						"h": 27
					}
				},
				{
					"filename": "buttons/circle-button",
					"rotated": false,
					"trimmed": false,
					"sourceSize": {
						"w": 41,
						"h": 41
					},
					"spriteSourceSize": {
						"x": 0,
						"y": 0,
						"w": 41,
						"h": 41
					},
					"frame": {
						"x": 344,
						"y": 911,
						"w": 41,
						"h": 41
					}
				},
				{
					"filename": "texts/friends",
					"rotated": false,
					"trimmed": false,
					"sourceSize": {
						"w": 89,
						"h": 27
					},
					"spriteSourceSize": {
						"x": 0,
						"y": 0,
						"w": 89,
						"h": 27
					},
					"frame": {
						"x": 917,
						"y": 624,
						"w": 89,
						"h": 27
					}
				}
			]
		},
		{
			"image": "default-resources-3.png",
			"format": "RGBA8888",
			"size": {
				"w": 675,
				"h": 675
			},
			"scale": 1,
			"frames": [
				{
					"filename": "best-score-frame-long",
					"rotated": false,
					"trimmed": false,
					"sourceSize": {
						"w": 386,
						"h": 154
					},
					"spriteSourceSize": {
						"x": 0,
						"y": 0,
						"w": 386,
						"h": 154
					},
					"frame": {
						"x": 2,
						"y": 2,
						"w": 386,
						"h": 154
					}
				},
				{
					"filename": "buttons/dark-blue",
					"rotated": false,
					"trimmed": false,
					"sourceSize": {
						"w": 365,
						"h": 107
					},
					"spriteSourceSize": {
						"x": 0,
						"y": 0,
						"w": 365,
						"h": 107
					},
					"frame": {
						"x": 2,
						"y": 159,
						"w": 365,
						"h": 107
					}
				},
				{
					"filename": "buttons/green-large",
					"rotated": false,
					"trimmed": false,
					"sourceSize": {
						"w": 330,
						"h": 107
					},
					"spriteSourceSize": {
						"x": 0,
						"y": 0,
						"w": 330,
						"h": 107
					},
					"frame": {
						"x": 2,
						"y": 269,
						"w": 330,
						"h": 107
					}
				},
				{
					"filename": "lives/time-block",
					"rotated": false,
					"trimmed": false,
					"sourceSize": {
						"w": 346,
						"h": 87
					},
					"spriteSourceSize": {
						"x": 0,
						"y": 0,
						"w": 346,
						"h": 87
					},
					"frame": {
						"x": 2,
						"y": 379,
						"w": 346,
						"h": 87
					}
				},
				{
					"filename": "buttons/brown",
					"rotated": false,
					"trimmed": false,
					"sourceSize": {
						"w": 329,
						"h": 81
					},
					"spriteSourceSize": {
						"x": 0,
						"y": 0,
						"w": 329,
						"h": 81
					},
					"frame": {
						"x": 2,
						"y": 469,
						"w": 329,
						"h": 81
					}
				},
				{
					"filename": "popup/score-panel",
					"rotated": false,
					"trimmed": false,
					"sourceSize": {
						"w": 299,
						"h": 92
					},
					"spriteSourceSize": {
						"x": 0,
						"y": 0,
						"w": 299,
						"h": 92
					},
					"frame": {
						"x": 2,
						"y": 553,
						"w": 299,
						"h": 92
					}
				},
				{
					"filename": "texts/start-over",
					"rotated": false,
					"trimmed": false,
					"sourceSize": {
						"w": 306,
						"h": 25
					},
					"spriteSourceSize": {
						"x": 0,
						"y": 0,
						"w": 306,
						"h": 25
					},
					"frame": {
						"x": 2,
						"y": 648,
						"w": 306,
						"h": 25
					}
				},
				{
					"filename": "preloader/dual-ring",
					"rotated": false,
					"trimmed": true,
					"sourceSize": {
						"w": 200,
						"h": 200
					},
					"spriteSourceSize": {
						"x": 27,
						"y": 26,
						"w": 146,
						"h": 148
					},
					"frame": {
						"x": 391,
						"y": 2,
						"w": 146,
						"h": 148
					}
				},
				{
					"filename": "bg/level-locked",
					"rotated": false,
					"trimmed": false,
					"sourceSize": {
						"w": 101,
						"h": 83
					},
					"spriteSourceSize": {
						"x": 0,
						"y": 0,
						"w": 101,
						"h": 83
					},
					"frame": {
						"x": 540,
						"y": 2,
						"w": 101,
						"h": 83
					}
				},
				{
					"filename": "bg/level-played",
					"rotated": false,
					"trimmed": false,
					"sourceSize": {
						"w": 100,
						"h": 82
					},
					"spriteSourceSize": {
						"x": 0,
						"y": 0,
						"w": 100,
						"h": 82
					},
					"frame": {
						"x": 540,
						"y": 88,
						"w": 100,
						"h": 82
					}
				},
				{
					"filename": "texts/lose",
					"rotated": false,
					"trimmed": false,
					"sourceSize": {
						"w": 300,
						"h": 45
					},
					"spriteSourceSize": {
						"x": 0,
						"y": 0,
						"w": 300,
						"h": 45
					},
					"frame": {
						"x": 370,
						"y": 173,
						"w": 300,
						"h": 45
					}
				},
				{
					"filename": "bg-streak",
					"rotated": false,
					"trimmed": true,
					"sourceSize": {
						"w": 212,
						"h": 87
					},
					"spriteSourceSize": {
						"x": 0,
						"y": 9,
						"w": 212,
						"h": 78
					},
					"frame": {
						"x": 370,
						"y": 221,
						"w": 212,
						"h": 78
					}
				},
				{
					"filename": "leaderboards/bg-item",
					"rotated": false,
					"trimmed": false,
					"sourceSize": {
						"w": 317,
						"h": 61
					},
					"spriteSourceSize": {
						"x": 0,
						"y": 0,
						"w": 317,
						"h": 61
					},
					"frame": {
						"x": 335,
						"y": 302,
						"w": 317,
						"h": 61
					}
				},
				{
					"filename": "texts/no-thank",
					"rotated": false,
					"trimmed": false,
					"sourceSize": {
						"w": 177,
						"h": 27
					},
					"spriteSourceSize": {
						"x": 0,
						"y": 0,
						"w": 177,
						"h": 27
					},
					"frame": {
						"x": 351,
						"y": 366,
						"w": 177,
						"h": 27
					}
				},
				{
					"filename": "texts/text-share",
					"rotated": false,
					"trimmed": false,
					"sourceSize": {
						"w": 164,
						"h": 27
					},
					"spriteSourceSize": {
						"x": 0,
						"y": 0,
						"w": 164,
						"h": 27
					},
					"frame": {
						"x": 351,
						"y": 396,
						"w": 164,
						"h": 27
					}
				},
				{
					"filename": "texts/text-retry",
					"rotated": false,
					"trimmed": false,
					"sourceSize": {
						"w": 152,
						"h": 31
					},
					"spriteSourceSize": {
						"x": 0,
						"y": 0,
						"w": 152,
						"h": 31
					},
					"frame": {
						"x": 351,
						"y": 426,
						"w": 152,
						"h": 31
					}
				},
				{
					"filename": "buttons/challenge_light",
					"rotated": false,
					"trimmed": false,
					"sourceSize": {
						"w": 88,
						"h": 65
					},
					"spriteSourceSize": {
						"x": 0,
						"y": 0,
						"w": 88,
						"h": 65
					},
					"frame": {
						"x": 585,
						"y": 221,
						"w": 88,
						"h": 65
					}
				},
				{
					"filename": "buttons/random",
					"rotated": false,
					"trimmed": false,
					"sourceSize": {
						"w": 86,
						"h": 65
					},
					"spriteSourceSize": {
						"x": 0,
						"y": 0,
						"w": 86,
						"h": 65
					},
					"frame": {
						"x": 531,
						"y": 366,
						"w": 86,
						"h": 65
					}
				},
				{
					"filename": "texts/setting",
					"rotated": false,
					"trimmed": false,
					"sourceSize": {
						"w": 348,
						"h": 41
					},
					"spriteSourceSize": {
						"x": 0,
						"y": 0,
						"w": 348,
						"h": 41
					},
					"frame": {
						"x": 304,
						"y": 553,
						"w": 348,
						"h": 41
					}
				},
				{
					"filename": "texts/level-failed",
					"rotated": false,
					"trimmed": false,
					"sourceSize": {
						"w": 349,
						"h": 30
					},
					"spriteSourceSize": {
						"x": 0,
						"y": 0,
						"w": 349,
						"h": 30
					},
					"frame": {
						"x": 304,
						"y": 597,
						"w": 349,
						"h": 30
					}
				},
				{
					"filename": "texts/play-single",
					"rotated": false,
					"trimmed": false,
					"sourceSize": {
						"w": 343,
						"h": 34
					},
					"spriteSourceSize": {
						"x": 0,
						"y": 0,
						"w": 343,
						"h": 34
					},
					"frame": {
						"x": 311,
						"y": 630,
						"w": 343,
						"h": 34
					}
				},
				{
					"filename": "texts/invite-friends",
					"rotated": false,
					"trimmed": false,
					"sourceSize": {
						"w": 339,
						"h": 34
					},
					"spriteSourceSize": {
						"x": 0,
						"y": 0,
						"w": 339,
						"h": 34
					},
					"frame": {
						"x": 334,
						"y": 469,
						"w": 339,
						"h": 34
					}
				}
			]
		}
	],
	"meta": {
		"app": "https://www.codeandweb.com/texturepacker",
		"version": "3.0",
		"smartupdate": "$TexturePacker:SmartUpdate:05726edda30fdb2aeb7480b947c40262:f9eb7a00d5b3b30dec7e958acb410a26:1519eb82cfdbe37419578cf3086208cb$"
	}
}
