{"frames": [

{
	"filename": "bg_score.png",
	"frame": {"x":418,"y":35,"w":87,"h":30},
	"rotated": false,
	"trimmed": false,
	"spriteSourceSize": {"x":0,"y":0,"w":87,"h":30},
	"sourceSize": {"w":87,"h":30}
},
{
	"filename": "border-avatar-game-play.png",
	"frame": {"x":418,"y":68,"w":78,"h":80},
	"rotated": false,
	"trimmed": false,
	"spriteSourceSize": {"x":0,"y":0,"w":78,"h":80},
	"sourceSize": {"w":78,"h":80}
},
{
	"filename": "font/number-gold.png",
	"frame": {"x":1,"y":229,"w":195,"h":21},
	"rotated": false,
	"trimmed": false,
	"spriteSourceSize": {"x":0,"y":0,"w":195,"h":21},
	"sourceSize": {"w":195,"h":21}
},
{
	"filename": "gem.png",
	"frame": {"x":52,"y":107,"w":38,"h":38},
	"rotated": false,
	"trimmed": false,
	"spriteSourceSize": {"x":0,"y":0,"w":38,"h":38},
	"sourceSize": {"w":38,"h":38}
},
{
	"filename": "gem_silver.png",
	"frame": {"x":93,"y":107,"w":38,"h":38},
	"rotated": false,
	"trimmed": false,
	"spriteSourceSize": {"x":0,"y":0,"w":38,"h":38},
	"sourceSize": {"w":38,"h":38}
},
{
	"filename": "gem_transparent.png",
	"frame": {"x":508,"y":35,"w":3,"h":3},
	"rotated": false,
	"trimmed": true,
	"spriteSourceSize": {"x":0,"y":0,"w":3,"h":3},
	"sourceSize": {"w":38,"h":38}
},
{
	"filename": "hand.png",
	"frame": {"x":79,"y":151,"w":54,"h":75},
	"rotated": false,
	"trimmed": true,
	"spriteSourceSize": {"x":10,"y":0,"w":54,"h":75},
	"sourceSize": {"w":75,"h":75}
},
{
	"filename": "icon_avatar.png",
	"frame": {"x":1,"y":151,"w":75,"h":75},
	"rotated": false,
	"trimmed": false,
	"spriteSourceSize": {"x":0,"y":0,"w":75,"h":75},
	"sourceSize": {"w":75,"h":75}
},
{
	"filename": "icon_battle.png",
	"frame": {"x":199,"y":204,"w":42,"h":44},
	"rotated": false,
	"trimmed": false,
	"spriteSourceSize": {"x":0,"y":0,"w":42,"h":44},
	"sourceSize": {"w":42,"h":44}
},
{
	"filename": "icon_cup.png",
	"frame": {"x":1,"y":107,"w":48,"h":40},
	"rotated": false,
	"trimmed": false,
	"spriteSourceSize": {"x":0,"y":0,"w":48,"h":40},
	"sourceSize": {"w":48,"h":40}
},
{
	"filename": "loading.png",
	"frame": {"x":134,"y":74,"w":62,"h":59},
	"rotated": false,
	"trimmed": true,
	"spriteSourceSize": {"x":2,"y":2,"w":62,"h":59},
	"sourceSize": {"w":64,"h":64}
},
{
	"filename": "panel_bottom_1.png",
	"frame": {"x":1,"y":58,"w":414,"h":13},
	"rotated": false,
	"trimmed": false,
	"spriteSourceSize": {"x":0,"y":0,"w":414,"h":13},
	"sourceSize": {"w":414,"h":13}
},
{
	"filename": "panel_top_2.png",
	"frame": {"x":1,"y":1,"w":414,"h":54},
	"rotated": false,
	"trimmed": false,
	"spriteSourceSize": {"x":0,"y":0,"w":414,"h":54},
	"sourceSize": {"w":414,"h":54}
},
{
	"filename": "pause_button.png",
	"frame": {"x":189,"y":151,"w":47,"h":50},
	"rotated": false,
	"trimmed": false,
	"spriteSourceSize": {"x":0,"y":0,"w":47,"h":50},
	"sourceSize": {"w":47,"h":50}
},
{
	"filename": "stars.png",
	"frame": {"x":136,"y":151,"w":50,"h":50},
	"rotated": false,
	"trimmed": false,
	"spriteSourceSize": {"x":0,"y":0,"w":50,"h":50},
	"sourceSize": {"w":50,"h":50}
},
{
	"filename": "text-best.png",
	"frame": {"x":199,"y":107,"w":40,"h":13},
	"rotated": false,
	"trimmed": false,
	"spriteSourceSize": {"x":0,"y":0,"w":40,"h":13},
	"sourceSize": {"w":40,"h":13}
},
{
	"filename": "text-score.png",
	"frame": {"x":136,"y":204,"w":52,"h":13},
	"rotated": false,
	"trimmed": false,
	"spriteSourceSize": {"x":0,"y":0,"w":52,"h":13},
	"sourceSize": {"w":52,"h":13}
},
{
	"filename": "text_cool.png",
	"frame": {"x":418,"y":1,"w":88,"h":31},
	"rotated": false,
	"trimmed": false,
	"spriteSourceSize": {"x":0,"y":0,"w":88,"h":31},
	"sourceSize": {"w":88,"h":31}
},
{
	"filename": "text_excellent.png",
	"frame": {"x":199,"y":74,"w":208,"h":30},
	"rotated": false,
	"trimmed": false,
	"spriteSourceSize": {"x":0,"y":0,"w":208,"h":30},
	"sourceSize": {"w":208,"h":30}
},
{
	"filename": "text_good.png",
	"frame": {"x":1,"y":74,"w":116,"h":30},
	"rotated": false,
	"trimmed": false,
	"spriteSourceSize": {"x":0,"y":0,"w":116,"h":30},
	"sourceSize": {"w":116,"h":30}
}],
"meta": {
	"app": "https://www.codeandweb.com/texturepacker",
	"version": "1.0",
	"image": "gameplay.png",
	"format": "RGBA8888",
	"size": {"w":512,"h":256},
	"scale": "0.5",
	"smartupdate": "$TexturePacker:SmartUpdate:374a1d249fcdcc89250856fc9f88cbc6:df14099e8366a38ee0ceb74a43b6aad8:2f000f36c153dcd06e739670dfc91337$"
}
}
