{"textures":[{"image":"default-resources-0.png","format":"RGBA8888","size":{"w":1017,"h":1017},"scale":0.5,"frames":[{"filename":"bg/bg-middle","rotated":false,"trimmed":false,"sourceSize":{"w":360,"h":425},"spriteSourceSize":{"x":0,"y":0,"w":360,"h":425},"frame":{"x":2,"y":2,"w":360,"h":425}},{"filename":"ui-ngang/bg-middle","rotated":false,"trimmed":false,"sourceSize":{"w":360,"h":284},"spriteSourceSize":{"x":0,"y":0,"w":360,"h":284},"frame":{"x":2,"y":430,"w":360,"h":284}},{"filename":"leaderboards/bg-top","rotated":false,"trimmed":false,"sourceSize":{"w":475,"h":84},"spriteSourceSize":{"x":0,"y":0,"w":475,"h":84},"frame":{"x":365,"y":2,"w":475,"h":84}},{"filename":"leaderboards/bg-bottom","rotated":false,"trimmed":false,"sourceSize":{"w":475,"h":34},"spriteSourceSize":{"x":0,"y":0,"w":475,"h":34},"frame":{"x":365,"y":89,"w":475,"h":34}},{"filename":"leaderboards/bg-middle","rotated":false,"trimmed":false,"sourceSize":{"w":475,"h":24},"spriteSourceSize":{"x":0,"y":0,"w":475,"h":24},"frame":{"x":365,"y":126,"w":475,"h":24}},{"filename":"footer","rotated":false,"trimmed":false,"sourceSize":{"w":375,"h":77},"spriteSourceSize":{"x":0,"y":0,"w":375,"h":77},"frame":{"x":365,"y":153,"w":375,"h":77}},{"filename":"ui-ngang/bg-top","rotated":false,"trimmed":false,"sourceSize":{"w":360,"h":89},"spriteSourceSize":{"x":0,"y":0,"w":360,"h":89},"frame":{"x":2,"y":717,"w":360,"h":89}},{"filename":"ui-ngang/bg-bottom","rotated":false,"trimmed":false,"sourceSize":{"w":360,"h":88},"spriteSourceSize":{"x":0,"y":0,"w":360,"h":88},"frame":{"x":365,"y":233,"w":360,"h":88}},{"filename":"bg/bg-bottom","rotated":false,"trimmed":false,"sourceSize":{"w":360,"h":56},"spriteSourceSize":{"x":0,"y":0,"w":360,"h":56},"frame":{"x":2,"y":809,"w":360,"h":56}},{"filename":"bg/bg-top","rotated":false,"trimmed":false,"sourceSize":{"w":360,"h":56},"spriteSourceSize":{"x":0,"y":0,"w":360,"h":56},"frame":{"x":365,"y":324,"w":360,"h":56}},{"filename":"daily-challenge/bg","rotated":false,"trimmed":false,"sourceSize":{"w":260,"h":143},"spriteSourceSize":{"x":0,"y":0,"w":260,"h":143},"frame":{"x":2,"y":868,"w":260,"h":143}},{"filename":"ui-ngang/khung-next-block","rotated":false,"trimmed":false,"sourceSize":{"w":100,"h":300},"spriteSourceSize":{"x":0,"y":0,"w":100,"h":300},"frame":{"x":365,"y":383,"w":100,"h":300}},{"filename":"score-panel","rotated":false,"trimmed":false,"sourceSize":{"w":263,"h":76},"spriteSourceSize":{"x":0,"y":0,"w":263,"h":76},"frame":{"x":468,"y":383,"w":263,"h":76}},{"filename":"popup/middle","rotated":false,"trimmed":false,"sourceSize":{"w":216,"h":114},"spriteSourceSize":{"x":0,"y":0,"w":216,"h":114},"frame":{"x":468,"y":462,"w":216,"h":114}},{"filename":"lives/heart","rotated":false,"trimmed":false,"sourceSize":{"w":170,"h":140},"spriteSourceSize":{"x":0,"y":0,"w":170,"h":140},"frame":{"x":843,"y":2,"w":170,"h":140}},{"filename":"popup/background","rotated":false,"trimmed":false,"sourceSize":{"w":198,"h":111},"spriteSourceSize":{"x":0,"y":0,"w":198,"h":111},"frame":{"x":468,"y":579,"w":198,"h":111}},{"filename":"leaf","rotated":false,"trimmed":false,"sourceSize":{"w":282,"h":66},"spriteSourceSize":{"x":0,"y":0,"w":282,"h":66},"frame":{"x":365,"y":693,"w":282,"h":66}},{"filename":"border-bottom-panel","rotated":false,"trimmed":false,"sourceSize":{"w":375,"h":18},"spriteSourceSize":{"x":0,"y":0,"w":375,"h":18},"frame":{"x":365,"y":762,"w":375,"h":18}},{"filename":"daily-challenge/bg-item-dark","rotated":false,"trimmed":false,"sourceSize":{"w":254,"h":41},"spriteSourceSize":{"x":0,"y":0,"w":254,"h":41},"frame":{"x":365,"y":783,"w":254,"h":41}},{"filename":"daily-challenge/bg-item-light","rotated":false,"trimmed":false,"sourceSize":{"w":254,"h":41},"spriteSourceSize":{"x":0,"y":0,"w":254,"h":41},"frame":{"x":365,"y":827,"w":254,"h":41}},{"filename":"bg/bg-dark","rotated":false,"trimmed":false,"sourceSize":{"w":122,"h":152},"spriteSourceSize":{"x":0,"y":0,"w":122,"h":152},"frame":{"x":622,"y":783,"w":122,"h":152}},{"filename":"best-score-frame-long","rotated":false,"trimmed":false,"sourceSize":{"w":193,"h":77},"spriteSourceSize":{"x":0,"y":0,"w":193,"h":77},"frame":{"x":265,"y":938,"w":193,"h":77}},{"filename":"border-daily","rotated":false,"trimmed":false,"sourceSize":{"w":259,"h":26},"spriteSourceSize":{"x":0,"y":0,"w":259,"h":26},"frame":{"x":265,"y":871,"w":259,"h":26}},{"filename":"daily-challenge/title-panel","rotated":false,"trimmed":false,"sourceSize":{"w":141,"h":35},"spriteSourceSize":{"x":0,"y":0,"w":141,"h":35},"frame":{"x":265,"y":900,"w":141,"h":35}},{"filename":"texts/next-milestone","rotated":false,"trimmed":false,"sourceSize":{"w":170,"h":40},"spriteSourceSize":{"x":0,"y":0,"w":170,"h":40},"frame":{"x":843,"y":145,"w":170,"h":40}},{"filename":"daily-challenge/bottom-panel","rotated":false,"trimmed":false,"sourceSize":{"w":261,"h":15},"spriteSourceSize":{"x":0,"y":0,"w":261,"h":15},"frame":{"x":743,"y":188,"w":261,"h":15}},{"filename":"daily-challenge/top-panel","rotated":false,"trimmed":false,"sourceSize":{"w":261,"h":15},"spriteSourceSize":{"x":0,"y":0,"w":261,"h":15},"frame":{"x":743,"y":206,"w":261,"h":15}},{"filename":"daily-challenge/middle-panel","rotated":false,"trimmed":false,"sourceSize":{"w":261,"h":13},"spriteSourceSize":{"x":0,"y":0,"w":261,"h":13},"frame":{"x":743,"y":224,"w":261,"h":13}},{"filename":"popup/top-dark","rotated":false,"trimmed":false,"sourceSize":{"w":216,"h":45},"spriteSourceSize":{"x":0,"y":0,"w":216,"h":45},"frame":{"x":728,"y":240,"w":216,"h":45}},{"filename":"popup/top","rotated":false,"trimmed":false,"sourceSize":{"w":216,"h":45},"spriteSourceSize":{"x":0,"y":0,"w":216,"h":45},"frame":{"x":728,"y":288,"w":216,"h":45}},{"filename":"texts/out-of-live","rotated":false,"trimmed":false,"sourceSize":{"w":227,"h":31},"spriteSourceSize":{"x":0,"y":0,"w":227,"h":31},"frame":{"x":728,"y":336,"w":227,"h":31}},{"filename":"buttons/dark-blue","rotated":false,"trimmed":false,"sourceSize":{"w":183,"h":54},"spriteSourceSize":{"x":0,"y":0,"w":183,"h":54},"frame":{"x":734,"y":370,"w":183,"h":54}},{"filename":"texts/second-chance","rotated":false,"trimmed":false,"sourceSize":{"w":193,"h":33},"spriteSourceSize":{"x":0,"y":0,"w":193,"h":33},"frame":{"x":734,"y":427,"w":193,"h":33}},{"filename":"lives/time-block-2","rotated":false,"trimmed":false,"sourceSize":{"w":182,"h":54},"spriteSourceSize":{"x":0,"y":0,"w":182,"h":54},"frame":{"x":687,"y":463,"w":182,"h":54}},{"filename":"buttons/green-large","rotated":false,"trimmed":false,"sourceSize":{"w":165,"h":54},"spriteSourceSize":{"x":0,"y":0,"w":165,"h":54},"frame":{"x":687,"y":520,"w":165,"h":54}},{"filename":"popup/bottom","rotated":false,"trimmed":false,"sourceSize":{"w":216,"h":14},"spriteSourceSize":{"x":0,"y":0,"w":216,"h":14},"frame":{"x":687,"y":577,"w":216,"h":14}},{"filename":"bottom-panel","rotated":false,"trimmed":false,"sourceSize":{"w":141,"h":86},"spriteSourceSize":{"x":0,"y":0,"w":141,"h":86},"frame":{"x":669,"y":594,"w":141,"h":86}},{"filename":"ui-ngang/khung-mission","rotated":false,"trimmed":false,"sourceSize":{"w":48,"h":232},"spriteSourceSize":{"x":0,"y":0,"w":48,"h":232},"frame":{"x":747,"y":683,"w":48,"h":232}},{"filename":"bg-progress-circle","rotated":false,"trimmed":false,"sourceSize":{"w":116,"h":116},"spriteSourceSize":{"x":0,"y":0,"w":116,"h":116},"frame":{"x":813,"y":594,"w":116,"h":116}},{"filename":"popup/score-panel","rotated":false,"trimmed":false,"sourceSize":{"w":150,"h":46},"spriteSourceSize":{"x":0,"y":0,"w":150,"h":46},"frame":{"x":798,"y":713,"w":150,"h":46}},{"filename":"lives/time-block","rotated":false,"trimmed":false,"sourceSize":{"w":173,"h":44},"spriteSourceSize":{"x":0,"y":0,"w":173,"h":44},"frame":{"x":798,"y":762,"w":173,"h":44}},{"filename":"texts/first-milestone","rotated":false,"trimmed":false,"sourceSize":{"w":134,"h":46},"spriteSourceSize":{"x":0,"y":0,"w":134,"h":46},"frame":{"x":798,"y":809,"w":134,"h":46}},{"filename":"texts/target-score","rotated":false,"trimmed":false,"sourceSize":{"w":140,"h":18},"spriteSourceSize":{"x":0,"y":0,"w":140,"h":18},"frame":{"x":798,"y":858,"w":140,"h":18}},{"filename":"icon-journey","rotated":false,"trimmed":false,"sourceSize":{"w":75,"h":61},"spriteSourceSize":{"x":0,"y":0,"w":75,"h":61},"frame":{"x":669,"y":683,"w":75,"h":61}},{"filename":"bg-combo","rotated":false,"trimmed":true,"sourceSize":{"w":106,"h":44},"spriteSourceSize":{"x":0,"y":4,"w":106,"h":40},"frame":{"x":798,"y":879,"w":106,"h":40}},{"filename":"ui-ngang/khung-best-score","rotated":false,"trimmed":false,"sourceSize":{"w":56,"h":85},"spriteSourceSize":{"x":0,"y":0,"w":56,"h":85},"frame":{"x":947,"y":240,"w":56,"h":85}},{"filename":"leaderboards/bg-item-0","rotated":false,"trimmed":false,"sourceSize":{"w":116,"h":23},"spriteSourceSize":{"x":0,"y":0,"w":116,"h":23},"frame":{"x":409,"y":900,"w":116,"h":23}},{"filename":"avatar/border-big","rotated":false,"trimmed":false,"sourceSize":{"w":88,"h":88},"spriteSourceSize":{"x":0,"y":0,"w":88,"h":88},"frame":{"x":461,"y":926,"w":88,"h":88}},{"filename":"bg/level-playing","rotated":false,"trimmed":false,"sourceSize":{"w":57,"h":47},"spriteSourceSize":{"x":0,"y":0,"w":57,"h":47},"frame":{"x":958,"y":328,"w":57,"h":47}},{"filename":"preloader/dual-ring","rotated":false,"trimmed":true,"sourceSize":{"w":100,"h":100},"spriteSourceSize":{"x":13,"y":13,"w":74,"h":74},"frame":{"x":941,"y":809,"w":74,"h":74}},{"filename":"texts/replay","rotated":false,"trimmed":false,"sourceSize":{"w":96,"h":26},"spriteSourceSize":{"x":0,"y":0,"w":96,"h":26},"frame":{"x":743,"y":153,"w":96,"h":26}},{"filename":"avatar/background","rotated":false,"trimmed":false,"sourceSize":{"w":53,"h":54},"spriteSourceSize":{"x":0,"y":0,"w":53,"h":54},"frame":{"x":855,"y":520,"w":53,"h":54}},{"filename":"daily-challenge/time-panel","rotated":false,"trimmed":false,"sourceSize":{"w":85,"h":24},"spriteSourceSize":{"x":0,"y":0,"w":85,"h":24},"frame":{"x":527,"y":871,"w":85,"h":24}},{"filename":"bg-streak","rotated":false,"trimmed":true,"sourceSize":{"w":106,"h":44},"spriteSourceSize":{"x":0,"y":4,"w":106,"h":40},"frame":{"x":907,"y":886,"w":106,"h":40}},{"filename":"ui-ngang/khung-score","rotated":false,"trimmed":false,"sourceSize":{"w":87,"h":50},"spriteSourceSize":{"x":0,"y":0,"w":87,"h":50},"frame":{"x":872,"y":463,"w":87,"h":50}},{"filename":"best-score-frame","rotated":false,"trimmed":false,"sourceSize":{"w":56,"h":76},"spriteSourceSize":{"x":0,"y":0,"w":56,"h":76},"frame":{"x":552,"y":898,"w":56,"h":76}},{"filename":"leaderboards/bg-item-1","rotated":false,"trimmed":false,"sourceSize":{"w":116,"h":23},"spriteSourceSize":{"x":0,"y":0,"w":116,"h":23},"frame":{"x":611,"y":938,"w":116,"h":23}},{"filename":"avatar/border","rotated":false,"trimmed":true,"sourceSize":{"w":69,"h":72},"spriteSourceSize":{"x":0,"y":1,"w":69,"h":71},"frame":{"x":911,"y":516,"w":69,"h":71}},{"filename":"avatar/border-challenge","rotated":false,"trimmed":false,"sourceSize":{"w":60,"h":59},"spriteSourceSize":{"x":0,"y":0,"w":60,"h":59},"frame":{"x":932,"y":590,"w":60,"h":59}},{"filename":"buttons/dark-blue-big","rotated":false,"trimmed":false,"sourceSize":{"w":90,"h":41},"spriteSourceSize":{"x":0,"y":0,"w":90,"h":41},"frame":{"x":611,"y":964,"w":90,"h":41}},{"filename":"bg/level-locked","rotated":false,"trimmed":false,"sourceSize":{"w":51,"h":42},"spriteSourceSize":{"x":0,"y":0,"w":51,"h":42},"frame":{"x":932,"y":652,"w":51,"h":42}},{"filename":"buttons/green-big","rotated":false,"trimmed":false,"sourceSize":{"w":90,"h":41},"spriteSourceSize":{"x":0,"y":0,"w":90,"h":41},"frame":{"x":920,"y":378,"w":90,"h":41}},{"filename":"ui-ngang/text-next-block","rotated":false,"trimmed":false,"sourceSize":{"w":73,"h":19},"spriteSourceSize":{"x":0,"y":0,"w":73,"h":19},"frame":{"x":930,"y":422,"w":73,"h":19}},{"filename":"texts/text-share","rotated":false,"trimmed":false,"sourceSize":{"w":54,"h":30},"spriteSourceSize":{"x":0,"y":0,"w":54,"h":30},"frame":{"x":552,"y":977,"w":54,"h":30}},{"filename":"texts/play-with-blue","rotated":false,"trimmed":false,"sourceSize":{"w":58,"h":9},"spriteSourceSize":{"x":0,"y":0,"w":58,"h":9},"frame":{"x":930,"y":444,"w":58,"h":9}},{"filename":"icons/plus","rotated":false,"trimmed":false,"sourceSize":{"w":21,"h":22},"spriteSourceSize":{"x":0,"y":0,"w":21,"h":22},"frame":{"x":528,"y":898,"w":21,"h":22}},{"filename":"texts/VS","rotated":false,"trimmed":false,"sourceSize":{"w":34,"h":12},"spriteSourceSize":{"x":0,"y":0,"w":34,"h":12},"frame":{"x":650,"y":747,"w":34,"h":12}},{"filename":"texts/draw","rotated":false,"trimmed":false,"sourceSize":{"w":43,"h":42},"spriteSourceSize":{"x":0,"y":0,"w":43,"h":42},"frame":{"x":704,"y":964,"w":43,"h":42}},{"filename":"icons/share-blue","rotated":false,"trimmed":false,"sourceSize":{"w":16,"h":22},"spriteSourceSize":{"x":0,"y":0,"w":16,"h":22},"frame":{"x":650,"y":693,"w":16,"h":22}},{"filename":"ui-ngang/text-score","rotated":false,"trimmed":false,"sourceSize":{"w":43,"h":19},"spriteSourceSize":{"x":0,"y":0,"w":43,"h":19},"frame":{"x":747,"y":918,"w":43,"h":19}},{"filename":"leaderboards/tab-off","rotated":false,"trimmed":false,"sourceSize":{"w":57,"h":18},"spriteSourceSize":{"x":0,"y":0,"w":57,"h":18},"frame":{"x":793,"y":922,"w":57,"h":18}},{"filename":"bg/level-played","rotated":false,"trimmed":false,"sourceSize":{"w":50,"h":41},"spriteSourceSize":{"x":0,"y":0,"w":50,"h":41},"frame":{"x":853,"y":922,"w":50,"h":41}},{"filename":"buttons/minor","rotated":false,"trimmed":false,"sourceSize":{"w":41,"h":36},"spriteSourceSize":{"x":0,"y":0,"w":41,"h":36},"frame":{"x":906,"y":929,"w":41,"h":36}},{"filename":"leaderboards/tab-on","rotated":false,"trimmed":false,"sourceSize":{"w":57,"h":18},"spriteSourceSize":{"x":0,"y":0,"w":57,"h":18},"frame":{"x":950,"y":929,"w":57,"h":18}},{"filename":"texts/no-thank","rotated":false,"trimmed":false,"sourceSize":{"w":49,"h":15},"spriteSourceSize":{"x":0,"y":0,"w":49,"h":15},"frame":{"x":950,"y":950,"w":49,"h":15}},{"filename":"icons/i-play","rotated":false,"trimmed":false,"sourceSize":{"w":16,"h":20},"spriteSourceSize":{"x":0,"y":0,"w":16,"h":20},"frame":{"x":650,"y":718,"w":16,"h":20}},{"filename":"icons/vibrate","rotated":false,"trimmed":false,"sourceSize":{"w":31,"h":37},"spriteSourceSize":{"x":0,"y":0,"w":31,"h":37},"frame":{"x":962,"y":456,"w":31,"h":37}},{"filename":"texts/off","rotated":false,"trimmed":false,"sourceSize":{"w":33,"h":17},"spriteSourceSize":{"x":0,"y":0,"w":33,"h":17},"frame":{"x":962,"y":496,"w":33,"h":17}},{"filename":"icons/crown-big","rotated":false,"trimmed":false,"sourceSize":{"w":37,"h":35},"spriteSourceSize":{"x":0,"y":0,"w":37,"h":35},"frame":{"x":951,"y":697,"w":37,"h":35}},{"filename":"texts/collect","rotated":false,"trimmed":false,"sourceSize":{"w":26,"h":24},"spriteSourceSize":{"x":0,"y":0,"w":26,"h":24},"frame":{"x":951,"y":735,"w":26,"h":24}},{"filename":"icons/flat-ad","rotated":false,"trimmed":false,"sourceSize":{"w":24,"h":21},"spriteSourceSize":{"x":0,"y":0,"w":24,"h":21},"frame":{"x":730,"y":940,"w":24,"h":21}},{"filename":"texts/start","rotated":false,"trimmed":false,"sourceSize":{"w":31,"h":31},"spriteSourceSize":{"x":0,"y":0,"w":31,"h":31},"frame":{"x":757,"y":940,"w":31,"h":31}},{"filename":"icons/dot","rotated":false,"trimmed":false,"sourceSize":{"w":34,"h":35},"spriteSourceSize":{"x":0,"y":0,"w":34,"h":35},"frame":{"x":791,"y":943,"w":34,"h":35}},{"filename":"icons/battle","rotated":false,"trimmed":false,"sourceSize":{"w":22,"h":21},"spriteSourceSize":{"x":0,"y":0,"w":22,"h":21},"frame":{"x":828,"y":943,"w":22,"h":21}},{"filename":"icons/music","rotated":false,"trimmed":false,"sourceSize":{"w":28,"h":31},"spriteSourceSize":{"x":0,"y":0,"w":28,"h":31},"frame":{"x":750,"y":974,"w":28,"h":31}},{"filename":"icons/sound","rotated":false,"trimmed":false,"sourceSize":{"w":31,"h":27},"spriteSourceSize":{"x":0,"y":0,"w":31,"h":27},"frame":{"x":781,"y":981,"w":31,"h":27}},{"filename":"texts/yes","rotated":false,"trimmed":false,"sourceSize":{"w":26,"h":29},"spriteSourceSize":{"x":0,"y":0,"w":26,"h":29},"frame":{"x":983,"y":516,"w":26,"h":29}},{"filename":"buttons/dot-blue","rotated":false,"trimmed":false,"sourceSize":{"w":28,"h":27},"spriteSourceSize":{"x":0,"y":0,"w":28,"h":27},"frame":{"x":983,"y":548,"w":28,"h":27}},{"filename":"icons/replay","rotated":false,"trimmed":false,"sourceSize":{"w":20,"h":24},"spriteSourceSize":{"x":0,"y":0,"w":20,"h":24},"frame":{"x":995,"y":578,"w":20,"h":24}},{"filename":"texts/world-disable","rotated":false,"trimmed":false,"sourceSize":{"w":18,"h":27},"spriteSourceSize":{"x":0,"y":0,"w":18,"h":27},"frame":{"x":995,"y":605,"w":18,"h":27}},{"filename":"buttons/dot-green","rotated":false,"trimmed":false,"sourceSize":{"w":28,"h":27},"spriteSourceSize":{"x":0,"y":0,"w":28,"h":27},"frame":{"x":815,"y":981,"w":28,"h":27}},{"filename":"texts/world","rotated":false,"trimmed":false,"sourceSize":{"w":18,"h":27},"spriteSourceSize":{"x":0,"y":0,"w":18,"h":27},"frame":{"x":986,"y":652,"w":18,"h":27}},{"filename":"icons/play-green","rotated":false,"trimmed":false,"sourceSize":{"w":24,"h":24},"spriteSourceSize":{"x":0,"y":0,"w":24,"h":24},"frame":{"x":991,"y":682,"w":24,"h":24}},{"filename":"icons/play","rotated":false,"trimmed":false,"sourceSize":{"w":24,"h":24},"spriteSourceSize":{"x":0,"y":0,"w":24,"h":24},"frame":{"x":991,"y":709,"w":24,"h":24}},{"filename":"icons/crown","rotated":false,"trimmed":false,"sourceSize":{"w":16,"h":14},"spriteSourceSize":{"x":0,"y":0,"w":16,"h":14},"frame":{"x":995,"y":635,"w":16,"h":14}},{"filename":"texts/on","rotated":false,"trimmed":false,"sourceSize":{"w":31,"h":19},"spriteSourceSize":{"x":0,"y":0,"w":31,"h":19},"frame":{"x":980,"y":736,"w":31,"h":19}},{"filename":"ui-ngang/text-mission","rotated":false,"trimmed":false,"sourceSize":{"w":31,"h":18},"spriteSourceSize":{"x":0,"y":0,"w":31,"h":18},"frame":{"x":980,"y":758,"w":31,"h":18}},{"filename":"icons/retry","rotated":false,"trimmed":false,"sourceSize":{"w":25,"h":27},"spriteSourceSize":{"x":0,"y":0,"w":25,"h":27},"frame":{"x":974,"y":779,"w":25,"h":27}},{"filename":"buttons/close","rotated":false,"trimmed":false,"sourceSize":{"w":26,"h":26},"spriteSourceSize":{"x":0,"y":0,"w":26,"h":26},"frame":{"x":853,"y":966,"w":26,"h":26}},{"filename":"icons/white-journey","rotated":false,"trimmed":false,"sourceSize":{"w":21,"h":20},"spriteSourceSize":{"x":0,"y":0,"w":21,"h":20},"frame":{"x":846,"y":995,"w":21,"h":20}},{"filename":"buttons/circle-button","rotated":false,"trimmed":false,"sourceSize":{"w":21,"h":21},"spriteSourceSize":{"x":0,"y":0,"w":21,"h":21},"frame":{"x":882,"y":966,"w":21,"h":21}},{"filename":"icons/rank","rotated":false,"trimmed":false,"sourceSize":{"w":26,"h":25},"spriteSourceSize":{"x":0,"y":0,"w":26,"h":25},"frame":{"x":882,"y":990,"w":26,"h":25}},{"filename":"icons/back","rotated":false,"trimmed":false,"sourceSize":{"w":25,"h":19},"spriteSourceSize":{"x":0,"y":0,"w":25,"h":19},"frame":{"x":906,"y":968,"w":25,"h":19}},{"filename":"icons/home","rotated":false,"trimmed":false,"sourceSize":{"w":24,"h":22},"spriteSourceSize":{"x":0,"y":0,"w":24,"h":22},"frame":{"x":934,"y":968,"w":24,"h":22}},{"filename":"icons/brown-journey","rotated":false,"trimmed":false,"sourceSize":{"w":23,"h":21},"spriteSourceSize":{"x":0,"y":0,"w":23,"h":21},"frame":{"x":961,"y":968,"w":23,"h":21}},{"filename":"icons/share","rotated":false,"trimmed":false,"sourceSize":{"w":18,"h":24},"spriteSourceSize":{"x":0,"y":0,"w":18,"h":24},"frame":{"x":911,"y":990,"w":18,"h":24}},{"filename":"icons/setting","rotated":false,"trimmed":false,"sourceSize":{"w":21,"h":21},"spriteSourceSize":{"x":0,"y":0,"w":21,"h":21},"frame":{"x":932,"y":993,"w":21,"h":21}},{"filename":"texts/no","rotated":false,"trimmed":false,"sourceSize":{"w":15,"h":21},"spriteSourceSize":{"x":0,"y":0,"w":15,"h":21},"frame":{"x":987,"y":968,"w":15,"h":21}},{"filename":"icons/clock","rotated":false,"trimmed":false,"sourceSize":{"w":17,"h":18},"spriteSourceSize":{"x":0,"y":0,"w":17,"h":18},"frame":{"x":998,"y":444,"w":17,"h":18}},{"filename":"icons/sword-blue","rotated":false,"trimmed":false,"sourceSize":{"w":18,"h":16},"spriteSourceSize":{"x":0,"y":0,"w":18,"h":16},"frame":{"x":996,"y":465,"w":18,"h":16}},{"filename":"icons/check","rotated":false,"trimmed":false,"sourceSize":{"w":22,"h":18},"spriteSourceSize":{"x":0,"y":0,"w":22,"h":18},"frame":{"x":961,"y":992,"w":22,"h":18}},{"filename":"icons/cup-bronze","rotated":false,"trimmed":false,"sourceSize":{"w":22,"h":18},"spriteSourceSize":{"x":0,"y":0,"w":22,"h":18},"frame":{"x":986,"y":992,"w":22,"h":18}}]},{"image":"default-resources-1.png","format":"RGBA8888","size":{"w":374,"h":374},"scale":0.5,"frames":[{"filename":"buttons/brown","rotated":false,"trimmed":false,"sourceSize":{"w":165,"h":41},"spriteSourceSize":{"x":0,"y":0,"w":165,"h":41},"frame":{"x":2,"y":2,"w":165,"h":41}},{"filename":"leaderboards/bg-item","rotated":false,"trimmed":false,"sourceSize":{"w":159,"h":31},"spriteSourceSize":{"x":0,"y":0,"w":159,"h":31},"frame":{"x":2,"y":46,"w":159,"h":31}},{"filename":"texts/leader-board","rotated":false,"trimmed":false,"sourceSize":{"w":159,"h":31},"spriteSourceSize":{"x":0,"y":0,"w":159,"h":31},"frame":{"x":170,"y":2,"w":159,"h":31}},{"filename":"wood-panel","rotated":false,"trimmed":false,"sourceSize":{"w":151,"h":28},"spriteSourceSize":{"x":0,"y":0,"w":151,"h":28},"frame":{"x":2,"y":80,"w":151,"h":28}},{"filename":"texts/refill-lives","rotated":false,"trimmed":false,"sourceSize":{"w":142,"h":27},"spriteSourceSize":{"x":0,"y":0,"w":142,"h":27},"frame":{"x":2,"y":111,"w":142,"h":27}},{"filename":"texts/invite-friends","rotated":false,"trimmed":false,"sourceSize":{"w":132,"h":36},"spriteSourceSize":{"x":0,"y":0,"w":132,"h":36},"frame":{"x":2,"y":141,"w":132,"h":36}},{"filename":"buttons/green","rotated":false,"trimmed":false,"sourceSize":{"w":119,"h":41},"spriteSourceSize":{"x":0,"y":0,"w":119,"h":41},"frame":{"x":2,"y":180,"w":119,"h":41}},{"filename":"texts/your-score","rotated":false,"trimmed":false,"sourceSize":{"w":117,"h":37},"spriteSourceSize":{"x":0,"y":0,"w":117,"h":37},"frame":{"x":2,"y":224,"w":117,"h":37}},{"filename":"texts/daily-challenge","rotated":false,"trimmed":false,"sourceSize":{"w":124,"h":33},"spriteSourceSize":{"x":0,"y":0,"w":124,"h":33},"frame":{"x":2,"y":264,"w":124,"h":33}},{"filename":"texts/waiting-for-opponent","rotated":false,"trimmed":false,"sourceSize":{"w":116,"h":34},"spriteSourceSize":{"x":0,"y":0,"w":116,"h":34},"frame":{"x":2,"y":300,"w":116,"h":34}},{"filename":"texts/start-over","rotated":false,"trimmed":false,"sourceSize":{"w":105,"h":35},"spriteSourceSize":{"x":0,"y":0,"w":105,"h":35},"frame":{"x":2,"y":337,"w":105,"h":35}},{"filename":"texts/play-single","rotated":false,"trimmed":false,"sourceSize":{"w":112,"h":36},"spriteSourceSize":{"x":0,"y":0,"w":112,"h":36},"frame":{"x":170,"y":36,"w":112,"h":36}},{"filename":"texts/lose","rotated":false,"trimmed":false,"sourceSize":{"w":112,"h":33},"spriteSourceSize":{"x":0,"y":0,"w":112,"h":33},"frame":{"x":164,"y":75,"w":112,"h":33}},{"filename":"texts/keep-playing","rotated":false,"trimmed":false,"sourceSize":{"w":111,"h":31},"spriteSourceSize":{"x":0,"y":0,"w":111,"h":31},"frame":{"x":147,"y":111,"w":111,"h":31}},{"filename":"texts/text-retry","rotated":false,"trimmed":false,"sourceSize":{"w":109,"h":30},"spriteSourceSize":{"x":0,"y":0,"w":109,"h":30},"frame":{"x":137,"y":145,"w":109,"h":30}},{"filename":"buttons/share","rotated":false,"trimmed":false,"sourceSize":{"w":40,"h":29},"spriteSourceSize":{"x":0,"y":0,"w":40,"h":29},"frame":{"x":332,"y":2,"w":40,"h":29}},{"filename":"texts/text-tutorial","rotated":false,"trimmed":false,"sourceSize":{"w":99,"h":37},"spriteSourceSize":{"x":0,"y":0,"w":99,"h":37},"frame":{"x":137,"y":178,"w":99,"h":37}},{"filename":"texts/win","rotated":false,"trimmed":false,"sourceSize":{"w":97,"h":31},"spriteSourceSize":{"x":0,"y":0,"w":97,"h":31},"frame":{"x":124,"y":218,"w":97,"h":31}},{"filename":"buttons/dark-blue-small","rotated":false,"trimmed":false,"sourceSize":{"w":89,"h":37},"spriteSourceSize":{"x":0,"y":0,"w":89,"h":37},"frame":{"x":129,"y":252,"w":89,"h":37}},{"filename":"texts/level-failed","rotated":false,"trimmed":false,"sourceSize":{"w":95,"h":25},"spriteSourceSize":{"x":0,"y":0,"w":95,"h":25},"frame":{"x":129,"y":292,"w":95,"h":25}},{"filename":"score-panel-dark","rotated":false,"trimmed":false,"sourceSize":{"w":94,"h":26},"spriteSourceSize":{"x":0,"y":0,"w":94,"h":26},"frame":{"x":121,"y":320,"w":94,"h":26}},{"filename":"buttons/toggle-off","rotated":false,"trimmed":false,"sourceSize":{"w":67,"h":23},"spriteSourceSize":{"x":0,"y":0,"w":67,"h":23},"frame":{"x":110,"y":349,"w":67,"h":23}},{"filename":"buttons/toggle-on","rotated":false,"trimmed":false,"sourceSize":{"w":67,"h":23},"spriteSourceSize":{"x":0,"y":0,"w":67,"h":23},"frame":{"x":180,"y":349,"w":67,"h":23}},{"filename":"texts/play-with","rotated":false,"trimmed":false,"sourceSize":{"w":79,"h":38},"spriteSourceSize":{"x":0,"y":0,"w":79,"h":38},"frame":{"x":285,"y":36,"w":79,"h":38}},{"filename":"texts/text-next-level","rotated":false,"trimmed":false,"sourceSize":{"w":90,"h":31},"spriteSourceSize":{"x":0,"y":0,"w":90,"h":31},"frame":{"x":279,"y":77,"w":90,"h":31}},{"filename":"texts/setting","rotated":false,"trimmed":false,"sourceSize":{"w":85,"h":31},"spriteSourceSize":{"x":0,"y":0,"w":85,"h":31},"frame":{"x":261,"y":111,"w":85,"h":31}},{"filename":"buttons/skip","rotated":false,"trimmed":false,"sourceSize":{"w":60,"h":36},"spriteSourceSize":{"x":0,"y":0,"w":60,"h":36},"frame":{"x":249,"y":145,"w":60,"h":36}},{"filename":"texts/result","rotated":false,"trimmed":false,"sourceSize":{"w":59,"h":29},"spriteSourceSize":{"x":0,"y":0,"w":59,"h":29},"frame":{"x":239,"y":184,"w":59,"h":29}},{"filename":"icons/icon-daily","rotated":false,"trimmed":false,"sourceSize":{"w":34,"h":34},"spriteSourceSize":{"x":0,"y":0,"w":34,"h":34},"frame":{"x":312,"y":145,"w":34,"h":34}},{"filename":"icons/sword","rotated":false,"trimmed":false,"sourceSize":{"w":23,"h":19},"spriteSourceSize":{"x":0,"y":0,"w":23,"h":19},"frame":{"x":349,"y":111,"w":23,"h":19}},{"filename":"texts/continue","rotated":false,"trimmed":false,"sourceSize":{"w":50,"h":25},"spriteSourceSize":{"x":0,"y":0,"w":50,"h":25},"frame":{"x":239,"y":216,"w":50,"h":25}},{"filename":"icons/cup-gold","rotated":false,"trimmed":false,"sourceSize":{"w":22,"h":18},"spriteSourceSize":{"x":0,"y":0,"w":22,"h":18},"frame":{"x":349,"y":133,"w":22,"h":18}},{"filename":"icons/cup-silver","rotated":false,"trimmed":false,"sourceSize":{"w":22,"h":18},"spriteSourceSize":{"x":0,"y":0,"w":22,"h":18},"frame":{"x":349,"y":154,"w":22,"h":18}},{"filename":"texts/text-ranking","rotated":false,"trimmed":false,"sourceSize":{"w":49,"h":25},"spriteSourceSize":{"x":0,"y":0,"w":49,"h":25},"frame":{"x":224,"y":244,"w":49,"h":25}},{"filename":"buttons/challenge_light","rotated":false,"trimmed":false,"sourceSize":{"w":44,"h":33},"spriteSourceSize":{"x":0,"y":0,"w":44,"h":33},"frame":{"x":227,"y":272,"w":44,"h":33}},{"filename":"texts/congratulations","rotated":false,"trimmed":false,"sourceSize":{"w":47,"h":31},"spriteSourceSize":{"x":0,"y":0,"w":47,"h":31},"frame":{"x":227,"y":308,"w":47,"h":31}},{"filename":"texts/text-journey","rotated":false,"trimmed":false,"sourceSize":{"w":49,"h":30},"spriteSourceSize":{"x":0,"y":0,"w":49,"h":30},"frame":{"x":250,"y":342,"w":49,"h":30}},{"filename":"buttons/play","rotated":false,"trimmed":false,"sourceSize":{"w":43,"h":33},"spriteSourceSize":{"x":0,"y":0,"w":43,"h":33},"frame":{"x":276,"y":244,"w":43,"h":33}},{"filename":"texts/play","rotated":false,"trimmed":false,"sourceSize":{"w":46,"h":25},"spriteSourceSize":{"x":0,"y":0,"w":46,"h":25},"frame":{"x":274,"y":280,"w":46,"h":25}},{"filename":"icons/icon-journey","rotated":false,"trimmed":false,"sourceSize":{"w":37,"h":31},"spriteSourceSize":{"x":0,"y":0,"w":37,"h":31},"frame":{"x":277,"y":308,"w":37,"h":31}},{"filename":"text-target-panel","rotated":false,"trimmed":false,"sourceSize":{"w":49,"h":23},"spriteSourceSize":{"x":0,"y":0,"w":49,"h":23},"frame":{"x":323,"y":182,"w":49,"h":23}},{"filename":"buttons/random","rotated":false,"trimmed":false,"sourceSize":{"w":43,"h":33},"spriteSourceSize":{"x":0,"y":0,"w":43,"h":33},"frame":{"x":301,"y":208,"w":43,"h":33}},{"filename":"texts/mission","rotated":false,"trimmed":false,"sourceSize":{"w":40,"h":28},"spriteSourceSize":{"x":0,"y":0,"w":40,"h":28},"frame":{"x":322,"y":244,"w":40,"h":28}},{"filename":"texts/friends-disable","rotated":false,"trimmed":false,"sourceSize":{"w":42,"h":23},"spriteSourceSize":{"x":0,"y":0,"w":42,"h":23},"frame":{"x":323,"y":275,"w":42,"h":23}},{"filename":"texts/friends","rotated":false,"trimmed":false,"sourceSize":{"w":42,"h":23},"spriteSourceSize":{"x":0,"y":0,"w":42,"h":23},"frame":{"x":323,"y":301,"w":42,"h":23}}]}],"meta":{"app":"https://www.codeandweb.com/texturepacker","version":"3.0","smartupdate":"$TexturePacker:SmartUpdate:1abd4cfdf2ed7f7ae3e27eb0fcb247bc:097194ffeab63de46ba2928fa5d96291:38a69b481ce127014b0b7fd232b2e3f4$"}}