{"compressionlevel":-1,"height":10,"infinite":false,"layers":[{"data":[2,2,0,0,0,0,0,0,2,2,2,0,0,0,0,0,0,0,0,2,0,0,0,0,0,0,0,0,0,0,0,0,0,13,0,0,11,0,0,0,0,0,13,0,0,0,0,11,0,0,0,0,13,0,0,0,0,11,0,0,0,0,0,13,0,0,11,0,0,0,0,0,0,0,0,0,0,0,0,0,2,0,0,0,0,0,0,0,0,2,2,2,0,0,0,0,0,0,2,2],"height":10,"id":1,"name":"map","opacity":1,"type":"tilelayer","visible":true,"width":10,"x":0,"y":0},{"draworder":"topdown","id":2,"name":"spawnOrder","objects":[{"gid":123,"height":20,"id":2119,"name":"polyplet-right-2","properties":[{"name":"gem_id","type":"string","value":"12,12"},{"name":"gem_position","type":"string","value":"0,1"}],"rotation":0,"type":"polyplet-right-2","visible":true,"width":20,"x":-15,"y":147},{"gid":119,"height":20,"id":2120,"name":"polyplet-left-2","properties":[{"name":"gem_id","type":"string","value":"10,10"},{"name":"gem_position","type":"string","value":"0,1"}],"rotation":0,"type":"polyplet-left-2","visible":true,"width":20,"x":36,"y":148},{"gid":105,"height":50,"id":2121,"name":"I5","rotation":0,"type":"I5","visible":true,"width":10,"x":88,"y":162},{"gid":142,"height":20,"id":2122,"name":"V2","properties":[{"name":"gem_id","type":"string","value":"12"},{"name":"gem_position","type":"string","value":"0"}],"rotation":0,"type":"V2","visible":true,"width":20,"x":-15,"y":203},{"gid":141,"height":20,"id":2123,"name":"V1","properties":[{"name":"gem_id","type":"string","value":"10"},{"name":"gem_position","type":"string","value":"1"}],"rotation":0,"type":"V1","visible":true,"width":20,"x":36,"y":201},{"gid":104,"height":40,"id":2124,"name":"I4","rotation":0,"type":"I4","visible":true,"width":10,"x":88,"y":217},{"gid":110,"height":30,"id":2125,"name":"J1","properties":[{"name":"gem_id","type":"string","value":"12"},{"name":"gem_position","type":"string","value":"3"}],"rotation":0,"type":"J1","visible":true,"width":20,"x":-14,"y":265},{"gid":130,"height":30,"id":2126,"name":"T2","properties":[{"name":"gem_id","type":"string","value":"10"},{"name":"gem_position","type":"string","value":"2"}],"rotation":0,"type":"T2","visible":true,"width":20,"x":37,"y":264},{"gid":102,"height":20,"id":2127,"name":"I2","rotation":0,"type":"I2","visible":true,"width":10,"x":87,"y":262},{"gid":118,"height":20,"id":2128,"name":"O","rotation":0,"type":"O","visible":true,"width":20,"x":-13,"y":310},{"gid":111,"height":20,"id":2129,"name":"J2","properties":[{"name":"gem_id","type":"string","value":"12"},{"name":"gem_position","type":"string","value":"0"}],"rotation":0,"type":"J2","visible":true,"width":30,"x":36,"y":310},{"gid":117,"height":20,"id":2130,"name":"L4","properties":[{"name":"gem_id","type":"string","value":"10"},{"name":"gem_position","type":"string","value":"0"}],"rotation":0,"type":"L4","visible":true,"width":30,"x":80,"y":310},{"gid":144,"height":20,"id":2131,"name":"V4","rotation":0,"type":"V4","visible":true,"width":20,"x":-11,"y":356},{"gid":143,"height":20,"id":2132,"name":"V3","rotation":0,"type":"V3","visible":true,"width":20,"x":34,"y":356},{"gid":115,"height":20,"id":2133,"name":"L2","rotation":0,"type":"L2","visible":true,"width":30,"x":78,"y":356},{"gid":102,"height":20,"id":2134,"name":"I2","properties":[{"name":"gem_id","type":"string","value":"10"},{"name":"gem_position","type":"string","value":"1"}],"rotation":0,"type":"I2","visible":true,"width":10,"x":-4,"y":403},{"gid":106,"height":10,"id":2135,"name":"II2","properties":[{"name":"gem_id","type":"string","value":"12"},{"name":"gem_position","type":"string","value":"0"}],"rotation":0,"type":"II2","visible":true,"width":20,"x":41,"y":400},{"gid":118,"height":20,"id":2136,"name":"O","rotation":0,"type":"O","visible":true,"width":20,"x":82,"y":405},{"gid":127,"height":20,"id":2137,"name":"S1","rotation":0,"type":"S1","visible":true,"width":30,"x":-18,"y":450},{"gid":150,"height":20,"id":2138,"name":"Z1","rotation":0,"type":"Z1","visible":true,"width":30,"x":31,"y":450},{"gid":151,"height":30,"id":2139,"name":"Z2","rotation":0,"type":"Z2","visible":true,"width":20,"x":84,"y":451},{"gid":139,"height":20,"id":2140,"name":"U3","properties":[{"name":"gem_id","type":"string","value":"12"},{"name":"gem_position","type":"string","value":"1"}],"rotation":0,"type":"U3","visible":true,"width":30,"x":-17,"y":499},{"gid":107,"height":10,"id":2141,"name":"II3","properties":[{"name":"gem_id","type":"string","value":"10"},{"name":"gem_position","type":"string","value":"1"}],"rotation":0,"type":"II3","visible":true,"width":30,"x":37,"y":492},{"gid":103,"height":30,"id":2142,"name":"I3","rotation":0,"type":"I3","visible":true,"width":10,"x":90,"y":507},{"gid":119,"height":20,"id":2143,"name":"polyplet-left-2","rotation":0,"type":"polyplet-left-2","visible":true,"width":20,"x":-11,"y":556},{"gid":123,"height":20,"id":2144,"name":"polyplet-right-2","rotation":0,"type":"polyplet-right-2","visible":true,"width":20,"x":38,"y":556},{"gid":124,"height":30,"id":2145,"name":"polyplet-right-3","rotation":0,"type":"polyplet-right-3","visible":true,"width":30,"x":78,"y":559},{"gid":111,"height":20,"id":2146,"name":"J2","properties":[{"name":"gem_id","type":"string","value":"12"},{"name":"gem_position","type":"string","value":"0"}],"rotation":0,"type":"J2","visible":true,"width":30,"x":-20,"y":617},{"gid":113,"height":20,"id":2147,"name":"J4","properties":[{"name":"gem_id","type":"string","value":"10"},{"name":"gem_position","type":"string","value":"3"}],"rotation":0,"type":"J4","visible":true,"width":30,"x":36,"y":617},{"gid":144,"height":20,"id":2148,"name":"V4","rotation":0,"type":"V4","visible":true,"width":20,"x":95,"y":614},{"gid":129,"height":20,"id":2149,"name":"T1","properties":[{"name":"gem_id","type":"string","value":"10"},{"name":"gem_position","type":"string","value":"0"}],"rotation":0,"type":"T1","visible":true,"width":30,"x":-20,"y":687},{"gid":132,"height":30,"id":2150,"name":"T4","rotation":0,"type":"T4","visible":true,"width":20,"x":37,"y":689},{"gid":112,"height":30,"id":2151,"name":"J3","properties":[{"name":"gem_id","type":"string","value":"12"},{"name":"gem_position","type":"string","value":"1"}],"rotation":0,"type":"J3","visible":true,"width":20,"x":94,"y":691},{"gid":141,"height":20,"id":2152,"name":"V1","rotation":0,"type":"V1","visible":true,"width":20,"x":-16,"y":746},{"gid":144,"height":20,"id":2153,"name":"V4","rotation":0,"type":"V4","visible":true,"width":20,"x":36,"y":747},{"gid":143,"height":20,"id":2154,"name":"V3","rotation":0,"type":"V3","visible":true,"width":20,"x":95,"y":747},{"gid":120,"height":30,"id":2155,"name":"polyplet-left-3","properties":[{"name":"gem_id","type":"string","value":"12"},{"name":"gem_position","type":"string","value":"2"}],"rotation":0,"type":"polyplet-left-3","visible":true,"width":30,"x":-22,"y":819},{"gid":119,"height":20,"id":2156,"name":"polyplet-left-2","rotation":0,"type":"polyplet-left-2","visible":true,"width":20,"x":42,"y":811},{"gid":143,"height":20,"id":2157,"name":"V3","properties":[{"name":"gem_id","type":"string","value":"10"},{"name":"gem_position","type":"string","value":"0"}],"rotation":0,"type":"V3","visible":true,"width":20,"x":93,"y":814},{"gid":114,"height":30,"id":2158,"name":"L1","rotation":0,"type":"L1","visible":true,"width":20,"x":-21,"y":885},{"gid":149,"height":30,"id":2159,"name":"X","rotation":0,"type":"X","visible":true,"width":30,"x":37,"y":883},{"gid":110,"height":30,"id":2160,"name":"J1","rotation":0,"type":"J1","visible":true,"width":20,"x":92,"y":887},{"gid":107,"height":10,"id":2161,"name":"II3","properties":[{"name":"gem_id","type":"string","value":"12"},{"name":"gem_position","type":"string","value":"1"}],"rotation":0,"type":"II3","visible":true,"width":30,"x":-27,"y":947},{"gid":117,"height":20,"id":2162,"name":"L4","rotation":0,"type":"L4","visible":true,"width":30,"x":35,"y":947},{"gid":118,"height":20,"id":2163,"name":"O","properties":[{"name":"gem_id","type":"string","value":"10"},{"name":"gem_position","type":"string","value":"2"}],"rotation":0,"type":"O","visible":true,"width":20,"x":99,"y":948},{"gid":113,"height":20,"id":2164,"name":"J4","rotation":0,"type":"J4","visible":true,"width":30,"x":-23,"y":1010},{"gid":151,"height":30,"id":2165,"name":"Z2","rotation":0,"type":"Z2","visible":true,"width":20,"x":41,"y":1009},{"gid":128,"height":30,"id":2166,"name":"S2","rotation":0,"type":"S2","visible":true,"width":20,"x":93,"y":1011},{"gid":2,"height":10,"id":2167,"name":"1","properties":[{"name":"gem_id","type":"string","value":"10"},{"name":"gem_position","type":"string","value":"0"}],"rotation":0,"type":"1","visible":true,"width":10,"x":-11,"y":1057},{"gid":106,"height":10,"id":2168,"name":"II2","rotation":0,"type":"II2","visible":true,"width":20,"x":44,"y":1055},{"gid":129,"height":20,"id":2169,"name":"T1","properties":[{"name":"gem_id","type":"string","value":"12"},{"name":"gem_position","type":"string","value":"2"}],"rotation":0,"type":"T1","visible":true,"width":30,"x":93,"y":1064}],"opacity":1,"type":"objectgroup","visible":true,"x":0,"y":0},{"draworder":"topdown","id":16,"name":"objectives (no effect on gameplay)","objects":[{"gid":11,"height":10,"id":2170,"name":"10","properties":[{"name":"gem_id","type":"string","value":"10"},{"name":"gem_position","type":"string","value":"0"}],"rotation":0,"type":"diamond-10","visible":true,"width":10,"x":60,"y":-25},{"gid":13,"height":10,"id":2171,"name":"10","properties":[{"name":"gem_id","type":"string","value":"12"},{"name":"gem_position","type":"string","value":"0"}],"rotation":0,"type":"diamond-12","visible":true,"width":10,"x":20,"y":-25}],"opacity":1,"type":"objectgroup","visible":true,"x":0,"y":0},{"draworder":"topdown","id":17,"name":"tablePic","objects":[{"gid":152,"height":100,"id":2112,"name":"","rotation":0,"type":"","visible":true,"width":100,"x":0,"y":100}],"opacity":0.5,"type":"objectgroup","visible":true,"x":0,"y":0}],"nextlayerid":18,"nextobjectid":2172,"orientation":"orthogonal","properties":[{"name":"target","type":"string","value":"{10: 4, 12: 4}"},{"name":"typeLevel","type":"string","value":"collect"}],"renderorder":"right-down","tiledversion":"1.8.2","tileheight":10,"tilesets":[{"columns":0,"firstgid":1,"grid":{"height":1,"orientation":"orthogonal","width":1},"margin":0,"name":"Pieces","spacing":0,"tilecount":58,"tileheight":529,"tiles":[{"id":1,"image":"assets/pieces/1.png","imageheight":10,"imagewidth":10,"type":"1"},{"id":101,"image":"assets/pieces/I2.png","imageheight":20,"imagewidth":10,"type":"I2"},{"id":102,"image":"assets/pieces/I3.png","imageheight":30,"imagewidth":10,"type":"I3"},{"id":103,"image":"assets/pieces/I4.png","imageheight":40,"imagewidth":10,"type":"I4"},{"id":104,"image":"assets/pieces/I5.png","imageheight":50,"imagewidth":10,"type":"I5"},{"id":105,"image":"assets/pieces/II2.png","imageheight":10,"imagewidth":20,"type":"II2"},{"id":106,"image":"assets/pieces/II3.png","imageheight":10,"imagewidth":30,"type":"II3"},{"id":107,"image":"assets/pieces/II4.png","imageheight":10,"imagewidth":40,"type":"II4"},{"id":108,"image":"assets/pieces/II5.png","imageheight":10,"imagewidth":50,"type":"II5"},{"id":109,"image":"assets/pieces/J1.png","imageheight":30,"imagewidth":20,"type":"J1"},{"id":110,"image":"assets/pieces/J2.png","imageheight":20,"imagewidth":30,"type":"J2"},{"id":111,"image":"assets/pieces/J3.png","imageheight":30,"imagewidth":20,"type":"J3"},{"id":112,"image":"assets/pieces/J4.png","imageheight":20,"imagewidth":30,"type":"J4"},{"id":113,"image":"assets/pieces/L1.png","imageheight":30,"imagewidth":20,"type":"L1"},{"id":114,"image":"assets/pieces/L2.png","imageheight":20,"imagewidth":30,"type":"L2"},{"id":115,"image":"assets/pieces/L3.png","imageheight":30,"imagewidth":20,"type":"L3"},{"id":116,"image":"assets/pieces/L4.png","imageheight":20,"imagewidth":30,"type":"L4"},{"id":117,"image":"assets/pieces/O.png","imageheight":20,"imagewidth":20,"type":"O"},{"id":118,"image":"assets/pieces/polyplet-left-2.png","imageheight":20,"imagewidth":20,"type":"polyplet-left-2"},{"id":119,"image":"assets/pieces/polyplet-left-3.png","imageheight":30,"imagewidth":30,"type":"polyplet-left-3"},{"id":120,"image":"assets/pieces/polyplet-left-4.png","imageheight":40,"imagewidth":40,"type":"polyplet-left-4"},{"id":121,"image":"assets/pieces/polyplet-left-5.png","imageheight":50,"imagewidth":50,"type":"polyplet-left-5"},{"id":122,"image":"assets/pieces/polyplet-right-2.png","imageheight":20,"imagewidth":20,"type":"polyplet-right-2"},{"id":123,"image":"assets/pieces/polyplet-right-3.png","imageheight":30,"imagewidth":30,"type":"polyplet-right-3"},{"id":124,"image":"assets/pieces/polyplet-right-4.png","imageheight":40,"imagewidth":40,"type":"polyplet-right-4"},{"id":125,"image":"assets/pieces/polyplet-right-5.png","imageheight":50,"imagewidth":50,"type":"polyplet-right-5"},{"id":126,"image":"assets/pieces/S1.png","imageheight":20,"imagewidth":30,"type":"S1"},{"id":127,"image":"assets/pieces/S2.png","imageheight":30,"imagewidth":20,"type":"S2"},{"id":128,"image":"assets/pieces/T1.png","imageheight":20,"imagewidth":30,"type":"T1"},{"id":129,"image":"assets/pieces/T2.png","imageheight":30,"imagewidth":20,"type":"T2"},{"id":130,"image":"assets/pieces/T3.png","imageheight":20,"imagewidth":30,"type":"T3"},{"id":131,"image":"assets/pieces/T4.png","imageheight":30,"imagewidth":20,"type":"T4"},{"id":132,"image":"assets/pieces/TT1.png","imageheight":30,"imagewidth":30,"type":"TT1"},{"id":133,"image":"assets/pieces/TT2.png","imageheight":30,"imagewidth":30,"type":"TT2"},{"id":134,"image":"assets/pieces/TT3.png","imageheight":30,"imagewidth":30,"type":"TT3"},{"id":135,"image":"assets/pieces/TT4.png","imageheight":30,"imagewidth":30,"type":"TT4"},{"id":136,"image":"assets/pieces/U1.png","imageheight":20,"imagewidth":30,"type":"U1"},{"id":137,"image":"assets/pieces/U2.png","imageheight":30,"imagewidth":20,"type":"U2"},{"id":138,"image":"assets/pieces/U3.png","imageheight":20,"imagewidth":30,"type":"U3"},{"id":139,"image":"assets/pieces/U4.png","imageheight":30,"imagewidth":20,"type":"U4"},{"id":140,"image":"assets/pieces/V1.png","imageheight":20,"imagewidth":20,"type":"V1"},{"id":141,"image":"assets/pieces/V2.png","imageheight":20,"imagewidth":20,"type":"V2"},{"id":142,"image":"assets/pieces/V3.png","imageheight":20,"imagewidth":20,"type":"V3"},{"id":143,"image":"assets/pieces/V4.png","imageheight":20,"imagewidth":20,"type":"V4"},{"id":144,"image":"assets/pieces/VV1.png","imageheight":30,"imagewidth":30,"type":"VV1"},{"id":145,"image":"assets/pieces/VV2.png","imageheight":30,"imagewidth":30,"type":"VV2"},{"id":146,"image":"assets/pieces/VV3.png","imageheight":30,"imagewidth":30,"type":"VV3"},{"id":147,"image":"assets/pieces/VV4.png","imageheight":30,"imagewidth":30,"type":"VV4"},{"id":148,"image":"assets/pieces/X.png","imageheight":30,"imagewidth":30,"type":"X"},{"id":149,"image":"assets/pieces/Z1.png","imageheight":20,"imagewidth":30,"type":"Z1"},{"id":150,"image":"assets/pieces/Z2.png","imageheight":30,"imagewidth":20,"type":"Z2"},{"id":10,"image":"assets/pieces/diamond-10.png","imageheight":10,"imagewidth":10,"type":"diamond-10"},{"id":11,"image":"assets/pieces/diamond-11.png","imageheight":10,"imagewidth":10,"type":"diamond-11"},{"id":12,"image":"assets/pieces/diamond-12.png","imageheight":10,"imagewidth":10,"type":"diamond-12"},{"id":13,"image":"assets/pieces/diamond-13.png","imageheight":10,"imagewidth":10,"type":"diamond-13"},{"id":14,"image":"assets/pieces/diamond-14.png","imageheight":10,"imagewidth":10,"type":"diamond-14"},{"id":15,"image":"assets/pieces/diamond-15.png","imageheight":10,"imagewidth":10,"type":"diamond-15"},{"id":151,"image":"assets/pieces/board.png","imageheight":322,"imagewidth":322,"type":"board"}],"tilewidth":530}],"tilewidth":10,"type":"map","version":"1.8","width":10}