{"compressionlevel":-1,"height":10,"infinite":false,"layers":[{"data":[0,0,0,0,0,0,0,2,2,2,0,0,0,0,0,0,0,11,11,2,0,0,0,0,0,0,0,0,11,2,0,0,0,13,0,0,0,0,0,0,0,0,0,0,13,0,0,0,0,0,0,0,0,0,0,13,0,0,0,0,0,0,0,0,0,0,13,0,0,0,2,12,0,0,0,0,0,0,0,0,2,12,12,0,0,0,0,0,0,0,2,2,2,0,0,0,0,0,0,0],"height":10,"id":1,"name":"map","opacity":1,"type":"tilelayer","visible":true,"width":10,"x":0,"y":0},{"draworder":"topdown","id":2,"name":"spawnOrder","objects":[{"gid":105,"height":50,"id":2119,"name":"I5","properties":[{"name":"gem_id","type":"string","value":"12,11"},{"name":"gem_position","type":"string","value":"0,4"}],"rotation":0,"type":"I5","visible":true,"width":10,"x":-1,"y":156},{"gid":151,"height":30,"id":2123,"name":"Z2","properties":[{"name":"gem_id","type":"string","value":"11"},{"name":"gem_position","type":"string","value":"1"}],"rotation":0,"type":"Z2","visible":true,"width":20,"x":39,"y":144},{"gid":112,"height":30,"id":2124,"name":"J3","rotation":0,"type":"J3","visible":true,"width":20,"x":81,"y":141},{"gid":114,"height":30,"id":2125,"name":"L1","properties":[{"name":"gem_id","type":"string","value":"12"},{"name":"gem_position","type":"string","value":"2"}],"rotation":0,"type":"L1","visible":true,"width":20,"x":0,"y":204},{"gid":102,"height":20,"id":2126,"name":"I2","rotation":0,"type":"I2","visible":true,"width":10,"x":44,"y":198},{"gid":118,"height":20,"id":2127,"name":"O","properties":[{"name":"gem_id","type":"string","value":"10,10"},{"name":"gem_position","type":"string","value":"0,2"}],"rotation":0,"type":"O","visible":true,"width":20,"x":83,"y":200},{"gid":145,"height":30,"id":2128,"name":"VV1","properties":[{"name":"gem_id","type":"string","value":"10"},{"name":"gem_position","type":"string","value":"1"}],"rotation":0,"type":"VV1","visible":true,"width":30,"x":1,"y":258},{"gid":141,"height":20,"id":2129,"name":"V1","properties":[{"name":"gem_id","type":"string","value":"11"},{"name":"gem_position","type":"string","value":"1"}],"rotation":0,"type":"V1","visible":true,"width":20,"x":49,"y":256},{"gid":110,"height":30,"id":2130,"name":"J1","properties":[{"name":"gem_id","type":"string","value":"12"},{"name":"gem_position","type":"string","value":"3"}],"rotation":0,"type":"J1","visible":true,"width":20,"x":88,"y":256},{"gid":118,"height":20,"id":2131,"name":"O","properties":[{"name":"gem_id","type":"string","value":"12"},{"name":"gem_position","type":"string","value":"1"}],"rotation":0,"type":"O","visible":true,"width":20,"x":-1,"y":305},{"gid":146,"height":30,"id":2132,"name":"VV2","properties":[{"name":"gem_id","type":"string","value":"11"},{"name":"gem_position","type":"string","value":"1"}],"rotation":0,"type":"VV2","visible":true,"width":30,"x":42,"y":306},{"gid":133,"height":30,"id":2133,"name":"TT1","properties":[{"name":"gem_id","type":"string","value":"10"},{"name":"gem_position","type":"string","value":"3"}],"rotation":0,"type":"TT1","visible":true,"width":30,"x":91,"y":307},{"gid":135,"height":30,"id":2134,"name":"TT3","rotation":0,"type":"TT3","visible":true,"width":30,"x":-1,"y":363},{"gid":128,"height":30,"id":2135,"name":"S2","rotation":0,"type":"S2","visible":true,"width":20,"x":48,"y":361},{"gid":116,"height":30,"id":2136,"name":"L3","rotation":0,"type":"L3","visible":true,"width":20,"x":95,"y":363},{"gid":107,"height":10,"id":2137,"name":"II3","properties":[{"name":"gem_id","type":"string","value":"10"},{"name":"gem_position","type":"string","value":"1"}],"rotation":0,"type":"II3","visible":true,"width":30,"x":-4,"y":401},{"gid":103,"height":30,"id":2138,"name":"I3","properties":[{"name":"gem_id","type":"string","value":"11"},{"name":"gem_position","type":"string","value":"1"}],"rotation":0,"type":"I3","visible":true,"width":10,"x":56,"y":415},{"gid":149,"height":30,"id":2139,"name":"X","properties":[{"name":"gem_id","type":"string","value":"12"},{"name":"gem_position","type":"string","value":"2"}],"rotation":0,"type":"X","visible":true,"width":30,"x":93,"y":414},{"gid":141,"height":20,"id":2140,"name":"V1","rotation":0,"type":"V1","visible":true,"width":20,"x":2,"y":470},{"gid":144,"height":20,"id":2141,"name":"V4","rotation":0,"type":"V4","visible":true,"width":20,"x":51,"y":471},{"gid":142,"height":20,"id":2142,"name":"V2","rotation":0,"type":"V2","visible":true,"width":20,"x":95,"y":470},{"gid":112,"height":30,"id":2143,"name":"J3","properties":[{"name":"gem_id","type":"string","value":"12"},{"name":"gem_position","type":"string","value":"1"}],"rotation":0,"type":"J3","visible":true,"width":20,"x":1,"y":531},{"gid":115,"height":20,"id":2144,"name":"L2","properties":[{"name":"gem_id","type":"string","value":"11"},{"name":"gem_position","type":"string","value":"1"}],"rotation":0,"type":"L2","visible":true,"width":30,"x":51,"y":526},{"gid":117,"height":20,"id":2145,"name":"L4","properties":[{"name":"gem_id","type":"string","value":"10"},{"name":"gem_position","type":"string","value":"2"}],"rotation":0,"type":"L4","visible":true,"width":30,"x":99,"y":530},{"gid":123,"height":20,"id":2146,"name":"polyplet-right-2","rotation":0,"type":"polyplet-right-2","visible":true,"width":20,"x":-2,"y":572},{"gid":119,"height":20,"id":2147,"name":"polyplet-left-2","rotation":0,"type":"polyplet-left-2","visible":true,"width":20,"x":51,"y":572},{"gid":124,"height":30,"id":2148,"name":"polyplet-right-3","rotation":0,"type":"polyplet-right-3","visible":true,"width":30,"x":99,"y":576},{"gid":144,"height":20,"id":2149,"name":"V4","properties":[{"name":"gem_id","type":"string","value":"11"},{"name":"gem_position","type":"string","value":"2"}],"rotation":0,"type":"V4","visible":true,"width":20,"x":-4,"y":632},{"gid":141,"height":20,"id":2150,"name":"V1","properties":[{"name":"gem_id","type":"string","value":"10"},{"name":"gem_position","type":"string","value":"2"}],"rotation":0,"type":"V1","visible":true,"width":20,"x":59,"y":632},{"gid":142,"height":20,"id":2151,"name":"V2","properties":[{"name":"gem_id","type":"string","value":"12"},{"name":"gem_position","type":"string","value":"2"}],"rotation":0,"type":"V2","visible":true,"width":20,"x":111,"y":631}],"opacity":1,"type":"objectgroup","visible":true,"x":0,"y":0},{"draworder":"topdown","id":16,"name":"objectives (no effect on gameplay)","objects":[{"gid":11,"height":10,"id":2120,"name":"8","properties":[{"name":"gem_id","type":"string","value":"10"},{"name":"gem_position","type":"string","value":"0"}],"rotation":0,"type":"diamond-10","visible":true,"width":10,"x":80,"y":-60},{"gid":12,"height":10,"id":2121,"name":"8","properties":[{"name":"gem_id","type":"string","value":"11"},{"name":"gem_position","type":"string","value":"0"}],"rotation":0,"type":"diamond-11","visible":true,"width":10,"x":0,"y":-60},{"gid":13,"height":10,"id":2122,"name":"8","properties":[{"name":"gem_id","type":"string","value":"12"},{"name":"gem_position","type":"string","value":"0"}],"rotation":0,"type":"diamond-12","visible":true,"width":10,"x":40,"y":-60}],"opacity":1,"type":"objectgroup","visible":true,"x":0,"y":0},{"draworder":"topdown","id":17,"name":"tablePic","objects":[{"gid":152,"height":100,"id":2152,"name":"","rotation":0,"type":"","visible":true,"width":100,"x":0,"y":100}],"opacity":0.5,"type":"objectgroup","visible":true,"x":0,"y":0}],"nextlayerid":18,"nextobjectid":2153,"orientation":"orthogonal","properties":[{"name":"target","type":"string","value":"{11: 3, 12: 4, 10: 3}"},{"name":"typeLevel","type":"string","value":"collect"}],"renderorder":"right-down","tiledversion":"1.8.2","tileheight":10,"tilesets":[{"columns":0,"firstgid":1,"grid":{"height":1,"orientation":"orthogonal","width":1},"margin":0,"name":"Pieces","spacing":0,"tilecount":58,"tileheight":529,"tiles":[{"id":1,"image":"assets/pieces/1.png","imageheight":10,"imagewidth":10,"type":"1"},{"id":101,"image":"assets/pieces/I2.png","imageheight":20,"imagewidth":10,"type":"I2"},{"id":102,"image":"assets/pieces/I3.png","imageheight":30,"imagewidth":10,"type":"I3"},{"id":103,"image":"assets/pieces/I4.png","imageheight":40,"imagewidth":10,"type":"I4"},{"id":104,"image":"assets/pieces/I5.png","imageheight":50,"imagewidth":10,"type":"I5"},{"id":105,"image":"assets/pieces/II2.png","imageheight":10,"imagewidth":20,"type":"II2"},{"id":106,"image":"assets/pieces/II3.png","imageheight":10,"imagewidth":30,"type":"II3"},{"id":107,"image":"assets/pieces/II4.png","imageheight":10,"imagewidth":40,"type":"II4"},{"id":108,"image":"assets/pieces/II5.png","imageheight":10,"imagewidth":50,"type":"II5"},{"id":109,"image":"assets/pieces/J1.png","imageheight":30,"imagewidth":20,"type":"J1"},{"id":110,"image":"assets/pieces/J2.png","imageheight":20,"imagewidth":30,"type":"J2"},{"id":111,"image":"assets/pieces/J3.png","imageheight":30,"imagewidth":20,"type":"J3"},{"id":112,"image":"assets/pieces/J4.png","imageheight":20,"imagewidth":30,"type":"J4"},{"id":113,"image":"assets/pieces/L1.png","imageheight":30,"imagewidth":20,"type":"L1"},{"id":114,"image":"assets/pieces/L2.png","imageheight":20,"imagewidth":30,"type":"L2"},{"id":115,"image":"assets/pieces/L3.png","imageheight":30,"imagewidth":20,"type":"L3"},{"id":116,"image":"assets/pieces/L4.png","imageheight":20,"imagewidth":30,"type":"L4"},{"id":117,"image":"assets/pieces/O.png","imageheight":20,"imagewidth":20,"type":"O"},{"id":118,"image":"assets/pieces/polyplet-left-2.png","imageheight":20,"imagewidth":20,"type":"polyplet-left-2"},{"id":119,"image":"assets/pieces/polyplet-left-3.png","imageheight":30,"imagewidth":30,"type":"polyplet-left-3"},{"id":120,"image":"assets/pieces/polyplet-left-4.png","imageheight":40,"imagewidth":40,"type":"polyplet-left-4"},{"id":121,"image":"assets/pieces/polyplet-left-5.png","imageheight":50,"imagewidth":50,"type":"polyplet-left-5"},{"id":122,"image":"assets/pieces/polyplet-right-2.png","imageheight":20,"imagewidth":20,"type":"polyplet-right-2"},{"id":123,"image":"assets/pieces/polyplet-right-3.png","imageheight":30,"imagewidth":30,"type":"polyplet-right-3"},{"id":124,"image":"assets/pieces/polyplet-right-4.png","imageheight":40,"imagewidth":40,"type":"polyplet-right-4"},{"id":125,"image":"assets/pieces/polyplet-right-5.png","imageheight":50,"imagewidth":50,"type":"polyplet-right-5"},{"id":126,"image":"assets/pieces/S1.png","imageheight":20,"imagewidth":30,"type":"S1"},{"id":127,"image":"assets/pieces/S2.png","imageheight":30,"imagewidth":20,"type":"S2"},{"id":128,"image":"assets/pieces/T1.png","imageheight":20,"imagewidth":30,"type":"T1"},{"id":129,"image":"assets/pieces/T2.png","imageheight":30,"imagewidth":20,"type":"T2"},{"id":130,"image":"assets/pieces/T3.png","imageheight":20,"imagewidth":30,"type":"T3"},{"id":131,"image":"assets/pieces/T4.png","imageheight":30,"imagewidth":20,"type":"T4"},{"id":132,"image":"assets/pieces/TT1.png","imageheight":30,"imagewidth":30,"type":"TT1"},{"id":133,"image":"assets/pieces/TT2.png","imageheight":30,"imagewidth":30,"type":"TT2"},{"id":134,"image":"assets/pieces/TT3.png","imageheight":30,"imagewidth":30,"type":"TT3"},{"id":135,"image":"assets/pieces/TT4.png","imageheight":30,"imagewidth":30,"type":"TT4"},{"id":136,"image":"assets/pieces/U1.png","imageheight":20,"imagewidth":30,"type":"U1"},{"id":137,"image":"assets/pieces/U2.png","imageheight":30,"imagewidth":20,"type":"U2"},{"id":138,"image":"assets/pieces/U3.png","imageheight":20,"imagewidth":30,"type":"U3"},{"id":139,"image":"assets/pieces/U4.png","imageheight":30,"imagewidth":20,"type":"U4"},{"id":140,"image":"assets/pieces/V1.png","imageheight":20,"imagewidth":20,"type":"V1"},{"id":141,"image":"assets/pieces/V2.png","imageheight":20,"imagewidth":20,"type":"V2"},{"id":142,"image":"assets/pieces/V3.png","imageheight":20,"imagewidth":20,"type":"V3"},{"id":143,"image":"assets/pieces/V4.png","imageheight":20,"imagewidth":20,"type":"V4"},{"id":144,"image":"assets/pieces/VV1.png","imageheight":30,"imagewidth":30,"type":"VV1"},{"id":145,"image":"assets/pieces/VV2.png","imageheight":30,"imagewidth":30,"type":"VV2"},{"id":146,"image":"assets/pieces/VV3.png","imageheight":30,"imagewidth":30,"type":"VV3"},{"id":147,"image":"assets/pieces/VV4.png","imageheight":30,"imagewidth":30,"type":"VV4"},{"id":148,"image":"assets/pieces/X.png","imageheight":30,"imagewidth":30,"type":"X"},{"id":149,"image":"assets/pieces/Z1.png","imageheight":20,"imagewidth":30,"type":"Z1"},{"id":150,"image":"assets/pieces/Z2.png","imageheight":30,"imagewidth":20,"type":"Z2"},{"id":10,"image":"assets/pieces/diamond-10.png","imageheight":10,"imagewidth":10,"type":"diamond-10"},{"id":11,"image":"assets/pieces/diamond-11.png","imageheight":10,"imagewidth":10,"type":"diamond-11"},{"id":12,"image":"assets/pieces/diamond-12.png","imageheight":10,"imagewidth":10,"type":"diamond-12"},{"id":13,"image":"assets/pieces/diamond-13.png","imageheight":10,"imagewidth":10,"type":"diamond-13"},{"id":14,"image":"assets/pieces/diamond-14.png","imageheight":10,"imagewidth":10,"type":"diamond-14"},{"id":15,"image":"assets/pieces/diamond-15.png","imageheight":10,"imagewidth":10,"type":"diamond-15"},{"id":151,"image":"assets/pieces/board.png","imageheight":322,"imagewidth":322,"type":"board"}],"tilewidth":530}],"tilewidth":10,"type":"map","version":"1.8","width":10}