{"textures":[{"image":"default-resources.png","format":"RGBA8888","size":{"w":503,"h":1739},"scale":0.5,"frames":[{"filename":"reward-chests/level_chest_open","rotated":false,"trimmed":true,"sourceSize":{"w":367,"h":277},"spriteSourceSize":{"x":0,"y":0,"w":361,"h":277},"frame":{"x":2,"y":2,"w":361,"h":277},"anchor":{"x":0.5,"y":0.5}},{"filename":"reward-chests/star_chest_open","rotated":false,"trimmed":true,"sourceSize":{"w":363,"h":278},"spriteSourceSize":{"x":4,"y":0,"w":350,"h":278},"frame":{"x":2,"y":282,"w":350,"h":278},"anchor":{"x":0.5,"y":0.5}},{"filename":"background/popup_store","rotated":false,"trimmed":false,"sourceSize":{"w":350,"h":75},"spriteSourceSize":{"x":0,"y":0,"w":350,"h":75},"frame":{"x":2,"y":563,"w":350,"h":75},"anchor":{"x":0.5,"y":0.5}},{"filename":"treasure/treasure_open","rotated":false,"trimmed":true,"sourceSize":{"w":228,"h":182},"spriteSourceSize":{"x":7,"y":0,"w":213,"h":182},"frame":{"x":2,"y":641,"w":213,"h":182},"anchor":{"x":0.5,"y":0.5}},{"filename":"reward-chests/level_chest_close","rotated":false,"trimmed":false,"sourceSize":{"w":206,"h":168},"spriteSourceSize":{"x":0,"y":0,"w":206,"h":168},"frame":{"x":2,"y":826,"w":206,"h":168},"anchor":{"x":0.5,"y":0.5}},{"filename":"reward-chests/star_chest_close","rotated":false,"trimmed":false,"sourceSize":{"w":206,"h":168},"spriteSourceSize":{"x":0,"y":0,"w":206,"h":168},"frame":{"x":2,"y":997,"w":206,"h":168},"anchor":{"x":0.5,"y":0.5}},{"filename":"screens/special-event/popup","rotated":false,"trimmed":false,"sourceSize":{"w":145,"h":180},"spriteSourceSize":{"x":0,"y":0,"w":145,"h":180},"frame":{"x":2,"y":1168,"w":145,"h":180},"anchor":{"x":0.5,"y":0.5}},{"filename":"daily-spin/wheel_base","rotated":false,"trimmed":false,"sourceSize":{"w":159,"h":159},"spriteSourceSize":{"x":0,"y":0,"w":159,"h":159},"frame":{"x":2,"y":1351,"w":159,"h":159},"anchor":{"x":0.5,"y":0.5}},{"filename":"treasure/treasure_close","rotated":false,"trimmed":false,"sourceSize":{"w":148,"h":124},"spriteSourceSize":{"x":0,"y":0,"w":148,"h":124},"frame":{"x":2,"y":1513,"w":148,"h":124},"anchor":{"x":0.5,"y":0.5}},{"filename":"screens/buy-item/item_glow","rotated":false,"trimmed":true,"sourceSize":{"w":134,"h":133},"spriteSourceSize":{"x":0,"y":1,"w":134,"h":131},"frame":{"x":366,"y":2,"w":134,"h":131},"anchor":{"x":0.5,"y":0.5}},{"filename":"screens/remove-ads/fx_ads_glow_small","rotated":false,"trimmed":true,"sourceSize":{"w":131,"h":129},"spriteSourceSize":{"x":0,"y":1,"w":131,"h":128},"frame":{"x":218,"y":641,"w":131,"h":128},"anchor":{"x":0.5,"y":0.5}},{"filename":"daily-spin/wheel_spin","rotated":false,"trimmed":false,"sourceSize":{"w":127,"h":127},"spriteSourceSize":{"x":0,"y":0,"w":127,"h":127},"frame":{"x":366,"y":136,"w":127,"h":127},"anchor":{"x":0.5,"y":0.5}},{"filename":"background/popup_store_box","rotated":false,"trimmed":false,"sourceSize":{"w":136,"h":96},"spriteSourceSize":{"x":0,"y":0,"w":136,"h":96},"frame":{"x":2,"y":1640,"w":136,"h":96},"anchor":{"x":0.5,"y":0.5}},{"filename":"background/popup_store_special","rotated":false,"trimmed":false,"sourceSize":{"w":175,"h":79},"spriteSourceSize":{"x":0,"y":0,"w":175,"h":79},"frame":{"x":218,"y":772,"w":175,"h":79},"anchor":{"x":0.5,"y":0.5}},{"filename":"daily-rewards/bg_box_long","rotated":false,"trimmed":false,"sourceSize":{"w":258,"h":70},"spriteSourceSize":{"x":0,"y":0,"w":258,"h":70},"frame":{"x":211,"y":854,"w":258,"h":70},"anchor":{"x":0.5,"y":0.5}},{"filename":"daily-rewards/day_box_long","rotated":false,"trimmed":false,"sourceSize":{"w":265,"h":35},"spriteSourceSize":{"x":0,"y":0,"w":265,"h":35},"frame":{"x":211,"y":927,"w":265,"h":35},"anchor":{"x":0.5,"y":0.5}},{"filename":"daily-rewards/day_claim_box_long","rotated":false,"trimmed":false,"sourceSize":{"w":265,"h":35},"spriteSourceSize":{"x":0,"y":0,"w":265,"h":35},"frame":{"x":211,"y":965,"w":265,"h":35},"anchor":{"x":0.5,"y":0.5}},{"filename":"screens/special-event/header","rotated":false,"trimmed":false,"sourceSize":{"w":193,"h":58},"spriteSourceSize":{"x":0,"y":0,"w":193,"h":58},"frame":{"x":211,"y":1003,"w":193,"h":58},"anchor":{"x":0.5,"y":0.5}},{"filename":"buttons/btn_blue_long","rotated":false,"trimmed":false,"sourceSize":{"w":182,"h":57},"spriteSourceSize":{"x":0,"y":0,"w":182,"h":57},"frame":{"x":211,"y":1064,"w":182,"h":57},"anchor":{"x":0.5,"y":0.5}},{"filename":"buttons/btn_green_long","rotated":false,"trimmed":false,"sourceSize":{"w":182,"h":57},"spriteSourceSize":{"x":0,"y":0,"w":182,"h":57},"frame":{"x":211,"y":1124,"w":182,"h":57},"anchor":{"x":0.5,"y":0.5}},{"filename":"icons/store_bundle","rotated":false,"trimmed":false,"sourceSize":{"w":151,"h":80},"spriteSourceSize":{"x":0,"y":0,"w":151,"h":80},"frame":{"x":150,"y":1184,"w":151,"h":80},"anchor":{"x":0.5,"y":0.5}},{"filename":"buttons/btn_blue","rotated":false,"trimmed":false,"sourceSize":{"w":154,"h":59},"spriteSourceSize":{"x":0,"y":0,"w":154,"h":59},"frame":{"x":150,"y":1267,"w":154,"h":59},"anchor":{"x":0.5,"y":0.5}},{"filename":"screens/special-event/speaker","rotated":false,"trimmed":true,"sourceSize":{"w":121,"h":110},"spriteSourceSize":{"x":0,"y":0,"w":120,"h":108},"frame":{"x":164,"y":1329,"w":120,"h":108},"anchor":{"x":0.5,"y":0.5}},{"filename":"background/popup_box","rotated":false,"trimmed":false,"sourceSize":{"w":122,"h":66},"spriteSourceSize":{"x":0,"y":0,"w":122,"h":66},"frame":{"x":164,"y":1440,"w":122,"h":66},"anchor":{"x":0.5,"y":0.5}},{"filename":"buttons/black_friday","rotated":false,"trimmed":false,"sourceSize":{"w":82,"h":72},"spriteSourceSize":{"x":0,"y":0,"w":82,"h":72},"frame":{"x":304,"y":1184,"w":82,"h":72},"anchor":{"x":0.5,"y":0.5}},{"filename":"daily-rewards/bg_box","rotated":false,"trimmed":false,"sourceSize":{"w":80,"h":70},"spriteSourceSize":{"x":0,"y":0,"w":80,"h":70},"frame":{"x":307,"y":1259,"w":80,"h":70},"anchor":{"x":0.5,"y":0.5}},{"filename":"maps/bg_UI","rotated":false,"trimmed":false,"sourceSize":{"w":96,"h":96},"spriteSourceSize":{"x":0,"y":0,"w":96,"h":96},"frame":{"x":287,"y":1332,"w":96,"h":96},"anchor":{"x":0.5,"y":0.5}},{"filename":"icons/bonus_bubbles","rotated":false,"trimmed":false,"sourceSize":{"w":89,"h":93},"spriteSourceSize":{"x":0,"y":0,"w":89,"h":93},"frame":{"x":289,"y":1431,"w":89,"h":93},"anchor":{"x":0.5,"y":0.5}},{"filename":"background/bg_store_title","rotated":false,"trimmed":false,"sourceSize":{"w":69,"h":69},"spriteSourceSize":{"x":0,"y":0,"w":69,"h":69},"frame":{"x":407,"y":1003,"w":69,"h":69},"anchor":{"x":0.5,"y":0.5}},{"filename":"preloader/dual-ring","rotated":false,"trimmed":true,"sourceSize":{"w":100,"h":100},"spriteSourceSize":{"x":14,"y":14,"w":72,"h":72},"frame":{"x":396,"y":1075,"w":72,"h":72},"anchor":{"x":0.5,"y":0.5}},{"filename":"buttons/btn_green_short","rotated":false,"trimmed":false,"sourceSize":{"w":101,"h":39},"spriteSourceSize":{"x":0,"y":0,"w":101,"h":39},"frame":{"x":366,"y":266,"w":101,"h":39},"anchor":{"x":0.5,"y":0.5}},{"filename":"icons/store_coin_big","rotated":false,"trimmed":false,"sourceSize":{"w":88,"h":57},"spriteSourceSize":{"x":0,"y":0,"w":88,"h":57},"frame":{"x":355,"y":308,"w":88,"h":57},"anchor":{"x":0.5,"y":0.5}},{"filename":"maps/level_fx_round_2","rotated":false,"trimmed":false,"sourceSize":{"w":77,"h":66},"spriteSourceSize":{"x":0,"y":0,"w":77,"h":66},"frame":{"x":355,"y":368,"w":77,"h":66},"anchor":{"x":0.5,"y":0.5}},{"filename":"screens/remove-ads/icon_ADS","rotated":false,"trimmed":false,"sourceSize":{"w":70,"h":73},"spriteSourceSize":{"x":0,"y":0,"w":70,"h":73},"frame":{"x":355,"y":437,"w":70,"h":73},"anchor":{"x":0.5,"y":0.5}},{"filename":"buttons/shop","rotated":false,"trimmed":false,"sourceSize":{"w":67,"h":66},"spriteSourceSize":{"x":0,"y":0,"w":67,"h":66},"frame":{"x":355,"y":513,"w":67,"h":66},"anchor":{"x":0.5,"y":0.5}},{"filename":"icons/wheel_coin_50","rotated":false,"trimmed":false,"sourceSize":{"w":55,"h":49},"spriteSourceSize":{"x":0,"y":0,"w":55,"h":49},"frame":{"x":446,"y":308,"w":55,"h":49},"anchor":{"x":0.5,"y":0.5}},{"filename":"buttons/daily_reward","rotated":false,"trimmed":false,"sourceSize":{"w":65,"h":66},"spriteSourceSize":{"x":0,"y":0,"w":65,"h":66},"frame":{"x":355,"y":582,"w":65,"h":66},"anchor":{"x":0.5,"y":0.5}},{"filename":"buttons/wheel","rotated":false,"trimmed":false,"sourceSize":{"w":64,"h":68},"spriteSourceSize":{"x":0,"y":0,"w":64,"h":68},"frame":{"x":352,"y":651,"w":64,"h":68},"anchor":{"x":0.5,"y":0.5}},{"filename":"icons/store_coin_small","rotated":false,"trimmed":false,"sourceSize":{"w":56,"h":47},"spriteSourceSize":{"x":0,"y":0,"w":56,"h":47},"frame":{"x":352,"y":722,"w":56,"h":47},"anchor":{"x":0.5,"y":0.5}},{"filename":"buttons/level_box","rotated":false,"trimmed":false,"sourceSize":{"w":76,"h":51},"spriteSourceSize":{"x":0,"y":0,"w":76,"h":51},"frame":{"x":425,"y":513,"w":76,"h":51},"anchor":{"x":0.5,"y":0.5}},{"filename":"buttons/btn_green_small","rotated":false,"trimmed":false,"sourceSize":{"w":101,"h":39},"spriteSourceSize":{"x":0,"y":0,"w":101,"h":39},"frame":{"x":396,"y":1150,"w":101,"h":39},"anchor":{"x":0.5,"y":0.5}},{"filename":"icons/wheel_coin_100","rotated":false,"trimmed":false,"sourceSize":{"w":60,"h":63},"spriteSourceSize":{"x":0,"y":0,"w":60,"h":63},"frame":{"x":389,"y":1192,"w":60,"h":63},"anchor":{"x":0.5,"y":0.5}},{"filename":"buttons/level_base","rotated":false,"trimmed":false,"sourceSize":{"w":49,"h":45},"spriteSourceSize":{"x":0,"y":0,"w":49,"h":45},"frame":{"x":452,"y":1192,"w":49,"h":45},"anchor":{"x":0.5,"y":0.5}},{"filename":"icons/hand","rotated":false,"trimmed":false,"sourceSize":{"w":58,"h":74},"spriteSourceSize":{"x":0,"y":0,"w":58,"h":74},"frame":{"x":390,"y":1258,"w":58,"h":74},"anchor":{"x":0.5,"y":0.5}},{"filename":"buttons/invite_friend","rotated":false,"trimmed":false,"sourceSize":{"w":65,"h":66},"spriteSourceSize":{"x":0,"y":0,"w":65,"h":66},"frame":{"x":386,"y":1335,"w":65,"h":66},"anchor":{"x":0.5,"y":0.5}},{"filename":"buttons/level_base_hard","rotated":false,"trimmed":false,"sourceSize":{"w":49,"h":45},"spriteSourceSize":{"x":0,"y":0,"w":49,"h":45},"frame":{"x":452,"y":1240,"w":49,"h":45},"anchor":{"x":0.5,"y":0.5}},{"filename":"daily-spin/wheel_center","rotated":false,"trimmed":false,"sourceSize":{"w":31,"h":33},"spriteSourceSize":{"x":0,"y":0,"w":31,"h":33},"frame":{"x":470,"y":266,"w":31,"h":33},"anchor":{"x":0.5,"y":0.5}},{"filename":"switch/panel_off","rotated":false,"trimmed":false,"sourceSize":{"w":90,"h":32},"spriteSourceSize":{"x":0,"y":0,"w":90,"h":32},"frame":{"x":164,"y":1509,"w":90,"h":32},"anchor":{"x":0.5,"y":0.5}},{"filename":"buttons/btn_green","rotated":false,"trimmed":false,"sourceSize":{"w":154,"h":59},"spriteSourceSize":{"x":0,"y":0,"w":154,"h":59},"frame":{"x":153,"y":1544,"w":154,"h":59},"anchor":{"x":0.5,"y":0.5}},{"filename":"buttons/btn_green_spin","rotated":false,"trimmed":false,"sourceSize":{"w":152,"h":57},"spriteSourceSize":{"x":0,"y":0,"w":152,"h":57},"frame":{"x":153,"y":1606,"w":152,"h":57},"anchor":{"x":0.5,"y":0.5}},{"filename":"screens/buy-item/item_bomb_big","rotated":false,"trimmed":false,"sourceSize":{"w":65,"h":66},"spriteSourceSize":{"x":0,"y":0,"w":65,"h":66},"frame":{"x":141,"y":1666,"w":65,"h":66},"anchor":{"x":0.5,"y":0.5}},{"filename":"screens/special-event/badge","rotated":false,"trimmed":false,"sourceSize":{"w":65,"h":66},"spriteSourceSize":{"x":0,"y":0,"w":65,"h":66},"frame":{"x":209,"y":1666,"w":65,"h":66},"anchor":{"x":0.5,"y":0.5}},{"filename":"icons/skullcap","rotated":false,"trimmed":false,"sourceSize":{"w":29,"h":32},"spriteSourceSize":{"x":0,"y":0,"w":29,"h":32},"frame":{"x":257,"y":1509,"w":29,"h":32},"anchor":{"x":0.5,"y":0.5}},{"filename":"screens/buy-item/item_electric_big","rotated":false,"trimmed":false,"sourceSize":{"w":59,"h":59},"spriteSourceSize":{"x":0,"y":0,"w":59,"h":59},"frame":{"x":310,"y":1527,"w":59,"h":59},"anchor":{"x":0.5,"y":0.5}},{"filename":"background/time_box_small","rotated":false,"trimmed":false,"sourceSize":{"w":65,"h":26},"spriteSourceSize":{"x":0,"y":0,"w":65,"h":26},"frame":{"x":386,"y":1404,"w":65,"h":26},"anchor":{"x":0.5,"y":0.5}},{"filename":"screens/buy-item/item_rainbow_big","rotated":false,"trimmed":false,"sourceSize":{"w":59,"h":59},"spriteSourceSize":{"x":0,"y":0,"w":59,"h":59},"frame":{"x":381,"y":1433,"w":59,"h":59},"anchor":{"x":0.5,"y":0.5}},{"filename":"daily-spin/wheel_claim","rotated":false,"trimmed":false,"sourceSize":{"w":46,"h":61},"spriteSourceSize":{"x":0,"y":0,"w":46,"h":61},"frame":{"x":277,"y":1666,"w":46,"h":61},"anchor":{"x":0.5,"y":0.5}},{"filename":"icons/wheel_coin_25","rotated":false,"trimmed":false,"sourceSize":{"w":43,"h":44},"spriteSourceSize":{"x":0,"y":0,"w":43,"h":44},"frame":{"x":451,"y":1288,"w":43,"h":44},"anchor":{"x":0.5,"y":0.5}},{"filename":"screens/rescue/watch_ads","rotated":false,"trimmed":false,"sourceSize":{"w":47,"h":40},"spriteSourceSize":{"x":0,"y":0,"w":47,"h":40},"frame":{"x":454,"y":1335,"w":47,"h":40},"anchor":{"x":0.5,"y":0.5}},{"filename":"avatar/bg_level","rotated":false,"trimmed":false,"sourceSize":{"w":45,"h":53},"spriteSourceSize":{"x":0,"y":0,"w":45,"h":53},"frame":{"x":454,"y":1378,"w":45,"h":53},"anchor":{"x":0.5,"y":0.5}},{"filename":"icons/icon_hard_level","rotated":false,"trimmed":false,"sourceSize":{"w":54,"h":59},"spriteSourceSize":{"x":0,"y":0,"w":54,"h":59},"frame":{"x":443,"y":1434,"w":54,"h":59},"anchor":{"x":0.5,"y":0.5}},{"filename":"screens/buy-item/item_rocket_big","rotated":false,"trimmed":false,"sourceSize":{"w":56,"h":56},"spriteSourceSize":{"x":0,"y":0,"w":56,"h":56},"frame":{"x":381,"y":1495,"w":56,"h":56},"anchor":{"x":0.5,"y":0.5}},{"filename":"icons/jackpot","rotated":false,"trimmed":false,"sourceSize":{"w":51,"h":53},"spriteSourceSize":{"x":0,"y":0,"w":51,"h":53},"frame":{"x":440,"y":1496,"w":51,"h":53},"anchor":{"x":0.5,"y":0.5}},{"filename":"daily-rewards/day_box","rotated":false,"trimmed":false,"sourceSize":{"w":87,"h":35},"spriteSourceSize":{"x":0,"y":0,"w":87,"h":35},"frame":{"x":372,"y":1554,"w":87,"h":35},"anchor":{"x":0.5,"y":0.5}},{"filename":"maps/level_fx_round_1","rotated":false,"trimmed":false,"sourceSize":{"w":62,"h":53},"spriteSourceSize":{"x":0,"y":0,"w":62,"h":53},"frame":{"x":425,"y":567,"w":62,"h":53},"anchor":{"x":0.5,"y":0.5}},{"filename":"icons/mission_gems_icon_big","rotated":false,"trimmed":false,"sourceSize":{"w":52,"h":45},"spriteSourceSize":{"x":0,"y":0,"w":52,"h":45},"frame":{"x":423,"y":623,"w":52,"h":45},"anchor":{"x":0.5,"y":0.5}},{"filename":"buttons/btn_green_circle","rotated":false,"trimmed":false,"sourceSize":{"w":51,"h":51},"spriteSourceSize":{"x":0,"y":0,"w":51,"h":51},"frame":{"x":419,"y":671,"w":51,"h":51},"anchor":{"x":0.5,"y":0.5}},{"filename":"switch/panel_on","rotated":false,"trimmed":false,"sourceSize":{"w":90,"h":32},"spriteSourceSize":{"x":0,"y":0,"w":90,"h":32},"frame":{"x":411,"y":725,"w":90,"h":32},"anchor":{"x":0.5,"y":0.5}},{"filename":"daily-rewards/day_claim_box","rotated":false,"trimmed":false,"sourceSize":{"w":87,"h":35},"spriteSourceSize":{"x":0,"y":0,"w":87,"h":35},"frame":{"x":411,"y":760,"w":87,"h":35},"anchor":{"x":0.5,"y":0.5}},{"filename":"blank","rotated":false,"trimmed":false,"sourceSize":{"w":50,"h":50},"spriteSourceSize":{"x":0,"y":0,"w":50,"h":50},"frame":{"x":396,"y":798,"w":50,"h":50},"anchor":{"x":0.5,"y":0.5}},{"filename":"icons/mission_balls_icon_big","rotated":false,"trimmed":false,"sourceSize":{"w":51,"h":45},"spriteSourceSize":{"x":0,"y":0,"w":51,"h":45},"frame":{"x":449,"y":798,"w":51,"h":45},"anchor":{"x":0.5,"y":0.5}},{"filename":"avatar/bg_level_mask","rotated":false,"trimmed":false,"sourceSize":{"w":37,"h":37},"spriteSourceSize":{"x":0,"y":0,"w":37,"h":37},"frame":{"x":462,"y":1552,"w":37,"h":37},"anchor":{"x":0.5,"y":0.5}},{"filename":"maps/path","rotated":false,"trimmed":false,"sourceSize":{"w":29,"h":20},"spriteSourceSize":{"x":0,"y":0,"w":29,"h":20},"frame":{"x":472,"y":846,"w":29,"h":20},"anchor":{"x":0.5,"y":0.5}},{"filename":"reward-chests/level-chest","rotated":false,"trimmed":false,"sourceSize":{"w":49,"h":41},"spriteSourceSize":{"x":0,"y":0,"w":49,"h":41},"frame":{"x":310,"y":1589,"w":49,"h":41},"anchor":{"x":0.5,"y":0.5}},{"filename":"daily-spin/wheel_point","rotated":false,"trimmed":false,"sourceSize":{"w":31,"h":30},"spriteSourceSize":{"x":0,"y":0,"w":31,"h":30},"frame":{"x":308,"y":1633,"w":31,"h":30},"anchor":{"x":0.5,"y":0.5}},{"filename":"reward-chests/star-chest","rotated":false,"trimmed":false,"sourceSize":{"w":48,"h":41},"spriteSourceSize":{"x":0,"y":0,"w":48,"h":41},"frame":{"x":362,"y":1592,"w":48,"h":41},"anchor":{"x":0.5,"y":0.5}},{"filename":"icons/check_2","rotated":false,"trimmed":false,"sourceSize":{"w":42,"h":44},"spriteSourceSize":{"x":0,"y":0,"w":42,"h":44},"frame":{"x":413,"y":1592,"w":42,"h":44},"anchor":{"x":0.5,"y":0.5}},{"filename":"icons/green-arrow","rotated":false,"trimmed":false,"sourceSize":{"w":34,"h":44},"spriteSourceSize":{"x":0,"y":0,"w":34,"h":44},"frame":{"x":458,"y":1592,"w":34,"h":44},"anchor":{"x":0.5,"y":0.5}},{"filename":"icons/heart","rotated":false,"trimmed":false,"sourceSize":{"w":28,"h":25},"spriteSourceSize":{"x":0,"y":0,"w":28,"h":25},"frame":{"x":473,"y":671,"w":28,"h":25},"anchor":{"x":0.5,"y":0.5}},{"filename":"icons/icon_vibrate_off","rotated":false,"trimmed":false,"sourceSize":{"w":12,"h":20},"spriteSourceSize":{"x":0,"y":0,"w":12,"h":20},"frame":{"x":396,"y":772,"w":12,"h":20},"anchor":{"x":0.5,"y":0.5}},{"filename":"switch/button_off","rotated":false,"trimmed":false,"sourceSize":{"w":38,"h":39},"spriteSourceSize":{"x":0,"y":0,"w":38,"h":39},"frame":{"x":326,"y":1666,"w":38,"h":39},"anchor":{"x":0.5,"y":0.5}},{"filename":"icons/wheel_coin_10","rotated":false,"trimmed":false,"sourceSize":{"w":38,"h":29},"spriteSourceSize":{"x":0,"y":0,"w":38,"h":29},"frame":{"x":326,"y":1708,"w":38,"h":29},"anchor":{"x":0.5,"y":0.5}},{"filename":"icons/coin","rotated":false,"trimmed":false,"sourceSize":{"w":24,"h":25},"spriteSourceSize":{"x":0,"y":0,"w":24,"h":25},"frame":{"x":472,"y":869,"w":24,"h":25},"anchor":{"x":0.5,"y":0.5}},{"filename":"icons/star","rotated":false,"trimmed":false,"sourceSize":{"w":25,"h":24},"spriteSourceSize":{"x":0,"y":0,"w":25,"h":24},"frame":{"x":472,"y":897,"w":25,"h":24},"anchor":{"x":0.5,"y":0.5}},{"filename":"icons/setting","rotated":false,"trimmed":false,"sourceSize":{"w":22,"h":22},"spriteSourceSize":{"x":0,"y":0,"w":22,"h":22},"frame":{"x":479,"y":924,"w":22,"h":22},"anchor":{"x":0.5,"y":0.5}},{"filename":"icons/star_2","rotated":false,"trimmed":false,"sourceSize":{"w":22,"h":22},"spriteSourceSize":{"x":0,"y":0,"w":22,"h":22},"frame":{"x":479,"y":949,"w":22,"h":22},"anchor":{"x":0.5,"y":0.5}},{"filename":"icons/star_empty_2","rotated":false,"trimmed":false,"sourceSize":{"w":22,"h":22},"spriteSourceSize":{"x":0,"y":0,"w":22,"h":22},"frame":{"x":479,"y":974,"w":22,"h":22},"anchor":{"x":0.5,"y":0.5}},{"filename":"screens/remove-ads/tick_box","rotated":false,"trimmed":false,"sourceSize":{"w":22,"h":22},"spriteSourceSize":{"x":0,"y":0,"w":22,"h":22},"frame":{"x":479,"y":999,"w":22,"h":22},"anchor":{"x":0.5,"y":0.5}},{"filename":"icons/icon_sound_on","rotated":false,"trimmed":false,"sourceSize":{"w":22,"h":18},"spriteSourceSize":{"x":0,"y":0,"w":22,"h":18},"frame":{"x":479,"y":1024,"w":22,"h":18},"anchor":{"x":0.5,"y":0.5}},{"filename":"switch/button_on","rotated":false,"trimmed":false,"sourceSize":{"w":38,"h":39},"spriteSourceSize":{"x":0,"y":0,"w":38,"h":39},"frame":{"x":435,"y":368,"w":38,"h":39},"anchor":{"x":0.5,"y":0.5}},{"filename":"screens/rescue/icon_fail","rotated":false,"trimmed":false,"sourceSize":{"w":25,"h":24},"spriteSourceSize":{"x":0,"y":0,"w":25,"h":24},"frame":{"x":476,"y":360,"w":25,"h":24},"anchor":{"x":0.5,"y":0.5}},{"filename":"buttons/level_blue","rotated":false,"trimmed":false,"sourceSize":{"w":38,"h":33},"spriteSourceSize":{"x":0,"y":0,"w":38,"h":33},"frame":{"x":435,"y":410,"w":38,"h":33},"anchor":{"x":0.5,"y":0.5}},{"filename":"buttons/level_grey","rotated":false,"trimmed":false,"sourceSize":{"w":38,"h":34},"spriteSourceSize":{"x":0,"y":0,"w":38,"h":34},"frame":{"x":428,"y":446,"w":38,"h":34},"anchor":{"x":0.5,"y":0.5}},{"filename":"icons/close","rotated":false,"trimmed":false,"sourceSize":{"w":14,"h":14},"spriteSourceSize":{"x":0,"y":0,"w":14,"h":14},"frame":{"x":289,"y":1527,"w":14,"h":14},"anchor":{"x":0.5,"y":0.5}},{"filename":"buttons/btn_green_circle_small","rotated":false,"trimmed":false,"sourceSize":{"w":21,"h":22},"spriteSourceSize":{"x":0,"y":0,"w":21,"h":22},"frame":{"x":473,"y":699,"w":21,"h":22},"anchor":{"x":0.5,"y":0.5}},{"filename":"screens/remove-ads/icon_tick_small","rotated":false,"trimmed":false,"sourceSize":{"w":21,"h":21},"spriteSourceSize":{"x":0,"y":0,"w":21,"h":21},"frame":{"x":479,"y":1045,"w":21,"h":21},"anchor":{"x":0.5,"y":0.5}},{"filename":"buttons/level_green","rotated":false,"trimmed":false,"sourceSize":{"w":38,"h":33},"spriteSourceSize":{"x":0,"y":0,"w":38,"h":33},"frame":{"x":367,"y":1636,"w":38,"h":33},"anchor":{"x":0.5,"y":0.5}},{"filename":"buttons/level_orange","rotated":false,"trimmed":false,"sourceSize":{"w":38,"h":33},"spriteSourceSize":{"x":0,"y":0,"w":38,"h":33},"frame":{"x":367,"y":1672,"w":38,"h":33},"anchor":{"x":0.5,"y":0.5}},{"filename":"buttons/level_pink","rotated":false,"trimmed":false,"sourceSize":{"w":38,"h":33},"spriteSourceSize":{"x":0,"y":0,"w":38,"h":33},"frame":{"x":408,"y":1639,"w":38,"h":33},"anchor":{"x":0.5,"y":0.5}},{"filename":"buttons/level_purple","rotated":false,"trimmed":false,"sourceSize":{"w":38,"h":33},"spriteSourceSize":{"x":0,"y":0,"w":38,"h":33},"frame":{"x":449,"y":1639,"w":38,"h":33},"anchor":{"x":0.5,"y":0.5}},{"filename":"buttons/level_skyblue","rotated":false,"trimmed":false,"sourceSize":{"w":38,"h":33},"spriteSourceSize":{"x":0,"y":0,"w":38,"h":33},"frame":{"x":408,"y":1675,"w":38,"h":33},"anchor":{"x":0.5,"y":0.5}},{"filename":"buttons/level_yellow","rotated":false,"trimmed":false,"sourceSize":{"w":38,"h":33},"spriteSourceSize":{"x":0,"y":0,"w":38,"h":33},"frame":{"x":449,"y":1675,"w":38,"h":33},"anchor":{"x":0.5,"y":0.5}},{"filename":"icons/icon_vibrate_on","rotated":false,"trimmed":false,"sourceSize":{"w":21,"h":20},"spriteSourceSize":{"x":0,"y":0,"w":21,"h":20},"frame":{"x":476,"y":387,"w":21,"h":20},"anchor":{"x":0.5,"y":0.5}},{"filename":"icons/invite_icon","rotated":false,"trimmed":false,"sourceSize":{"w":21,"h":20},"spriteSourceSize":{"x":0,"y":0,"w":21,"h":20},"frame":{"x":428,"y":483,"w":21,"h":20},"anchor":{"x":0.5,"y":0.5}},{"filename":"icons/icon_+","rotated":false,"trimmed":false,"sourceSize":{"w":12,"h":13},"spriteSourceSize":{"x":0,"y":0,"w":12,"h":13},"frame":{"x":150,"y":1168,"w":12,"h":13},"anchor":{"x":0.5,"y":0.5}},{"filename":"icons/icon_music_off","rotated":false,"trimmed":false,"sourceSize":{"w":18,"h":20},"spriteSourceSize":{"x":0,"y":0,"w":18,"h":20},"frame":{"x":367,"y":1708,"w":18,"h":20},"anchor":{"x":0.5,"y":0.5}},{"filename":"icons/icon_sound_off","rotated":false,"trimmed":false,"sourceSize":{"w":20,"h":18},"spriteSourceSize":{"x":0,"y":0,"w":20,"h":18},"frame":{"x":476,"y":410,"w":20,"h":18},"anchor":{"x":0.5,"y":0.5}},{"filename":"icons/icon_music_on","rotated":false,"trimmed":false,"sourceSize":{"w":16,"h":19},"spriteSourceSize":{"x":0,"y":0,"w":16,"h":19},"frame":{"x":342,"y":1633,"w":16,"h":19},"anchor":{"x":0.5,"y":0.5}},{"filename":"icons/notification","rotated":false,"trimmed":false,"sourceSize":{"w":18,"h":19},"spriteSourceSize":{"x":0,"y":0,"w":18,"h":19},"frame":{"x":452,"y":483,"w":18,"h":19},"anchor":{"x":0.5,"y":0.5}},{"filename":"icons/dot","rotated":false,"trimmed":false,"sourceSize":{"w":15,"h":16},"spriteSourceSize":{"x":0,"y":0,"w":15,"h":16},"frame":{"x":388,"y":1708,"w":15,"h":16},"anchor":{"x":0.5,"y":0.5}},{"filename":"icons/star_1","rotated":false,"trimmed":false,"sourceSize":{"w":18,"h":19},"spriteSourceSize":{"x":0,"y":0,"w":18,"h":19},"frame":{"x":476,"y":431,"w":18,"h":19},"anchor":{"x":0.5,"y":0.5}},{"filename":"icons/star_3","rotated":false,"trimmed":false,"sourceSize":{"w":18,"h":19},"spriteSourceSize":{"x":0,"y":0,"w":18,"h":19},"frame":{"x":469,"y":453,"w":18,"h":19},"anchor":{"x":0.5,"y":0.5}},{"filename":"icons/star_empty_1","rotated":false,"trimmed":false,"sourceSize":{"w":18,"h":19},"spriteSourceSize":{"x":0,"y":0,"w":18,"h":19},"frame":{"x":406,"y":1711,"w":18,"h":19},"anchor":{"x":0.5,"y":0.5}},{"filename":"icons/star_empty_3","rotated":false,"trimmed":false,"sourceSize":{"w":18,"h":19},"spriteSourceSize":{"x":0,"y":0,"w":18,"h":19},"frame":{"x":427,"y":1711,"w":18,"h":19},"anchor":{"x":0.5,"y":0.5}}]}],"meta":{"app":"https://www.codeandweb.com/texturepacker","version":"3.0","smartupdate":"$TexturePacker:SmartUpdate:6c1201586450b70c478dd79e85a36a37:0f1b9ea14ea8fc935a6a914bc09c7e1a:3ed7f446b7e32ba5f09387362d473a40$"}}