{"textures":[{"image":"theme-default-resources.png","format":"RGBA8888","size":{"w":942,"h":128},"scale":0.5,"frames":[{"filename":"popup/middle-middle","rotated":false,"trimmed":false,"sourceSize":{"w":72,"h":107},"spriteSourceSize":{"x":0,"y":0,"w":72,"h":107},"frame":{"x":2,"y":2,"w":72,"h":107},"anchor":{"x":0.5,"y":0.5}},{"filename":"progress/chest_progress_bar","rotated":false,"trimmed":false,"sourceSize":{"w":54,"h":14},"spriteSourceSize":{"x":0,"y":0,"w":54,"h":14},"frame":{"x":2,"y":112,"w":54,"h":14},"anchor":{"x":0.5,"y":0.5}},{"filename":"popup/middle-left","rotated":false,"trimmed":false,"sourceSize":{"w":38,"h":107},"spriteSourceSize":{"x":0,"y":0,"w":38,"h":107},"frame":{"x":77,"y":2,"w":38,"h":107},"anchor":{"x":0.5,"y":0.5}},{"filename":"popup/middle-right","rotated":false,"trimmed":false,"sourceSize":{"w":38,"h":107},"spriteSourceSize":{"x":0,"y":0,"w":38,"h":107},"frame":{"x":118,"y":2,"w":38,"h":107},"anchor":{"x":0.5,"y":0.5}},{"filename":"popup/popup_setting_box","rotated":false,"trimmed":false,"sourceSize":{"w":122,"h":82},"spriteSourceSize":{"x":0,"y":0,"w":122,"h":82},"frame":{"x":159,"y":2,"w":122,"h":82},"anchor":{"x":0.5,"y":0.5}},{"filename":"buttons/btn_blue_circle","rotated":false,"trimmed":false,"sourceSize":{"w":38,"h":39},"spriteSourceSize":{"x":0,"y":0,"w":38,"h":39},"frame":{"x":159,"y":87,"w":38,"h":39},"anchor":{"x":0.5,"y":0.5}},{"filename":"buttons/btn_close","rotated":false,"trimmed":false,"sourceSize":{"w":38,"h":39},"spriteSourceSize":{"x":0,"y":0,"w":38,"h":39},"frame":{"x":200,"y":87,"w":38,"h":39},"anchor":{"x":0.5,"y":0.5}},{"filename":"buttons/btn_red_circle","rotated":false,"trimmed":false,"sourceSize":{"w":38,"h":39},"spriteSourceSize":{"x":0,"y":0,"w":38,"h":39},"frame":{"x":241,"y":87,"w":38,"h":39},"anchor":{"x":0.5,"y":0.5}},{"filename":"popup/bottom-middle","rotated":false,"trimmed":false,"sourceSize":{"w":72,"h":38},"spriteSourceSize":{"x":0,"y":0,"w":72,"h":38},"frame":{"x":282,"y":87,"w":72,"h":38},"anchor":{"x":0.5,"y":0.5}},{"filename":"buttons/btn_play","rotated":false,"trimmed":false,"sourceSize":{"w":177,"h":80},"spriteSourceSize":{"x":0,"y":0,"w":177,"h":80},"frame":{"x":284,"y":2,"w":177,"h":80},"anchor":{"x":0.5,"y":0.5}},{"filename":"popup/top-middle","rotated":false,"trimmed":false,"sourceSize":{"w":72,"h":38},"spriteSourceSize":{"x":0,"y":0,"w":72,"h":38},"frame":{"x":357,"y":85,"w":72,"h":38},"anchor":{"x":0.5,"y":0.5}},{"filename":"popup/bottom-left","rotated":false,"trimmed":false,"sourceSize":{"w":38,"h":38},"spriteSourceSize":{"x":0,"y":0,"w":38,"h":38},"frame":{"x":432,"y":85,"w":38,"h":38},"anchor":{"x":0.5,"y":0.5}},{"filename":"icons/star_empty_large","rotated":false,"trimmed":false,"sourceSize":{"w":79,"h":76},"spriteSourceSize":{"x":0,"y":0,"w":79,"h":76},"frame":{"x":464,"y":2,"w":79,"h":76},"anchor":{"x":0.5,"y":0.5}},{"filename":"background/popup_mission","rotated":false,"trimmed":false,"sourceSize":{"w":147,"h":45},"spriteSourceSize":{"x":0,"y":0,"w":147,"h":45},"frame":{"x":473,"y":81,"w":147,"h":45},"anchor":{"x":0.5,"y":0.5}},{"filename":"icons/star_large","rotated":false,"trimmed":false,"sourceSize":{"w":75,"h":73},"spriteSourceSize":{"x":0,"y":0,"w":75,"h":73},"frame":{"x":546,"y":2,"w":75,"h":73},"anchor":{"x":0.5,"y":0.5}},{"filename":"popup/bottom-right","rotated":false,"trimmed":false,"sourceSize":{"w":38,"h":38},"spriteSourceSize":{"x":0,"y":0,"w":38,"h":38},"frame":{"x":623,"y":78,"w":38,"h":38},"anchor":{"x":0.5,"y":0.5}},{"filename":"blank","rotated":false,"trimmed":false,"sourceSize":{"w":50,"h":50},"spriteSourceSize":{"x":0,"y":0,"w":50,"h":50},"frame":{"x":624,"y":2,"w":50,"h":50},"anchor":{"x":0.5,"y":0.5}},{"filename":"progress/progress_bar","rotated":false,"trimmed":false,"sourceSize":{"w":224,"h":17},"spriteSourceSize":{"x":0,"y":0,"w":224,"h":17},"frame":{"x":624,"y":55,"w":224,"h":17},"anchor":{"x":0.5,"y":0.5}},{"filename":"background/heart_box","rotated":false,"trimmed":false,"sourceSize":{"w":122,"h":49},"spriteSourceSize":{"x":0,"y":0,"w":122,"h":49},"frame":{"x":677,"y":2,"w":122,"h":49},"anchor":{"x":0.5,"y":0.5}},{"filename":"popup/top-left","rotated":false,"trimmed":false,"sourceSize":{"w":38,"h":38},"spriteSourceSize":{"x":0,"y":0,"w":38,"h":38},"frame":{"x":802,"y":2,"w":38,"h":38},"anchor":{"x":0.5,"y":0.5}},{"filename":"background/popup_header","rotated":false,"trimmed":false,"sourceSize":{"w":97,"h":29},"spriteSourceSize":{"x":0,"y":0,"w":97,"h":29},"frame":{"x":843,"y":2,"w":97,"h":29},"anchor":{"x":0.5,"y":0.5}},{"filename":"popup/top-right","rotated":false,"trimmed":false,"sourceSize":{"w":38,"h":38},"spriteSourceSize":{"x":0,"y":0,"w":38,"h":38},"frame":{"x":664,"y":75,"w":38,"h":38},"anchor":{"x":0.5,"y":0.5}},{"filename":"progress/progress_bg","rotated":false,"trimmed":false,"sourceSize":{"w":228,"h":21},"spriteSourceSize":{"x":0,"y":0,"w":228,"h":21},"frame":{"x":705,"y":75,"w":228,"h":21},"anchor":{"x":0.5,"y":0.5}},{"filename":"progress/chest_progress_bg","rotated":false,"trimmed":false,"sourceSize":{"w":65,"h":26},"spriteSourceSize":{"x":0,"y":0,"w":65,"h":26},"frame":{"x":705,"y":99,"w":65,"h":26},"anchor":{"x":0.5,"y":0.5}}]}],"meta":{"app":"https://www.codeandweb.com/texturepacker","version":"3.0","smartupdate":"$TexturePacker:SmartUpdate:c1d65ffb7819ec6d5bd4f6b58d18b003:ae2b5b88f2a0ee14b33001bdff9df3ee:fddff4a85012377f4b1b6933bd967ecc$"}}