{"textures":[{"image":"default-resources-0.png","format":"RGBA8888","size":{"w":1024,"h":1024},"scale":0.5,"frames":[{"filename":"leaderboards/bg-top","rotated":false,"trimmed":false,"sourceSize":{"w":475,"h":84},"spriteSourceSize":{"x":0,"y":0,"w":475,"h":84},"frame":{"x":2,"y":2,"w":475,"h":84}},{"filename":"leaderboards/bg-bottom","rotated":false,"trimmed":false,"sourceSize":{"w":475,"h":34},"spriteSourceSize":{"x":0,"y":0,"w":475,"h":34},"frame":{"x":480,"y":2,"w":475,"h":34}},{"filename":"avatar/border-challenge","rotated":false,"trimmed":false,"sourceSize":{"w":60,"h":59},"spriteSourceSize":{"x":0,"y":0,"w":60,"h":59},"frame":{"x":958,"y":2,"w":60,"h":59}},{"filename":"leaderboards/bg-middle","rotated":false,"trimmed":false,"sourceSize":{"w":475,"h":24},"spriteSourceSize":{"x":0,"y":0,"w":475,"h":24},"frame":{"x":480,"y":39,"w":475,"h":24}},{"filename":"texts/text-close","rotated":false,"trimmed":false,"sourceSize":{"w":59,"h":13},"spriteSourceSize":{"x":0,"y":0,"w":59,"h":13},"frame":{"x":958,"y":64,"w":59,"h":13}},{"filename":"footer","rotated":false,"trimmed":false,"sourceSize":{"w":375,"h":77},"spriteSourceSize":{"x":0,"y":0,"w":375,"h":77},"frame":{"x":480,"y":66,"w":375,"h":77}},{"filename":"score-panel-dark","rotated":false,"trimmed":false,"sourceSize":{"w":94,"h":26},"spriteSourceSize":{"x":0,"y":0,"w":94,"h":26},"frame":{"x":858,"y":66,"w":94,"h":26}},{"filename":"buttons/toggle-off","rotated":false,"trimmed":false,"sourceSize":{"w":67,"h":23},"spriteSourceSize":{"x":0,"y":0,"w":67,"h":23},"frame":{"x":955,"y":80,"w":67,"h":23}},{"filename":"buttons/dark-blue-big","rotated":false,"trimmed":false,"sourceSize":{"w":90,"h":41},"spriteSourceSize":{"x":0,"y":0,"w":90,"h":41},"frame":{"x":858,"y":95,"w":90,"h":41}},{"filename":"texts/replay","rotated":false,"trimmed":false,"sourceSize":{"w":70,"h":15},"spriteSourceSize":{"x":0,"y":0,"w":70,"h":15},"frame":{"x":951,"y":106,"w":70,"h":15}},{"filename":"avatar/border","rotated":false,"trimmed":true,"sourceSize":{"w":69,"h":72},"spriteSourceSize":{"x":0,"y":1,"w":69,"h":71},"frame":{"x":951,"y":124,"w":69,"h":71}},{"filename":"buttons/green-big","rotated":false,"trimmed":false,"sourceSize":{"w":90,"h":41},"spriteSourceSize":{"x":0,"y":0,"w":90,"h":41},"frame":{"x":858,"y":139,"w":90,"h":41}},{"filename":"border-bottom-panel","rotated":false,"trimmed":false,"sourceSize":{"w":375,"h":18},"spriteSourceSize":{"x":0,"y":0,"w":375,"h":18},"frame":{"x":2,"y":89,"w":375,"h":18}},{"filename":"buttons/dark-blue-small","rotated":false,"trimmed":false,"sourceSize":{"w":89,"h":37},"spriteSourceSize":{"x":0,"y":0,"w":89,"h":37},"frame":{"x":380,"y":89,"w":89,"h":37}},{"filename":"bg/bg-middle","rotated":false,"trimmed":false,"sourceSize":{"w":360,"h":425},"spriteSourceSize":{"x":0,"y":0,"w":360,"h":425},"frame":{"x":2,"y":110,"w":360,"h":425}},{"filename":"bg-combo","rotated":false,"trimmed":true,"sourceSize":{"w":106,"h":44},"spriteSourceSize":{"x":0,"y":4,"w":106,"h":40},"frame":{"x":365,"y":129,"w":106,"h":40}},{"filename":"ui-ngang/bg-middle","rotated":false,"trimmed":false,"sourceSize":{"w":360,"h":284},"spriteSourceSize":{"x":0,"y":0,"w":360,"h":284},"frame":{"x":474,"y":146,"w":360,"h":284}},{"filename":"bg-streak","rotated":false,"trimmed":true,"sourceSize":{"w":106,"h":44},"spriteSourceSize":{"x":0,"y":4,"w":106,"h":40},"frame":{"x":365,"y":172,"w":106,"h":40}},{"filename":"icons/share","rotated":false,"trimmed":false,"sourceSize":{"w":18,"h":24},"spriteSourceSize":{"x":0,"y":0,"w":18,"h":24},"frame":{"x":837,"y":146,"w":18,"h":24}},{"filename":"icons/sword-blue","rotated":false,"trimmed":false,"sourceSize":{"w":18,"h":16},"spriteSourceSize":{"x":0,"y":0,"w":18,"h":16},"frame":{"x":837,"y":173,"w":18,"h":16}},{"filename":"texts/mission","rotated":false,"trimmed":false,"sourceSize":{"w":105,"h":21},"spriteSourceSize":{"x":0,"y":0,"w":105,"h":21},"frame":{"x":365,"y":215,"w":105,"h":21}},{"filename":"texts/continue","rotated":false,"trimmed":false,"sourceSize":{"w":105,"h":15},"spriteSourceSize":{"x":0,"y":0,"w":105,"h":15},"frame":{"x":365,"y":239,"w":105,"h":15}},{"filename":"texts/play-single","rotated":false,"trimmed":false,"sourceSize":{"w":184,"h":22},"spriteSourceSize":{"x":0,"y":0,"w":184,"h":22},"frame":{"x":837,"y":198,"w":184,"h":22}},{"filename":"texts/text-share","rotated":false,"trimmed":false,"sourceSize":{"w":58,"h":10},"spriteSourceSize":{"x":0,"y":0,"w":58,"h":10},"frame":{"x":858,"y":183,"w":58,"h":10}},{"filename":"buttons/dark-blue","rotated":false,"trimmed":false,"sourceSize":{"w":183,"h":54},"spriteSourceSize":{"x":0,"y":0,"w":183,"h":54},"frame":{"x":837,"y":223,"w":183,"h":54}},{"filename":"texts/win","rotated":false,"trimmed":false,"sourceSize":{"w":183,"h":25},"spriteSourceSize":{"x":0,"y":0,"w":183,"h":25},"frame":{"x":837,"y":280,"w":183,"h":25}},{"filename":"texts/refill-lives","rotated":false,"trimmed":false,"sourceSize":{"w":183,"h":15},"spriteSourceSize":{"x":0,"y":0,"w":183,"h":15},"frame":{"x":837,"y":308,"w":183,"h":15}},{"filename":"lives/time-block-2","rotated":false,"trimmed":false,"sourceSize":{"w":182,"h":54},"spriteSourceSize":{"x":0,"y":0,"w":182,"h":54},"frame":{"x":837,"y":326,"w":182,"h":54}},{"filename":"texts/text-next-level","rotated":false,"trimmed":false,"sourceSize":{"w":102,"h":36},"spriteSourceSize":{"x":0,"y":0,"w":102,"h":36},"frame":{"x":365,"y":257,"w":102,"h":36}},{"filename":"ui-ngang/khung-next-block","rotated":false,"trimmed":false,"sourceSize":{"w":100,"h":300},"spriteSourceSize":{"x":0,"y":0,"w":100,"h":300},"frame":{"x":365,"y":296,"w":100,"h":300}},{"filename":"ui-ngang/bg-top","rotated":false,"trimmed":false,"sourceSize":{"w":360,"h":89},"spriteSourceSize":{"x":0,"y":0,"w":360,"h":89},"frame":{"x":2,"y":538,"w":360,"h":89}},{"filename":"lives/time-block","rotated":false,"trimmed":false,"sourceSize":{"w":173,"h":44},"spriteSourceSize":{"x":0,"y":0,"w":173,"h":44},"frame":{"x":837,"y":383,"w":173,"h":44}},{"filename":"lives/heart","rotated":false,"trimmed":false,"sourceSize":{"w":170,"h":140},"spriteSourceSize":{"x":0,"y":0,"w":170,"h":140},"frame":{"x":837,"y":430,"w":170,"h":140}},{"filename":"ui-ngang/bg-bottom","rotated":false,"trimmed":false,"sourceSize":{"w":360,"h":88},"spriteSourceSize":{"x":0,"y":0,"w":360,"h":88},"frame":{"x":468,"y":433,"w":360,"h":88}},{"filename":"bg/bg-bottom","rotated":false,"trimmed":false,"sourceSize":{"w":360,"h":56},"spriteSourceSize":{"x":0,"y":0,"w":360,"h":56},"frame":{"x":468,"y":524,"w":360,"h":56}},{"filename":"texts/congratulations","rotated":false,"trimmed":false,"sourceSize":{"w":186,"h":25},"spriteSourceSize":{"x":0,"y":0,"w":186,"h":25},"frame":{"x":831,"y":573,"w":186,"h":25}},{"filename":"bg/bg-top","rotated":false,"trimmed":false,"sourceSize":{"w":360,"h":56},"spriteSourceSize":{"x":0,"y":0,"w":360,"h":56},"frame":{"x":468,"y":583,"w":360,"h":56}},{"filename":"ui-ngang/text-next-block","rotated":false,"trimmed":false,"sourceSize":{"w":100,"h":34},"spriteSourceSize":{"x":0,"y":0,"w":100,"h":34},"frame":{"x":365,"y":599,"w":100,"h":34}},{"filename":"texts/start-over","rotated":false,"trimmed":false,"sourceSize":{"w":170,"h":16},"spriteSourceSize":{"x":0,"y":0,"w":170,"h":16},"frame":{"x":831,"y":601,"w":170,"h":16}},{"filename":"icons/clock","rotated":false,"trimmed":false,"sourceSize":{"w":17,"h":18},"spriteSourceSize":{"x":0,"y":0,"w":17,"h":18},"frame":{"x":1004,"y":601,"w":17,"h":18}},{"filename":"texts/first-milestone","rotated":false,"trimmed":false,"sourceSize":{"w":166,"h":21},"spriteSourceSize":{"x":0,"y":0,"w":166,"h":21},"frame":{"x":831,"y":620,"w":166,"h":21}},{"filename":"icons/battle","rotated":false,"trimmed":false,"sourceSize":{"w":22,"h":21},"spriteSourceSize":{"x":0,"y":0,"w":22,"h":21},"frame":{"x":1000,"y":622,"w":22,"h":21}},{"filename":"leaf","rotated":false,"trimmed":false,"sourceSize":{"w":282,"h":66},"spriteSourceSize":{"x":0,"y":0,"w":282,"h":66},"frame":{"x":2,"y":630,"w":282,"h":66}},{"filename":"icon-journey","rotated":false,"trimmed":false,"sourceSize":{"w":75,"h":61},"spriteSourceSize":{"x":0,"y":0,"w":75,"h":61},"frame":{"x":287,"y":630,"w":75,"h":61}},{"filename":"texts/text-ranking","rotated":false,"trimmed":false,"sourceSize":{"w":100,"h":15},"spriteSourceSize":{"x":0,"y":0,"w":100,"h":15},"frame":{"x":365,"y":636,"w":100,"h":15}},{"filename":"ui-ngang/khung-mission","rotated":false,"trimmed":false,"sourceSize":{"w":48,"h":232},"spriteSourceSize":{"x":0,"y":0,"w":48,"h":232},"frame":{"x":2,"y":699,"w":48,"h":232}},{"filename":"avatar/border-big","rotated":false,"trimmed":false,"sourceSize":{"w":88,"h":88},"spriteSourceSize":{"x":0,"y":0,"w":88,"h":88},"frame":{"x":2,"y":934,"w":88,"h":88}},{"filename":"bg/bg-dark","rotated":false,"trimmed":false,"sourceSize":{"w":122,"h":152},"spriteSourceSize":{"x":0,"y":0,"w":122,"h":152},"frame":{"x":53,"y":699,"w":122,"h":152}},{"filename":"best-score-frame-long","rotated":false,"trimmed":false,"sourceSize":{"w":193,"h":77},"spriteSourceSize":{"x":0,"y":0,"w":193,"h":77},"frame":{"x":53,"y":854,"w":193,"h":77}},{"filename":"bottom-panel","rotated":false,"trimmed":false,"sourceSize":{"w":141,"h":86},"spriteSourceSize":{"x":0,"y":0,"w":141,"h":86},"frame":{"x":93,"y":934,"w":141,"h":86}},{"filename":"ui-ngang/khung-best-score","rotated":false,"trimmed":false,"sourceSize":{"w":56,"h":85},"spriteSourceSize":{"x":0,"y":0,"w":56,"h":85},"frame":{"x":237,"y":934,"w":56,"h":85}},{"filename":"daily-challenge/bg","rotated":false,"trimmed":false,"sourceSize":{"w":260,"h":143},"spriteSourceSize":{"x":0,"y":0,"w":260,"h":143},"frame":{"x":178,"y":699,"w":260,"h":143}},{"filename":"bg/level-locked","rotated":false,"trimmed":false,"sourceSize":{"w":51,"h":42},"spriteSourceSize":{"x":0,"y":0,"w":51,"h":42},"frame":{"x":365,"y":654,"w":51,"h":42}},{"filename":"daily-challenge/bg-item-dark","rotated":false,"trimmed":false,"sourceSize":{"w":254,"h":41},"spriteSourceSize":{"x":0,"y":0,"w":254,"h":41},"frame":{"x":419,"y":654,"w":254,"h":41}},{"filename":"texts/setting","rotated":false,"trimmed":false,"sourceSize":{"w":152,"h":24},"spriteSourceSize":{"x":0,"y":0,"w":152,"h":24},"frame":{"x":676,"y":642,"w":152,"h":24}},{"filename":"buttons/green-large","rotated":false,"trimmed":false,"sourceSize":{"w":165,"h":54},"spriteSourceSize":{"x":0,"y":0,"w":165,"h":54},"frame":{"x":831,"y":644,"w":165,"h":54}},{"filename":"icons/brown-journey","rotated":false,"trimmed":false,"sourceSize":{"w":23,"h":21},"spriteSourceSize":{"x":0,"y":0,"w":23,"h":21},"frame":{"x":999,"y":646,"w":23,"h":21}},{"filename":"icons/sword","rotated":false,"trimmed":false,"sourceSize":{"w":23,"h":19},"spriteSourceSize":{"x":0,"y":0,"w":23,"h":19},"frame":{"x":999,"y":670,"w":23,"h":19}},{"filename":"icons/check","rotated":false,"trimmed":false,"sourceSize":{"w":22,"h":18},"spriteSourceSize":{"x":0,"y":0,"w":22,"h":18},"frame":{"x":999,"y":692,"w":22,"h":18}},{"filename":"wood-panel","rotated":false,"trimmed":false,"sourceSize":{"w":151,"h":28},"spriteSourceSize":{"x":0,"y":0,"w":151,"h":28},"frame":{"x":676,"y":669,"w":151,"h":28}},{"filename":"score-panel","rotated":false,"trimmed":false,"sourceSize":{"w":263,"h":76},"spriteSourceSize":{"x":0,"y":0,"w":263,"h":76},"frame":{"x":249,"y":845,"w":263,"h":76}},{"filename":"popup/score-panel","rotated":false,"trimmed":false,"sourceSize":{"w":150,"h":46},"spriteSourceSize":{"x":0,"y":0,"w":150,"h":46},"frame":{"x":515,"y":698,"w":150,"h":46}},{"filename":"texts/play-with-blue","rotated":false,"trimmed":false,"sourceSize":{"w":160,"h":16},"spriteSourceSize":{"x":0,"y":0,"w":160,"h":16},"frame":{"x":668,"y":700,"w":160,"h":16}},{"filename":"buttons/brown","rotated":false,"trimmed":false,"sourceSize":{"w":165,"h":41},"spriteSourceSize":{"x":0,"y":0,"w":165,"h":41},"frame":{"x":831,"y":701,"w":165,"h":41}},{"filename":"texts/play-with","rotated":false,"trimmed":false,"sourceSize":{"w":160,"h":16},"spriteSourceSize":{"x":0,"y":0,"w":160,"h":16},"frame":{"x":668,"y":719,"w":160,"h":16}},{"filename":"leaderboards/bg-item","rotated":false,"trimmed":false,"sourceSize":{"w":159,"h":31},"spriteSourceSize":{"x":0,"y":0,"w":159,"h":31},"frame":{"x":668,"y":738,"w":159,"h":31}},{"filename":"icons/cup-bronze","rotated":false,"trimmed":false,"sourceSize":{"w":22,"h":18},"spriteSourceSize":{"x":0,"y":0,"w":22,"h":18},"frame":{"x":999,"y":713,"w":22,"h":18}},{"filename":"icons/cup-gold","rotated":false,"trimmed":false,"sourceSize":{"w":22,"h":18},"spriteSourceSize":{"x":0,"y":0,"w":22,"h":18},"frame":{"x":999,"y":734,"w":22,"h":18}},{"filename":"buttons/toggle-on","rotated":false,"trimmed":false,"sourceSize":{"w":67,"h":23},"spriteSourceSize":{"x":0,"y":0,"w":67,"h":23},"frame":{"x":441,"y":698,"w":67,"h":23}},{"filename":"texts/start","rotated":false,"trimmed":false,"sourceSize":{"w":67,"h":17},"spriteSourceSize":{"x":0,"y":0,"w":67,"h":17},"frame":{"x":441,"y":724,"w":67,"h":17}},{"filename":"texts/text-journey","rotated":false,"trimmed":false,"sourceSize":{"w":144,"h":17},"spriteSourceSize":{"x":0,"y":0,"w":144,"h":17},"frame":{"x":515,"y":747,"w":144,"h":17}},{"filename":"preloader/dual-ring","rotated":false,"trimmed":true,"sourceSize":{"w":100,"h":100},"spriteSourceSize":{"x":13,"y":13,"w":74,"h":74},"frame":{"x":441,"y":767,"w":74,"h":74}},{"filename":"texts/yes","rotated":false,"trimmed":false,"sourceSize":{"w":29,"h":20},"spriteSourceSize":{"x":0,"y":0,"w":29,"h":20},"frame":{"x":441,"y":744,"w":29,"h":20}},{"filename":"icons/white-journey","rotated":false,"trimmed":false,"sourceSize":{"w":21,"h":20},"spriteSourceSize":{"x":0,"y":0,"w":21,"h":20},"frame":{"x":473,"y":744,"w":21,"h":20}},{"filename":"daily-challenge/title-panel","rotated":false,"trimmed":false,"sourceSize":{"w":141,"h":35},"spriteSourceSize":{"x":0,"y":0,"w":141,"h":35},"frame":{"x":518,"y":767,"w":141,"h":35}},{"filename":"best-score-frame","rotated":false,"trimmed":false,"sourceSize":{"w":56,"h":76},"spriteSourceSize":{"x":0,"y":0,"w":56,"h":76},"frame":{"x":296,"y":924,"w":56,"h":76}},{"filename":"texts/level-failed","rotated":false,"trimmed":false,"sourceSize":{"w":250,"h":19},"spriteSourceSize":{"x":0,"y":0,"w":250,"h":19},"frame":{"x":296,"y":1003,"w":250,"h":19}},{"filename":"avatar/background","rotated":false,"trimmed":false,"sourceSize":{"w":53,"h":54},"spriteSourceSize":{"x":0,"y":0,"w":53,"h":54},"frame":{"x":355,"y":924,"w":53,"h":54}},{"filename":"texts/out-of-live","rotated":false,"trimmed":false,"sourceSize":{"w":234,"h":19},"spriteSourceSize":{"x":0,"y":0,"w":234,"h":19},"frame":{"x":355,"y":981,"w":234,"h":19}},{"filename":"texts/text-tutorial","rotated":false,"trimmed":false,"sourceSize":{"w":122,"h":19},"spriteSourceSize":{"x":0,"y":0,"w":122,"h":19},"frame":{"x":549,"y":1003,"w":122,"h":19}},{"filename":"ui-ngang/khung-score","rotated":false,"trimmed":false,"sourceSize":{"w":87,"h":50},"spriteSourceSize":{"x":0,"y":0,"w":87,"h":50},"frame":{"x":411,"y":924,"w":87,"h":50}},{"filename":"blank","rotated":false,"trimmed":false,"sourceSize":{"w":50,"h":50},"spriteSourceSize":{"x":0,"y":0,"w":50,"h":50},"frame":{"x":501,"y":924,"w":50,"h":50}},{"filename":"bg-progress-circle","rotated":false,"trimmed":false,"sourceSize":{"w":116,"h":116},"spriteSourceSize":{"x":0,"y":0,"w":116,"h":116},"frame":{"x":518,"y":805,"w":116,"h":116}},{"filename":"bg/level-playing","rotated":false,"trimmed":false,"sourceSize":{"w":57,"h":47},"spriteSourceSize":{"x":0,"y":0,"w":57,"h":47},"frame":{"x":554,"y":924,"w":57,"h":47}},{"filename":"border-daily","rotated":false,"trimmed":false,"sourceSize":{"w":259,"h":26},"spriteSourceSize":{"x":0,"y":0,"w":259,"h":26},"frame":{"x":592,"y":974,"w":259,"h":26}},{"filename":"icons/back","rotated":false,"trimmed":false,"sourceSize":{"w":25,"h":19},"spriteSourceSize":{"x":0,"y":0,"w":25,"h":19},"frame":{"x":674,"y":1003,"w":25,"h":19}},{"filename":"leaderboards/tab-off","rotated":false,"trimmed":false,"sourceSize":{"w":57,"h":18},"spriteSourceSize":{"x":0,"y":0,"w":57,"h":18},"frame":{"x":702,"y":1003,"w":57,"h":18}},{"filename":"leaderboards/tab-on","rotated":false,"trimmed":false,"sourceSize":{"w":57,"h":18},"spriteSourceSize":{"x":0,"y":0,"w":57,"h":18},"frame":{"x":762,"y":1003,"w":57,"h":18}},{"filename":"icons/cup-silver","rotated":false,"trimmed":false,"sourceSize":{"w":22,"h":18},"spriteSourceSize":{"x":0,"y":0,"w":22,"h":18},"frame":{"x":822,"y":1003,"w":22,"h":18}},{"filename":"texts/target-score","rotated":false,"trimmed":false,"sourceSize":{"w":124,"h":17},"spriteSourceSize":{"x":0,"y":0,"w":124,"h":17},"frame":{"x":847,"y":1003,"w":124,"h":17}},{"filename":"icons/plus","rotated":false,"trimmed":false,"sourceSize":{"w":21,"h":22},"spriteSourceSize":{"x":0,"y":0,"w":21,"h":22},"frame":{"x":974,"y":745,"w":21,"h":22}},{"filename":"icons/play-green","rotated":false,"trimmed":false,"sourceSize":{"w":24,"h":24},"spriteSourceSize":{"x":0,"y":0,"w":24,"h":24},"frame":{"x":998,"y":755,"w":24,"h":24}},{"filename":"buttons/circle-button","rotated":false,"trimmed":false,"sourceSize":{"w":21,"h":21},"spriteSourceSize":{"x":0,"y":0,"w":21,"h":21},"frame":{"x":974,"y":770,"w":21,"h":21}},{"filename":"icons/play","rotated":false,"trimmed":false,"sourceSize":{"w":24,"h":24},"spriteSourceSize":{"x":0,"y":0,"w":24,"h":24},"frame":{"x":998,"y":782,"w":24,"h":24}},{"filename":"icons/setting","rotated":false,"trimmed":false,"sourceSize":{"w":21,"h":21},"spriteSourceSize":{"x":0,"y":0,"w":21,"h":21},"frame":{"x":974,"y":794,"w":21,"h":21}},{"filename":"icons/home","rotated":false,"trimmed":false,"sourceSize":{"w":24,"h":22},"spriteSourceSize":{"x":0,"y":0,"w":24,"h":22},"frame":{"x":998,"y":809,"w":24,"h":22}},{"filename":"icons/replay","rotated":false,"trimmed":false,"sourceSize":{"w":20,"h":24},"spriteSourceSize":{"x":0,"y":0,"w":20,"h":24},"frame":{"x":974,"y":818,"w":20,"h":24}},{"filename":"icons/retry","rotated":false,"trimmed":false,"sourceSize":{"w":25,"h":27},"spriteSourceSize":{"x":0,"y":0,"w":25,"h":27},"frame":{"x":997,"y":834,"w":25,"h":27}},{"filename":"leaderboards/bg-item-0","rotated":false,"trimmed":false,"sourceSize":{"w":116,"h":23},"spriteSourceSize":{"x":0,"y":0,"w":116,"h":23},"frame":{"x":854,"y":745,"w":116,"h":23}},{"filename":"leaderboards/bg-item-1","rotated":false,"trimmed":false,"sourceSize":{"w":116,"h":23},"spriteSourceSize":{"x":0,"y":0,"w":116,"h":23},"frame":{"x":854,"y":771,"w":116,"h":23}},{"filename":"popup/top-dark","rotated":false,"trimmed":false,"sourceSize":{"w":216,"h":45},"spriteSourceSize":{"x":0,"y":0,"w":216,"h":45},"frame":{"x":614,"y":924,"w":216,"h":45}},{"filename":"popup/middle","rotated":false,"trimmed":false,"sourceSize":{"w":216,"h":114},"spriteSourceSize":{"x":0,"y":0,"w":216,"h":114},"frame":{"x":637,"y":805,"w":216,"h":114}},{"filename":"buttons/share","rotated":false,"trimmed":false,"sourceSize":{"w":40,"h":29},"spriteSourceSize":{"x":0,"y":0,"w":40,"h":29},"frame":{"x":662,"y":772,"w":40,"h":29}},{"filename":"texts/text-retry","rotated":false,"trimmed":false,"sourceSize":{"w":113,"h":16},"spriteSourceSize":{"x":0,"y":0,"w":113,"h":16},"frame":{"x":856,"y":797,"w":113,"h":16}},{"filename":"icons/sound","rotated":false,"trimmed":false,"sourceSize":{"w":31,"h":27},"spriteSourceSize":{"x":0,"y":0,"w":31,"h":27},"frame":{"x":705,"y":772,"w":31,"h":27}},{"filename":"buttons/dot-blue","rotated":false,"trimmed":false,"sourceSize":{"w":28,"h":27},"spriteSourceSize":{"x":0,"y":0,"w":28,"h":27},"frame":{"x":739,"y":772,"w":28,"h":27}},{"filename":"buttons/dot-green","rotated":false,"trimmed":false,"sourceSize":{"w":28,"h":27},"spriteSourceSize":{"x":0,"y":0,"w":28,"h":27},"frame":{"x":770,"y":772,"w":28,"h":27}},{"filename":"text-target-panel","rotated":false,"trimmed":false,"sourceSize":{"w":49,"h":23},"spriteSourceSize":{"x":0,"y":0,"w":49,"h":23},"frame":{"x":801,"y":772,"w":49,"h":23}},{"filename":"icons/share-blue","rotated":false,"trimmed":false,"sourceSize":{"w":16,"h":22},"spriteSourceSize":{"x":0,"y":0,"w":16,"h":22},"frame":{"x":830,"y":745,"w":16,"h":22}},{"filename":"buttons/challenge_light","rotated":false,"trimmed":false,"sourceSize":{"w":44,"h":33},"spriteSourceSize":{"x":0,"y":0,"w":44,"h":33},"frame":{"x":974,"y":864,"w":44,"h":33}},{"filename":"texts/off","rotated":false,"trimmed":false,"sourceSize":{"w":51,"h":16},"spriteSourceSize":{"x":0,"y":0,"w":51,"h":16},"frame":{"x":856,"y":845,"w":51,"h":16}},{"filename":"texts/on","rotated":false,"trimmed":false,"sourceSize":{"w":35,"h":16},"spriteSourceSize":{"x":0,"y":0,"w":35,"h":16},"frame":{"x":910,"y":845,"w":35,"h":16}},{"filename":"buttons/close","rotated":false,"trimmed":false,"sourceSize":{"w":26,"h":26},"spriteSourceSize":{"x":0,"y":0,"w":26,"h":26},"frame":{"x":856,"y":816,"w":26,"h":26}},{"filename":"texts/vs","rotated":false,"trimmed":false,"sourceSize":{"w":86,"h":17},"spriteSourceSize":{"x":0,"y":0,"w":86,"h":17},"frame":{"x":885,"y":816,"w":86,"h":17}},{"filename":"ui-ngang/text-score","rotated":false,"trimmed":false,"sourceSize":{"w":44,"h":15},"spriteSourceSize":{"x":0,"y":0,"w":44,"h":15},"frame":{"x":948,"y":845,"w":44,"h":15}},{"filename":"buttons/play","rotated":false,"trimmed":false,"sourceSize":{"w":43,"h":33},"spriteSourceSize":{"x":0,"y":0,"w":43,"h":33},"frame":{"x":974,"y":900,"w":43,"h":33}},{"filename":"icons/crown-big","rotated":false,"trimmed":false,"sourceSize":{"w":37,"h":35},"spriteSourceSize":{"x":0,"y":0,"w":37,"h":35},"frame":{"x":833,"y":936,"w":37,"h":35}},{"filename":"icons/rank","rotated":false,"trimmed":false,"sourceSize":{"w":26,"h":25},"spriteSourceSize":{"x":0,"y":0,"w":26,"h":25},"frame":{"x":854,"y":974,"w":26,"h":25}},{"filename":"icons/dot","rotated":false,"trimmed":false,"sourceSize":{"w":34,"h":35},"spriteSourceSize":{"x":0,"y":0,"w":34,"h":35},"frame":{"x":873,"y":936,"w":34,"h":35}},{"filename":"daily-challenge/time-panel","rotated":false,"trimmed":false,"sourceSize":{"w":85,"h":24},"spriteSourceSize":{"x":0,"y":0,"w":85,"h":24},"frame":{"x":883,"y":974,"w":85,"h":24}},{"filename":"bg/level-played","rotated":false,"trimmed":false,"sourceSize":{"w":50,"h":41},"spriteSourceSize":{"x":0,"y":0,"w":50,"h":41},"frame":{"x":971,"y":936,"w":50,"h":41}},{"filename":"icons/i-play","rotated":false,"trimmed":false,"sourceSize":{"w":16,"h":20},"spriteSourceSize":{"x":0,"y":0,"w":16,"h":20},"frame":{"x":971,"y":980,"w":16,"h":20}},{"filename":"icons/vibrate","rotated":false,"trimmed":false,"sourceSize":{"w":31,"h":37},"spriteSourceSize":{"x":0,"y":0,"w":31,"h":37},"frame":{"x":990,"y":980,"w":31,"h":37}},{"filename":"texts/friends-disable","rotated":false,"trimmed":false,"sourceSize":{"w":55,"h":15},"spriteSourceSize":{"x":0,"y":0,"w":55,"h":15},"frame":{"x":910,"y":864,"w":55,"h":15}},{"filename":"texts/friends","rotated":false,"trimmed":false,"sourceSize":{"w":55,"h":15},"spriteSourceSize":{"x":0,"y":0,"w":55,"h":15},"frame":{"x":910,"y":882,"w":55,"h":15}},{"filename":"buttons/random","rotated":false,"trimmed":false,"sourceSize":{"w":43,"h":33},"spriteSourceSize":{"x":0,"y":0,"w":43,"h":33},"frame":{"x":856,"y":900,"w":43,"h":33}},{"filename":"icons/icon-journey","rotated":false,"trimmed":false,"sourceSize":{"w":37,"h":31},"spriteSourceSize":{"x":0,"y":0,"w":37,"h":31},"frame":{"x":856,"y":864,"w":37,"h":31}},{"filename":"icons/music","rotated":false,"trimmed":false,"sourceSize":{"w":28,"h":31},"spriteSourceSize":{"x":0,"y":0,"w":28,"h":31},"frame":{"x":902,"y":900,"w":28,"h":31}},{"filename":"buttons/minor","rotated":false,"trimmed":false,"sourceSize":{"w":41,"h":36},"spriteSourceSize":{"x":0,"y":0,"w":41,"h":36},"frame":{"x":910,"y":934,"w":41,"h":36}},{"filename":"icons/crown","rotated":false,"trimmed":false,"sourceSize":{"w":16,"h":14},"spriteSourceSize":{"x":0,"y":0,"w":16,"h":14},"frame":{"x":954,"y":900,"w":16,"h":14}},{"filename":"texts/world-disable","rotated":false,"trimmed":false,"sourceSize":{"w":33,"h":13},"spriteSourceSize":{"x":0,"y":0,"w":33,"h":13},"frame":{"x":933,"y":917,"w":33,"h":13}}]},{"image":"default-resources-1.png","format":"RGBA8888","size":{"w":410,"h":410},"scale":0.5,"frames":[{"filename":"popup/background","rotated":false,"trimmed":false,"sourceSize":{"w":198,"h":111},"spriteSourceSize":{"x":0,"y":0,"w":198,"h":111},"frame":{"x":2,"y":2,"w":198,"h":111}},{"filename":"popup/top","rotated":false,"trimmed":false,"sourceSize":{"w":216,"h":45},"spriteSourceSize":{"x":0,"y":0,"w":216,"h":45},"frame":{"x":2,"y":116,"w":216,"h":45}},{"filename":"daily-challenge/bg-item-light","rotated":false,"trimmed":false,"sourceSize":{"w":254,"h":41},"spriteSourceSize":{"x":0,"y":0,"w":254,"h":41},"frame":{"x":2,"y":164,"w":254,"h":41}},{"filename":"texts/leader-board","rotated":false,"trimmed":false,"sourceSize":{"w":261,"h":25},"spriteSourceSize":{"x":0,"y":0,"w":261,"h":25},"frame":{"x":2,"y":208,"w":261,"h":25}},{"filename":"texts/keep-playing","rotated":false,"trimmed":false,"sourceSize":{"w":261,"h":24},"spriteSourceSize":{"x":0,"y":0,"w":261,"h":24},"frame":{"x":2,"y":236,"w":261,"h":24}},{"filename":"daily-challenge/bottom-panel","rotated":false,"trimmed":false,"sourceSize":{"w":261,"h":15},"spriteSourceSize":{"x":0,"y":0,"w":261,"h":15},"frame":{"x":2,"y":263,"w":261,"h":15}},{"filename":"daily-challenge/top-panel","rotated":false,"trimmed":false,"sourceSize":{"w":261,"h":15},"spriteSourceSize":{"x":0,"y":0,"w":261,"h":15},"frame":{"x":2,"y":281,"w":261,"h":15}},{"filename":"daily-challenge/middle-panel","rotated":false,"trimmed":false,"sourceSize":{"w":261,"h":13},"spriteSourceSize":{"x":0,"y":0,"w":261,"h":13},"frame":{"x":2,"y":299,"w":261,"h":13}},{"filename":"texts/daily-challenge","rotated":false,"trimmed":false,"sourceSize":{"w":248,"h":20},"spriteSourceSize":{"x":0,"y":0,"w":248,"h":20},"frame":{"x":2,"y":315,"w":248,"h":20}},{"filename":"texts/waiting-for-opponent","rotated":false,"trimmed":false,"sourceSize":{"w":238,"h":25},"spriteSourceSize":{"x":0,"y":0,"w":238,"h":25},"frame":{"x":2,"y":338,"w":238,"h":25}},{"filename":"texts/next-milestone","rotated":false,"trimmed":false,"sourceSize":{"w":235,"h":25},"spriteSourceSize":{"x":0,"y":0,"w":235,"h":25},"frame":{"x":2,"y":366,"w":235,"h":25}},{"filename":"popup/bottom","rotated":false,"trimmed":false,"sourceSize":{"w":216,"h":14},"spriteSourceSize":{"x":0,"y":0,"w":216,"h":14},"frame":{"x":2,"y":394,"w":216,"h":14}},{"filename":"texts/invite-friends","rotated":false,"trimmed":false,"sourceSize":{"w":198,"h":22},"spriteSourceSize":{"x":0,"y":0,"w":198,"h":22},"frame":{"x":203,"y":2,"w":198,"h":22}},{"filename":"texts/second-chance","rotated":false,"trimmed":false,"sourceSize":{"w":195,"h":24},"spriteSourceSize":{"x":0,"y":0,"w":195,"h":24},"frame":{"x":203,"y":27,"w":195,"h":24}},{"filename":"texts/lose","rotated":false,"trimmed":false,"sourceSize":{"w":194,"h":21},"spriteSourceSize":{"x":0,"y":0,"w":194,"h":21},"frame":{"x":203,"y":54,"w":194,"h":21}},{"filename":"texts/result","rotated":false,"trimmed":false,"sourceSize":{"w":133,"h":21},"spriteSourceSize":{"x":0,"y":0,"w":133,"h":21},"frame":{"x":203,"y":78,"w":133,"h":21}},{"filename":"buttons/green","rotated":false,"trimmed":false,"sourceSize":{"w":119,"h":41},"spriteSourceSize":{"x":0,"y":0,"w":119,"h":41},"frame":{"x":221,"y":102,"w":119,"h":41}},{"filename":"ui-ngang/text-mission","rotated":false,"trimmed":false,"sourceSize":{"w":73,"h":15},"spriteSourceSize":{"x":0,"y":0,"w":73,"h":15},"frame":{"x":221,"y":146,"w":73,"h":15}},{"filename":"buttons/skip","rotated":false,"trimmed":false,"sourceSize":{"w":119,"h":36},"spriteSourceSize":{"x":0,"y":0,"w":119,"h":36},"frame":{"x":259,"y":164,"w":119,"h":36}},{"filename":"texts/no-thank","rotated":false,"trimmed":false,"sourceSize":{"w":118,"h":21},"spriteSourceSize":{"x":0,"y":0,"w":118,"h":21},"frame":{"x":266,"y":203,"w":118,"h":21}},{"filename":"texts/your-score","rotated":false,"trimmed":false,"sourceSize":{"w":125,"h":21},"spriteSourceSize":{"x":0,"y":0,"w":125,"h":21},"frame":{"x":266,"y":227,"w":125,"h":21}},{"filename":"texts/draw","rotated":false,"trimmed":false,"sourceSize":{"w":84,"h":21},"spriteSourceSize":{"x":0,"y":0,"w":84,"h":21},"frame":{"x":266,"y":251,"w":84,"h":21}},{"filename":"texts/collect","rotated":false,"trimmed":false,"sourceSize":{"w":86,"h":13},"spriteSourceSize":{"x":0,"y":0,"w":86,"h":13},"frame":{"x":266,"y":275,"w":86,"h":13}},{"filename":"texts/play","rotated":false,"trimmed":false,"sourceSize":{"w":72,"h":17},"spriteSourceSize":{"x":0,"y":0,"w":72,"h":17},"frame":{"x":266,"y":291,"w":72,"h":17}},{"filename":"texts/no","rotated":false,"trimmed":false,"sourceSize":{"w":36,"h":17},"spriteSourceSize":{"x":0,"y":0,"w":36,"h":17},"frame":{"x":339,"y":78,"w":36,"h":17}},{"filename":"icons/icon-daily","rotated":false,"trimmed":false,"sourceSize":{"w":34,"h":34},"spriteSourceSize":{"x":0,"y":0,"w":34,"h":34},"frame":{"x":343,"y":98,"w":34,"h":34}},{"filename":"icons/flat-ad","rotated":false,"trimmed":false,"sourceSize":{"w":24,"h":21},"spriteSourceSize":{"x":0,"y":0,"w":24,"h":21},"frame":{"x":353,"y":251,"w":24,"h":21}},{"filename":"texts/world","rotated":false,"trimmed":false,"sourceSize":{"w":33,"h":13},"spriteSourceSize":{"x":0,"y":0,"w":33,"h":13},"frame":{"x":297,"y":146,"w":33,"h":13}}]}],"meta":{"app":"https://www.codeandweb.com/texturepacker","version":"3.0","smartupdate":"$TexturePacker:SmartUpdate:7ee4828d5b6cf3b92904cd87649c152b:bf686296d3bc2efcfb3ab22c74ed997a:38a69b481ce127014b0b7fd232b2e3f4$"}}